day,n_samples,n_earth_view,mean,q25,median,q75
2020-01-01,2858.0,950.0,153.7067191643966,116.9514373779297,153.5395965576172,192.57785568237304
2020-01-02,6.0,5.0,189.99708374023436,161.37991638183595,165.3000762939453,229.98271484375
2020-01-03,,,,,,
2020-01-04,,,,,,
2020-01-05,,,,,,
2020-01-06,,,,,,
2020-01-07,,,,,,
2020-01-08,,,,,,
2020-01-09,,,,,,
2020-01-10,,,,,,
2020-01-11,,,,,,
2020-01-12,,,,,,
2020-01-13,,,,,,
2020-01-14,,,,,,
2020-01-15,,,,,,
2020-01-16,,,,,,
2020-01-17,,,,,,
2020-01-18,,,,,,
2020-01-19,,,,,,
2020-01-20,,,,,,
2020-01-21,,,,,,
2020-01-22,,,,,,
2020-01-23,,,,,,
2020-01-24,,,,,,
2020-01-25,,,,,,
2020-01-26,,,,,,
2020-01-27,,,,,,
2020-01-28,,,,,,
2020-01-29,,,,,,
2020-01-30,,,,,,
2020-01-31,,,,,,
2020-02-01,,,,,,
2020-02-02,,,,,,
2020-02-03,,,,,,
2020-02-04,,,,,,
2020-02-05,,,,,,
2020-02-06,,,,,,
2020-02-07,,,,,,
2020-02-08,,,,,,
2020-02-09,,,,,,
2020-02-10,,,,,,
2020-02-11,,,,,,
2020-02-12,,,,,,
2020-02-13,,,,,,
2020-02-14,,,,,,
2020-02-15,,,,,,
2020-02-16,,,,,,
2020-02-17,,,,,,
2020-02-18,,,,,,
2020-02-19,,,,,,
2020-02-20,,,,,,
2020-02-21,,,,,,
2020-02-22,,,,,,
2020-02-23,,,,,,
2020-02-24,,,,,,
2020-02-25,,,,,,
2020-02-26,,,,,,
2020-02-27,,,,,,
2020-02-28,,,,,,
2020-02-29,,,,,,
2020-03-01,2841.0,882.0,149.2475696243667,111.23453750610352,155.49967651367186,193.3945556640625
2020-03-02,2845.0,940.0,168.5842528160582,133.77545700073242,170.8536361694336,209.89189529418945
2020-03-03,2777.0,855.0,124.18042622170253,53.902198791503906,127.40519714355469,171.1803161621094
2020-03-04,2401.0,755.0,157.1767780389849,117.27811737060547,164.64671630859374,201.8882354736328
2020-03-05,2845.0,921.0,132.00993076452863,78.4031982421875,133.28543701171876,173.79375610351565
2020-03-06,2485.0,829.0,164.68533469132262,114.991357421875,165.3000762939453,220.18231506347658
2020-03-07,2339.0,734.0,145.1536232306457,95.39055786132812,145.69927673339845,188.82103576660157
2020-03-08,2620.0,750.0,131.76615725911458,82.97671813964844,142.10579681396484,178.20393600463868
2020-03-09,2845.0,947.0,154.63450922578292,107.47771759033202,154.19295654296874,205.8083953857422
2020-03-10,2724.0,912.0,150.42825618877748,111.56121749877929,158.4397964477539,200.58151550292968
2020-03-11,2841.0,883.0,143.47134138131062,95.71723785400391,152.23287658691407,196.6613555908203
2020-03-12,2846.0,911.0,147.02105769168926,97.35063781738282,152.8862365722656,195.02795562744143
2020-03-13,1126.0,379.0,167.58769819516306,106.49767761230468,160.0731964111328,215.93547515869142
2020-03-14,2747.0,890.0,152.33344997791764,109.92781753540038,158.1131164550781,197.96807556152342
2020-03-15,2846.0,934.0,156.62941567463847,112.37791748046875,163.99335632324218,208.42183532714844
2020-03-16,2844.0,918.0,133.30394176075922,73.99301834106444,139.1656768798828,181.63407592773436
2020-03-17,2846.0,916.0,140.60577929301033,102.41417770385743,150.59947662353517,183.59415588378906
2020-03-18,1414.0,434.0,162.94105533301007,117.76813735961915,162.3599563598633,214.1387351989746
2020-03-19,2845.0,934.0,145.05920779699943,94.08383789062499,155.49967651367186,195.3546356201172
2020-03-20,2488.0,848.0,165.00960847026897,124.79175720214843,171.83367614746092,209.0751953125
2020-03-21,2845.0,906.0,153.15666702977867,113.1946174621582,160.72655639648437,196.00799560546875
2020-03-22,2670.0,766.0,158.0372038719237,115.15469741821289,167.26015625,206.95177536010743
2020-03-23,2845.0,875.0,135.76073798479354,93.43047790527343,147.00599670410156,185.55423583984373
2020-03-24,2845.0,902.0,144.8981501881669,99.96407775878906,156.15303649902344,188.82103576660157
2020-03-25,2845.0,920.0,153.65535490284793,107.64105758666992,163.66667633056642,206.62509536743164
2020-03-26,1983.0,597.0,140.8827988514349,98.00399780273438,148.96607666015623,190.1277557373047
2020-03-27,2482.0,845.0,177.9420121051856,140.47239685058594,179.02063598632813,215.60879516601562
2020-03-28,2846.0,922.0,159.5523508696649,126.26181716918944,166.93347625732423,203.68497543334962
2020-03-29,2845.0,942.0,151.6135024182103,109.11111755371093,158.7664764404297,194.53793563842774
2020-03-30,864.0,242.0,148.63399699818007,84.77345809936524,150.92615661621093,200.58151550292968
2020-03-31,2843.0,854.0,141.5457739693778,96.20725784301757,150.27279663085938,184.2475158691406
2020-04-01,2844.0,938.0,157.1316833853976,126.75183715820312,167.26015625,194.70127563476564
2020-04-02,2846.0,926.0,152.44595943310864,114.991357421875,161.37991638183595,194.70127563476564
2020-04-03,6.0,5.0,142.3018048095703,131.9787170410156,143.73919677734375,147.65935668945312
2020-04-04,,,,,,
2020-04-05,,,,,,
2020-04-06,,,,,,
2020-04-07,1470.0,483.0,151.90416752596082,117.60479736328125,156.15303649902344,194.70127563476564
2020-04-08,,,,,,
2020-04-09,1917.0,558.0,153.55013462189703,122.50499725341797,160.0731964111328,191.43447570800782
2020-04-10,2483.0,820.0,158.08443235816026,116.9514373779297,165.3000762939453,205.15503540039063
2020-04-11,2846.0,861.0,141.92026079025004,99.3107177734375,150.27279663085938,188.16767578124998
2020-04-12,2845.0,927.0,155.67728893687422,117.27811737060547,161.37991638183595,198.621435546875
2020-04-13,2737.0,843.0,138.0279159563999,95.06387786865234,143.73919677734375,184.2475158691406
2020-04-14,2845.0,913.0,142.8045985945736,109.11111755371093,152.23287658691407,184.2475158691406
2020-04-15,2845.0,981.0,153.61485616857001,117.60479736328125,162.68663635253907,196.6613555908203
2020-04-16,2750.0,846.0,141.6748572491585,102.57751770019532,152.8862365722656,186.04425582885742
2020-04-17,2600.0,792.0,147.97778718736436,110.90785751342773,154.51963653564454,187.51431579589845
2020-04-18,2846.0,991.0,159.56422173031402,123.15835723876953,160.72655639648437,197.96807556152342
2020-04-19,1693.0,531.0,129.2422337878671,64.6826385498047,140.47239685058594,181.96075592041015
2020-04-20,2845.0,951.0,149.01004620701482,118.25815734863282,156.15303649902344,188.82103576660157
2020-04-21,2845.0,975.0,166.62354908478565,133.9387969970703,169.87359619140625,203.52163543701172
2020-04-22,2844.0,944.0,159.78735141754152,128.5485771179199,165.6267562866211,201.23487548828126
2020-04-23,2617.0,831.0,139.17904284829555,108.45775756835937,149.61943664550782,181.63407592773436
2020-04-24,1888.0,607.0,128.3685532998803,68.60279846191406,139.81903686523438,179.6739959716797
2020-04-25,2698.0,919.0,160.88936318282333,130.6719970703125,167.91351623535155,195.3546356201172
2020-04-26,2844.0,929.0,143.96354751504788,107.80439758300781,147.00599670410156,187.51431579589845
2020-04-27,2847.0,941.0,145.38752473188637,109.11111755371093,154.84631652832033,190.1277557373047
2020-04-28,2845.0,952.0,153.0454587535698,117.44145736694335,157.45975646972659,196.00799560546875
2020-04-29,2639.0,809.0,144.65099334528182,107.80439758300781,155.49967651367186,192.74119567871094
2020-04-30,2845.0,949.0,152.1805527103211,116.9514373779297,157.45975646972659,197.31471557617186
2020-05-01,2482.0,825.0,163.53085664876303,126.09847717285156,165.95343627929688,207.1151153564453
2020-05-02,2809.0,926.0,158.30291541410574,123.4850372314453,165.3000762939453,205.8083953857422
2020-05-03,2786.0,920.0,159.67833972433337,126.75183715820312,167.26015625,198.621435546875
2020-05-04,2845.0,935.0,157.96916762408088,118.91151733398438,167.91351623535155,205.15503540039063
2020-05-05,2630.0,890.0,163.21372901487885,131.9787170410156,164.64671630859374,199.27479553222656
2020-05-06,2844.0,936.0,151.18652336251023,107.15103759765624,158.7664764404297,194.86461563110353
2020-05-07,2844.0,951.0,154.55433125621263,122.50499725341797,161.37991638183595,197.96807556152345
2020-05-08,2484.0,848.0,164.90713573671735,130.01863708496094,165.95343627929688,200.58151550292968
2020-05-09,2734.0,919.0,149.19713432635785,113.03127746582031,149.61943664550782,183.92083587646482
2020-05-10,2733.0,900.0,148.95954306030274,111.56121749877929,156.15303649902344,186.2075958251953
2020-05-11,2622.0,866.0,155.01984169764003,116.9514373779297,161.37991638183595,197.80473556518552
2020-05-12,2845.0,936.0,152.03533291612933,116.9514373779297,160.0731964111328,194.86461563110353
2020-05-13,2844.0,989.0,150.12151307510052,107.15103759765624,155.49967651367186,197.31471557617186
2020-05-14,2844.0,982.0,170.60746183686732,141.12575683593752,173.14039611816406,207.7684753417969
2020-05-15,2376.0,781.0,159.90253644056725,128.05855712890624,163.99335632324218,194.70127563476564
2020-05-16,2175.0,684.0,151.6158143785265,115.64471740722657,155.49967651367186,192.90453567504883
2020-05-17,2844.0,1005.0,156.0126128603807,118.91151733398438,160.0731964111328,196.6613555908203
2020-05-18,2845.0,963.0,156.5492589615835,119.23819732666016,162.0332763671875,199.92815551757812
2020-05-19,2843.0,934.0,147.43830555950547,105.19095764160157,150.92615661621093,191.92449569702148
2020-05-20,2733.0,882.0,160.41395105201912,120.2182373046875,160.0731964111328,201.23487548828126
2020-05-21,2844.0,956.0,158.39810715998564,123.32169723510742,163.33999633789062,196.00799560546875
2020-05-22,2482.0,820.0,148.96448309921638,109.7644775390625,150.27279663085938,197.31471557617186
2020-05-23,2686.0,928.0,162.53104092499305,129.2019371032715,166.93347625732423,199.27479553222656
2020-05-24,2769.0,929.0,164.0235979587321,127.40519714355469,165.95343627929688,205.15503540039063
2020-05-25,2844.0,989.0,155.6179287253786,122.83167724609375,156.806396484375,192.74119567871094
2020-05-26,2844.0,973.0,155.85220887986875,118.25815734863282,160.0731964111328,194.70127563476564
2020-05-27,2737.0,856.0,151.94359687377357,105.19095764160157,160.72655639648437,202.0515754699707
2020-05-28,2847.0,1000.0,157.008938079834,116.13473739624024,161.70659637451172,202.0515754699707
2020-05-29,2177.0,702.0,154.7355617729687,104.53759765625,158.1131164550781,203.03161544799804
2020-05-30,2846.0,921.0,142.56868214560643,96.69727783203125,148.96607666015623,190.78111572265624
2020-05-31,2844.0,952.0,150.94056896882898,117.60479736328125,154.19295654296874,190.1277557373047
2020-06-01,2844.0,952.0,157.8687927630769,119.40153732299805,162.0332763671875,204.66501541137694
2020-06-02,2729.0,889.0,147.84897072344717,108.45775756835937,152.8862365722656,190.78111572265624
2020-06-03,2844.0,968.0,156.24078112515537,118.7481773376465,157.45975646972659,201.23487548828126
2020-06-04,2844.0,953.0,149.81414203463672,114.991357421875,154.84631652832033,193.3945556640625
2020-06-05,2389.0,748.0,152.12369209738338,119.56487731933595,154.84631652832033,186.2075958251953
2020-06-06,2844.0,1008.0,163.1500811834184,123.97505722045898,161.37991638183595,205.8083953857422
2020-06-07,2843.0,1001.0,163.1729032747038,125.44511718749999,165.95343627929688,201.8882354736328
2020-06-08,2844.0,956.0,163.44661156562583,122.83167724609375,167.26015625,205.31837539672853
2020-06-09,1500.0,455.0,173.4204075404576,141.4524368286133,173.14039611816406,201.8882354736328
2020-06-10,2469.0,827.0,157.06394830447732,122.83167724609375,162.0332763671875,200.58151550292968
2020-06-11,2843.0,943.0,155.34794179809182,113.03127746582031,160.0731964111328,197.31471557617186
2020-06-12,2522.0,903.0,166.32172003626692,130.3453170776367,167.26015625,201.8882354736328
2020-06-13,2844.0,1001.0,172.15154459188273,136.55223693847654,171.83367614746092,205.8083953857422
2020-06-14,2843.0,957.0,152.87189951929554,116.9514373779297,154.84631652832033,191.43447570800782
2020-06-15,2749.0,943.0,167.7846456549959,131.32535705566406,168.56687622070314,207.1151153564453
2020-06-16,2843.0,957.0,147.77883213087063,96.04391784667969,150.92615661621093,201.8882354736328
2020-06-17,2844.0,1008.0,163.9188162455483,118.7481773376465,165.95343627929688,207.2784553527832
2020-06-18,2843.0,989.0,159.21107833137165,113.03127746582031,163.99335632324218,203.84831542968752
2020-06-19,2486.0,833.0,149.42178152388885,107.80439758300781,154.19295654296874,190.1277557373047
2020-06-20,2740.0,838.0,159.10563108676374,118.5848373413086,165.3000762939453,204.50167541503905
2020-06-21,2843.0,928.0,145.6190148386462,99.3107177734375,156.15303649902344,191.43447570800782
2020-06-22,2844.0,921.0,163.73939011829552,124.79175720214843,163.99335632324218,207.1151153564453
2020-06-23,2057.0,660.0,166.14350463867186,129.3652770996094,167.91351623535155,207.2784553527832
2020-06-24,2843.0,989.0,164.5965086656345,131.9787170410156,164.64671630859374,200.58151550292968
2020-06-25,2843.0,956.0,158.00308407260783,121.36161727905274,159.41983642578126,198.7847755432129
2020-06-26,2482.0,862.0,160.14292856734204,119.72821731567385,163.66667633056642,200.58151550292968
2020-06-27,2728.0,928.0,160.23442425234563,124.13839721679688,162.68663635253907,200.09149551391602
2020-06-28,2843.0,954.0,164.45289987688045,127.56853713989258,165.6267562866211,204.50167541503905
2020-06-29,2845.0,969.0,156.43420379922117,117.60479736328125,163.99335632324218,201.8882354736328
2020-06-30,2757.0,867.0,157.28869220597247,120.87159729003906,160.72655639648437,200.58151550292968
2020-07-01,2843.0,900.0,152.57625355699327,116.29807739257812,158.1131164550781,197.31471557617186
2020-07-02,2843.0,919.0,152.19661830698706,106.82435760498046,159.41983642578126,199.27479553222656
2020-07-03,2482.0,843.0,162.99277774543808,126.75183715820312,165.3000762939453,208.7485153198242
2020-07-04,2727.0,873.0,143.8791490307925,105.19095764160157,149.61943664550782,182.28743591308594
2020-07-05,2843.0,948.0,160.22068484664464,121.52495727539063,164.64671630859374,202.0515754699707
2020-07-06,2844.0,933.0,147.01089865468836,106.49767761230468,154.19295654296874,190.78111572265624
2020-07-07,2637.0,859.0,150.95505961905536,111.07119750976562,155.49967651367186,192.08783569335938
2020-07-08,2844.0,925.0,146.13155382640943,105.19095764160157,148.96607666015623,188.16767578124998
2020-07-09,2845.0,924.0,148.57646480741957,101.76081771850586,152.23287658691407,189.47439575195312
2020-07-10,2596.0,814.0,164.88831502553577,125.77179718017577,171.1803161621094,205.8083953857422
2020-07-11,2843.0,943.0,155.21629980740593,117.93147735595704,160.0731964111328,195.3546356201172
2020-07-12,2843.0,895.0,152.83148573550432,115.97139739990234,156.806396484375,195.3546356201172
2020-07-13,2844.0,875.0,145.83144212472098,98.65735778808593,152.23287658691407,191.43447570800782
2020-07-14,2731.0,886.0,161.14393986342455,117.60479736328125,160.72655639648437,201.07153549194337
2020-07-15,2844.0,940.0,164.33949810271565,130.6719970703125,166.28011627197264,199.27479553222656
2020-07-16,2843.0,959.0,148.82504900951207,107.80439758300781,154.19295654296874,192.08783569335938
2020-07-17,2391.0,741.0,145.40213460780672,101.92415771484376,147.00599670410156,188.82103576660157
2020-07-18,2843.0,952.0,156.1578406165628,115.64471740722657,156.806396484375,198.13141555786132
2020-07-19,2452.0,792.0,157.1273018307156,119.56487731933595,160.0731964111328,199.27479553222656
2020-07-20,2846.0,889.0,144.60421894017702,106.49767761230468,147.65935668945312,188.16767578124998
2020-07-21,2843.0,911.0,147.389693292645,106.82435760498046,150.27279663085938,186.2075958251953
2020-07-22,2845.0,914.0,161.91818779208728,127.40519714355469,167.26015625,200.58151550292968
2020-07-23,2729.0,842.0,137.74721838436898,81.17997817993165,141.12575683593752,190.61777572631837
2020-07-24,2482.0,811.0,142.64193870083471,100.29075775146484,147.65935668945312,188.82103576660157
2020-07-25,2843.0,904.0,151.36341634092076,107.15103759765624,157.45975646972659,199.43813552856446
2020-07-26,2751.0,866.0,150.9631250218486,105.19095764160157,156.4797164916992,196.6613555908203
2020-07-27,2844.0,910.0,156.9521460195688,118.25815734863282,163.66667633056642,201.07153549194337
2020-07-28,2843.0,941.0,154.92546959774654,112.37791748046875,160.72655639648437,200.58151550292968
2020-07-29,2843.0,936.0,150.0591981741098,106.3343376159668,156.806396484375,201.39821548461913
2020-07-30,2736.0,860.0,165.3236276422545,129.3652770996094,167.91351623535155,211.0352752685547
2020-07-31,2483.0,820.0,160.0787738744224,122.66833724975587,163.33999633789062,203.84831542968752
2020-08-01,2844.0,851.0,147.82749515806887,89.51031799316407,157.45975646972659,203.19495544433593
2020-08-02,2750.0,818.0,144.6984698120714,102.9041976928711,154.19295654296874,191.43447570800782
2020-08-03,2844.0,908.0,145.12147049084635,96.53393783569337,148.63939666748047,196.6613555908203
2020-08-04,2843.0,908.0,135.07929873361462,74.48303833007812,146.67931671142577,185.71757583618162
2020-08-05,2843.0,889.0,155.99428986591215,124.79175720214843,162.0332763671875,198.621435546875
2020-08-06,2737.0,832.0,154.1646861589872,122.01497726440431,161.37991638183595,196.8246955871582
2020-08-07,2264.0,707.0,149.16106811264447,115.97139739990234,154.19295654296874,192.74119567871094
2020-08-08,2843.0,866.0,143.5121051427123,96.86061782836914,155.49967651367186,194.04791564941408
2020-08-09,2847.0,912.0,149.4833199818929,112.37791748046875,151.2528366088867,188.16767578124998
2020-08-10,2844.0,898.0,147.49783562403215,101.27079772949219,154.84631652832033,198.4580955505371
2020-08-11,2738.0,821.0,141.95339920471415,96.04391784667969,150.27279663085938,190.78111572265624
2020-08-12,1314.0,391.0,140.0980934318679,102.57751770019532,147.65935668945312,181.63407592773436
2020-08-13,1700.0,563.0,158.69336510991965,113.35795745849609,168.56687622070314,200.25483551025388
2020-08-14,2689.0,880.0,144.5907921218872,104.53759765625,157.78643646240235,190.1277557373047
2020-08-15,2844.0,923.0,156.28540737362877,114.991357421875,162.68663635253907,206.46175537109377
2020-08-16,2743.0,824.0,152.23446241212122,113.68463745117188,164.64671630859374,200.74485549926757
2020-08-17,2845.0,933.0,141.74410288852638,92.77711791992186,152.23287658691407,190.1277557373047
2020-08-18,2843.0,921.0,153.01889489719585,118.25815734863282,163.33999633789062,197.31471557617186
2020-08-19,2640.0,794.0,136.0733257149569,78.5665382385254,142.43247680664064,189.9644157409668
2020-08-20,2847.0,884.0,136.18934129050413,95.39055786132812,150.59947662353517,180.9807159423828
2020-08-21,2483.0,773.0,143.578603766714,96.69727783203125,152.8862365722656,192.08783569335938
2020-08-22,2844.0,874.0,148.14750779979016,107.31437759399414,162.68663635253907,196.6613555908203
2020-08-23,2738.0,800.0,137.39833811950683,76.93313827514648,143.73919677734375,192.08783569335938
2020-08-24,2492.0,709.0,134.67878016806793,78.4031982421875,139.81903686523438,182.28743591308594
2020-08-25,2616.0,814.0,143.227103815852,76.6064582824707,151.2528366088867,194.70127563476564
2020-08-26,2650.0,836.0,148.95200910066305,116.7880973815918,157.78643646240235,194.04791564941408
2020-08-27,2762.0,847.0,150.56823567972555,103.55755767822266,159.41983642578126,200.58151550292968
2020-08-28,2481.0,1064.0,152.2433156092364,65.82601852416991,148.31271667480468,216.26215515136718
2020-08-29,2845.0,944.0,158.03213857553774,117.60479736328125,166.28011627197264,200.74485549926757
2020-08-30,2761.0,834.0,143.96951792325905,89.67365798950195,157.45975646972659,197.15137557983397
2020-08-31,2845.0,888.0,149.60398556477315,116.9514373779297,163.33999633789062,196.00799560546875
2020-09-01,2844.0,849.0,128.0077658932959,56.188958740234376,138.51231689453127,186.86095581054687
2020-09-02,2761.0,800.0,139.73818356704712,94.08383789062499,148.96607666015623,187.51431579589845
2020-09-03,2844.0,859.0,124.58791497156146,57.4956787109375,130.6719970703125,179.6739959716797
2020-09-04,2484.0,823.0,159.22851229884355,123.15835723876953,167.26015625,204.17499542236328
2020-09-05,2762.0,837.0,150.7840878977713,113.03127746582031,158.7664764404297,197.96807556152342
2020-09-06,2844.0,877.0,153.84280923040862,109.7644775390625,163.99335632324218,201.8882354736328
2020-09-07,2845.0,879.0,135.71453875475504,77.09647827148437,145.69927673339845,187.18763580322266
2020-09-08,2844.0,860.0,152.9090281996616,120.05489730834961,162.68663635253907,198.7847755432129
2020-09-09,2745.0,799.0,121.81851952162494,53.24883880615234,133.9387969970703,173.79375610351565
2020-09-10,2763.0,795.0,145.0993361179184,99.3107177734375,160.0731964111328,198.621435546875
2020-09-11,2689.0,849.0,142.5086636600562,86.89687805175782,152.8862365722656,195.3546356201172
2020-09-12,2845.0,820.0,127.80358737852515,58.639058685302736,140.79907684326173,180.9807159423828
2020-09-13,2763.0,819.0,149.7598412333245,104.53759765625,163.33999633789062,196.33467559814454
2020-09-14,2844.0,905.0,146.39956312653769,98.00399780273438,162.0332763671875,199.92815551757812
2020-09-15,2845.0,881.0,146.83616760461746,94.08383789062499,156.15303649902344,199.27479553222656
2020-09-16,2762.0,831.0,140.13431647308752,93.43047790527343,147.65935668945312,189.80107574462892
2020-09-17,2639.0,784.0,142.93083046893685,88.04025802612304,155.82635650634765,195.5179756164551
2020-09-18,2483.0,737.0,124.68714868346257,38.548239135742186,131.32535705566406,180.32735595703124
2020-09-19,2764.0,806.0,132.6855779680957,68.1127784729004,142.10579681396484,184.08417587280272
2020-09-20,2846.0,875.0,150.21978113490513,105.51763763427735,156.806396484375,196.33467559814454
2020-09-21,2846.0,917.0,152.30626380446174,111.07119750976562,163.33999633789062,196.6613555908203
2020-09-22,2768.0,777.0,129.62510751849436,69.25615844726563,143.0858367919922,179.6739959716797
2020-09-23,2498.0,635.0,131.9746013875646,48.02195892333984,143.0858367919922,193.3945556640625
2020-09-24,2845.0,868.0,135.75435492871543,70.88955841064454,143.0858367919922,193.3945556640625
2020-09-25,2193.0,581.0,131.92586347937788,81.01663818359376,139.81903686523438,182.28743591308594
2020-09-26,2593.0,804.0,150.91721761143623,108.45775756835937,159.41983642578126,197.47805557250976
2020-09-27,2845.0,909.0,145.42686371420345,111.72455749511718,152.8862365722656,186.86095581054687
2020-09-28,2612.0,745.0,162.91377760919147,124.13839721679688,167.91351623535155,209.72855529785156
2020-09-29,2765.0,811.0,129.8365663615461,55.53559875488281,136.55223693847654,180.654035949707
2020-09-30,2848.0,868.0,150.76959108976723,108.45775756835937,165.3000762939453,201.23487548828126
2020-10-01,2710.0,826.0,147.0067876968199,90.16367797851562,159.74651641845702,197.96807556152342
2020-10-02,809.0,171.0,149.2449964199847,90.8170379638672,163.99335632324218,203.19495544433596
2020-10-03,2844.0,899.0,141.0894186832483,93.43047790527343,151.5795166015625,189.47439575195312
2020-10-04,2715.0,842.0,149.22602392273674,112.54125747680663,157.45975646972659,197.96807556152342
2020-10-05,2770.0,818.0,126.39400675057782,58.802398681640625,137.20559692382812,173.14039611816406
2020-10-06,2844.0,903.0,149.75835704106427,105.84431762695313,158.1131164550781,198.621435546875
2020-10-07,2844.0,881.0,139.24206289406126,93.43047790527343,146.35263671875,190.78111572265624
2020-10-08,2685.0,806.0,160.72493515582593,123.81171722412108,171.50699615478516,203.19495544433593
2020-10-09,2837.0,874.0,144.98611263039456,99.3107177734375,155.49967651367186,197.80473556518552
2020-10-10,2539.0,778.0,147.62072615047347,98.00399780273438,155.1729965209961,199.92815551757812
2020-10-11,2623.0,750.0,142.2059786783854,98.16733779907227,148.31271667480468,192.08783569335938
2020-10-12,2844.0,881.0,159.53701108830742,118.91151733398438,169.87359619140625,214.30207519531248
2020-10-13,2845.0,890.0,147.38259633610755,100.29075775146484,152.8862365722656,194.70127563476564
2020-10-14,1966.0,669.0,148.85181190935486,103.88423767089844,155.49967651367186,199.92815551757812
2020-10-15,96.0,2.0,453.10514984130856,449.0216499328613,453.10514984130856,457.1886497497558
2020-10-16,2689.0,843.0,150.59133868777457,115.31803741455079,158.1131164550781,196.00799560546875
2020-10-17,2776.0,826.0,141.78228079216245,99.3107177734375,148.63939666748047,187.18763580322266
2020-10-18,2699.0,839.0,150.7236851070436,111.07119750976562,163.33999633789062,196.00799560546875
2020-10-19,2845.0,924.0,151.54840422130766,102.41417770385743,158.4397964477539,205.8083953857422
2020-10-20,2777.0,784.0,143.7491971852828,103.23087768554689,153.5395965576172,190.29109573364258
2020-10-21,2710.0,812.0,140.38549675401208,98.82069778442383,147.33267669677736,186.2075958251953
2020-10-22,2844.0,865.0,142.70212942487242,105.19095764160157,152.8862365722656,188.82103576660157
2020-10-23,2413.0,741.0,151.83257235837206,111.72455749511718,156.15303649902344,192.08783569335938
2020-10-24,2845.0,842.0,147.34741997435654,96.37059783935547,155.49967651367186,196.33467559814454
2020-10-25,2844.0,882.0,133.06839112089335,76.4431182861328,138.51231689453127,179.02063598632813
2020-10-26,2776.0,832.0,133.46683864226708,80.1999382019043,142.43247680664064,181.63407592773436
2020-10-27,2844.0,914.0,140.8977241933476,88.85695800781251,149.61943664550782,190.61777572631837
2020-10-28,2840.0,888.0,134.80405751821158,82.97671813964844,143.0858367919922,180.49069595336914
2020-10-29,2785.0,838.0,144.89076324317222,107.96773757934571,150.92615661621093,187.35097579956056
2020-10-30,2483.0,796.0,154.62962427187205,117.60479736328125,165.95343627929688,198.621435546875
2020-10-31,2846.0,890.0,143.79058464136017,102.08749771118164,148.96607666015623,190.1277557373047
2020-11-01,2779.0,812.0,141.90866233562602,103.72089767456055,149.94611663818358,190.1277557373047
2020-11-02,2844.0,868.0,137.0279552688247,94.73719787597656,148.96607666015623,182.45077590942384
2020-11-03,2844.0,861.0,136.64860943341228,91.47039794921875,145.0459167480469,182.28743591308594
2020-11-04,2726.0,822.0,148.86910595673424,105.35429763793945,156.806396484375,199.92815551757812
2020-11-05,2080.0,660.0,148.05434249877928,116.9514373779297,151.2528366088867,192.74119567871094
2020-11-06,2483.0,784.0,156.45554883917984,117.60479736328125,160.0731964111328,202.70493545532227
2020-11-07,2770.0,851.0,138.05934111150256,72.84963836669922,147.00599670410156,190.78111572265624
2020-11-08,2843.0,919.0,152.96515165210678,113.03127746582031,161.37991638183595,197.96807556152342
2020-11-09,1544.0,487.0,132.55828893767244,62.395878601074216,142.43247680664064,181.3073959350586
2020-11-10,2781.0,885.0,151.90878050378487,115.64471740722657,152.8862365722656,195.3546356201172
2020-11-11,2083.0,654.0,155.7634181591349,118.25815734863282,162.0332763671875,205.8083953857422
2020-11-12,2844.0,896.0,154.45036287648335,110.90785751342773,156.806396484375,201.23487548828126
2020-11-13,2624.0,758.0,141.57311017683125,94.73719787597656,144.3925567626953,184.2475158691406
2020-11-14,2717.0,876.0,153.112227526103,116.7880973815918,157.45975646972659,199.27479553222656
2020-11-15,2770.0,839.0,146.4959242483146,105.84431762695313,149.61943664550782,199.92815551757812
2020-11-16,1938.0,636.0,164.87683051727103,128.05855712890624,166.28011627197264,211.0352752685547
2020-11-17,2845.0,912.0,160.20429825029873,122.83167724609375,158.1131164550781,203.5216354370117
2020-11-18,2611.0,794.0,134.05975911022733,95.39055786132812,139.81903686523438,175.42715606689453
2020-11-19,1083.0,326.0,138.09144083034772,99.63739776611328,147.00599670410156,179.5106559753418
2020-11-20,1771.0,561.0,142.99383066214767,105.84431762695313,149.61943664550782,188.16767578124998
2020-11-21,759.0,226.0,136.5638008320226,96.86061782836914,151.90619659423828,182.9407958984375
2020-11-22,,,,,,
2020-11-23,763.0,248.0,138.7099055997787,115.64471740722657,148.31271667480468,178.53061599731447
2020-11-24,878.0,259.0,157.4875053494133,122.83167724609375,160.0731964111328,195.3546356201172
2020-11-25,763.0,246.0,142.20672234015737,112.54125747680663,147.65935668945312,180.654035949707
2020-11-26,1527.0,460.0,144.14683659429136,110.74451751708985,148.63939666748047,184.9008758544922
2020-11-27,1874.0,580.0,137.77559718691072,88.69361801147461,145.0459167480469,177.71391601562502
2020-11-28,2718.0,794.0,139.86182618417428,98.65735778808593,140.47239685058594,178.20393600463868
2020-11-29,2843.0,887.0,134.39106647960227,102.57751770019532,141.12575683593752,175.42715606689455
2020-11-30,2531.0,728.0,128.79268963991942,95.39055786132812,134.2654769897461,164.64671630859374
2020-12-01,2638.0,777.0,145.39908430769637,111.07119750976562,150.27279663085938,190.78111572265624
2020-12-02,2645.0,819.0,143.43206174149472,111.07119750976562,146.35263671875,184.2475158691406
2020-12-03,1298.0,376.0,142.0067502204408,98.00399780273438,142.10579681396484,172.6503761291504
2020-12-04,2421.0,760.0,137.6148065988641,97.35063781738282,145.37259674072266,182.45077590942384
2020-12-05,2787.0,874.0,148.5706219321803,116.9514373779297,152.8862365722656,189.47439575195312
2020-12-06,2574.0,757.0,126.26419066979675,80.36327819824218,134.59215698242187,166.60679626464844
2020-12-07,2764.0,804.0,132.36228160953047,92.1237579345703,137.85895690917968,169.38357620239256
2020-12-08,2844.0,882.0,139.9279301961263,107.15103759765624,146.35263671875,179.6739959716797
2020-12-09,2653.0,838.0,143.73919677734375,110.58117752075195,146.35263671875,182.12409591674805
2020-12-10,2698.0,792.0,134.10543679131402,93.26713790893554,138.83899688720703,176.40719604492188
2020-12-11,2134.0,681.0,133.32669175381878,94.73719787597656,141.12575683593752,173.14039611816406
2020-12-12,2094.0,621.0,144.42622426596625,111.07119750976562,147.65935668945312,180.9807159423828
2020-12-13,2764.0,805.0,133.05168834615196,99.96407775878906,137.85895690917968,169.22023620605466
2020-12-14,2045.0,633.0,148.15479554090456,120.2182373046875,148.96607666015623,182.9407958984375
2020-12-15,2844.0,883.0,139.13311987042022,105.19095764160157,146.35263671875,182.9407958984375
2020-12-16,2777.0,826.0,126.5177033135735,82.97671813964844,135.24551696777343,165.3000762939453
2020-12-17,2845.0,885.0,142.82596931759247,111.72455749511718,145.0459167480469,179.02063598632813
2020-12-18,2291.0,711.0,133.93604020388318,97.6773178100586,140.47239685058594,173.14039611816406
2020-12-19,2775.0,831.0,131.14924076599047,98.00399780273438,138.51231689453127,169.54691619873046
2020-12-20,2845.0,878.0,141.24779674208517,111.23453750610352,147.33267669677736,186.69761581420897
2020-12-21,2844.0,882.0,143.3991829074159,117.60479736328125,147.33267669677736,179.5106559753418
2020-12-22,2450.0,690.0,127.76691238182178,90.98037796020508,135.898876953125,165.95343627929688
2020-12-23,2718.0,835.0,133.26665780255894,97.6773178100586,137.20559692382812,172.4870361328125
2020-12-24,2625.0,809.0,143.95079172933646,114.33799743652344,144.3925567626953,182.9407958984375
2020-12-25,2429.0,715.0,140.43767282339243,103.23087768554689,141.12575683593752,175.75383605957032
2020-12-26,2563.0,781.0,130.6719970703125,99.3107177734375,137.85895690917968,166.60679626464844
2020-12-27,2844.0,905.0,140.64205386335678,111.07119750976562,148.31271667480468,176.40719604492188
2020-12-28,2765.0,775.0,127.98942742723035,83.630078125,131.9787170410156,158.1131164550781
2020-12-29,2845.0,902.0,138.937507927127,109.7644775390625,143.0858367919922,177.71391601562502
2020-12-30,1884.0,610.0,150.31135558081456,118.91151733398438,154.51963653564454,194.53793563842774
2020-12-31,2650.0,742.0,149.48383362968013,120.2182373046875,148.31271667480468,193.2312156677246
2021-01-01,554.0,182.0,154.24680489340983,131.32535705566406,152.23287658691405,194.70127563476564
2021-01-02,1886.0,563.0,131.29170263368323,86.24351806640627,139.1656768798828,164.97339630126953
2021-01-03,2765.0,801.0,140.53112583803326,113.03127746582031,145.0459167480469,175.10047607421876
2021-01-04,2845.0,866.0,133.13152773110477,102.08749771118164,143.41251678466796,173.79375610351565
2021-01-05,2844.0,858.0,149.21051553579477,121.52495727539063,148.31271667480468,180.32735595703124
2021-01-06,2765.0,816.0,140.6557540033378,109.11111755371093,145.0459167480469,178.36727600097657
2021-01-07,2844.0,856.0,144.4139283510012,111.72455749511718,144.06587677001954,180.9807159423828
2021-01-08,2120.0,614.0,128.51718604370515,97.6773178100586,137.20559692382812,167.91351623535155
2021-01-09,2465.0,732.0,138.22937274786943,107.64105758666992,140.14571685791014,171.83367614746092
2021-01-10,2844.0,863.0,141.63981411294063,114.01131744384766,145.69927673339845,177.71391601562502
2021-01-11,2843.0,844.0,122.1125167882838,71.70625839233398,127.73187713623047,158.1131164550781
2021-01-12,2764.0,745.0,133.81338695961355,99.96407775878906,137.20559692382812,165.3000762939453
2021-01-13,2844.0,856.0,140.8723508603105,113.03127746582031,145.69927673339845,177.06055603027343
2021-01-14,2844.0,807.0,141.4641762583377,114.33799743652344,142.43247680664064,173.14039611816406
2021-01-15,2644.0,788.0,126.37872549144144,73.176318359375,131.9787170410156,161.37991638183595
2021-01-16,1901.0,554.0,132.56839211804774,99.3107177734375,137.85895690917968,166.60679626464844
2021-01-17,2845.0,850.0,131.87802273739084,95.39055786132812,133.28543701171876,166.60679626464844
2021-01-18,2765.0,818.0,128.39162695028963,93.59381790161132,135.898876953125,167.26015625
2021-01-19,2844.0,837.0,128.69162158305215,89.51031799316407,134.59215698242187,162.0332763671875
2021-01-20,2650.0,823.0,148.23332907026622,121.85163726806641,149.61943664550782,186.2075958251953
2021-01-21,2773.0,795.0,132.0691190515674,99.31071777343749,141.12575683593752,167.91351623535155
2021-01-22,2489.0,751.0,131.0756708828333,96.69727783203125,136.55223693847654,169.22023620605466
2021-01-23,2844.0,860.0,144.7389894991143,116.9514373779297,147.00599670410156,184.9008758544922
2021-01-24,2764.0,794.0,135.2142478500866,90.16367797851562,134.59215698242187,176.73387603759767
2021-01-25,2844.0,826.0,133.20475575444772,97.35063781738282,141.12575683593752,170.5269561767578
2021-01-26,296.0,54.0,132.910359983091,65.49933853149415,124.79175720214843,162.19661636352538
2021-01-27,2761.0,790.0,134.07112307005292,101.27079772949219,135.898876953125,172.3236961364746
2021-01-28,2844.0,854.0,129.17401246689522,83.14005813598632,138.18563690185547,167.26015625
2021-01-29,2338.0,657.0,131.4367365356631,82.32335815429687,133.9387969970703,168.56687622070314
2021-01-30,2764.0,776.0,127.88427166889622,85.4268180847168,134.91883697509763,167.26015625
2021-01-31,2844.0,872.0,143.26341284305678,109.7644775390625,146.67931671142577,179.02063598632813
2021-02-01,2847.0,835.0,141.74703567230773,103.23087768554689,142.43247680664064,184.2475158691406
2021-02-02,2187.0,612.0,133.78720039916195,92.77711791992186,137.85895690917968,176.40719604492188
2021-02-03,2844.0,802.0,125.60886451549958,82.97671813964844,129.0385971069336,165.3000762939453
2021-02-04,2843.0,831.0,126.13936131152579,76.4431182861328,133.9387969970703,169.54691619873046
2021-02-05,2442.0,714.0,139.23430713044496,106.66101760864257,141.4524368286133,180.9807159423828
2021-02-06,2681.0,798.0,125.74314104046738,86.89687805175782,128.7119171142578,165.95343627929688
2021-02-07,2844.0,858.0,135.291967969063,92.1237579345703,130.6719970703125,173.14039611816406
2021-02-08,2762.0,783.0,133.9896973279853,100.94411773681641,138.51231689453127,171.1803161621094
2021-02-09,2844.0,835.0,124.37391979834277,73.176318359375,128.7119171142578,163.33999633789062
2021-02-10,2844.0,864.0,144.29576269079138,106.3343376159668,147.33267669677736,188.82103576660157
2021-02-11,1736.0,435.0,123.38140081997575,84.93679809570312,126.09847717285156,166.60679626464844
2021-02-12,2689.0,781.0,119.78071198799242,67.9494384765625,129.3652770996094,162.0332763671875
2021-02-13,2844.0,770.0,134.85010689871652,87.06021804809572,133.61211700439452,173.14039611816406
2021-02-14,2765.0,742.0,132.53257611215597,84.93679809570312,136.55223693847654,173.79375610351565
2021-02-15,2844.0,822.0,131.9803067246783,79.05655822753906,135.57219696044922,177.06055603027343
2021-02-16,2845.0,870.0,136.257098462335,99.96407775878906,142.43247680664064,173.63041610717775
2021-02-17,2759.0,761.0,122.01261623949007,72.52295837402345,129.3652770996094,165.95343627929688
2021-02-18,2844.0,843.0,118.5239965834793,53.57551879882812,124.13839721679688,162.68663635253907
2021-02-19,2485.0,714.0,135.87508513293014,93.43047790527343,135.898876953125,181.47073593139646
2021-02-20,2772.0,807.0,134.2488798649633,93.43047790527343,135.898876953125,173.79375610351565
2021-02-21,2844.0,840.0,125.92969250996907,71.21623840332032,131.9787170410156,169.87359619140625
2021-02-22,2847.0,778.0,123.62108391219974,55.53559875488281,125.44511718749999,169.22023620605466
2021-02-23,2395.0,618.0,133.8383614006166,75.29973831176758,132.95875701904296,191.59781570434572
2021-02-24,2843.0,780.0,120.8171506245931,71.86959838867188,127.40519714355469,164.81005630493163
2021-02-25,2844.0,805.0,131.51284296450407,69.90951843261719,131.9787170410156,183.59415588378906
2021-02-26,2457.0,728.0,140.61240256173272,92.61377792358397,139.1656768798828,188.16767578124998
2021-02-27,2844.0,819.0,124.41043110569173,75.13639831542969,123.4850372314453,179.6739959716797
2021-02-28,2844.0,816.0,127.10814254237155,71.21623840332032,127.40519714355469,175.10047607421876
2021-03-01,,,,,,
2021-03-02,,,,,,
2021-03-03,2842.0,815.0,131.06240972413607,60.10911865234375,133.28543701171876,182.28743591308594
2021-03-04,2759.0,776.0,124.61241998967436,69.25615844726563,130.01863708496094,173.14039611816406
2021-03-05,2338.0,682.0,125.59839812247984,58.14903869628906,125.77179718017578,176.40719604492188
2021-03-06,2817.0,799.0,122.82922407969068,54.228878784179685,123.4850372314453,172.1603561401367
2021-03-07,2482.0,631.0,112.93394650128299,37.89487915039062,115.64471740722657,166.93347625732423
2021-03-08,2843.0,819.0,122.9409694536556,78.07651824951171,126.09847717285156,163.33999633789062
2021-03-09,2843.0,801.0,117.08520896044861,50.308718872070315,121.52495727539063,165.3000762939453
2021-03-10,,,,,,
2021-03-11,2842.0,801.0,139.1591514368331,91.47039794921875,142.43247680664064,187.51431579589845
2021-03-12,,,,,,
2021-03-13,2753.0,752.0,134.1638239069188,83.630078125,133.61211700439452,180.9807159423828
2021-03-14,2847.0,832.0,131.65046647145198,76.2797782897949,133.28543701171876,188.16767578124998
2021-03-15,2703.0,735.0,119.23686393893496,29.727879333496094,122.17831726074219,165.3000762939453
2021-03-16,2755.0,684.0,117.41948765983359,36.42481918334961,121.85163726806641,162.1966163635254
2021-03-17,2844.0,793.0,137.06800408958637,92.77711791992186,143.0858367919922,180.32735595703124
2021-03-18,2844.0,796.0,123.0122541264673,66.47937850952148,134.2654769897461,170.5269561767578
2021-03-19,2454.0,697.0,125.54729256541007,70.56287841796876,130.6719970703125,171.1803161621094
2021-03-20,2844.0,819.0,128.99113078321147,62.722558593749994,133.28543701171876,182.9407958984375
2021-03-21,2845.0,803.0,121.62259513123395,45.4085189819336,122.83167724609375,171.83367614746092
2021-03-22,2753.0,697.0,114.8544986588028,43.121759033203126,114.991357421875,167.26015625
2021-03-23,2451.0,690.0,122.12245024750199,64.84597854614259,126.75183715820312,165.95343627929688
2021-03-24,2845.0,803.0,131.89816580994489,84.61011810302735,137.20559692382812,169.87359619140625
2021-03-25,2759.0,738.0,118.45912308938458,63.37591857910156,125.44511718749999,162.68663635253907
2021-03-26,2484.0,695.0,128.9018145488492,76.7697982788086,136.55223693847654,177.71391601562502
2021-03-27,2843.0,758.0,124.61247108479603,39.20159912109375,131.32535705566406,181.63407592773436
2021-03-28,2750.0,763.0,126.76211280672766,72.52295837402345,133.9387969970703,173.14039611816406
2021-03-29,2843.0,819.0,135.10511237995675,93.43047790527343,138.51231689453127,180.32735595703124
2021-03-30,2843.0,815.0,133.41049732793329,82.97671813964844,137.20559692382812,181.96075592041015
2021-03-31,2750.0,759.0,137.08852583290874,84.28343811035157,140.47239685058594,185.22755584716796
2021-04-01,2845.0,816.0,122.70436813130098,56.51563873291016,128.05855712890624,171.83367614746092
2021-04-02,2361.0,623.0,133.45847777830463,86.89687805175782,139.81903686523438,179.6739959716797
2021-04-03,2051.0,516.0,132.67512787811515,76.11643829345702,145.0459167480469,184.2475158691406
2021-04-04,2846.0,783.0,125.34331652566999,68.27611846923828,129.3652770996094,173.14039611816406
2021-04-05,2843.0,786.0,145.93368833119632,102.57751770019532,145.37259674072266,188.16767578124998
2021-04-06,2762.0,738.0,116.51320811946218,36.75149917602539,117.93147735595704,175.75383605957032
2021-04-07,2738.0,738.0,131.1783953245416,81.17997817993165,141.4524368286133,177.71391601562502
2021-04-08,2843.0,866.0,158.45035884936468,123.4850372314453,163.66667633056642,201.23487548828126
2021-04-09,2454.0,712.0,122.44259770425518,47.69527893066406,123.81171722412108,171.83367614746092
2021-04-10,2843.0,788.0,108.13190671272085,32.504659271240236,109.11111755371093,159.58317642211915
2021-04-11,2696.0,726.0,123.9377095077977,47.205258941650385,130.6719970703125,177.06055603027343
2021-04-12,2552.0,704.0,129.89984436035158,70.56287841796876,136.55223693847654,178.36727600097657
2021-04-13,2652.0,792.0,130.88235918680826,86.73353805541993,138.83899688720703,179.02063598632813
2021-04-14,2283.0,672.0,134.00102175757996,85.5901580810547,138.83899688720703,173.79375610351565
2021-04-15,2746.0,693.0,132.90831725105406,71.86959838867188,144.3925567626953,188.16767578124998
2021-04-16,2688.0,731.0,125.89737457818111,68.27611846923828,126.09847717285156,176.73387603759767
2021-04-17,2843.0,799.0,132.6991302413845,79.70991821289063,141.77911682128905,180.00067596435548
2021-04-18,2742.0,773.0,123.67774884420102,73.176318359375,126.75183715820312,168.56687622070314
2021-04-19,2706.0,753.0,136.83336394412584,82.97671813964844,143.0858367919922,187.51431579589845
2021-04-20,2843.0,835.0,122.85515125754351,79.05655822753906,130.6719970703125,164.97339630126953
2021-04-21,2741.0,746.0,127.7607791194967,84.28343811035157,131.65203704833982,167.91351623535155
2021-04-22,2842.0,857.0,132.1075593251748,67.29607849121093,139.1656768798828,181.63407592773436
2021-04-23,2485.0,673.0,129.17305529114043,70.56287841796876,137.20559692382812,180.9807159423828
2021-04-24,2763.0,776.0,141.30846188338762,99.3107177734375,147.00599670410156,188.16767578124998
2021-04-25,2638.0,767.0,143.86782436246511,94.73719787597656,149.61943664550782,190.78111572265624
2021-04-26,2651.0,752.0,126.82655651823002,59.945778656005864,130.6719970703125,185.06421585083007
2021-04-27,1235.0,308.0,147.87785045078823,110.41783752441405,149.29275665283203,190.78111572265624
2021-04-28,2659.0,778.0,139.7988818014189,91.47039794921875,145.69927673339845,184.2475158691406
2021-04-29,2843.0,812.0,131.6681296588165,77.09647827148437,140.14571685791014,184.4108558654785
2021-04-30,2356.0,718.0,133.67308513673237,87.06021804809572,137.20559692382812,182.9407958984375
2021-05-01,2652.0,758.0,125.495972384249,78.5665382385254,124.79175720214843,172.3236961364746
2021-05-02,2703.0,790.0,132.068864178235,83.7934181213379,135.24551696777343,177.71391601562502
2021-05-03,2739.0,797.0,143.24815207066172,99.96407775878906,150.27279663085938,189.47439575195312
2021-05-04,2844.0,864.0,131.023631784651,65.82601852416991,133.28543701171873,179.83733596801758
2021-05-05,2842.0,834.0,125.33622385660807,82.48669815063477,124.79175720214843,168.56687622070314
2021-05-06,2741.0,784.0,150.76615008918606,105.19095764160157,150.59947662353517,198.621435546875
2021-05-07,2483.0,747.0,139.82953260797095,90.81703796386718,142.43247680664064,186.86095581054687
2021-05-08,2842.0,894.0,135.9091085412625,86.24351806640625,138.51231689453127,182.28743591308594
2021-05-09,2738.0,796.0,140.59633825484232,84.77345809936523,149.94611663818358,192.90453567504883
2021-05-10,2361.0,669.0,146.72668286880926,102.57751770019532,148.96607666015623,194.04791564941408
2021-05-11,2716.0,749.0,136.60632014153637,91.47039794921875,141.12575683593752,184.2475158691406
2021-05-12,2735.0,797.0,134.62576772194436,80.36327819824218,141.12575683593752,180.32735595703124
2021-05-13,2842.0,805.0,136.76326003933545,87.55023803710938,137.85895690917968,183.59415588378906
2021-05-14,2692.0,781.0,148.24913747008418,108.45775756835937,150.27279663085938,196.00799560546875
2021-05-15,2752.0,816.0,155.54771768906537,104.53759765625,155.1729965209961,200.74485549926757
2021-05-16,2693.0,801.0,134.38905256749985,75.13639831542969,135.898876953125,186.86095581054687
2021-05-17,2842.0,822.0,139.26900631795544,88.36693801879883,144.3925567626953,189.47439575195312
2021-05-18,2737.0,795.0,156.07167468952684,118.5848373413086,165.3000762939453,196.00799560546875
2021-05-19,2842.0,844.0,132.28526983035118,86.73353805541993,135.898876953125,171.1803161621094
2021-05-20,2842.0,854.0,135.95778646000096,91.63373794555665,140.47239685058594,180.8173759460449
2021-05-21,2376.0,692.0,152.7266732232419,114.991357421875,155.49967651367186,189.47439575195312
2021-05-22,2843.0,858.0,147.65935668945312,112.37791748046875,153.5395965576172,190.1277557373047
2021-05-23,2841.0,874.0,142.3338000125143,95.39055786132812,145.0459167480469,187.51431579589845
2021-05-24,2734.0,824.0,148.6600123951736,100.45409774780273,148.96607666015623,192.74119567871094
2021-05-25,2845.0,823.0,134.36749006157802,97.35063781738282,137.20559692382812,178.04059600830078
2021-05-26,2841.0,786.0,141.09915693831505,100.78077774047853,141.77911682128905,185.55423583984373
2021-05-27,2732.0,812.0,150.7435054873011,102.57751770019532,149.61943664550782,194.70127563476564
2021-05-28,2482.0,741.0,150.08498869984737,93.43047790527343,156.806396484375,201.8882354736328
2021-05-29,2842.0,897.0,144.79680959644125,95.39055786132812,148.96607666015623,188.16767578124998
2021-05-30,2732.0,817.0,145.16987121283205,93.43047790527343,146.35263671875,199.27479553222656
2021-05-31,2841.0,858.0,136.73651795998597,96.04391784667969,142.43247680664064,183.43081588745116
2021-06-01,2842.0,850.0,140.62151665900734,99.3107177734375,144.7192367553711,192.57785568237304
2021-06-02,2734.0,828.0,152.50037542149641,107.80439758300781,152.23287658691407,198.7847755432129
2021-06-03,2529.0,748.0,148.15636448579676,108.45775756835937,154.51963653564454,188.98437576293946
2021-06-04,2487.0,742.0,158.6520063621336,120.87159729003906,161.05323638916016,198.621435546875
2021-06-05,2556.0,719.0,149.04331671405734,109.43779754638672,154.84631652832033,190.1277557373047
2021-06-06,2841.0,878.0,144.50789935692026,77.91317825317383,147.98603668212888,194.70127563476564
2021-06-07,2842.0,867.0,159.2171215052973,115.64471740722657,158.1131164550781,203.19495544433593
2021-06-08,2344.0,681.0,158.22248949227355,125.44511718749999,159.41983642578126,192.74119567871094
2021-06-09,2465.0,753.0,153.65326210619762,118.91151733398438,153.5395965576172,194.04791564941408
2021-06-10,2845.0,847.0,140.2710663238129,91.47039794921875,142.43247680664064,186.86095581054687
2021-06-11,2685.0,798.0,146.40176152967868,108.45775756835937,144.3925567626953,183.59415588378906
2021-06-12,6.0,0.0,,,,
2021-06-13,,,,,,
2021-06-14,,,,,,
2021-06-15,,,,,,
2021-06-16,,,,,,
2021-06-17,2548.0,748.0,144.34276863546933,98.65735778808593,145.69927673339845,189.47439575195312
2021-06-18,2493.0,764.0,156.7439681088113,121.52495727539063,158.7664764404297,190.78111572265624
2021-06-19,2654.0,773.0,141.86871081669304,103.23087768554689,141.77911682128905,182.28743591308594
2021-06-20,6.0,0.0,,,,
2021-06-21,2858.0,841.0,144.4383929566736,107.80439758300781,153.5395965576172,184.2475158691406
2021-06-22,6.0,0.0,,,,
2021-06-23,2355.0,693.0,143.62794644794766,105.84431762695313,147.00599670410156,182.9407958984375
2021-06-24,2845.0,846.0,152.7541744475669,116.29807739257812,154.19295654296874,194.04791564941408
2021-06-25,2494.0,763.0,143.41380124073353,91.79707794189453,150.92615661621093,187.84099578857422
2021-06-26,2754.0,798.0,156.67212200116992,117.76813735961915,157.45975646972659,196.00799560546875
2021-06-27,2847.0,820.0,156.84623550787205,115.64471740722657,155.49967651367186,196.00799560546875
2021-06-28,2850.0,920.0,146.0415805518109,91.96041793823241,147.00599670410156,194.04791564941408
2021-06-29,2735.0,879.0,153.80867086330238,94.73719787597656,158.7664764404297,203.84831542968752
2021-06-30,2852.0,844.0,153.45289475861318,113.68463745117188,156.15303649902344,191.43447570800782
2021-07-01,2753.0,772.0,152.64334238082017,112.37791748046875,159.41983642578126,199.27479553222656
2021-07-02,2465.0,712.0,139.5905443984471,95.39055786132812,136.55223693847654,185.55423583984373
2021-07-03,2847.0,842.0,154.03388433750905,117.11477737426759,152.8862365722656,190.61777572631837
2021-07-04,2844.0,821.0,150.57679603939079,110.41783752441405,150.27279663085938,196.00799560546875
2021-07-05,2737.0,807.0,152.05961879649865,106.1709976196289,154.84631652832033,197.31471557617186
2021-07-06,2844.0,821.0,144.0821908744041,104.53759765625,148.96607666015623,182.28743591308594
2021-07-07,2842.0,788.0,137.2271544867966,88.69361801147461,141.12575683593752,185.71757583618162
2021-07-08,2735.0,754.0,142.38828402248555,101.59747772216797,143.0858367919922,182.12409591674805
2021-07-09,643.0,219.0,125.8478733428537,61.74251861572266,129.3652770996094,175.75383605957032
2021-07-10,,,,,,
2021-07-11,1995.0,549.0,153.84306977485699,100.61743774414063,157.45975646972659,203.84831542968752
2021-07-12,2842.0,798.0,140.16618552913044,92.1237579345703,148.31271667480468,191.43447570800782
2021-07-13,2842.0,809.0,145.62255337294306,105.84431762695313,147.65935668945312,193.3945556640625
2021-07-14,2757.0,770.0,134.17383688790457,85.75349807739258,138.51231689453127,173.79375610351565
2021-07-15,2849.0,821.0,137.422853045632,88.20359802246094,141.77911682128905,186.86095581054687
2021-07-16,2694.0,740.0,147.89244727882178,100.94411773681641,145.69927673339845,201.8882354736328
2021-07-17,2748.0,736.0,152.60127929604573,105.68097763061525,151.90619659423828,203.19495544433593
2021-07-18,2852.0,779.0,136.5530756547607,85.91683807373047,134.59215698242187,180.654035949707
2021-07-19,2842.0,785.0,133.03907452042694,75.78975830078124,136.55223693847654,188.82103576660157
2021-07-20,2547.0,695.0,156.25832616572757,112.05123748779297,157.45975646972659,200.25483551025388
2021-07-21,2855.0,774.0,130.12584214715687,78.72987823486328,135.24551696777343,180.9807159423828
2021-07-22,2852.0,800.0,146.38693811798095,105.84431762695313,147.00599670410156,189.47439575195312
2021-07-23,2466.0,692.0,147.75754951962156,99.96407775878906,149.29275665283203,198.621435546875
2021-07-24,2841.0,789.0,140.58750082772644,88.20359802246094,140.47239685058594,186.86095581054687
2021-07-25,2844.0,769.0,132.95578333900562,79.70991821289063,136.55223693847654,180.32735595703124
2021-07-26,2748.0,765.0,140.77559004640267,99.3107177734375,145.69927673339845,180.9807159423828
2021-07-27,2845.0,781.0,148.61890073964295,99.96407775878906,150.92615661621093,201.23487548828126
2021-07-28,2847.0,764.0,132.11383599086582,74.48303833007812,136.87891693115233,177.06055603027343
2021-07-29,2740.0,676.0,136.07864759998208,89.34697799682618,139.4923568725586,188.16767578124998
2021-07-30,2325.0,619.0,131.8330568181101,72.52295837402343,127.40519714355469,187.18763580322266
2021-07-31,2850.0,806.0,138.50745317255593,79.05655822753906,142.10579681396484,192.57785568237304
2021-08-01,2744.0,738.0,134.04149314652938,79.21989822387695,132.63207702636717,187.51431579589845
2021-08-02,2852.0,788.0,134.59961921575712,86.73353805541993,131.9787170410156,173.79375610351565
2021-08-03,2843.0,765.0,134.8799770021127,67.9494384765625,137.20559692382812,192.74119567871094
2021-08-04,2737.0,704.0,118.99504346847534,48.8386589050293,121.19827728271486,167.91351623535155
2021-08-05,2847.0,1316.0,139.6760523091696,40.50831909179688,125.77179718017578,207.93181533813478
2021-08-06,1417.0,516.0,136.60288499935652,37.07817916870117,132.63207702636717,205.31837539672853
2021-08-07,2221.0,584.0,150.93398798589837,103.55755767822266,156.15303649902344,196.6613555908203
2021-08-08,2696.0,1602.0,139.40385555119698,27.441119384765624,113.03127746582031,229.8193748474121
2021-08-09,2851.0,1653.0,126.18464322052648,27.441119384765624,92.1237579345703,206.46175537109377
2021-08-10,2744.0,1695.0,148.495040729714,32.667999267578125,130.01863708496094,241.41651458740233
2021-08-11,2842.0,1425.0,144.23987685032895,31.361279296874997,111.72455749511718,239.78311462402343
2021-08-12,2481.0,1315.0,140.7426841753245,31.361279296874997,116.9514373779297,229.98271484375
2021-08-13,2670.0,1342.0,142.98262344110208,33.97471923828125,128.7119171142578,220.18231506347658
2021-08-14,2844.0,1574.0,144.95293540324462,33.32135925292969,131.32535705566406,229.16601486206054
2021-08-15,2596.0,1563.0,149.41878866536146,32.667999267578125,142.43247680664064,238.14971466064452
2021-08-16,2745.0,1623.0,143.60272787097642,34.62807922363282,125.44511718749999,227.69595489501955
2021-08-17,2436.0,1253.0,136.45212112268447,27.441119384765624,112.37791748046875,218.87559509277344
2021-08-18,2840.0,1439.0,149.30251845942345,39.52827911376953,141.77911682128905,222.79575500488284
2021-08-19,991.0,601.0,151.64039540219426,35.93479919433594,152.23287658691407,238.4763946533203
2021-08-20,,,,,,
2021-08-21,,,,,,
2021-08-22,,,,,,
2021-08-23,2.0,0.0,,,,
2021-08-24,1.0,0.0,,,,
2021-08-25,,,,,,
2021-08-26,1.0,0.0,,,,
2021-08-27,1.0,0.0,,,,
2021-08-28,2.0,0.0,,,,
2021-08-29,,,,,,
2021-08-30,2.0,0.0,,,,
2021-08-31,,,,,,
2021-09-01,1.0,0.0,,,,
2021-09-02,,,,,,
2021-09-03,,,,,,
2021-09-04,,,,,,
2021-09-05,,,,,,
2021-09-06,,,,,,
2021-09-07,,,,,,
2021-09-08,,,,,,
2021-09-09,,,,,,
2021-09-10,,,,,,
2021-09-11,,,,,,
2021-09-12,,,,,,
2021-09-13,,,,,,
2021-09-14,,,,,,
2021-09-15,,,,,,
2021-09-16,,,,,,
2021-09-17,,,,,,
2021-09-18,,,,,,
2021-09-19,,,,,,
2021-09-20,,,,,,
2021-09-21,,,,,,
2021-09-22,,,,,,
2021-09-23,,,,,,
2021-09-24,,,,,,
2021-09-25,,,,,,
2021-09-26,,,,,,
2021-09-27,,,,,,
2021-09-28,,,,,,
2021-09-29,,,,,,
2021-09-30,,,,,,
2021-10-01,,,,,,
2021-10-02,,,,,,
2021-10-03,,,,,,
2021-10-04,,,,,,
2021-10-05,,,,,,
2021-10-06,,,,,,
2021-10-07,,,,,,
2021-10-08,,,,,,
2021-10-09,,,,,,
2021-10-10,,,,,,
2021-10-11,,,,,,
2021-10-12,,,,,,
2021-10-13,,,,,,
2021-10-14,,,,,,
2021-10-15,,,,,,
2021-10-16,,,,,,
2021-10-17,,,,,,
2021-10-18,,,,,,
2021-10-19,,,,,,
2021-10-20,,,,,,
2021-10-21,,,,,,
2021-10-22,,,,,,
2021-10-23,,,,,,
2021-10-24,,,,,,
2021-10-25,,,,,,
2021-10-26,,,,,,
2021-10-27,,,,,,
2021-10-28,,,,,,
2021-10-29,,,,,,
2021-10-30,,,,,,
2021-10-31,,,,,,
2021-11-01,,,,,,
2021-11-02,,,,,,
2021-11-03,,,,,,
2021-11-04,,,,,,
2021-11-05,,,,,,
2021-11-06,,,,,,
2021-11-07,,,,,,
2021-11-08,,,,,,
2021-11-09,,,,,,
2021-11-10,,,,,,
2021-11-11,,,,,,
2021-11-12,,,,,,
2021-11-13,,,,,,
2021-11-14,,,,,,
2021-11-15,,,,,,
2021-11-16,,,,,,
2021-11-17,,,,,,
2021-11-18,,,,,,
2021-11-19,,,,,,
2021-11-20,,,,,,
2021-11-21,,,,,,
2021-11-22,,,,,,
2021-11-23,,,,,,
2021-11-24,,,,,,
2021-11-25,,,,,,
2021-11-26,,,,,,
2021-11-27,,,,,,
2021-11-28,,,,,,
2021-11-29,,,,,,
2021-11-30,,,,,,
2021-12-01,,,,,,
2021-12-02,,,,,,
2021-12-03,,,,,,
2021-12-04,,,,,,
2021-12-05,,,,,,
2021-12-06,,,,,,
2021-12-07,,,,,,
2021-12-08,,,,,,
2021-12-09,,,,,,
2021-12-10,,,,,,
2021-12-11,,,,,,
2021-12-12,,,,,,
2021-12-13,,,,,,
2021-12-14,,,,,,
2021-12-15,,,,,,
2021-12-16,,,,,,
2021-12-17,,,,,,
2021-12-18,,,,,,
2021-12-19,,,,,,
2021-12-20,,,,,,
2021-12-21,,,,,,
2021-12-22,,,,,,
2021-12-23,,,,,,
2021-12-24,,,,,,
2021-12-25,,,,,,
2021-12-26,,,,,,
2021-12-27,,,,,,
2021-12-28,,,,,,
2021-12-29,,,,,,
2021-12-30,,,,,,
2021-12-31,,,,,,
2022-01-01,,,,,,
2022-01-02,,,,,,
2022-01-03,,,,,,
2022-01-04,,,,,,
2022-01-05,,,,,,
2022-01-06,,,,,,
2022-01-07,,,,,,
2022-01-08,,,,,,
2022-01-09,,,,,,
2022-01-10,,,,,,
2022-01-11,,,,,,
2022-01-12,,,,,,
2022-01-13,,,,,,
2022-01-14,,,,,,
2022-01-15,,,,,,
2022-01-16,,,,,,
2022-01-17,,,,,,
2022-01-18,,,,,,
2022-01-19,,,,,,
2022-01-20,,,,,,
2022-01-21,,,,,,
2022-01-22,,,,,,
2022-01-23,,,,,,
2022-01-24,,,,,,
2022-01-25,,,,,,
2022-01-26,,,,,,
2022-01-27,,,,,,
2022-01-28,,,,,,
2022-01-29,,,,,,
2022-01-30,,,,,,
2022-01-31,,,,,,
2022-02-01,,,,,,
2022-02-02,,,,,,
2022-02-03,,,,,,
2022-02-04,,,,,,
2022-02-05,,,,,,
2022-02-06,,,,,,
2022-02-07,,,,,,
2022-02-08,,,,,,
2022-02-09,,,,,,
2022-02-10,,,,,,
2022-02-11,,,,,,
2022-02-12,,,,,,
2022-02-13,,,,,,
2022-02-14,,,,,,
2022-02-15,,,,,,
2022-02-16,,,,,,
2022-02-17,,,,,,
2022-02-18,,,,,,
2022-02-19,,,,,,
2022-02-20,,,,,,
2022-02-21,,,,,,
2022-02-22,,,,,,
2022-02-23,,,,,,
2022-02-24,,,,,,
2022-02-25,,,,,,
2022-02-26,,,,,,
2022-02-27,,,,,,
2022-02-28,,,,,,
2022-03-01,,,,,,
2022-03-02,,,,,,
2022-03-03,,,,,,
2022-03-04,,,,,,
2022-03-05,,,,,,
2022-03-06,,,,,,
2022-03-07,,,,,,
2022-03-08,,,,,,
2022-03-09,,,,,,
2022-03-10,,,,,,
2022-03-11,,,,,,
2022-03-12,,,,,,
2022-03-13,,,,,,
2022-03-14,,,,,,
2022-03-15,,,,,,
2022-03-16,,,,,,
2022-03-17,,,,,,
2022-03-18,,,,,,
2022-03-19,,,,,,
2022-03-20,,,,,,
2022-03-21,,,,,,
2022-03-22,,,,,,
2022-03-23,,,,,,
2022-03-24,,,,,,
2022-03-25,,,,,,
2022-03-26,,,,,,
2022-03-27,,,,,,
2022-03-28,,,,,,
2022-03-29,,,,,,
2022-03-30,,,,,,
2022-03-31,,,,,,
2022-04-01,,,,,,
2022-04-02,,,,,,
2022-04-03,,,,,,
2022-04-04,,,,,,
2022-04-05,,,,,,
2022-04-06,,,,,,
2022-04-07,,,,,,
2022-04-08,,,,,,
2022-04-09,,,,,,
2022-04-10,,,,,,
2022-04-11,,,,,,
2022-04-12,,,,,,
2022-04-13,,,,,,
2022-04-14,,,,,,
2022-04-15,,,,,,
2022-04-16,,,,,,
2022-04-17,,,,,,
2022-04-18,,,,,,
2022-04-19,,,,,,
2022-04-20,,,,,,
2022-04-21,,,,,,
2022-04-22,,,,,,
2022-04-23,,,,,,
2022-04-24,,,,,,
2022-04-25,,,,,,
2022-04-26,,,,,,
2022-04-27,,,,,,
2022-04-28,,,,,,
2022-04-29,,,,,,
2022-04-30,,,,,,
2022-05-01,,,,,,
2022-05-02,,,,,,
2022-05-03,,,,,,
2022-05-04,,,,,,
2022-05-05,,,,,,
2022-05-06,,,,,,
2022-05-07,,,,,,
2022-05-08,,,,,,
2022-05-09,,,,,,
2022-05-10,,,,,,
2022-05-11,,,,,,
2022-05-12,,,,,,
2022-05-13,,,,,,
2022-05-14,,,,,,
2022-05-15,,,,,,
2022-05-16,,,,,,
2022-05-17,,,,,,
2022-05-18,,,,,,
2022-05-19,,,,,,
2022-05-20,,,,,,
2022-05-21,,,,,,
2022-05-22,,,,,,
2022-05-23,,,,,,
2022-05-24,,,,,,
2022-05-25,,,,,,
2022-05-26,,,,,,
2022-05-27,,,,,,
2022-05-28,,,,,,
2022-05-29,,,,,,
2022-05-30,,,,,,
2022-05-31,,,,,,
2022-06-01,1.0,0.0,,,,
2022-06-02,1.0,0.0,,,,
2022-06-03,1.0,0.0,,,,
2022-06-04,1.0,0.0,,,,
2022-06-05,,,,,,
2022-06-06,1.0,0.0,,,,
2022-06-07,,,,,,
2022-06-08,2.0,0.0,,,,
2022-06-09,,,,,,
2022-06-10,2.0,0.0,,,,
2022-06-11,1.0,0.0,,,,
2022-06-12,1.0,0.0,,,,
2022-06-13,,,,,,
2022-06-14,929.0,426.0,139.94480099387013,32.667999267578125,117.27811737060547,217.40553512573243
2022-06-15,2734.0,827.0,123.34441077752442,39.854959106445314,107.15103759765624,169.54691619873046
2022-06-16,2839.0,565.0,122.85364864383122,72.52295837402345,115.64471740722657,161.37991638183595
2022-06-17,2133.0,429.0,104.86656212439904,53.57551879882812,102.57751770019532,137.20559692382812
2022-06-18,2518.0,451.0,105.32713466737329,53.57551879882812,103.23087768554689,140.47239685058594
2022-06-19,2702.0,554.0,102.4230228300129,59.61909866333008,96.69727783203125,139.65569686889648
2022-06-20,2781.0,547.0,108.83400692007005,55.53559875488281,98.00399780273438,143.73919677734375
2022-06-21,2559.0,480.0,92.92956858317056,44.428479003906254,84.93679809570312,123.6483772277832
2022-06-22,2842.0,547.0,91.29362047603405,43.44843902587891,86.89687805175782,124.13839721679688
2022-06-23,2843.0,555.0,111.34784543149107,50.96207885742188,101.92415771484376,151.90619659423828
2022-06-24,2478.0,463.0,95.79273409421192,42.79507904052734,89.51031799316407,128.385237121582
2022-06-25,2839.0,517.0,96.69727783203125,58.14903869628906,91.47039794921875,126.75183715820312
2022-06-26,2846.0,529.0,96.82943193114774,39.854959106445314,84.93679809570312,126.75183715820312
2022-06-27,2756.0,502.0,107.82652331956353,60.10911865234375,104.21091766357422,142.26913681030274
2022-06-28,2841.0,517.0,105.04309861203457,57.4956787109375,98.00399780273438,133.9387969970703
2022-06-29,2846.0,515.0,95.48443871359224,38.2215591430664,85.5901580810547,123.81171722412108
2022-06-30,2740.0,475.0,96.99851117264598,51.61543884277344,96.04391784667969,128.05855712890624
2022-07-01,2488.0,471.0,107.29391674519597,48.348638916015624,101.92415771484376,143.73919677734375
2022-07-02,2836.0,517.0,101.44772306401678,49.65535888671875,86.89687805175782,135.898876953125
2022-07-03,2704.0,454.0,99.4762164481411,45.898538970947264,87.2235580444336,137.20559692382812
2022-07-04,2849.0,497.0,86.8903050136758,45.735198974609375,82.97671813964844,121.52495727539063
2022-07-05,2844.0,496.0,108.74623707802066,63.37591857910156,107.15103759765624,137.20559692382812
2022-07-06,2735.0,454.0,89.0138219690533,36.5881591796875,82.97671813964843,124.62841720581054
2022-07-07,5.0,0.0,,,,
2022-07-08,,,,,,
2022-07-09,,,,,,
2022-07-10,,,,,,
2022-07-11,,,,,,
2022-07-12,,,,,,
2022-07-13,,,,,,
2022-07-14,,,,,,
2022-07-15,2656.0,410.0,95.0065096748166,37.40485916137695,88.85695800781251,130.5086570739746
2022-07-16,2837.0,420.0,86.48308339436849,46.38855895996093,87.55023803710938,114.33799743652344
2022-07-17,2844.0,440.0,107.67224067687988,50.96207885742188,94.083837890625,132.1420570373535
2022-07-18,2751.0,385.0,87.13785757882253,33.97471923828125,82.32335815429687,114.991357421875
2022-07-19,2841.0,397.0,106.38741282888265,52.268798828125,101.92415771484376,137.85895690917968
2022-07-20,2850.0,391.0,107.46852710460459,52.922158813476564,101.27079772949219,136.55223693847657
2022-07-21,2767.0,343.0,99.40976943302434,50.96207885742188,99.3107177734375,128.05855712890624
2022-07-22,2479.0,328.0,104.49775863275295,41.161679077148435,90.81703796386718,137.85895690917968
2022-07-23,6.0,3.0,150.27279663085938,126.09847717285156,134.59215698242187,166.60679626464844
2022-07-24,,,,,,
2022-07-25,,,,,,
2022-07-26,2846.0,323.0,83.79190103158862,45.4085189819336,84.28343811035157,112.70459747314453
2022-07-27,2755.0,308.0,104.47395869663784,52.758818817138675,95.71723785400391,129.3652770996094
2022-07-28,2840.0,301.0,99.71662580420409,61.415838623046874,99.3107177734375,126.09847717285156
2022-07-29,2481.0,247.0,98.15212800184241,59.45575866699219,94.73719787597656,120.54491729736328
2022-07-30,2745.0,258.0,92.60491451293,54.88223876953125,82.65003814697266,115.64471740722657
2022-07-31,2841.0,262.0,95.33818931288391,51.61543884277344,83.95675811767578,118.91151733398438
2022-08-01,2854.0,250.0,109.3933690673828,64.19261856079102,96.04391784667968,139.81903686523438
2022-08-02,2755.0,233.0,129.89525580017352,79.70991821289063,109.7644775390625,150.27279663085938
2022-08-03,6.0,5.0,180.5886999511719,137.20559692382812,201.8882354736328,212.3419952392578
2022-08-04,,,,,,
2022-08-05,,,,,,
2022-08-06,,,,,,
2022-08-07,,,,,,
2022-08-08,,,,,,
2022-08-09,2844.0,56.0,182.92912875584193,95.06387786865234,145.04591674804686,240.10979461669922
2022-08-10,2854.0,34.0,151.15675425809974,90.4903579711914,116.9514373779297,165.6267562866211
2022-08-11,2761.0,25.0,171.1541817626953,114.991357421875,145.0459167480469,174.44711608886718
2022-08-12,2509.0,9.0,185.69942694769966,103.23087768554689,166.60679626464844,211.0352752685547
2022-08-13,2847.0,18.0,240.58166571723092,134.75549697875977,196.00799560546875,366.8616317749024
2022-08-14,6.0,0.0,,,,
2022-08-15,1648.0,4.0,176.73387603759764,118.7481773376465,136.55223693847654,194.5379356384277
2022-08-16,2845.0,5.0,209.2058673095703,146.35263671875,199.27479553222656,210.38191528320314
2022-08-17,2765.0,2.0,370.12843170166013,325.8632926940918,370.12843170166013,414.39357070922847
2022-08-18,2846.0,0.0,,,,
2022-08-19,2484.0,0.0,,,,
2022-08-20,2779.0,0.0,,,,
2022-08-21,2764.0,0.0,,,,
2022-08-22,2532.0,0.0,,,,
2022-08-23,2771.0,0.0,,,,
2022-08-24,2847.0,0.0,,,,
2022-08-25,2858.0,0.0,,,,
2022-08-26,2424.0,0.0,,,,
2022-08-27,2847.0,0.0,,,,
2022-08-28,2850.0,0.0,,,,
2022-08-29,1446.0,0.0,,,,
2022-08-30,2850.0,0.0,,,,
2022-08-31,2848.0,0.0,,,,
2022-09-01,2780.0,0.0,,,,
2022-09-02,2486.0,0.0,,,,
2022-09-03,2850.0,0.0,,,,
2022-09-04,2774.0,0.0,,,,
2022-09-05,2842.0,3.0,296.62543334960935,198.62143554687498,245.6633544921875,369.1483917236328
2022-09-06,2850.0,11.0,237.1102783203125,152.55955657958984,256.1171142578125,307.73255310058596
2022-09-07,2778.0,38.0,193.20542514198704,94.24717788696287,149.94611663818358,270.98105392456057
2022-09-08,2846.0,48.0,148.54411500295004,87.55023803710938,118.5848373413086,152.8862365722656
2022-09-09,2487.0,53.0,172.56100141417303,97.35063781738282,113.03127746582031,219.528955078125
2022-09-10,2778.0,65.0,149.2374723463792,86.89687805175782,120.2182373046875,152.23287658691407
2022-09-11,2844.0,82.0,176.21596873213605,94.08383789062499,135.57219696044922,234.22955474853515
2022-09-12,2654.0,95.0,138.73239604749176,86.57019805908203,106.49767761230468,164.64671630859374
2022-09-13,2785.0,118.0,139.89655415163202,83.46673812866212,110.09115753173828,154.19295654296874
2022-09-14,2852.0,144.0,131.50684594048394,77.42315826416015,107.15103759765624,147.82269668579102
2022-09-15,2846.0,157.0,117.54653596331359,60.76247863769532,109.11111755371093,147.00599670410156
2022-09-16,2486.0,156.0,135.70621952154698,83.46673812866212,118.5848373413086,159.0931564331055
2022-09-17,2854.0,185.0,119.86153806944152,64.02927856445312,113.03127746582031,145.0459167480469
2022-09-18,2848.0,213.0,118.89924766289796,75.78975830078124,105.19095764160157,138.51231689453127
2022-09-19,2780.0,210.0,124.61130539667039,79.21989822387695,113.03127746582032,153.3762565612793
2022-09-20,2855.0,236.0,100.24369368472343,36.5881591796875,93.10379791259766,134.59215698242187
2022-09-21,2712.0,270.0,116.2012833206742,77.91317825317383,114.991357421875,143.73919677734375
2022-09-22,2733.0,246.0,105.08206431070964,61.74251861572265,101.59747772216798,137.20559692382812
2022-09-23,2483.0,257.0,112.45672743979131,72.52295837402345,109.7644775390625,144.3925567626953
2022-09-24,2856.0,306.0,103.14333598816317,49.00199890136719,103.23087768554689,134.42881698608397
2022-09-25,2773.0,298.0,89.38973141868642,39.854959106445314,91.14371795654296,122.66833724975587
2022-09-26,2847.0,333.0,117.44979604543508,70.56287841796876,113.03127746582031,156.806396484375
2022-09-27,2845.0,332.0,106.23200412428523,58.802398681640625,103.88423767089844,143.73919677734375
2022-09-28,2606.0,310.0,109.77712321619833,23.520959472656248,93.10379791259766,155.66301651000975
2022-09-29,2831.0,377.0,105.2325508502181,47.041918945312496,101.27079772949219,139.1656768798828
2022-09-30,,,,,,
2022-10-01,,,,,,
2022-10-02,,,,,,
2022-10-03,,,,,,
2022-10-04,,,,,,
2022-10-05,867.0,119.0,99.4809207948316,61.089158630371095,107.15103759765624,141.12575683593752
2022-10-06,2840.0,428.0,110.34609004938714,49.65535888671875,111.07119750976562,147.65935668945312
2022-10-07,596.0,92.0,123.17256071671196,94.08383789062499,125.77179718017578,163.66667633056642
2022-10-08,,,,,,
2022-10-09,,,,,,
2022-10-10,,,,,,
2022-10-11,2113.0,1372.0,140.7447889144497,29.401199340820312,123.15835723876953,227.36927490234376
2022-10-12,2841.0,1728.0,148.66813240757696,30.054559326171876,137.85895690917968,234.7195747375488
2022-10-13,2783.0,1743.0,144.02258183123118,28.094479370117188,127.40519714355469,235.5362747192383
2022-10-14,2453.0,1320.0,144.3692931874593,31.197939300537108,130.6719970703125,228.67599487304688
2022-10-15,2837.0,505.0,127.71570485936533,64.6826385498047,131.9787170410156,179.6739959716797
2022-10-16,2640.0,469.0,121.62804605772754,92.1237579345703,120.87159729003906,153.5395965576172
2022-10-17,2837.0,534.0,129.27596009786654,79.38323822021484,128.05855712890624,173.63041610717775
2022-10-18,2837.0,568.0,128.0930655788368,92.1237579345703,131.32535705566406,169.87359619140625
2022-10-19,2770.0,508.0,118.90380048376369,50.308718872070315,114.991357421875,165.3000762939453
2022-10-20,2845.0,557.0,128.8866938428348,86.89687805175782,131.32535705566406,174.44711608886718
2022-10-21,2481.0,469.0,124.48667013009728,75.13639831542969,122.83167724609375,175.10047607421876
2022-10-22,2604.0,506.0,146.30486138385274,109.7644775390625,151.2528366088867,183.59415588378906
2022-10-23,2836.0,549.0,132.0048990440716,81.66999816894531,135.898876953125,183.59415588378906
2022-10-24,2858.0,572.0,126.85920750544621,86.73353805541993,128.05855712890624,173.14039611816406
2022-10-25,2794.0,546.0,137.79074899862098,98.00399780273438,139.1656768798828,174.44711608886718
2022-10-26,2836.0,581.0,133.94779334798739,87.55023803710938,139.81903686523438,182.28743591308594
2022-10-27,2846.0,599.0,140.2095258047266,95.39055786132812,143.0858367919922,184.5741958618164
2022-10-28,2440.0,539.0,135.5412866086376,90.81703796386718,134.59215698242187,179.6739959716797
2022-10-29,2838.0,574.0,117.85293756677714,56.84231872558594,116.29807739257812,162.68663635253907
2022-10-30,2835.0,622.0,138.49025811689077,92.77711791992186,137.20559692382812,181.63407592773436
2022-10-31,6.0,0.0,,,,
2022-11-01,2845.0,648.0,149.56801479480885,110.41783752441405,149.94611663818358,193.5578956604004
2022-11-02,2839.0,637.0,138.94002664946314,96.04391784667969,140.47239685058594,181.63407592773436
2022-11-03,2783.0,582.0,125.63371594615818,89.51031799316407,128.7119171142578,163.99335632324218
2022-11-04,2480.0,575.0,152.05675346042798,111.07119750976562,154.84631652832033,191.43447570800782
2022-11-05,2838.0,660.0,139.14092839558919,99.3107177734375,137.85895690917968,180.32735595703124
2022-11-06,2786.0,578.0,128.50053594252643,88.53027801513672,123.4850372314453,171.67033615112302
2022-11-07,2835.0,655.0,141.13573179754593,102.57751770019532,144.3925567626953,182.9407958984375
2022-11-08,2847.0,629.0,132.09817077442648,93.43047790527343,132.63207702636717,171.83367614746092
2022-11-09,2780.0,1617.0,154.1295196117998,38.548239135742186,142.43247680664064,232.59615478515624
2022-11-10,2854.0,1793.0,149.2597789179328,33.97471923828125,131.9787170410156,233.9028747558594
2022-11-11,2484.0,1630.0,148.22773979327428,28.74783935546875,125.44511718749999,237.82303466796876
2022-11-12,2613.0,1623.0,153.73765762526537,32.667999267578125,131.9787170410156,250.23687438964845
2022-11-13,2836.0,1842.0,149.42186796372667,28.74783935546875,136.87891693115233,241.74319458007812
2022-11-14,2841.0,1625.0,147.34936250563402,33.32135925292969,130.6719970703125,224.10247497558595
2022-11-15,2792.0,1726.0,149.36467924681628,37.24151916503906,137.85895690917968,227.36927490234376
2022-11-16,2845.0,1825.0,145.91515403266803,29.401199340820312,122.17831726074219,232.59615478515624
2022-11-17,1871.0,1205.0,152.30011031154774,33.32135925292969,139.1656768798828,239.78311462402343
2022-11-18,,,,,,
2022-11-19,,,,,,
2022-11-20,,,,,,
2022-11-21,,,,,,
2022-11-22,,,,,,
2022-11-23,,,,,,
2022-11-24,,,,,,
2022-11-25,,,,,,
2022-11-26,,,,,,
2022-11-27,,,,,,
2022-11-28,,,,,,
2022-11-29,,,,,,
2022-11-30,,,,,,
2022-12-01,,,,,,
2022-12-02,,,,,,
2022-12-03,,,,,,
2022-12-04,,,,,,
2022-12-05,,,,,,
2022-12-06,466.0,308.0,164.83975448608396,30.544579315185548,134.2654769897461,285.5183135986328
2022-12-07,2835.0,1881.0,147.20502661989445,26.78775939941406,99.3107177734375,250.23687438964845
2022-12-08,2694.0,1420.0,145.8580156030789,35.93479919433594,132.63207702636717,216.91551513671874
2022-12-09,661.0,434.0,169.59960652012978,42.46839904785156,152.55955657958984,257.9138542175293
2022-12-10,,,,,,
2022-12-11,,,,,,
2022-12-12,,,,,,
2022-12-13,,,,,,
2022-12-14,,,,,,
2022-12-15,,,,,,
2022-12-16,470.0,339.0,168.52640259329195,37.24151916503906,145.0459167480469,270.49103393554685
2022-12-17,2844.0,1910.0,144.14318533373128,29.401199340820312,122.17831726074219,218.05889511108398
2022-12-18,2776.0,1873.0,129.020632323567,20.90751953125,80.36327819824218,216.91551513671874
2022-12-19,1421.0,799.0,142.75629477184617,24.174319458007812,141.12575683593752,239.1297546386719
2022-12-20,465.0,109.0,129.6529952582963,94.08383789062499,122.83167724609375,145.69927673339845
2022-12-21,2777.0,680.0,135.09370685353,108.45775756835937,135.898876953125,164.64671630859374
2022-12-22,2834.0,709.0,126.80252093703858,92.77711791992186,123.4850372314453,154.19295654296874
2022-12-23,592.0,144.0,131.63388815985786,105.02761764526367,130.6719970703125,147.00599670410156
2022-12-24,2.0,0.0,,,,
2022-12-25,,,,,,
2022-12-26,,,,,,
2022-12-27,,,,,,
2022-12-28,,,,,,
2022-12-29,,,,,,
2022-12-30,,,,,,
2022-12-31,,,,,,
2023-01-01,,,,,,
2023-01-02,466.0,319.0,112.74453640641836,16.333999633789062,50.308718872070315,166.93347625732423
2023-01-03,2834.0,1446.0,137.5797200689672,25.48103942871094,100.94411773681641,212.83201522827147
2023-01-04,2835.0,692.0,137.95148476837687,105.84431762695313,130.3453170776367,168.730216217041
2023-01-05,2270.0,535.0,139.74820531542056,103.88423767089844,130.6719970703125,171.1803161621094
2023-01-06,938.0,224.0,121.42870334897722,100.29075775146485,122.50499725341797,149.94611663818358
2023-01-07,2834.0,669.0,130.36436120277028,98.00399780273438,120.87159729003906,154.19295654296874
2023-01-08,2800.0,622.0,126.8337697608678,94.90053787231446,116.9514373779297,150.92615661621093
2023-01-09,2835.0,664.0,127.19561028078378,88.85695800781251,115.31803741455079,151.5795166015625
2023-01-10,2835.0,650.0,127.8213371957632,94.90053787231446,120.87159729003906,151.4161766052246
2023-01-11,1257.0,267.0,129.37751230532757,92.77711791992186,124.13839721679688,155.1729965209961
2023-01-12,2834.0,1310.0,152.97750747098266,48.51197891235351,125.11843719482421,220.8356750488281
2023-01-13,592.0,385.0,149.74841160365514,35.28143920898438,116.29807739257812,250.23687438964845
2023-01-14,1.0,0.0,,,,
2023-01-15,,,,,,
2023-01-16,,,,,,
2023-01-17,940.0,787.0,183.57008035700989,51.288758850097665,176.40719604492188,271.79775390625
2023-01-18,2838.0,1841.0,153.34582439466124,29.401199340820312,123.4850372314453,250.23687438964845
2023-01-19,2838.0,1867.0,138.9445073508297,28.74783935546875,123.4850372314453,223.1224349975586
2023-01-20,520.0,319.0,127.05905972184806,23.194279479980466,59.45575866699219,228.67599487304688
2023-01-21,,,,,,
2023-01-22,,,,,,
2023-01-23,586.0,429.0,131.5949251615084,33.32135925292969,92.77711791992186,224.7558349609375
2023-01-24,2835.0,1573.0,135.005024004316,24.827679443359376,101.92415771484376,224.7558349609375
2023-01-25,2836.0,1914.0,143.89417349278244,26.78775939941406,113.35795745849609,240.436474609375
2023-01-26,1356.0,903.0,134.70285917263095,22.214239501953127,99.3107177734375,224.10247497558595
2023-01-27,1033.0,640.0,156.39294211864473,24.827679443359376,153.5395965576172,244.51997451782228
2023-01-28,6.0,4.0,9.637059783935547,7.676979827880858,8.820359802246093,10.780439758300782
2023-01-29,2799.0,1873.0,139.77717717583653,24.827679443359376,101.27079772949219,239.1297546386719
2023-01-30,2835.0,1808.0,128.0961397829309,24.827679443359376,84.28343811035157,212.99535522460937
2023-01-31,2836.0,1794.0,124.35618387858072,18.94743957519531,64.3559585571289,209.72855529785156
2023-02-01,2787.0,1808.0,143.3977005460621,24.174319458007812,126.75183715820312,243.70327453613282
2023-02-02,2834.0,1823.0,130.10680305116855,25.48103942871094,99.3107177734375,218.22223510742188
2023-02-03,2474.0,1634.0,122.99081878475343,22.867599487304688,74.8097183227539,211.0352752685547
2023-02-04,2787.0,1681.0,126.58548494301546,20.90751953125,82.32335815429687,212.99535522460937
2023-02-05,2834.0,1778.0,153.361006595367,26.78775939941406,133.61211700439452,258.7305541992188
2023-02-06,2838.0,1937.0,135.69784311147836,23.520959472656248,97.35063781738282,235.86295471191406
2023-02-07,2787.0,1884.0,149.43979732894087,24.827679443359376,120.87159729003906,252.19695434570312
2023-02-08,2834.0,1937.0,148.07795232281464,28.094479370117188,120.87159729003906,252.19695434570312
2023-02-09,2835.0,1832.0,127.87916844297183,22.214239501953127,91.47039794921875,220.18231506347658
2023-02-10,2064.0,1402.0,149.093300109515,29.401199340820312,133.61211700439452,255.46375427246096
2023-02-11,2835.0,1833.0,137.16424953795755,23.520959472656248,102.57751770019532,238.4763946533203
2023-02-12,2835.0,2029.0,158.50242755527037,35.93479919433594,148.96607666015623,250.89023437499998
2023-02-13,2795.0,1859.0,141.34120044595392,26.1343994140625,121.52495727539063,239.78311462402343
2023-02-14,2838.0,1942.0,134.52217815803817,24.827679443359376,83.95675811767578,227.36927490234376
2023-02-15,2814.0,1818.0,129.96904210257452,20.25415954589844,98.98403778076172,225.40919494628906
2023-02-16,2829.0,2004.0,149.5134775660471,29.401199340820312,133.9387969970703,247.6234344482422
2023-02-17,2503.0,1590.0,143.463059726931,26.1343994140625,121.19827728271486,237.16967468261717
2023-02-18,1152.0,794.0,158.0744414937286,28.094479370117188,156.806396484375,262.6507141113281
2023-02-19,,,,,,
2023-02-20,,,,,,
2023-02-21,,,,,,
2023-02-22,834.0,491.0,99.13107704426751,11.760479736328124,45.08183898925781,186.86095581054684
2023-02-23,1829.0,1268.0,118.59771904448982,25.48103942871094,86.89687805175782,197.47805557250976
2023-02-24,1914.0,1233.0,130.49077313276973,23.520959472656248,65.9893585205078,240.436474609375
2023-02-25,483.0,300.0,123.39574470011394,23.520959472656248,88.53027801513672,200.41817550659178
2023-02-26,,,,,,
2023-02-27,,,,,,
2023-02-28,,,,,,
2023-03-01,1.0,0.0,,,,
2023-03-02,2.0,0.0,,,,
2023-03-03,965.0,570.0,130.1126292232045,25.48103942871094,108.45775756835937,202.86827545166014
2023-03-04,,,,,,
2023-03-05,,,,,,
2023-03-06,,,,,,
2023-03-07,1.0,0.0,,,,
2023-03-08,475.0,284.0,130.43503904745612,18.29407958984375,55.86227874755859,235.86295471191406
2023-03-09,6.0,5.0,417.23568664550777,403.12311096191405,420.11047058105464,425.33735046386715
2023-03-10,,,,,,
2023-03-11,,,,,,
2023-03-12,,,,,,
2023-03-13,,,,,,
2023-03-14,,,,,,
2023-03-15,,,,,,
2023-03-16,2.0,0.0,,,,
2023-03-17,1914.0,0.0,,,,
2023-03-18,435.0,0.0,,,,
2023-03-19,1.0,0.0,,,,
2023-03-20,,,,,,
2023-03-21,1.0,0.0,,,,
2023-03-22,,,,,,
2023-03-23,,,,,,
2023-03-24,1914.0,0.0,,,,
2023-03-25,6.0,0.0,,,,
2023-03-26,,,,,,
2023-03-27,1.0,0.0,,,,
2023-03-28,,,,,,
2023-03-29,,,,,,
2023-03-30,1.0,0.0,,,,
2023-03-31,,,,,,
2023-04-01,,,,,,
2023-04-02,1035.0,127.0,132.57548679141547,30.381239318847655,106.49767761230468,195.3546356201172
2023-04-03,1134.0,0.0,,,,
2023-04-04,2209.0,0.0,,,,
2023-04-05,710.0,0.0,,,,
2023-04-06,2879.0,0.0,,,,
2023-04-07,2516.0,0.0,,,,
2023-04-08,2838.0,0.0,,,,
2023-04-09,2876.0,0.0,,,,
2023-04-10,2878.0,0.0,,,,
2023-04-11,1485.0,0.0,,,,
2023-04-12,1821.0,947.0,134.80810384136066,29.07451934814453,115.64471740722657,221.1623550415039
2023-04-13,2878.0,1543.0,127.27562607711425,21.887559509277345,102.57751770019532,209.72855529785156
2023-04-14,1948.0,0.0,,,,
2023-04-15,2261.0,0.0,,,,
2023-04-16,2876.0,0.0,,,,
2023-04-17,2516.0,0.0,,,,
2023-04-18,871.0,0.0,,,,
2023-04-19,2879.0,0.0,,,,
2023-04-20,2258.0,0.0,,,,
2023-04-21,2517.0,0.0,,,,
2023-04-22,2879.0,0.0,,,,
2023-04-23,721.0,121.0,104.71578674316406,27.441119384765624,62.06919860839844,198.621435546875
2023-04-24,2352.0,1247.0,137.8788668365601,32.34131927490235,123.4850372314453,230.30939483642578
2023-04-25,972.0,0.0,,,,
2023-04-26,1867.0,571.0,138.5031629893074,27.114439392089842,141.77911682128905,216.91551513671874
2023-04-27,2281.0,1571.0,123.9134018303709,22.214239501953127,96.69727783203125,208.7485153198242
2023-04-28,,,,,,
2023-04-29,2269.0,1485.0,127.74177652994791,26.1343994140625,113.68463745117188,207.7684753417969
2023-04-30,2876.0,1947.0,125.99411407298287,24.827679443359376,113.68463745117188,212.3419952392578
2023-05-01,2484.0,1682.0,134.13146438870788,26.78775939941406,115.31803741455079,222.14239501953125
2023-05-02,2878.0,1987.0,135.1189223052871,28.74783935546875,112.37791748046875,227.36927490234376
2023-05-03,2357.0,1624.0,133.65194621532422,25.317699432373047,106.82435760498046,228.02263488769532
2023-05-04,,,,,,
2023-05-05,,,,,,
2023-05-06,135.0,85.0,147.39032610724954,24.174319458007812,129.3652770996094,242.39655456542968
2023-05-07,758.0,536.0,146.54888850539479,25.48103942871094,140.14571685791014,244.35663452148438
2023-05-08,1283.0,820.0,130.98592857546922,24.664339447021483,88.20359802246094,227.36927490234376
2023-05-09,2877.0,1978.0,120.5544963871384,24.174319458007812,87.87691802978516,202.54159545898438
2023-05-10,2878.0,2054.0,147.52194115212504,30.707919311523437,133.61211700439452,239.1297546386719
2023-05-11,1149.0,809.0,139.76896477735824,28.094479370117188,141.77911682128905,228.67599487304688
2023-05-12,,,,,,
2023-05-13,2283.0,1556.0,135.41305593573955,27.441119384765624,115.31803741455079,229.98271484375
2023-05-14,2875.0,1992.0,137.17378170365788,28.74783935546875,117.27811737060547,234.55623474121091
2023-05-15,2286.0,1567.0,133.8920986445755,30.054559326171876,109.11111755371093,221.1623550415039
2023-05-16,2878.0,1743.0,146.39312029787678,38.2215591430664,122.83167724609375,238.4763946533203
2023-05-17,1775.0,988.0,153.82263104519862,44.91849899291992,129.3652770996094,252.36029434204102
2023-05-18,1642.0,706.0,134.5384815162032,31.361279296874997,120.87159729003906,219.528955078125
2023-05-19,2273.0,1189.0,135.86151069660363,24.827679443359376,116.9514373779297,227.36927490234376
2023-05-20,2214.0,1442.0,132.49614915146742,28.74783935546875,107.80439758300781,231.28943481445313
2023-05-21,2757.0,1887.0,127.36503298971219,23.520959472656248,87.55023803710938,223.1224349975586
2023-05-22,2878.0,1970.0,130.62987690882028,24.827679443359376,109.7644775390625,221.3256950378418
2023-05-23,1487.0,988.0,144.42628283481366,36.42481918334961,129.0385971069336,236.02629470825195
2023-05-24,2878.0,1860.0,131.14585869409706,26.62441940307617,94.73719787597656,226.7159149169922
2023-05-25,2878.0,1907.0,136.1883836063091,26.78775939941406,113.03127746582031,232.922834777832
2023-05-26,2514.0,1633.0,133.95760160167015,28.094479370117188,104.53759765625,218.22223510742185
2023-05-27,2878.0,1793.0,152.75724079155484,34.62807922363282,141.12575683593752,241.08983459472657
2023-05-28,2876.0,1946.0,138.21753268736853,30.217899322509766,117.60479736328125,238.31305465698242
2023-05-29,2696.0,1755.0,139.29002003379017,30.707919311523437,131.32535705566406,233.9028747558594
2023-05-30,2878.0,1946.0,136.57976803755096,28.74783935546875,102.9041976928711,232.59615478515624
2023-05-31,2878.0,1891.0,144.6852039904017,29.727879333496094,126.75183715820312,241.08983459472657
2023-06-01,6.0,3.0,199.92815551757812,159.41983642578126,269.8376739501953,275.39123382568357
2023-06-02,2186.0,1502.0,140.95045452295702,26.78775939941406,118.5848373413086,239.61977462768556
2023-06-03,2405.0,1367.0,83.53162007307431,10.453759765625,28.094479370117188,123.81171722412108
2023-06-04,2771.0,1599.0,75.73949984036959,10.453759765625,30.707919311523437,90.16367797851562
2023-06-05,643.0,400.0,125.04166739654542,15.027279663085938,63.702598571777344,235.0462547302246
2023-06-06,2132.0,1342.0,137.2956651781426,26.1343994140625,122.50499725341797,225.40919494628906
2023-06-07,1391.0,915.0,136.753600343798,27.767799377441406,104.53759765625,231.9427947998047
2023-06-08,2172.0,1337.0,136.14761310312048,26.1343994140625,102.57751770019532,229.98271484375
2023-06-09,1915.0,7.0,351.6010092599051,279.96475372314455,388.7491912841797,465.19230957031243
2023-06-10,1898.0,15.0,368.84349039713544,301.52563323974607,401.81639099121094,464.8656295776367
2023-06-11,332.0,1.0,156.15303649902344,156.15303649902344,156.15303649902344,156.15303649902344
2023-06-12,2879.0,1122.0,129.3600362441119,18.94743957519531,81.34331817626953,231.7794548034668
2023-06-13,2099.0,1188.0,136.45599283289027,25.48103942871094,107.80439758300781,234.06621475219725
2023-06-14,1111.0,683.0,143.00356891682347,29.401199340820312,128.05855712890624,231.28943481445313
2023-06-15,2879.0,1279.0,122.52875115437094,20.580839538574217,70.56287841796876,210.7085952758789
2023-06-16,2285.0,1273.0,153.11257730560422,38.548239135742186,137.85895690917968,247.6234344482422
2023-06-17,2087.0,1278.0,147.18390693485455,29.401199340820312,137.20559692382812,239.78311462402343
2023-06-18,2795.0,1466.0,119.09201582925544,16.333999633789062,65.9893585205078,217.40553512573243
2023-06-19,1293.0,624.0,123.29761505616017,22.7042594909668,82.32335815429687,211.85197525024415
2023-06-20,2878.0,1550.0,137.6026711858934,28.911179351806638,105.84431762695313,234.55623474121091
2023-06-21,2878.0,1836.0,133.1459396727984,24.827679443359376,96.37059783935547,233.2495147705078
2023-06-22,2270.0,1537.0,126.91889667300025,22.867599487304688,79.05655822753906,223.44911499023436
2023-06-23,2516.0,1766.0,137.84711799664782,27.604459381103517,111.3978775024414,228.67599487304688
2023-06-24,2879.0,2062.0,142.27404810020232,30.054559326171876,123.15835723876953,237.82303466796876
2023-06-25,707.0,448.0,125.03968398230417,15.027279663085938,95.39055786132812,231.9427947998047
2023-06-26,2878.0,1914.0,125.1689582386236,20.90751953125,82.97671813964844,217.56887512207032
2023-06-27,2879.0,2022.0,146.30449100271767,34.791419219970706,129.3652770996094,237.65969467163086
2023-06-28,1867.0,1233.0,122.22971703250138,19.600799560546875,87.55023803710938,214.95543518066407
2023-06-29,2879.0,2020.0,141.26160396160466,25.97105941772461,116.29807739257812,238.4763946533203
2023-06-30,2494.0,1647.0,118.23475222468882,25.48103942871094,84.93679809570312,195.3546356201172
2023-07-01,577.0,454.0,126.91157935726484,30.054559326171876,116.6247573852539,212.17865524291992
2023-07-02,2818.0,1966.0,131.65901596985174,27.441119384765624,101.27079772949219,219.528955078125
2023-07-03,621.0,389.0,141.92692062260252,27.441119384765624,127.40519714355469,237.82303466796876
2023-07-04,161.0,130.0,159.68118041992187,33.811379241943364,172.4870361328125,251.87027435302736
2023-07-05,1435.0,958.0,112.04100742539184,18.94743957519531,57.16899871826172,194.53793563842774
2023-07-06,2879.0,1861.0,127.99395839848998,18.29407958984375,105.19095764160157,223.44911499023436
2023-07-07,1659.0,1138.0,117.0829131570558,20.90751953125,65.33599853515625,202.37825546264648
2023-07-08,1507.0,1108.0,140.07908357420553,30.707919311523437,117.93147735595704,237.16967468261717
2023-07-09,2733.0,1822.0,123.33371016568331,23.520959472656248,79.05655822753906,210.21857528686525
2023-07-10,6.0,5.0,236.5163146972656,159.41983642578126,251.54359436035156,320.7997528076172
2023-07-11,,,,,,
2023-07-12,,,,,,
2023-07-13,,,,,,
2023-07-14,,,,,,
2023-07-15,2877.0,1706.0,105.38589329959919,18.29407958984375,51.61543884277344,196.4980155944824
2023-07-16,707.0,445.0,90.72894448269619,15.027279663085938,38.548239135742186,145.69927673339845
2023-07-17,2843.0,2081.0,142.41018533188813,27.441119384765624,128.05855712890624,231.9427947998047
2023-07-18,2878.0,2116.0,127.23012383935131,25.48103942871094,107.15103759765624,212.99535522460937
2023-07-19,1873.0,1225.0,130.3818519013074,22.867599487304688,101.27079772949219,226.7159149169922
2023-07-20,2878.0,1836.0,122.96761597942943,22.050899505615234,86.24351806640625,207.7684753417969
2023-07-21,2517.0,1536.0,121.22124696969986,25.48103942871094,97.35063781738282,192.74119567871094
2023-07-22,638.0,492.0,143.98221482067575,27.27777938842773,123.48503723144532,247.6234344482422
2023-07-23,2760.0,1887.0,118.4305862159911,21.560879516601563,75.78975830078124,210.7085952758789
2023-07-24,6.0,5.0,207.1151153564453,141.12575683593752,191.43447570800782,275.06455383300784
2023-07-25,,,,,,
2023-07-26,,,,,,
2023-07-27,2879.0,2029.0,125.47216609768707,24.174319458007812,102.57751770019532,212.3419952392578
2023-07-28,2429.0,1667.0,130.1432732429344,24.174319458007812,77.09647827148437,228.34931488037108
2023-07-29,6.0,4.0,392.6693511962891,368.98505172729494,435.4644302368164,459.1487297058105
2023-07-30,,,,,,
2023-07-31,,,,,,
2023-08-01,,,,,,
2023-08-02,,,,,,
2023-08-03,,,,,,
2023-08-04,,,,,,
2023-08-05,,,,,,
2023-08-06,,,,,,
2023-08-07,,,,,,
2023-08-08,,,,,,
2023-08-09,,,,,,
2023-08-10,2876.0,1878.0,118.71912751934144,17.64071960449219,57.4956787109375,203.19495544433593
2023-08-11,2517.0,1658.0,120.74746677412486,21.560879516601563,73.176318359375,216.91551513671874
2023-08-12,6.0,5.0,96.43593383789063,86.24351806640625,119.56487731933595,130.6719970703125
2023-08-13,,,,,,
2023-08-14,,,,,,
2023-08-15,,,,,,
2023-08-16,1284.0,805.0,111.0541533362347,19.600799560546875,62.722558593749994,196.6613555908203
2023-08-17,2878.0,1964.0,121.88024671752682,22.214239501953127,83.30339813232422,210.7085952758789
2023-08-18,2517.0,1496.0,109.49238979115205,19.600799560546875,57.4956787109375,196.00799560546875
2023-08-19,2878.0,1871.0,118.16142794406713,20.580839538574217,82.32335815429687,199.92815551757812
2023-08-20,2876.0,1846.0,135.58953966861944,28.094479370117188,118.25815734863282,226.7159149169922
2023-08-21,2878.0,2007.0,142.87521202342094,29.401199340820312,131.9787170410156,238.4763946533203
2023-08-22,2878.0,2027.0,132.29621066981252,26.1343994140625,118.25815734863282,221.4890350341797
2023-08-23,2879.0,2058.0,127.47377136942248,24.827679443359376,107.15103759765624,218.87559509277344
2023-08-24,2878.0,1967.0,130.50890619445707,27.441119384765624,108.45775756835937,213.32203521728513
2023-08-25,2211.0,1617.0,138.96284032289674,27.441119384765624,127.40519714355469,225.40919494628906
2023-08-26,,,,,,
2023-08-27,2745.0,1879.0,128.48451028593428,27.441119384765624,121.52495727539063,211.0352752685547
2023-08-28,2878.0,2020.0,141.37998502825747,32.667999267578125,140.47239685058594,224.7558349609375
2023-08-29,2879.0,1894.0,122.78338242141096,22.867599487304688,99.63739776611328,207.7684753417969
2023-08-30,2878.0,1753.0,117.91340093879242,20.25415954589844,64.6826385498047,204.50167541503905
2023-08-31,2879.0,1919.0,123.16942248083515,23.194279479980466,90.81703796386718,209.72855529785156
2023-09-01,2516.0,1715.0,135.7838246408357,30.054559326171876,116.9514373779297,223.44911499023436
2023-09-02,2879.0,1754.0,107.31419134542362,18.29407958984375,64.6826385498047,182.7774559020996
2023-09-03,2876.0,2031.0,125.31129259178053,26.1343994140625,99.3107177734375,203.84831542968752
2023-09-04,2878.0,2016.0,116.82471924585009,21.560879516601563,67.62275848388671,195.3546356201172
2023-09-05,2878.0,1894.0,132.00734897279185,24.174319458007812,105.19095764160157,220.6723350524902
2023-09-06,2879.0,1993.0,128.7630581868694,26.1343994140625,112.37791748046875,211.68863525390626
2023-09-07,2878.0,1892.0,137.45077958217888,28.094479370117188,130.6719970703125,225.40919494628906
2023-09-08,2517.0,1813.0,131.598881726862,29.401199340820312,120.87159729003906,214.95543518066407
2023-09-09,2878.0,1980.0,117.44343724568685,23.35761947631836,88.53027801513673,196.00799560546875
2023-09-10,2876.0,2006.0,125.9424654914042,24.174319458007812,106.1709976196289,211.68863525390626
2023-09-11,1817.0,1112.0,140.47063418875496,22.867599487304688,111.72455749511718,230.79941482543944
2023-09-12,,,,,,
2023-09-13,,,,,,
2023-09-14,,,,,,
2023-09-15,406.0,0.0,,,,
2023-09-16,2336.0,916.0,135.65707669653747,25.48103942871094,92.1237579345703,225.57253494262696
2023-09-17,2876.0,1009.0,240.42611409424555,128.7119171142578,224.7558349609375,356.08119201660156
2023-09-18,2879.0,1000.0,261.7347034118652,137.85895690917968,259.7105941772461,390.2192512512207
2023-09-19,2878.0,512.0,132.72267968058586,27.441119384765624,107.80439758300781,221.97905502319335
2023-09-20,2879.0,1556.0,130.32684160247254,30.054559326171876,98.33067779541017,217.56887512207032
2023-09-21,2879.0,1577.0,159.63900410634625,32.01463928222656,148.96607666015623,250.23687438964845
2023-09-22,5.0,0.0,,,,
2023-09-23,,,,,,
2023-09-24,,,,,,
2023-09-25,,,,,,
2023-09-26,2190.0,972.0,132.72282146877714,28.58449935913086,103.23087768554689,218.22223510742185
2023-09-27,2878.0,1287.0,135.73794834756444,30.054559326171876,116.9514373779297,222.79575500488284
2023-09-28,2878.0,1927.0,122.78217514030167,19.600799560546875,83.630078125,205.8083953857422
2023-09-29,5.0,4.0,19.110779571533204,15.027279663085936,17.640719604492187,21.724219512939452
2023-09-30,,,,,,
2023-10-01,,,,,,
2023-10-02,,,,,,
2023-10-03,,,,,,
2023-10-04,,,,,,
2023-10-05,,,,,,
2023-10-06,,,,,,
2023-10-07,,,,,,
2023-10-08,,,,,,
2023-10-09,,,,,,
2023-10-10,,,,,,
2023-10-11,,,,,,
2023-10-12,,,,,,
2023-10-13,,,,,,
2023-10-14,,,,,,
2023-10-15,,,,,,
2023-10-16,,,,,,
2023-10-17,,,,,,
2023-10-18,,,,,,
2023-10-19,,,,,,
2023-10-20,,,,,,
2023-10-21,,,,,,
2023-10-22,,,,,,
2023-10-23,,,,,,
2023-10-24,,,,,,
2023-10-25,,,,,,
2023-10-26,,,,,,
2023-10-27,,,,,,
2023-10-28,,,,,,
2023-10-29,,,,,,
2023-10-30,,,,,,
2023-10-31,,,,,,
2023-11-01,,,,,,
2023-11-02,1.0,0.0,,,,
2023-11-03,,,,,,
2023-11-04,,,,,,
2023-11-05,,,,,,
2023-11-06,,,,,,
2023-11-07,747.0,477.0,148.91539674514993,31.361279296874997,131.32535705566406,239.78311462402343
2023-11-08,,,,,,
2023-11-09,,,,,,
2023-11-10,,,,,,
2023-11-11,,,,,,
2023-11-12,,,,,,
2023-11-13,,,,,,
2023-11-14,,,,,,
2023-11-15,1.0,0.0,,,,
2023-11-16,,,,,,
2023-11-17,,,,,,
2023-11-18,,,,,,
2023-11-19,,,,,,
2023-11-20,,,,,,
2023-11-21,,,,,,
2023-11-22,,,,,,
2023-11-23,,,,,,
2023-11-24,,,,,,
2023-11-25,,,,,,
2023-11-26,,,,,,
2023-11-27,,,,,,
2023-11-28,1045.0,610.0,139.25350559922515,36.261479187011716,105.51763763427735,203.68497543334962
2023-11-29,95.0,62.0,155.28891522807461,28.094479370117188,146.67931671142577,245.5000144958496
2023-11-30,944.0,492.0,173.6729110655746,49.65535888671875,157.1330764770508,274.0845138549805
2023-12-01,893.0,603.0,175.99979413034112,43.121759033203126,192.74119567871094,284.5382736206055
2023-12-02,,,,,,
2023-12-03,,,,,,
2023-12-04,168.0,100.0,121.62296127319335,13.557219696044921,53.24883880615235,217.8955551147461
2023-12-05,173.0,117.0,131.6492449116503,32.667999267578125,109.11111755371093,216.26215515136718
2023-12-06,1.0,0.0,,,,
2023-12-07,1318.0,893.0,146.40238865492458,26.1343994140625,129.3652770996094,250.89023437499998
2023-12-08,,,,,,
2023-12-09,1335.0,909.0,159.33574058608252,37.24151916503906,141.12575683593752,261.9973541259765
2023-12-10,155.0,108.0,165.14278592710141,34.62807922363282,150.27279663085938,262.48737411499025
2023-12-11,166.0,139.0,89.74533957062864,21.887559509277345,50.96207885742188,142.75915679931643
2023-12-12,1.0,0.0,,,,
2023-12-13,1093.0,602.0,137.16544024698757,19.600799560546875,110.41783752441407,235.0462547302246
2023-12-14,1778.0,1041.0,153.33624532298327,35.93479919433594,129.3652770996094,235.86295471191406
2023-12-15,,,,,,
2023-12-16,,,,,,
2023-12-17,,,,,,
2023-12-18,161.0,81.0,175.1972701461227,20.25415954589844,204.50167541503905,309.0392730712891
2023-12-19,165.0,56.0,22.844265202113558,4.573519897460938,13.720559692382812,36.09813919067383
2023-12-20,,,,,,
2023-12-21,1216.0,798.0,142.7583380524676,30.054559326171876,117.93147735595704,241.74319458007812
2023-12-22,2515.0,1617.0,150.30390901111423,23.520959472656248,128.05855712890624,255.46375427246096
2023-12-23,1844.0,1160.0,157.17475633818526,32.01463928222656,137.20559692382812,257.58717422485347
2023-12-24,2728.0,1699.0,152.99468125494315,33.32135925292969,128.7119171142578,253.50367431640623
2023-12-25,2878.0,1894.0,134.1588834124105,23.520959472656248,100.94411773681641,220.6723350524902
2023-12-26,2673.0,1659.0,152.97524160945036,30.707919311523437,130.01863708496094,249.58351440429686
2023-12-27,2879.0,1788.0,142.6791311635267,26.1343994140625,112.37791748046875,243.21325454711916
2023-12-28,2878.0,1844.0,139.59510871407267,27.441119384765624,119.89155731201173,225.57253494262696
2023-12-29,2517.0,1411.0,119.71351555838473,15.680639648437499,60.10911865234375,212.3419952392578
2023-12-30,2877.0,1851.0,135.8957001622724,28.74783935546875,108.45775756835937,215.28211517333983
2023-12-31,2876.0,1852.0,141.629888271719,31.361279296874997,115.97139739990234,228.67599487304688
2024-01-01,2274.0,1448.0,146.1450776073814,23.520959472656248,124.46507720947265,248.27679443359375
2024-01-02,2878.0,1893.0,123.16439728089507,22.214239501953127,82.97671813964844,195.3546356201172
2024-01-03,2877.0,1711.0,140.481943314428,24.827679443359376,103.88423767089844,238.8030746459961
2024-01-04,1760.0,1116.0,151.77798347883328,35.28143920898438,137.85895690917968,248.27679443359375
2024-01-05,1915.0,1129.0,136.79645121112347,22.214239501953127,92.77711791992186,236.51631469726564
2024-01-06,2879.0,1854.0,135.85165460251167,24.827679443359376,102.57751770019532,228.51265487670898
2024-01-07,2083.0,1283.0,140.59461539811858,26.78775939941406,115.64471740722657,230.63607482910155
2024-01-08,2878.0,1918.0,155.8529269332806,31.524619293212886,143.73919677734375,250.23687438964845
2024-01-09,2881.0,1875.0,148.8204209407552,35.60811920166016,131.9787170410156,235.2095947265625
2024-01-10,1818.0,1157.0,140.69545406252533,31.361279296874997,116.29807739257812,225.40919494628906
2024-01-11,1811.0,1130.0,154.37277508760977,35.28143920898438,132.63207702636717,246.9700744628906
2024-01-12,2517.0,1498.0,117.83770406032913,13.720559692382812,60.43579864501953,201.23487548828126
2024-01-13,2879.0,2042.0,151.08805678887884,26.1343994140625,127.40519714355469,258.0771942138672
2024-01-14,2875.0,1897.0,133.6308877577955,26.1343994140625,105.19095764160157,216.26215515136718
2024-01-15,2878.0,1878.0,148.27653486517926,27.441119384765624,131.9787170410156,246.9700744628906
2024-01-16,2669.0,1729.0,144.6396923499827,27.441119384765624,124.13839721679688,245.6633544921875
2024-01-17,2881.0,1830.0,137.6950813718702,29.401199340820312,124.13839721679688,231.28943481445313
2024-01-18,2878.0,1865.0,145.86673307280756,31.361279296874997,125.44511718749999,236.51631469726564
2024-01-19,2517.0,1457.0,132.52804166837024,26.78775939941406,98.00399780273438,225.40919494628906
2024-01-20,2456.0,1469.0,129.14467359196175,24.827679443359376,81.01663818359376,218.22223510742185
2024-01-21,2876.0,1757.0,146.24182210541207,33.97471923828125,124.79175720214843,232.59615478515624
2024-01-22,2878.0,1863.0,148.59362990522155,28.74783935546875,130.01863708496094,246.31671447753905
2024-01-23,2878.0,1918.0,148.03543042450428,30.054559326171876,129.3652770996094,242.39655456542968
2024-01-24,6.0,0.0,,,,
2024-01-25,,,,,,
2024-01-26,,,,,,
2024-01-27,,,,,,
2024-01-28,,,,,,
2024-01-29,,,,,,
2024-01-30,,,,,,
2024-01-31,,,,,,
2024-02-01,1837.0,1144.0,135.70640989450308,23.520959472656248,82.65003814697266,241.08983459472657
2024-02-02,6.0,1.0,10.453759765625,10.453759765625,10.453759765625,10.453759765625
2024-02-03,1732.0,1157.0,139.1272771573211,33.97471923828125,124.13839721679688,240.436474609375
2024-02-04,2776.0,1834.0,135.67444031693555,28.74783935546875,102.57751770019532,231.9427947998047
2024-02-05,2879.0,1962.0,145.35161729165173,28.74783935546875,126.75183715820312,242.23321456909179
2024-02-06,2878.0,2026.0,131.06962434668884,26.78775939941406,95.39055786132812,215.44545516967773
2024-02-07,2879.0,1987.0,143.76846151750294,26.1343994140625,103.23087768554689,243.04991455078127
2024-02-08,2879.0,1955.0,134.571770814081,25.154359436035158,110.41783752441405,231.6161148071289
2024-02-09,2516.0,1713.0,130.76887590059815,24.827679443359376,91.47039794921875,213.64871520996093
2024-02-10,2878.0,1921.0,139.76427842814869,28.74783935546875,113.03127746582031,225.40919494628906
2024-02-11,306.0,213.0,138.3773505125807,30.707919311523437,113.03127746582031,240.436474609375
2024-02-12,,,,,,
2024-02-13,,,,,,
2024-02-14,,,,,,
2024-02-15,,,,,,
2024-02-16,1914.0,1182.0,134.6767289602212,27.441119384765624,95.06387786865234,228.67599487304688
2024-02-17,2878.0,1757.0,148.70651759938482,36.5881591796875,128.7119171142578,238.4763946533203
2024-02-18,1888.0,1209.0,151.52547524628113,33.32135925292969,137.85895690917968,246.31671447753905
2024-02-19,2350.0,1557.0,135.44148300063097,26.1343994140625,107.15103759765624,224.7558349609375
2024-02-20,2878.0,1727.0,127.65299725380673,20.90751953125,99.96407775878906,211.3619552612305
2024-02-21,2857.0,1969.0,144.60691458419714,29.401199340820312,133.28543701171876,233.9028747558594
2024-02-22,1450.0,957.0,142.74584382155845,32.667999267578125,143.0858367919922,233.2495147705078
2024-02-23,1914.0,1023.0,79.36886813256048,11.107119750976564,32.01463928222656,134.59215698242187
2024-02-24,1753.0,1150.0,134.38933131740404,25.48103942871094,94.73719787597656,226.06255493164062
2024-02-25,2819.0,1973.0,139.8339386388486,26.78775939941406,120.87159729003906,235.2095947265625
2024-02-26,2878.0,1967.0,139.7841599976889,26.1343994140625,116.29807739257812,228.02263488769532
2024-02-27,2878.0,1930.0,135.84809767965208,30.054559326171876,113.03127746582032,223.93913497924805
2024-02-28,2878.0,2036.0,145.30392334344108,35.11809921264649,135.57219696044922,232.75949478149414
2024-02-29,2878.0,1843.0,122.06239283577747,22.214239501953127,79.05655822753906,209.0751953125
2024-03-01,1435.0,622.0,21.826635266270284,5.880239868164062,12.413839721679688,29.237859344482423
2024-03-02,2396.0,1579.0,124.13260428469117,28.74783935546875,90.81703796386718,209.72855529785156
2024-03-03,2876.0,2043.0,135.16300748357338,29.401199340820312,114.991357421875,220.50899505615234
2024-03-04,1977.0,1388.0,134.26971347380095,33.32135925292969,109.11111755371093,218.22223510742185
2024-03-05,,,,,,
2024-03-06,1406.0,886.0,133.19989552379462,27.441119384765624,97.6773178100586,218.05889511108398
2024-03-07,2879.0,1738.0,141.08628456984894,33.97471923828125,163.33999633789062,224.7558349609375
2024-03-08,2516.0,1657.0,121.31834253047558,24.174319458007812,77.09647827148437,209.0751953125
2024-03-09,2879.0,1969.0,131.99265361764577,33.97471923828125,112.37791748046875,216.26215515136718
2024-03-10,1889.0,1223.0,111.70585953969011,19.600799560546875,55.53559875488281,188.49435577392578
2024-03-11,2879.0,1925.0,132.96299961635046,30.707919311523437,124.79175720214843,211.0352752685547
2024-03-12,2881.0,1929.0,125.94639908398538,29.401199340820312,105.19095764160157,206.46175537109377
2024-03-13,2878.0,1827.0,130.25323158435373,28.094479370117188,129.3652770996094,212.99535522460937
2024-03-14,2878.0,1932.0,131.35342583350265,29.401199340820312,124.79175720214843,213.64871520996093
2024-03-15,602.0,380.0,128.90964447824578,27.931139373779295,99.96407775878907,218.87559509277344
2024-03-16,,,,,,
2024-03-17,,,,,,
2024-03-18,,,,,,
2024-03-19,,,,,,
2024-03-20,,,,,,
2024-03-21,,,,,,
2024-03-22,,,,,,
2024-03-23,,,,,,
2024-03-24,,,,,,
2024-03-25,,,,,,
2024-03-26,,,,,,
2024-03-27,,,,,,
2024-03-28,,,,,,
2024-03-29,,,,,,
2024-03-30,2877.0,1911.0,127.27459352534207,30.054559326171876,120.87159729003906,204.50167541503905
2024-03-31,1802.0,1165.0,124.51975755159435,35.28143920898438,113.68463745117188,199.27479553222656
2024-04-01,,,,,,
2024-04-02,1044.0,746.0,124.90999258823753,33.32135925292969,124.79175720214843,199.11145553588867
2024-04-03,1813.0,1251.0,129.63267942774687,31.03459930419922,118.25815734863282,208.42183532714844
2024-04-04,748.0,490.0,127.84521509287309,40.99833908081055,121.19827728271486,204.50167541503905
2024-04-05,1913.0,1156.0,135.44785509472487,37.89487915039062,121.52495727539063,220.34565505981448
2024-04-06,2879.0,1759.0,139.28453713873017,32.667999267578125,128.7119171142578,220.50899505615234
2024-04-07,2875.0,1866.0,131.7154122666403,26.1343994140625,123.15835723876953,216.91551513671874
2024-04-08,2878.0,1966.0,136.18368341672942,28.094479370117188,122.83167724609375,214.95543518066407
2024-04-09,2661.0,1677.0,127.7094751093028,28.74783935546875,105.84431762695313,207.1151153564453
2024-04-10,2881.0,1825.0,133.94309306272743,27.441119384765624,118.25815734863282,209.0751953125
2024-04-11,2878.0,1934.0,134.65972264791841,28.74783935546875,122.83167724609375,216.91551513671874
2024-04-12,1310.0,840.0,127.91077332269577,23.520959472656248,105.19095764160157,214.95543518066407
2024-04-13,2328.0,1550.0,134.33081298828125,34.62807922363282,116.29807739257812,214.95543518066407
2024-04-14,2875.0,1966.0,128.0848111669748,31.361279296874997,115.97139739990234,208.9118553161621
2024-04-15,2279.0,1477.0,121.03526905346497,24.174319458007812,96.04391784667969,196.6613555908203
2024-04-16,2878.0,1995.0,134.79913618580142,34.30139923095703,115.64471740722657,215.93547515869142
2024-04-17,2851.0,1960.0,122.13764893512337,28.094479370117188,111.72455749511718,201.39821548461913
2024-04-18,1722.0,1100.0,123.29912661743165,24.174319458007812,98.33067779541015,196.00799560546875
2024-04-19,2511.0,1524.0,135.88858781949742,36.5881591796875,112.37791748046875,215.11877517700196
2024-04-20,2878.0,1853.0,112.95405898940801,20.25415954589844,62.722558593749994,195.3546356201172
2024-04-21,2876.0,2010.0,131.24571864948936,30.871259307861326,119.89155731201173,211.52529525756836
2024-04-22,2878.0,1826.0,133.14481791300946,30.054559326171876,117.93147735595704,214.95543518066407
2024-04-23,2879.0,1942.0,128.72032803065008,27.441119384765624,122.50499725341797,207.1151153564453
2024-04-24,2878.0,1964.0,134.37758611146884,27.27777938842773,117.27811737060547,217.24219512939453
2024-04-25,1104.0,759.0,136.7347301096156,32.667999267578125,116.29807739257812,221.81571502685546
2024-04-26,,,,,,
2024-04-27,1849.0,1230.0,144.07437576169892,35.28143920898438,126.09847717285156,227.36927490234376
2024-04-28,2590.0,1654.0,137.14239402318952,36.09813919067383,126.42515716552734,224.7558349609375
2024-04-29,,,,,,
2024-04-30,,,,,,
2024-05-01,2.0,0.0,,,,
2024-05-02,,,,,,
2024-05-03,2192.0,1255.0,114.05947345870425,17.64071960449219,77.09647827148437,202.54159545898438
2024-05-04,1638.0,1132.0,140.13590491466726,29.401199340820312,118.91151733398438,222.14239501953125
2024-05-05,2516.0,1692.0,123.73564635112213,24.174319458007812,91.79707794189453,206.46175537109377
2024-05-06,1801.0,1267.0,131.69818994391125,29.401199340820312,111.07119750976562,210.38191528320314
2024-05-07,1627.0,1138.0,117.53073458814035,25.48103942871094,75.78975830078124,197.80473556518552
2024-05-08,2878.0,1970.0,120.40927047806949,22.214239501953127,71.21623840332032,207.1151153564453
2024-05-09,2878.0,1944.0,133.14394289966472,33.32135925292969,131.9787170410156,218.22223510742185
2024-05-10,2874.0,1850.0,125.42887147975613,21.560879516601563,102.57751770019532,213.64871520996093
2024-05-11,2878.0,1837.0,135.54605544769834,28.74783935546875,128.7119171142578,225.40919494628906
2024-05-12,2474.0,1687.0,133.11231791660782,30.054559326171876,122.17831726074219,217.56887512207032
2024-05-13,2878.0,1954.0,129.96179409749433,24.827679443359376,108.45775756835937,214.95543518066407
2024-05-14,294.0,200.0,143.49418678283692,27.767799377441406,136.87891693115233,234.22955474853518
2024-05-15,1.0,0.0,,,,
2024-05-16,1.0,0.0,,,,
2024-05-17,,,,,,
2024-05-18,,,,,,
2024-05-19,2515.0,1672.0,141.25822635449862,28.094479370117188,124.13839721679688,235.86295471191406
2024-05-20,2878.0,1830.0,122.5988954371051,23.520959472656248,79.70991821289063,211.52529525756836
2024-05-21,1675.0,1219.0,136.16847504388122,31.361279296874997,128.05855712890624,227.69595489501955
2024-05-22,2137.0,1351.0,139.4650327873089,26.78775939941406,113.68463745117188,231.9427947998047
2024-05-23,2875.0,2053.0,127.31863410604099,29.401199340820312,99.3107177734375,216.26215515136718
2024-05-24,2098.0,1424.0,130.37238747028823,33.32135925292969,116.9514373779297,222.79575500488284
2024-05-25,2878.0,1967.0,133.82420157513525,28.094479370117188,114.991357421875,220.8356750488281
2024-05-26,2515.0,1578.0,133.47506874384234,30.054559326171876,106.49767761230468,220.8356750488281
2024-05-27,2879.0,1877.0,134.6986717163151,28.094479370117188,109.7644775390625,226.06255493164062
2024-05-28,2878.0,2094.0,134.85580988959575,30.707919311523437,120.87159729003906,225.40919494628906
2024-05-29,162.0,90.0,111.19460995144316,15.84397964477539,115.64471740722657,168.07685623168948
2024-05-30,2489.0,1588.0,109.98212705559334,18.29407958984375,60.76247863769532,195.3546356201172
2024-05-31,2877.0,1943.0,136.57846549167132,28.094479370117188,117.60479736328125,228.02263488769532
2024-06-01,2878.0,2045.0,135.5030270646895,37.89487915039062,118.91151733398438,222.14239501953125
2024-06-02,2517.0,1743.0,128.79363396842112,26.1343994140625,86.24351806640625,221.81571502685546
2024-06-03,2879.0,1967.0,126.9906606607287,22.867599487304688,85.5901580810547,224.10247497558595
2024-06-04,2878.0,1987.0,138.92136562214944,30.054559326171876,127.40519714355469,231.9427947998047
2024-06-05,1730.0,1167.0,135.51537087774727,25.48103942871094,111.07119750976562,235.5362747192383
2024-06-06,2462.0,1619.0,132.9391844685244,27.441119384765624,99.96407775878906,219.8556350708008
2024-06-07,2875.0,1890.0,130.47875461961857,23.520959472656248,93.75715789794921,223.44911499023436
2024-06-08,2472.0,1526.0,114.67709383783304,16.987359619140626,67.62275848388671,199.27479553222656
2024-06-09,2516.0,1720.0,139.27051836590434,29.401199340820312,132.95875701904296,226.7159149169922
2024-06-10,2878.0,1981.0,137.73296825980853,28.094479370117188,118.25815734863282,231.28943481445313
2024-06-11,1760.0,1275.0,123.59879873477712,25.154359436035158,83.630078125,216.91551513671874
2024-06-12,2056.0,1458.0,129.90526254703641,28.094479370117188,108.45775756835937,216.58883514404295
2024-06-13,2878.0,1900.0,129.98218647525184,21.560879516601563,91.79707794189453,228.67599487304688
2024-06-14,2875.0,1970.0,115.08919559227029,20.90751953125,72.52295837402345,196.6613555908203
2024-06-15,2878.0,2008.0,135.13846744826117,28.094479370117188,108.78443756103515,226.06255493164062
2024-06-16,2517.0,1742.0,149.2016163104437,32.01463928222656,148.31271667480468,245.00999450683594
2024-06-17,2878.0,1940.0,134.55511079768544,27.441119384765624,104.53759765625,231.9427947998047
2024-06-18,2878.0,1982.0,127.64353179007799,24.174319458007812,88.20359802246094,220.8356750488281
2024-06-19,2607.0,1714.0,129.9324881020616,24.174319458007812,100.29075775146484,226.5525749206543
2024-06-20,2878.0,1939.0,135.25124523995032,33.97471923828125,110.41783752441405,222.46907501220704
2024-06-21,524.0,335.0,131.43847609790404,22.214239501953127,105.19095764160157,217.8955551147461
2024-06-22,2878.0,1902.0,137.34746741486398,24.827679443359376,110.09115753173828,228.02263488769532
2024-06-23,2516.0,1877.0,147.73976487092153,34.62807922363282,145.69927673339845,236.51631469726564
2024-06-24,6.0,2.0,329.2934326171875,276.04459381103516,329.2934326171875,382.54227142333986
2024-06-25,2875.0,2012.0,134.5324063674593,26.1343994140625,113.68463745117188,228.67599487304688
2024-06-26,1809.0,1307.0,142.48196620109343,28.74783935546875,111.72455749511718,232.59615478515624
2024-06-27,2390.0,1469.0,128.95876176495224,24.827679443359376,94.73719787597656,222.79575500488284
2024-06-28,2876.0,1854.0,133.42040835712848,22.214239501953127,100.94411773681641,234.55623474121091
2024-06-29,2275.0,1571.0,131.78948801916016,30.707919311523437,105.19095764160157,226.7159149169922
2024-06-30,1683.0,1133.0,133.62739859275447,28.74783935546875,103.23087768554689,229.32935485839843
2024-07-01,1224.0,815.0,140.74656754382548,28.094479370117188,122.17831726074219,233.2495147705078
2024-07-02,1640.0,1026.0,158.15005103514673,39.20159912109375,138.18563690185547,254.64705429077148
2024-07-03,333.0,228.0,159.79523185596133,31.851299285888672,176.40719604492188,245.8266944885254
2024-07-04,,,,,,
2024-07-05,2747.0,1817.0,124.23512469949338,26.78775939941406,99.3107177734375,207.7684753417969
2024-07-06,2878.0,2043.0,136.7374035716232,29.401199340820312,117.60479736328125,229.6560348510742
2024-07-07,2517.0,1696.0,135.43697918046195,30.054559326171876,108.45775756835937,228.02263488769532
2024-07-08,2858.0,1918.0,136.24395185675436,26.1343994140625,113.03127746582031,229.32935485839843
2024-07-09,2878.0,1899.0,135.9862668616449,22.214239501953127,101.27079772949219,236.18963470458985
2024-07-10,2879.0,1949.0,124.80382542147765,22.867599487304688,88.85695800781251,212.99535522460937
2024-07-11,2037.0,1374.0,132.3315504537746,25.48103942871094,105.19095764160157,228.67599487304688
2024-07-12,2727.0,1846.0,118.72464080512975,20.90751953125,73.82967834472656,211.0352752685547
2024-07-13,6.0,5.0,208.29116333007815,200.58151550292968,212.3419952392578,212.99535522460937
2024-07-14,1665.0,1201.0,142.74582847322054,30.707919311523437,135.24551696777343,236.51631469726564
2024-07-15,1375.0,1064.0,131.00113330353471,26.1343994140625,109.43779754638672,216.42549514770508
2024-07-16,2879.0,1866.0,135.91288252623008,30.707919311523437,108.78443756103515,230.63607482910155
2024-07-17,1672.0,1145.0,133.66661122151336,28.094479370117188,104.53759765625,224.7558349609375
2024-07-18,2519.0,1710.0,138.99679669653463,35.93479919433594,121.52495727539063,231.9427947998047
2024-07-19,2842.0,1937.0,132.90057188870063,34.62807922363282,129.3652770996094,224.7558349609375
2024-07-20,1692.0,1058.0,122.72731256034288,25.64437942504883,96.04391784667969,214.1387351989746
2024-07-21,,,,,,
2024-07-22,,,,,,
2024-07-23,,,,,,
2024-07-24,2876.0,2029.0,141.33796197657165,32.01463928222656,132.63207702636717,229.32935485839843
2024-07-25,2878.0,2002.0,139.02926105876546,32.667999267578125,120.2182373046875,231.28943481445313
2024-07-26,6.0,5.0,280.4221057128906,256.7704742431641,265.26415405273434,298.5855133056641
2024-07-27,,,,,,
2024-07-28,834.0,563.0,143.93996281191892,32.34131927490235,129.3652770996094,227.36927490234376
2024-07-29,6.0,1.0,1.306719970703125,1.306719970703125,1.306719970703125,1.306719970703125
2024-07-30,1722.0,1080.0,127.31989736768934,17.4773796081543,90.81703796386718,207.2784553527832
2024-07-31,6.0,5.0,244.35663452148438,239.78311462402343,243.04991455078127,251.54359436035156
2024-08-01,,,,,,
2024-08-02,,,,,,
2024-08-03,,,,,,
2024-08-04,,,,,,
2024-08-05,,,,,,
2024-08-06,,,,,,
2024-08-07,,,,,,
2024-08-08,,,,,,
2024-08-09,,,,,,
2024-08-10,2466.0,1754.0,138.97309585797473,30.217899322509766,118.91151733398438,229.98271484375
2024-08-11,6.0,5.0,69.38683044433594,64.6826385498047,69.25615844726563,73.82967834472656
2024-08-12,,,,,,
2024-08-13,,,,,,
2024-08-14,,,,,,
2024-08-15,,,,,,
2024-08-16,,,,,,
2024-08-17,1.0,0.0,,,,
2024-08-18,,,,,,
2024-08-19,,,,,,
2024-08-20,,,,,,
2024-08-21,,,,,,
2024-08-22,,,,,,
2024-08-23,,,,,,
2024-08-24,,,,,,
2024-08-25,,,,,,
2024-08-26,2876.0,2015.0,130.96511738135857,25.154359436035158,103.23087768554689,216.91551513671874
2024-08-27,2879.0,1882.0,129.95927228289128,31.361279296874997,106.82435760498046,212.17865524291992
2024-08-28,1751.0,1239.0,123.10377874120384,24.174319458007812,99.96407775878906,204.50167541503905
2024-08-29,2443.0,1702.0,128.24051519768219,26.78775939941406,105.19095764160157,211.0352752685547
2024-08-30,2876.0,1971.0,127.57326082319611,25.48103942871094,94.73719787597656,215.60879516601562
2024-08-31,2467.0,1736.0,127.35815221373386,28.58449935913086,112.05123748779297,205.8083953857422
2024-09-01,2517.0,1589.0,146.28808195619482,38.548239135742186,133.28543701171876,226.06255493164062
2024-09-02,2871.0,1787.0,136.64839456362904,38.548239135742186,113.68463745117188,218.22223510742185
2024-09-03,1670.0,876.0,128.40612077408184,29.401199340820312,109.43779754638672,208.7485153198242
2024-09-04,2881.0,1929.0,122.02454565195545,27.441119384765624,94.73719787597656,203.84831542968752
2024-09-05,2876.0,1749.0,129.21958790905072,28.74783935546875,109.11111755371093,207.1151153564453
2024-09-06,2341.0,1643.0,135.4471320089014,28.74783935546875,123.4850372314453,224.7558349609375
2024-09-07,,,,,,
2024-09-08,,,,,,
2024-09-09,,,,,,
2024-09-10,1671.0,1162.0,108.60957099008478,20.90751953125,61.415838623046874,191.27113571166993
2024-09-11,2878.0,1979.0,132.4993581208031,26.78775939941406,108.45775756835937,217.56887512207032
2024-09-12,2878.0,1908.0,133.8644892838516,32.504659271240236,114.33799743652344,214.46541519165038
2024-09-13,2875.0,1899.0,125.76921676949114,30.707919311523437,99.96407775878906,215.28211517333983
2024-09-14,2878.0,1879.0,124.36267459335448,30.054559326171876,103.88423767089844,201.8882354736328
2024-09-15,6.0,1.0,3.2667999267578125,3.2667999267578125,3.2667999267578125,3.2667999267578125
2024-09-16,1287.0,861.0,131.0256158312577,24.827679443359376,116.29807739257812,213.64871520996093
2024-09-17,2879.0,1983.0,133.91803972068246,27.441119384765624,94.08383789062499,220.8356750488281
2024-09-18,2878.0,1920.0,134.38559994538625,33.97471923828125,122.83167724609375,216.42549514770508
2024-09-19,2879.0,2016.0,130.08799176594567,25.97105941772461,109.11111755371093,218.38557510375975
2024-09-20,2305.0,1571.0,136.88910618617533,29.401199340820312,143.0858367919922,219.528955078125
2024-09-21,2845.0,1864.0,118.4740745970108,24.827679443359376,77.74983825683593,202.0515754699707
2024-09-22,2516.0,1664.0,135.6314862379661,26.78775939941406,116.9514373779297,219.528955078125
2024-09-23,6.0,2.0,5.880239868164062,4.900199890136719,5.880239868164062,6.860279846191405
2024-09-24,2141.0,1493.0,132.74148090871003,27.441119384765624,107.80439758300781,213.64871520996093
2024-09-25,2061.0,1462.0,130.2371685711695,29.401199340820312,112.70459747314453,218.87559509277344
2024-09-26,2878.0,2020.0,137.15222841017317,28.74783935546875,125.44511718749999,222.79575500488284
2024-09-27,2835.0,1900.0,144.0063866239849,31.361279296874997,144.3925567626953,228.67599487304688
2024-09-28,2879.0,2011.0,127.1127933708961,24.827679443359376,97.35063781738282,214.95543518066407
2024-09-29,2516.0,1706.0,114.71637942100605,22.867599487304688,64.02927856445312,207.7684753417969
2024-09-30,1740.0,1090.0,117.61378855574021,20.90751953125,90.81703796386718,200.7448554992676
2024-10-01,1682.0,1099.0,126.34757438291736,26.1343994140625,103.23087768554689,212.6686752319336
2024-10-02,565.0,353.0,136.94832486160755,28.74783935546875,128.05855712890624,221.4890350341797
2024-10-03,1232.0,853.0,141.38771359442546,30.707919311523437,141.77911682128905,225.40919494628906
2024-10-04,2835.0,1987.0,139.4122898587523,37.89487915039062,115.64471740722657,219.528955078125
2024-10-05,2873.0,1713.0,136.92335151275972,31.361279296874997,106.49767761230468,228.02263488769532
2024-10-06,834.0,599.0,151.18575540838734,32.01463928222656,169.22023620605466,234.8829147338867
2024-10-07,2878.0,1907.0,135.97904802631444,27.441119384765624,111.72455749511718,226.3892349243164
2024-10-08,2879.0,2028.0,138.13892230724207,26.1343994140625,122.83167724609375,228.02263488769532
2024-10-09,1737.0,1194.0,135.60721793118833,32.667999267578125,98.98403778076172,221.3256950378418
2024-10-10,2463.0,1703.0,130.6627894134432,26.78775939941406,103.23087768554689,220.8356750488281
2024-10-11,2876.0,2077.0,141.43277626092697,32.667999267578125,128.05855712890624,230.63607482910155
2024-10-12,2879.0,2008.0,140.2107925536623,28.74783935546875,114.01131744384766,234.55623474121091
2024-10-13,552.0,373.0,138.25132322746052,30.054559326171876,152.8862365722656,231.9427947998047
2024-10-14,260.0,176.0,143.62782859802246,40.67165908813476,150.59947662353517,243.86661453247072
2024-10-15,944.0,621.0,141.20361293725153,43.77511901855469,132.63207702636717,227.36927490234376
2024-10-16,1.0,0.0,,,,
2024-10-17,1644.0,1112.0,143.032369383119,35.28143920898438,144.7192367553711,230.63607482910155
2024-10-18,2615.0,1750.0,133.7655632638114,27.441119384765624,95.06387786865234,228.02263488769532
2024-10-19,755.0,505.0,133.58300690603727,28.094479370117188,99.96407775878906,213.64871520996093
2024-10-20,655.0,459.0,137.94721032768032,29.401199340820312,137.20559692382812,238.8030746459961
2024-10-21,166.0,113.0,181.66876760837252,30.054559326171876,191.43447570800782,290.0918334960938
2024-10-22,1722.0,1160.0,153.19545608257425,35.77145919799805,147.98603668212888,245.6633544921875
2024-10-23,2879.0,1984.0,136.77221903031872,28.094479370117188,114.01131744384766,228.02263488769532
2024-10-24,1705.0,1208.0,123.45474902020385,23.520959472656248,73.176318359375,211.85197525024415
2024-10-25,2878.0,2031.0,147.92893604333034,29.401199340820312,142.43247680664064,242.72323455810547
2024-10-26,2878.0,2031.0,133.06539849375693,27.441119384765624,96.69727783203125,224.10247497558595
2024-10-27,2516.0,1717.0,134.28507398406504,22.214239501953127,95.39055786132812,228.02263488769532
2024-10-28,2879.0,1960.0,129.06593155530035,24.174319458007812,80.68995819091796,222.9590950012207
2024-10-29,2402.0,1557.0,134.58628219771094,20.90751953125,105.19095764160157,235.86295471191406
2024-10-30,821.0,615.0,151.47646632745014,33.648039245605474,159.41983642578126,251.87027435302736
2024-10-31,84.0,59.0,157.67016053280588,32.34131927490235,171.83367614746092,269.8376739501953
2024-11-01,446.0,340.0,160.5689813411937,49.49201889038086,142.43247680664064,270.1643539428711
2024-11-02,1228.0,799.0,134.0254755433122,26.1343994140625,103.23087768554689,220.50899505615234
2024-11-03,1647.0,1143.0,131.51341955363492,24.500999450683594,95.39055786132812,227.69595489501955
2024-11-04,2879.0,2064.0,134.43989624940147,26.78775939941406,98.00399780273438,226.06255493164062
2024-11-05,2878.0,1954.0,132.1609489714233,23.520959472656248,89.18363800048829,223.44911499023436
2024-11-06,2878.0,1960.0,144.05020946424833,28.094479370117188,116.29807739257812,243.04991455078127
2024-11-07,2875.0,1896.0,136.05946015627575,24.827679443359376,101.27079772949219,230.63607482910155
2024-11-08,2089.0,1375.0,140.39731984863283,25.154359436035158,102.57751770019532,235.86295471191406
2024-11-09,2879.0,1994.0,145.76513699270419,30.054559326171876,130.6719970703125,241.74319458007812
2024-11-10,2513.0,1557.0,139.75357497845542,27.441119384765624,117.60479736328125,228.02263488769532
2024-11-11,2878.0,1973.0,133.02780190345544,24.174319458007812,98.65735778808593,223.44911499023436
2024-11-12,2879.0,1958.0,133.2453945202774,26.951099395751953,96.04391784667968,223.44911499023436
2024-11-13,2878.0,1789.0,150.9440518869109,30.054559326171876,140.47239685058594,253.50367431640623
2024-11-14,1638.0,927.0,154.47910989146143,39.20159912109375,136.55223693847654,245.33667449951173
2024-11-15,2759.0,1693.0,114.16201860999047,16.987359619140626,57.4956787109375,207.7684753417969
2024-11-16,2878.0,1917.0,144.08581498553497,32.01463928222656,123.4850372314453,239.1297546386719
2024-11-17,2461.0,1452.0,157.58124902898615,37.24151916503906,146.35263671875,250.40021438598632
2024-11-18,2878.0,1808.0,144.43230764675982,30.054559326171876,119.89155731201173,241.74319458007812
2024-11-19,2879.0,1957.0,138.2692683154122,32.01463928222656,108.45775756835937,233.9028747558594
2024-11-20,6.0,5.0,220.96634704589843,216.26215515136718,217.56887512207032,226.7159149169922
2024-11-21,2210.0,1423.0,153.33481893747185,39.854959106445314,139.1656768798828,252.19695434570315
2024-11-22,2877.0,1831.0,136.19219312350128,28.74783935546875,108.45775756835937,234.55623474121091
2024-11-23,6.0,3.0,73.82967834472656,27.767799377441406,44.428479003906254,105.19095764160156
2024-11-24,,,,,,
2024-11-25,,,,,,
2024-11-26,,,,,,
2024-11-27,,,,,,
2024-11-28,2877.0,1824.0,145.41737195901703,31.361279296874997,122.83167724609375,239.29309463500977
2024-11-29,2086.0,1346.0,141.10148640557526,26.1343994140625,101.92415771484374,238.4763946533203
2024-11-30,6.0,1.0,2.61343994140625,2.61343994140625,2.61343994140625,2.61343994140625
2024-12-01,,,,,,
2024-12-02,,,,,,
2024-12-03,,,,,,
2024-12-04,,,,,,
2024-12-05,,,,,,
2024-12-06,,,,,,
2024-12-07,,,,,,
2024-12-08,,,,,,
2024-12-09,,,,,,
2024-12-10,,,,,,
2024-12-11,,,,,,
2024-12-12,,,,,,
2024-12-13,,,,,,
2024-12-14,,,,,,
2024-12-15,,,,,,
2024-12-16,,,,,,
2024-12-17,,,,,,
2024-12-18,,,,,,
2024-12-19,,,,,,
2024-12-20,,,,,,
2024-12-21,,,,,,
2024-12-22,,,,,,
2024-12-23,,,,,,
2024-12-24,,,,,,
2024-12-25,,,,,,
2024-12-26,,,,,,
2024-12-27,,,,,,
2024-12-28,,,,,,
2024-12-29,,,,,,
2024-12-30,2879.0,2009.0,154.1243358575983,36.5881591796875,148.96607666015623,245.6633544921875
2024-12-31,1220.0,841.0,151.84132672648934,38.548239135742186,138.51231689453127,239.78311462402343
2025-01-01,2.0,0.0,,,,
2025-01-02,,,,,,
2025-01-03,,,,,,
2025-01-04,,,,,,
2025-01-05,,,,,,
2025-01-06,1.0,0.0,,,,
2025-01-07,,,,,,
2025-01-08,,,,,,
2025-01-09,,,,,,
2025-01-10,,,,,,
2025-01-11,,,,,,
2025-01-12,,,,,,
2025-01-13,,,,,,
2025-01-14,,,,,,
2025-01-15,,,,,,
2025-01-16,,,,,,
2025-01-17,,,,,,
2025-01-18,,,,,,
2025-01-19,2879.0,1940.0,139.92815471845805,32.667999267578125,117.60479736328125,233.9028747558594
2025-01-20,981.0,762.0,159.0519998985951,60.925818634033206,146.67931671142577,242.88657455444337
2025-01-21,,,,,,
2025-01-22,1.0,0.0,,,,
2025-01-23,2.0,0.0,,,,
2025-01-24,,,,,,
2025-01-25,,,,,,
2025-01-26,834.0,617.0,156.96417709672082,36.5881591796875,175.10047607421876,237.82303466796876
2025-01-27,1604.0,1083.0,144.72557127046454,35.93479919433594,128.7119171142578,238.8030746459961
2025-01-28,1102.0,672.0,134.7379962648664,28.74783935546875,121.19827728271486,220.999015045166
2025-01-29,821.0,521.0,140.84861181336035,32.01463928222656,132.63207702636717,230.63607482910155
2025-01-30,,,,,,
2025-01-31,1.0,0.0,,,,
2025-02-01,,,,,,
2025-02-02,832.0,743.0,189.71358002653676,124.13839721679688,222.79575500488284,251.87027435302736
2025-02-03,2877.0,1994.0,165.23421603463956,58.802398681640625,163.33999633789062,247.4600944519043
2025-02-04,2881.0,1804.0,141.42273864746093,23.35761947631836,120.54491729736328,248.9301544189453
2025-02-05,768.0,526.0,148.62821750423302,26.1343994140625,131.32535705566406,258.403874206543
2025-02-06,,,,,,
2025-02-07,1.0,0.0,,,,
2025-02-08,,,,,,
2025-02-09,834.0,599.0,156.05159663485367,37.568199157714844,140.47239685058594,254.15703430175782
2025-02-10,1492.0,992.0,143.87619161298196,32.34131927490235,131.9787170410156,231.28943481445313
2025-02-11,,,,,,
2025-02-12,,,,,,
2025-02-13,,,,,,
2025-02-14,1.0,0.0,,,,
2025-02-15,,,,,,
2025-02-16,1.0,0.0,,,,
2025-02-17,1602.0,1108.0,145.84846452788756,30.707919311523437,131.9787170410156,241.74319458007812
2025-02-18,,,,,,
2025-02-19,,,,,,
2025-02-20,,,,,,
2025-02-21,,,,,,
2025-02-22,,,,,,
2025-02-23,,,,,,
2025-02-24,,,,,,
2025-02-25,,,,,,
2025-02-26,2096.0,1441.0,137.2332547719242,32.667999267578125,116.9514373779297,214.95543518066407
2025-02-27,389.0,254.0,142.21126043364757,33.97471923828125,126.42515716552734,232.43281478881835
2025-02-28,,,,,,
2025-03-01,,,,,,
2025-03-02,833.0,553.0,145.09081309423738,31.361279296874997,130.6719970703125,243.70327453613282
2025-03-03,1501.0,957.0,136.56520855783046,28.74783935546875,112.37791748046875,224.7558349609375
2025-03-04,702.0,460.0,137.16156614220662,26.62441940307617,106.1709976196289,223.2857749938965
2025-03-05,2.0,0.0,,,,
2025-03-06,,,,,,
2025-03-07,,,,,,
2025-03-08,,,,,,
2025-03-09,,,,,,
2025-03-10,537.0,407.0,136.01445906355576,35.93479919433594,95.39055786132812,239.78311462402345
2025-03-11,,,,,,
2025-03-12,,,,,,
2025-03-13,,,,,,
2025-03-14,,,,,,
2025-03-15,,,,,,
2025-03-16,,,,,,
2025-03-17,,,,,,
2025-03-18,,,,,,
2025-03-19,,,,,,
2025-03-20,,,,,,
2025-03-21,405.0,287.0,136.51808920405054,36.261479187011716,138.51231689453127,226.06255493164062
2025-03-22,130.0,82.0,154.2487311758646,43.44843902587891,166.93347625732423,238.31305465698242
2025-03-23,1.0,0.0,,,,
2025-03-24,,,,,,
2025-03-25,2876.0,1938.0,139.18624187426178,29.401199340820312,135.24551696777343,224.10247497558595
2025-03-26,2879.0,2078.0,133.4391872681369,31.361279296874997,111.72455749511718,214.1387351989746
2025-03-27,2878.0,2007.0,131.95755690197834,30.707919311523437,107.80439758300781,214.95543518066407
2025-03-28,6.0,3.0,66.42493184407552,36.91483917236328,37.89487915039062,81.66999816894531
2025-03-29,,,,,,
2025-03-30,,,,,,
2025-03-31,1124.0,745.0,130.9324640711842,19.600799560546875,131.32535705566406,217.56887512207032
2025-04-01,,,,,,
2025-04-02,,,,,,
2025-04-03,,,,,,
2025-04-04,,,,,,
2025-04-05,,,,,,
2025-04-06,,,,,,
2025-04-07,,,,,,
2025-04-08,,,,,,
2025-04-09,,,,,,
2025-04-10,,,,,,
2025-04-11,,,,,,
2025-04-12,,,,,,
2025-04-13,832.0,528.0,132.88822383880617,28.094479370117188,122.17831726074219,222.9590950012207
2025-04-14,2878.0,2015.0,130.11461453194062,32.9946792602539,104.53759765625,218.87559509277344
2025-04-15,2878.0,1999.0,130.93935498327775,25.48103942871094,110.41783752441405,214.62875518798828
2025-04-16,1581.0,1090.0,109.22560540435512,19.600799560546875,62.395878601074216,195.3546356201172
2025-04-17,,,,,,
2025-04-18,,,,,,
2025-04-19,,,,,,
2025-04-20,833.0,612.0,147.4533134260988,30.054559326171876,155.1729965209961,238.4763946533203
2025-04-21,2878.0,2051.0,129.89057725360485,27.441119384765624,114.991357421875,211.68863525390626
2025-04-22,2878.0,2033.0,130.73145186484768,26.1343994140625,115.64471740722657,214.95543518066407
2025-04-23,2878.0,1977.0,142.6552206762041,35.93479919433594,149.61943664550782,223.44911499023436
2025-04-24,2875.0,1998.0,124.34408461959273,24.174319458007812,82.65003814697266,212.99535522460937
2025-04-25,2878.0,1948.0,127.61549319633468,26.1343994140625,98.33067779541015,211.0352752685547
2025-04-26,2878.0,1998.0,117.991973650897,22.867599487304688,73.82967834472656,199.27479553222656
2025-04-27,2514.0,1676.0,128.67683215084395,26.1343994140625,91.79707794189453,222.79575500488284
2025-04-28,2879.0,2045.0,135.00238398544946,29.401199340820312,129.3652770996094,213.64871520996093
2025-04-29,2879.0,1971.0,130.66039504114593,29.401199340820312,96.69727783203125,214.62875518798828
2025-04-30,2878.0,2036.0,129.9002236102091,28.74783935546875,97.6773178100586,220.18231506347658
2025-05-01,2172.0,1497.0,126.38740456784336,26.78775939941406,83.630078125,217.56887512207032
2025-05-02,,,,,,
2025-05-03,2.0,0.0,,,,
2025-05-04,,,,,,
2025-05-05,,,,,,
2025-05-06,,,,,,
2025-05-07,,,,,,
2025-05-08,,,,,,
2025-05-09,,,,,,
2025-05-10,,,,,,
2025-05-11,,,,,,
2025-05-12,,,,,,
2025-05-13,,,,,,
2025-05-14,,,,,,
2025-05-15,2385.0,1588.0,144.63571529628646,33.1580192565918,119.23819732666016,235.86295471191406
2025-05-16,2875.0,2038.0,129.0302617979939,25.48103942871094,103.88423767089844,214.95543518066407
2025-05-17,2877.0,1829.0,129.82859470540544,27.441119384765624,92.1237579345703,218.22223510742185
2025-05-18,2517.0,1761.0,136.5778370741888,26.78775939941406,108.45775756835937,227.36927490234376
2025-05-19,2878.0,2026.0,131.30600779647298,30.707919311523437,107.80439758300781,214.30207519531248
2025-05-20,2878.0,1962.0,136.39239351698382,29.401199340820312,114.33799743652344,231.9427947998047
2025-05-21,2879.0,1968.0,126.91384918709112,25.48103942871094,88.20359802246094,218.38557510375975
2025-05-22,2878.0,1888.0,136.36121219699666,25.48103942871094,132.95875701904296,228.18597488403321
2025-05-23,2073.0,1361.0,134.10009674363764,28.74783935546875,110.41783752441405,231.28943481445313
2025-05-24,,,,,,
2025-05-25,,,,,,
2025-05-26,,,,,,
2025-05-27,,,,,,
2025-05-28,,,,,,
2025-05-29,,,,,,
2025-05-30,,,,,,
2025-05-31,,,,,,
2025-06-01,834.0,579.0,129.04028974938268,28.094479370117188,105.84431762695313,216.58883514404297
2025-06-02,1597.0,1058.0,109.40939059050186,18.45741958618164,58.802398681640625,198.621435546875
2025-06-03,,,,,,
2025-06-04,,,,,,
2025-06-05,,,,,,
2025-06-06,,,,,,
2025-06-07,,,,,,
2025-06-08,834.0,537.0,131.94464985369748,24.174319458007812,83.630078125,233.2495147705078
2025-06-09,1505.0,875.0,125.45258415876116,16.00731964111328,69.90951843261719,228.02263488769532
2025-06-10,,,,,,
2025-06-11,,,,,,
2025-06-12,,,,,,
2025-06-13,1.0,0.0,,,,
2025-06-14,,,,,,
2025-06-15,834.0,607.0,140.27434374135254,26.78775939941406,81.01663818359376,225.08251495361327
2025-06-16,1603.0,1064.0,106.4989057325779,11.107119750976564,44.75515899658203,197.47805557250976
2025-06-17,,,,,,
2025-06-18,,,,,,
2025-06-19,2462.0,1457.0,117.22228805133555,15.680639648437499,69.90951843261719,214.30207519531248
2025-06-20,2876.0,1993.0,139.34794890790863,30.054559326171876,122.83167724609375,233.2495147705078
2025-06-21,2877.0,2078.0,134.45884387665237,27.441119384765624,99.3107177734375,233.7395347595215
2025-06-22,2517.0,1718.0,142.62376904915044,25.48103942871094,128.05855712890624,243.04991455078127
2025-06-23,2878.0,2005.0,142.94082672043038,30.707919311523437,116.29807739257812,239.1297546386719
2025-06-24,2878.0,1913.0,139.49150303044496,26.78775939941406,120.87159729003906,236.51631469726564
2025-06-25,2877.0,2024.0,144.5268441905146,30.054559326171876,124.13839721679688,243.70327453613282
2025-06-26,2874.0,1918.0,124.67866256443378,23.520959472656248,91.79707794189453,211.68863525390626
2025-06-27,2007.0,1347.0,142.14969368009275,29.727879333496094,126.75183715820312,241.41651458740233
2025-06-28,866.0,599.0,134.1602194962796,29.727879333496094,114.33799743652344,226.3892349243164
2025-06-29,2881.0,1982.0,136.78298970827782,27.441119384765624,113.35795745849609,233.0861747741699
2025-06-30,2881.0,1949.0,123.72036750836516,22.867599487304688,78.4031982421875,220.18231506347658
2025-07-01,,,,,,
2025-07-02,,,,,,
2025-07-03,,,,,,
2025-07-04,,,,,,
2025-07-05,,,,,,
2025-07-06,763.0,456.0,81.25448414317349,14.863939666748047,34.30139923095703,129.69195709228518
2025-07-07,2759.0,1883.0,123.73486154873322,24.174319458007812,73.176318359375,221.1623550415039
2025-07-08,2878.0,2065.0,126.53225757959103,25.48103942871094,88.20359802246094,214.95543518066407
2025-07-09,2878.0,1885.0,109.64697672472076,20.25415954589844,61.415838623046874,192.74119567871094
2025-07-10,2875.0,1875.0,125.79043971842448,21.560879516601563,82.32335815429687,214.95543518066407
2025-07-11,2878.0,1848.0,120.66264937264579,18.94743957519531,71.54291839599611,215.60879516601562
2025-07-12,2878.0,1914.0,144.74313184365457,27.441119384765624,114.01131744384766,251.54359436035156
2025-07-13,2514.0,1666.0,121.53593811548056,23.520959472656248,77.09647827148437,203.03161544799804
2025-07-14,2878.0,2003.0,137.94931173491227,28.74783935546875,109.11111755371093,233.5761947631836
2025-07-15,2878.0,2079.0,140.61507382670408,29.401199340820312,113.03127746582031,239.78311462402343
2025-07-16,2878.0,1881.0,140.45989235325865,26.1343994140625,114.991357421875,235.86295471191406
2025-07-17,2689.0,1822.0,136.26464379454026,23.520959472656248,95.06387786865234,231.28943481445313
2025-07-18,2875.0,1816.0,124.9435842472026,20.74417953491211,87.87691802978516,219.6922950744629
2025-07-19,2879.0,1901.0,126.78895597904372,26.78775939941406,100.61743774414063,207.7684753417969
2025-07-20,2516.0,1760.0,144.69733434677124,30.707919311523437,126.09847717285156,238.8030746459961
2025-07-21,2879.0,1959.0,130.74970655300106,27.441119384765624,98.65735778808593,229.32935485839843
2025-07-22,2878.0,1905.0,132.06686061909193,23.520959472656248,116.9514373779297,231.9427947998047
2025-07-23,2878.0,1942.0,124.71807757455214,20.25415954589844,84.93679809570312,214.95543518066407
2025-07-24,2876.0,1934.0,132.92429852963974,24.99101943969727,92.77711791992186,231.28943481445313
2025-07-25,2878.0,1985.0,140.14818547246438,24.827679443359376,123.4850372314453,239.78311462402343
2025-07-26,2878.0,2144.0,121.51642458901476,22.867599487304688,67.9494384765625,218.22223510742185
2025-07-27,1787.0,1250.0,111.58970399414063,20.417499542236328,65.33599853515625,185.55423583984373
2025-07-28,1283.0,791.0,111.34460099289,14.373919677734374,53.57551879882812,204.17499542236328
2025-07-29,1198.0,802.0,139.49805951582226,33.32135925292969,112.70459747314453,228.67599487304688
2025-07-30,,,,,,
2025-07-31,,,,,,
2025-08-01,,,,,,
2025-08-02,,,,,,
2025-08-03,834.0,564.0,134.65355428600986,29.401199340820312,104.53759765625,224.42915496826174
2025-08-04,2877.0,2113.0,140.34902220119866,26.1343994140625,104.53759765625,237.82303466796876
2025-08-05,2410.0,1555.0,120.49890898971312,20.580839538574217,72.52295837402345,212.01531524658202
2025-08-06,,,,,,
2025-08-07,3.0,0.0,,,,
2025-08-08,1.0,0.0,,,,
2025-08-09,,,,,,
2025-08-10,833.0,520.0,137.87780383183406,26.1343994140625,115.64471740722655,242.39655456542968
2025-08-11,2879.0,1812.0,122.56016506675063,20.25415954589844,85.26347808837892,216.91551513671874
2025-08-12,2878.0,1978.0,135.76840314411902,26.78775939941406,120.2182373046875,229.98271484375
2025-08-13,2879.0,1874.0,127.77720093457397,20.25415954589844,100.61743774414063,217.56887512207032
2025-08-14,2878.0,1868.0,145.6866852133381,30.054559326171876,121.52495727539063,238.4763946533203
2025-08-15,2878.0,1998.0,144.26960213081733,29.5645393371582,120.2182373046875,239.78311462402343
2025-08-16,2878.0,1955.0,134.3415073716732,26.1343994140625,102.57751770019532,226.7159149169922
2025-08-17,2517.0,1769.0,135.66545495722778,28.094479370117188,111.07119750976562,226.06255493164062
2025-08-18,115.0,88.0,70.68167114257812,13.720559692382812,38.87491912841797,85.75349807739258
2025-08-19,2.0,0.0,,,,
2025-08-20,,,,,,
2025-08-21,,,,,,
2025-08-22,303.0,232.0,146.81167843259612,26.62441940307617,166.93347625732423,246.9700744628906
2025-08-23,2878.0,1962.0,118.27647274067886,20.90751953125,76.4431182861328,207.1151153564453
2025-08-24,2516.0,1716.0,116.40240177252355,19.437459564208986,62.722558593749994,202.0515754699707
2025-08-25,2878.0,2070.0,147.32289207863923,33.97471923828125,134.59215698242187,236.51631469726564
2025-08-26,2877.0,1770.0,146.85502256059377,32.01463928222656,129.3652770996094,242.23321456909179
2025-08-27,2878.0,1850.0,150.44267022705077,38.548239135742186,134.2654769897461,237.16967468261717
2025-08-28,2879.0,1968.0,126.76544882456461,27.441119384765624,91.79707794189453,208.42183532714844
2025-08-29,2878.0,1867.0,122.35189334683452,17.64071960449219,92.77711791992186,217.56887512207032
2025-08-30,2878.0,1913.0,128.13335369806046,27.441119384765624,96.04391784667969,218.22223510742185
2025-08-31,2514.0,1818.0,131.23946429631366,28.094479370117188,112.37791748046875,223.2857749938965
2025-09-01,2878.0,1943.0,122.02935252913603,22.867599487304688,86.24351806640625,211.0352752685547
2025-09-02,2878.0,1897.0,136.48507552722535,30.707919311523437,123.4850372314453,219.528955078125
2025-09-03,2878.0,1992.0,127.28712003776826,24.827679443359376,84.93679809570312,216.91551513671874
2025-09-04,464.0,317.0,125.99542354740178,25.48103942871094,89.51031799316407,220.8356750488281
2025-09-05,,,,,,
2025-09-06,,,,,,
2025-09-07,,,,,,
2025-09-08,2503.0,1713.0,137.8845115612629,24.174319458007812,109.7644775390625,226.7159149169922
2025-09-09,,,,,,
2025-09-10,,,,,,
2025-09-11,,,,,,
2025-09-12,,,,,,
2025-09-13,,,,,,
2025-09-14,834.0,540.0,137.39192551224318,30.054559326171876,107.80439758300781,227.53261489868166
2025-09-15,1631.0,1031.0,122.75689889665487,22.867599487304688,85.5901580810547,209.72855529785156
2025-09-16,,,,,,
2025-09-17,,,,,,
2025-09-18,,,,,,
2025-09-19,775.0,441.0,121.71163155691964,13.06719970703125,97.35063781738282,199.92815551757812
2025-09-20,,,,,,
2025-09-21,,,,,,
2025-09-22,,,,,,
2025-09-23,2.0,0.0,,,,
2025-09-24,2143.0,1492.0,126.86437972940644,26.1343994140625,106.49767761230468,211.68863525390626
2025-09-25,2877.0,1918.0,124.70250781937362,26.78775939941406,89.51031799316407,207.605135345459
2025-09-26,1129.0,593.0,94.55650472657074,10.453759765625,38.548239135742186,198.621435546875
2025-09-27,2878.0,1831.0,121.55671535223185,23.520959472656248,80.36327819824218,204.82835540771484
2025-09-28,,,,,,
2025-09-29,2876.0,1927.0,122.88016218532844,24.174319458007812,82.97671813964844,206.13507537841798
2025-09-30,2878.0,1817.0,125.55299170351842,25.48103942871094,89.51031799316407,211.68863525390626
2025-10-01,,,,,,
2025-10-02,2876.0,1906.0,136.13300332772894,29.401199340820312,119.56487731933595,222.79575500488284
2025-10-03,2875.0,1975.0,128.82240938519828,26.1343994140625,97.35063781738282,219.8556350708008
2025-10-04,2878.0,1851.0,130.25901425947438,24.174319458007812,100.61743774414063,209.72855529785156
2025-10-05,,,,,,
2025-10-06,2876.0,1822.0,126.53883176232011,21.724219512939456,116.9514373779297,218.22223510742185
2025-10-07,1594.0,1163.0,146.33072696859634,34.30139923095703,150.27279663085938,234.55623474121091
2025-10-08,2179.0,1570.0,136.97213517110058,33.32135925292969,120.2182373046875,222.14239501953125
2025-10-09,2876.0,1913.0,143.67772014516223,28.094479370117188,149.61943664550782,241.08983459472657
2025-10-10,2879.0,1990.0,133.91811273622753,21.560879516601563,110.09115753173828,225.24585494995117
2025-10-11,2878.0,2045.0,133.6253758989628,26.1343994140625,113.68463745117188,224.7558349609375
2025-10-12,2515.0,1781.0,138.8868708221247,28.094479370117188,116.29807739257812,233.9028747558594
2025-10-13,2878.0,1907.0,127.65667392868738,24.827679443359376,80.36327819824218,222.14239501953125
2025-10-14,2086.0,1433.0,145.5506407562703,30.054559326171876,126.09847717285156,243.04991455078127
2025-10-15,2878.0,2118.0,116.8900499194382,21.724219512939456,63.37591857910156,202.54159545898438
2025-10-16,2876.0,1971.0,120.09525579552188,20.25415954589844,62.722558593749994,210.05523529052735
2025-10-17,2878.0,1978.0,118.43091127802558,20.90751953125,62.722558593749994,209.0751953125
2025-10-18,2508.0,1653.0,122.38226992404613,19.600799560546875,81.66999816894531,211.0352752685547
2025-10-19,663.0,458.0,130.18126380620564,27.441119384765624,94.08383789062499,216.75217514038084
2025-10-20,1235.0,869.0,146.8932188009914,29.401199340820312,128.05855712890624,243.70327453613282
2025-10-21,47.0,38.0,175.56470553749486,122.34165725708007,188.82103576660157,239.61977462768556
2025-10-22,2.0,0.0,,,,
2025-10-23,,,,,,
2025-10-24,349.0,285.0,189.89850661963746,59.45575866699219,206.46175537109377,282.9048736572266
2025-10-25,2878.0,2098.0,139.34692354884115,24.174319458007812,109.11111755371093,242.39655456542968
2025-10-26,2517.0,1738.0,134.02150079268444,26.1343994140625,116.29807739257812,218.87559509277344
2025-10-27,2877.0,1922.0,138.42121362914403,23.520959472656248,110.74451751708983,235.2095947265625
2025-10-28,2879.0,1868.0,124.4178590092465,24.174319458007812,75.13639831542969,213.15869522094727
2025-10-29,2878.0,1997.0,134.40501531410885,22.867599487304688,91.47039794921875,231.9427947998047
2025-10-30,2874.0,1856.0,126.29913190973215,19.600799560546875,72.19627838134767,222.14239501953125
2025-10-31,2878.0,2030.0,146.87950878575518,26.78775939941406,123.81171722412108,246.9700744628906
2025-11-01,6.0,2.0,4.246839904785157,4.083499908447266,4.246839904785157,4.410179901123047
