period_start,n_observations,mean_radiance,mean_residual,median_residual,std_residual
2020-01-01,950,153.7067191643966,7.328861543055021,7.159587146018254,68.99052590731101
2020-01-02,5,189.99708374023436,43.622933236024494,18.92592840607813,39.01439642423604
2020-01-03,0,,,,
2020-01-04,0,,,,
2020-01-05,0,,,,
2020-01-06,0,,,,
2020-01-07,0,,,,
2020-01-08,0,,,,
2020-01-09,0,,,,
2020-01-10,0,,,,
2020-01-11,0,,,,
2020-01-12,0,,,,
2020-01-13,0,,,,
2020-01-14,0,,,,
2020-01-15,0,,,,
2020-01-16,0,,,,
2020-01-17,0,,,,
2020-01-18,0,,,,
2020-01-19,0,,,,
2020-01-20,0,,,,
2020-01-21,0,,,,
2020-01-22,0,,,,
2020-01-23,0,,,,
2020-01-24,0,,,,
2020-01-25,0,,,,
2020-01-26,0,,,,
2020-01-27,0,,,,
2020-01-28,0,,,,
2020-01-29,0,,,,
2020-01-30,0,,,,
2020-01-31,0,,,,
2020-02-01,0,,,,
2020-02-02,0,,,,
2020-02-03,0,,,,
2020-02-04,0,,,,
2020-02-05,0,,,,
2020-02-06,0,,,,
2020-02-07,0,,,,
2020-02-08,0,,,,
2020-02-09,0,,,,
2020-02-10,0,,,,
2020-02-11,0,,,,
2020-02-12,0,,,,
2020-02-13,0,,,,
2020-02-14,0,,,,
2020-02-15,0,,,,
2020-02-16,0,,,,
2020-02-17,0,,,,
2020-02-18,0,,,,
2020-02-19,0,,,,
2020-02-20,0,,,,
2020-02-21,0,,,,
2020-02-22,0,,,,
2020-02-23,0,,,,
2020-02-24,0,,,,
2020-02-25,0,,,,
2020-02-26,0,,,,
2020-02-27,0,,,,
2020-02-28,0,,,,
2020-02-29,0,,,,
2020-03-01,882,149.2475696243667,3.321979611181089,9.573260109410768,72.52020591702923
2020-03-02,940,168.5842528160582,22.6659880453934,24.93534747787963,63.86773522223367
2020-03-03,855,124.18042622170253,-21.73041486537234,-18.502105437107986,88.75109576656811
2020-03-04,755,157.1767780389849,11.274225985786332,18.742829712381592,73.89267222683054
2020-03-05,921,132.00993076452863,-13.885832227049397,-12.612931194126503,80.71814294849025
2020-03-06,829,164.68533469132262,18.797356692562733,19.413847395711315,80.85927147920019
2020-03-07,734,145.1536232306457,-0.7276621858911047,-0.18365190994778402,82.72126110384771
2020-03-08,750,131.76615725911458,-14.106250401775057,-3.767210395612878,73.96832262875846
2020-03-09,947,154.63450922578292,8.769077808807323,8.329565788791314,77.94366025833045
2020-03-10,912,150.42825618877748,4.570192866172284,12.582709902522922,70.36693722267394
2020-03-11,883,143.47134138131062,-2.3789951616602414,6.383165904663855,82.77603623411828
2020-03-12,911,147.02105769168926,1.1782083480120278,7.044011857424209,80.48056526340714
2020-03-13,379,167.58769819516306,21.750887602864957,14.23500941101716,110.14368048830927
2020-03-14,890,152.33344997791764,6.505491069492932,12.286326375288667,76.92487911384256
2020-03-15,934,156.62941567463847,10.80904202902893,18.1731288162555,81.0826393136956
2020-03-16,918,133.30394176075922,-12.508931229907164,-6.6466548531913645,82.68685768780902
2020-03-17,916,140.60577929301033,-5.199465484363854,4.794739654128293,67.80138835112739
2020-03-18,434,162.94105533301007,17.14215154723682,16.560269673476412,78.67016143901203
2020-03-19,934,145.05920779699943,-0.7308652456662934,9.711618599194864,81.37367336167001
2020-03-20,848,165.00960847026897,19.227315334795218,26.05316311171441,72.82430413870266
2020-03-21,906,153.15666702977867,7.381640387042515,14.951949362297384,69.48486751320843
2020-03-22,766,158.0372038719237,12.269553917469755,21.491317772160713,78.81164154524488
2020-03-23,875,135.76073798479354,-9.999305300093143,1.248790486629673,73.56757489211812
2020-03-24,902,144.8981501881669,-0.8544697243317135,10.403369011874574,73.27466015598893
2020-03-25,920,153.65535490284793,7.910323216735683,17.92113943831636,78.3214886467717
2020-03-26,597,140.8827988514349,-4.8540324336996665,3.231624340501554,76.6686355259669
2020-03-27,845,177.9420121051856,32.21242767420736,33.291804181620336,75.503541326017
2020-03-28,922,159.5523508696649,13.830009779041015,21.211402073777762,68.09166875808576
2020-03-29,942,151.6135024182103,5.898749335996106,13.049435751704777,76.40861032359783
2020-03-30,242,148.63399699818007,2.9239996111127198,5.216551094239463,94.35836419803223
2020-03-31,854,141.5457739693778,-4.153868880688034,4.571735299771916,79.44215591381966
2020-04-01,938,157.1316833853976,11.439450997298138,21.568967906732013,61.85470641989715
2020-04-02,926,152.44595943310864,6.7611528001725185,15.693823017446633,70.10665027320039
2020-04-03,5,142.3018048095703,-3.3791185305042064,-1.9417213300453398,10.818981470673423
2020-04-04,0,,,,
2020-04-05,0,,,,
2020-04-06,0,,,,
2020-04-07,483,151.90416752596082,6.255347908487557,10.503581309934845,66.74590719414789
2020-04-08,0,,,,
2020-04-09,558,153.55013462189703,7.919521271000169,14.440908791793362,69.25176919140817
2020-04-10,820,158.08443235816026,12.460372814334843,19.67478512426588,78.92432189038725
2020-04-11,861,141.92026079025004,-3.696487759767357,4.657189243806471,78.93775295365415
2020-04-12,927,155.67728893687422,10.067960311137044,15.771847289049504,75.95556707417269
2020-04-13,843,138.0279159563999,-7.573836314840218,-1.8608147643318773,79.15751852684285
2020-04-14,913,142.8045985945736,-2.7897741273048533,6.64096140543856,72.67348025988976
2020-04-15,981,153.61485616857001,8.028137749355874,17.096353158530405,69.09348317550749
2020-04-16,846,141.6748572491585,-3.904280112929546,7.304957871063451,74.03016973434117
2020-04-17,792,147.97778718736436,2.40596411289736,8.948262392798,82.8931029161389
2020-04-18,991,159.56422173031402,14.000216070038041,15.166138232978994,69.3361956200441
2020-04-19,531,129.2422337878671,-16.31505549153671,-5.087520806528829,81.4789962266826
2020-04-20,951,149.01004620701482,3.4611267627287816,10.606169770587371,66.32106339616453
2020-04-21,975,166.62354908478565,21.081979561982365,24.330798573811904,65.38574234478192
2020-04-22,944,159.78735141754152,14.253267245396097,20.094308703361662,70.04416302837055
2020-04-23,831,139.17904284829555,-6.347544915056767,4.0949228167391425,66.9663459883153
2020-04-24,607,128.3685532998803,-17.149217511044508,-5.697040042706504,75.11735029217171
2020-04-25,919,160.88936318282333,15.377738374191214,22.401615708310374,59.78152007688328
2020-04-26,929,143.96354751504788,-1.5403923042442131,1.5042019757892717,79.50266652489928
2020-04-27,941,145.38752473188637,-0.10869818753252929,9.353556380757425,69.44372263735913
2020-04-28,952,153.0454587535698,7.5568303374021575,11.968798982393665,66.73439422922645
2020-04-29,809,144.65099334528182,-0.8298569013682943,10.017614592070515,72.57032745755704
2020-04-30,949,152.1805527103211,6.706980211380847,11.987695431506012,70.8093296899238
2020-05-01,825,163.53085664876303,18.064905175787583,20.488952867697833,69.49025547810692
2020-05-02,926,158.30291541410574,12.844150008153736,19.843222748612703,75.18516267439776
2020-05-03,920,159.67833972433337,14.22741072038367,21.808402480174934,66.20615191465811
2020-05-04,935,157.96916762408088,12.52549668698249,22.4673501889786,77.14329580014713
2020-05-05,890,163.21372901487885,17.77743900166898,19.2118757563848,63.87726590083849
2020-05-06,936,151.18652336251023,5.758023731343537,13.33866316712033,84.85030563844346
2020-05-07,951,154.55433125621263,9.133401038356013,15.957407569257697,67.31702605058248
2020-05-08,848,164.90713573671735,19.49405027873086,20.542661415611263,65.89279188563181
2020-05-09,919,149.19713432635785,3.791523083207543,4.211186639895715,75.26832539116795
2020-05-10,900,148.95954306030274,3.5611107897086227,10.754394184063187,73.27642830406988
2020-05-11,866,155.01984169764003,9.628653509559411,15.991032894936595,76.5346472146804
2020-05-12,936,152.03533291612933,6.6520273551843285,14.687922038394547,74.96277117122688
2020-05-13,989,150.12151307510052,4.7456062454556465,10.126339336058521,77.95151330145475
2020-05-14,982,170.60746183686732,25.239143120495864,27.76923107200159,65.11429942809245
2020-05-15,781,159.90253644056725,14.542061297931077,18.63611166009713,68.0863757404669
2020-05-16,684,151.6158143785265,6.262032905823929,10.147769059147208,72.72298817307586
2020-05-17,1005,156.0126128603807,10.667044575389465,14.724543381889589,65.5806692154362
2020-05-18,963,156.5492589615835,11.211272195451736,16.695323482560894,69.19441134668466
2020-05-19,934,147.43830555950547,2.1079093591774676,5.594201217932891,75.37133759447596
2020-05-20,882,160.41395105201912,15.091133660323015,14.753096926930368,76.37470619420432
2020-05-21,956,158.39810715998564,13.082686619017135,18.023976211871584,70.16572461289095
2020-05-22,820,148.96448309921638,3.656733771357105,4.962326029686807,73.8346974839731
2020-05-23,928,162.53104092499305,17.230415509143857,21.632901406155128,67.06470757639947
2020-05-24,929,164.0235979587321,18.730864360719558,20.658879888825226,71.62564954894393
2020-05-25,989,155.6179287253786,10.332502916038546,11.519472140455974,66.2182394316001
2020-05-26,973,155.85220887986875,10.57439657711808,14.794302582784468,68.82104750364384
2020-05-27,856,151.94359687377357,6.673336644528605,15.453541882997499,82.34655185116718
2020-05-28,1000,157.008938079834,11.746292021741587,16.44422178614849,70.918505941691
2020-05-29,702,154.7355617729687,9.48063025803035,12.855472389032428,79.94492002148002
2020-05-30,921,142.56868214560643,-2.6788494968607175,3.7220844095337213,77.82164523188014
2020-05-31,952,150.94056896882898,5.700471190452099,8.951598600760391,66.93383746119326
2020-06-01,952,157.8687927630769,12.63619089237989,16.799989493865297,82.06462486420726
2020-06-02,889,147.84897072344717,2.6239414812271566,7.664035143651802,71.06903001511891
2020-06-03,968,156.24078112515537,11.023225818827612,12.24133295299444,71.12012492569379
2020-06-04,953,149.81414203463672,4.604117224294911,9.635281302196802,69.1587364996559
2020-06-05,748,152.12369209738338,6.9214534041005304,9.644128988854064,68.8001715520986
2020-06-06,1008,163.1500811834184,17.955172264372873,16.187331125914213,72.79767577962795
2020-06-07,1001,163.1729032747038,17.985608682116293,20.767691669817196,67.46324173387865
2020-06-08,956,163.44661156562583,18.26704913358691,22.08041571133286,78.2822246946351
2020-06-09,455,173.4204075404576,28.24638425414741,27.965252232271155,67.8994549649232
2020-06-10,827,157.06394830447732,11.899779784753356,16.86716723646589,64.3179080418878
2020-06-11,943,155.34794179809182,10.190737519132714,14.915669321058772,78.34689583635833
2020-06-12,903,166.32172003626692,21.172011184219794,22.109744914820766,66.50416911456392
2020-06-13,1001,172.15154459188273,27.00928115249595,26.694853030874356,69.71539105420365
2020-06-14,957,152.87189951929554,7.737208051163719,9.710125975923546,64.3924735335019
2020-06-15,943,167.7846456549959,22.65732386945138,23.4361773719734,70.17670721723272
2020-06-16,957,147.77883213087063,2.6592839827777257,5.80309504671925,82.30886477333203
2020-06-17,1008,163.9188162455483,18.8068843420637,20.838927098564668,76.86059272965672
2020-06-18,989,159.21107833137165,14.106647609247279,18.890473298077126,78.97625225107295
2020-06-19,833,149.42178152388885,4.325319543394542,9.096599897863342,77.22384154390716
2020-06-20,838,159.10563108676374,14.016104205403233,20.21136826556183,69.28881150723052
2020-06-21,928,145.6190148386462,0.5370951032523961,11.068613168136139,82.13953367831131
2020-06-22,921,163.73939011829552,18.665083606970754,18.915708099407567,78.16992203347061
2020-06-23,660,166.14350463867186,21.076103925001497,22.844850527043306,73.34081265975733
2020-06-24,989,164.5965086656345,19.537130003874005,19.585355865613394,62.88144798327635
2020-06-25,956,158.00308407260783,12.95135226124134,14.367793957087713,72.81134514426819
2020-06-26,862,160.14292856734204,15.099041230852457,18.624184516252654,70.47137107734243
2020-06-27,928,160.23442425234563,15.197994558199069,17.653278976061102,72.02301755039183
2020-06-28,954,164.45289987688045,19.42393096916619,20.594669449842613,68.457955219017
2020-06-29,969,156.43420379922117,11.412745303836452,18.968865558302383,75.26116498305025
2020-06-30,867,157.28869220597247,12.27461881420747,15.712196721587475,75.2905910729344
2020-07-01,900,152.57625355699327,7.569748083289092,13.105848639144341,66.4160734468863
2020-07-02,919,152.19661830698706,7.197587373915558,14.420556827873071,79.00828838759276
2020-07-03,843,162.99277774543808,18.001465372018163,20.30749880712338,67.95413466289699
2020-07-04,873,143.8791490307925,-1.104677629300038,4.635834086818761,73.0795266659419
2020-07-05,948,160.22068484664464,15.244308357764403,19.66929237439247,74.3967070987816
2020-07-06,933,147.01089865468836,2.042189154671133,9.223027079291853,77.27369608059331
2020-07-07,859,150.95505961905536,5.994054313665469,10.53893207045698,72.68961717108623
2020-07-08,925,146.13155382640943,1.1779864948651735,4.009785842974537,76.84373629424168
2020-07-09,924,148.57646480741957,3.6303791594987644,7.287057027953622,80.69996137978059
2020-07-10,814,164.88831502553577,19.94959528566895,26.24203934519697,68.65401604530683
2020-07-11,943,155.21629980740593,10.285103951773268,15.138257568051756,69.64296744896686
2020-07-12,895,152.83148573550432,7.907917262518683,11.880075874681097,71.85104916465882
2020-07-13,875,145.83144212472098,0.915210961961382,7.314633150904797,80.74806697984084
2020-07-14,886,161.14393986342455,16.235479768874534,15.816105650478306,84.565300381003
2020-07-15,940,164.33949810271565,19.438437050800168,21.379543572049585,63.96999100065423
2020-07-16,959,148.82504900951207,3.9315764290382322,9.300885169515112,73.91021257115149
2020-07-17,741,145.40213460780672,0.5163387875153987,2.12107222002237,77.31920687629143
2020-07-18,952,156.1578406165628,11.27952349357435,11.92680157791726,74.84631566220305
2020-07-19,792,157.1273018307156,12.25626554918478,15.204185832512692,63.61419394036463
2020-07-20,889,144.60421894017702,-0.25894290501802325,2.797153486114752,72.47692666597281
2020-07-21,911,147.389693292645,2.5338279716748717,5.420284187059053,71.88344437833585
2020-07-22,914,161.91818779208728,17.06981905047428,22.410641481036222,69.6128963906514
2020-07-23,842,137.74721838436898,-7.093631829819583,-3.713358449812759,82.88631174652909
2020-07-24,811,142.64193870083471,-2.191103967640179,2.826541557315295,72.81049541900408
2020-07-25,904,151.36341634092076,6.5377656663410235,12.635791291744908,75.7634358784269
2020-07-26,866,150.9631250218486,6.144764016944029,11.661510538443864,78.10165654988225
2020-07-27,910,156.9521460195688,12.141560618494427,18.856070373662007,77.67651046810134
2020-07-28,941,154.92546959774654,10.122470193390408,15.92654392461884,69.63510222489121
2020-07-29,936,150.0591981741098,5.263736580106614,12.00821959505592,77.38621413628654
2020-07-30,860,165.3236276422545,20.535701645115115,23.12717825387874,67.87138231862703
2020-07-31,820,160.0787738744224,15.298627042379866,18.559179363125622,71.44852905519673
2020-08-01,851,147.82749515806887,3.054617311852657,12.685589715248511,84.6667435605039
2020-08-02,818,144.6984698120714,-0.06732431868320601,9.42657441143838,70.58092405342329
2020-08-03,908,145.12147049084635,0.3634237892847798,3.880855148634879,78.84402861747085
2020-08-04,908,135.07929873361462,-9.671151886023939,1.9281275520803263,80.36400012836168
2020-08-05,889,155.99428986591215,11.251569447597767,17.291387347390184,69.11642471322634
2020-08-06,832,154.1646861589872,9.429473643242462,16.645612750477312,70.77475328326614
2020-08-07,707,149.16106811264447,4.433473666121549,9.468766646578075,70.3498252175738
2020-08-08,866,143.5121051427123,-1.2078869981220342,10.782128770512614,77.01842674379758
2020-08-09,912,149.4833199818929,4.770723426526504,6.540775554740009,68.35039388989979
2020-08-10,898,147.49783562403215,2.79268710194896,10.141318117305204,75.97690788609852
2020-08-11,821,141.95339920471415,-2.7439774517582776,5.578958753594321,73.70968229304478
2020-08-12,391,140.0980934318679,-4.592090321552028,2.967047802954795,73.31728963320471
2020-08-13,563,158.69336510991965,14.011467872941614,23.88468499369037,81.18324884735732
2020-08-14,880,144.5907921218872,-0.08428474581393158,13.112067926122961,69.80747548399667
2020-08-15,923,156.28540737362877,11.617899134568132,18.017129504568658,70.77487722165641
2020-08-16,824,152.23446241212122,7.574539175769673,19.987777654346417,74.4293078219915
2020-08-17,933,141.74410288852638,-2.908235686397107,7.578018991474323,72.80234892219394
2020-08-18,921,153.01889489719585,8.37414560774225,18.697276305836,63.857007172682856
2020-08-19,794,136.0733257149569,-8.563940323366898,-2.2065420595909018,82.64453483823371
2020-08-20,884,136.18934129050413,-8.44034821916459,5.969874324110947,67.87686863274772
2020-08-21,773,143.578603766714,-1.043347392721379,8.26022249986454,73.97173454857872
2020-08-22,874,148.14750779979016,3.5327507430223912,18.068868251544956,73.16080742486612
2020-08-23,800,137.39833811950683,-7.2087820652895065,-0.8658874678772577,81.9986266350339
2020-08-24,709,134.67878016806793,-9.921518994122687,-4.78080680162617,85.40425064227786
2020-08-25,814,143.227103815852,-1.3652195050482587,6.659633569055302,88.92147355142048
2020-08-26,836,148.95200910066305,4.367475628265003,13.202570190920468,66.51013280997667
2020-08-27,847,150.56823567972555,5.990955572200553,14.843787437925442,77.40956302928389
2020-08-28,1064,152.2433156092364,7.674800636058984,3.7447797888124654,104.66082644390265
2020-08-29,944,158.03213857553774,13.470287269137621,21.718327617285254,77.72936593257404
2020-08-30,834,143.96951792325905,-0.5849770803837847,12.90398466232341,79.86682058893665
2020-08-31,888,149.60398556477315,5.057141079847851,18.792281209486944,68.43385597916199
2020-09-01,849,128.0077658932959,-16.531549687304484,-6.026855002314164,83.38277432013544
2020-09-02,800,139.73818356704712,-4.793917442021328,4.434294667332608,77.56146950941066
2020-09-03,859,124.58791497156146,-19.936500605035814,-13.852518073817976,79.93146055142776
2020-09-04,823,159.22851229884355,14.711893353028008,22.74436495229949,70.57756621177741
2020-09-05,837,150.7840878977713,6.274721133226998,14.254632157573269,68.13659541369199
2020-09-06,877,153.84280923040862,9.341040359908087,19.48819583707308,81.52289235033102
2020-09-07,879,135.71453875475504,-8.77975006642611,1.2051132595462377,80.60101735089341
2020-09-08,860,152.9090281996616,8.422428340292337,18.19834042000788,73.8092763651777
2020-09-09,799,121.81851952162494,-22.660287749663564,-10.54259889803518,75.40020965624578
2020-09-10,795,145.0993361179184,0.6276589572547916,15.601271066709216,80.197262078003
2020-09-11,849,142.5086636600562,-1.9552310795321166,8.419445451861264,84.97399009489851
2020-09-12,820,127.80358737852515,-16.652817953728558,-3.659897255147669,79.98776090907786
2020-09-13,819,149.7598412333245,5.310599578854569,18.888331167690325,75.08326904896089
2020-09-14,905,146.39956312653769,1.9580164486162879,17.59320639249492,79.67111459058351
2020-09-15,881,146.83616760461746,2.4022917691860823,11.721556850061319,86.69948937109358
2020-09-16,831,140.13431647308752,-4.292197838725257,3.233990997702506,76.77722721884356
2020-09-17,784,142.93083046893685,-1.487824308932135,11.407592806967543,82.73262704579953
2020-09-18,737,124.68714868346257,-19.72373648478236,-13.086865873773263,91.07611434224191
2020-09-19,806,132.6855779680957,-11.718387198540034,-2.2973542082305443,83.93014183321327
2020-09-20,875,150.21978113490513,5.823895932557742,12.41294372190194,85.22088170028059
2020-09-21,917,152.30626380446174,7.917616074916311,18.948522926001715,78.14232187564174
2020-09-22,777,129.62510751849436,-14.756222584097058,-1.2965980274188098,77.85018745524671
2020-09-23,635,131.9746013875646,-12.398505334236285,-1.2849636739779555,88.95311965076036
2020-09-24,868,135.75435492871543,-8.611853065304997,-1.279412797356386,86.37751807512377
2020-09-25,581,131.92586347937788,-12.432811410353075,-4.537525724514779,81.25603749406703
2020-09-26,804,150.91721761143623,6.565955416130496,15.068744608957502,69.99083456565312
2020-09-27,909,145.42686371420345,1.0834393527312667,8.539194243713268,65.02352153461017
2020-09-28,745,162.91377760919147,18.57734653386388,23.57669709210961,81.1952339821106
2020-09-29,811,129.8365663615461,-14.491474216493303,-7.774071308950738,86.35787658095555
2020-09-30,868,150.76959108976723,6.448906678256417,20.981092629179614,80.79393952582828
2020-10-01,826,147.0067876968199,2.693214952493695,15.432909207457627,84.09626860902165
2020-10-02,171,149.2449964199847,4.939051604603377,19.690842754823166,96.14649152224993
2020-10-03,899,141.0894186832483,-3.208948799910727,7.277989307192485,76.43556600820808
2020-10-04,842,149.22602392273674,4.934970033934788,13.1689035053882,75.34464333173504
2020-10-05,818,126.39400675057782,-17.88935741581821,-7.079638665173562,80.14974577064818
2020-10-06,903,149.75835704106427,5.482652329970574,13.839415885698372,82.84528788657589
2020-10-07,881,139.24206289406126,-5.02610804546786,2.0814997293186366,76.83759368659815
2020-10-08,806,160.72493515582593,16.464363685346783,27.247772900607075,71.63888315807576
2020-10-09,874,144.98611263039456,0.7331738495331277,11.244499869787859,80.87116044900469
2020-10-10,778,147.62072615047347,3.3751233462046426,10.925854666042412,86.7926316108467
2020-10-11,750,142.2059786783854,-2.03182833361469,4.075215432819334,79.19013499884073
2020-10-12,881,159.53701108830742,15.306518652632247,25.640326491548336,83.42429905360768
2020-10-13,890,147.38259633610755,3.1596794254855443,8.662911417204043,78.63036669883691
2020-10-14,669,148.85181190935486,4.6352240993199025,11.284095384638846,74.4518082140444
2020-10-15,2,453.10514984130856,308.9008460221251,308.9008460221251,11.549883754987006
2020-10-16,843,150.59133868777457,6.391024629965088,13.912729301159487,74.99863266878052
2020-10-17,826,141.78228079216245,-2.410760924794797,4.4437949354742585,81.90050221294885
2020-10-18,839,150.7236851070436,6.538631176931084,19.153233440582312,77.53401374468379
2020-10-19,924,151.54840422130766,7.370893894811527,14.262921887475727,85.4887128839277
2020-10-20,784,143.7491971852828,-0.42088343650191457,9.371799311688264,77.79116735633274
2020-10-21,812,140.38549675401208,-3.7767531762476927,3.1686915932179147,78.17508412690894
2020-10-22,865,142.70212942487242,-1.452793283037949,8.731339422848151,78.74335696732918
2020-10-23,741,151.83257235837206,7.685133821517338,12.002796265478679,81.79076807665015
2020-10-24,842,147.34741997435654,3.2072178863625393,11.360720000018773,88.7568802233009
2020-10-25,882,133.06839112089335,-11.064290323112198,-5.620766583480744,89.32642286353791
2020-10-26,832,133.46683864226708,-10.658258614986241,-1.6943768101716614,81.07802892259747
2020-10-27,914,140.8977241933476,-3.219658826409985,5.504475091906997,80.15912539427215
2020-10-28,888,134.80405751821158,-9.305902694183215,-1.0222995079827086,80.23225467703055
2020-10-29,838,144.89076324317222,0.7882908363609985,6.822301612483855,74.66460218787928
2020-10-30,796,154.62962427187205,10.535239230040693,21.855709840697088,74.88142460964927
2020-10-31,890,143.79058464136017,-0.2964997645388269,4.880274291362355,81.10685165997428
2020-11-01,812,141.90866233562602,-2.17107482445872,5.867825789748906,71.38781473751884
2020-11-02,868,137.0279552688247,-7.044225167724103,4.892325122980097,76.18317885638702
2020-11-03,861,136.64860943341228,-7.416068598658589,0.981512444594614,74.33415213873006
2020-11-04,822,148.86910595673424,4.811673976566917,12.747549554795569,76.14973568457722
2020-11-05,660,148.05434249877928,4.0043211507992105,7.2057001683230055,74.27296001306848
2020-11-06,784,156.45554883917984,12.413792770556324,16.03154504617021,82.7142782411348
2020-11-07,851,138.05934111150256,-5.97517961226165,2.969389124909412,85.40958605053359
2020-11-08,919,152.96515165210678,8.93827618841664,17.356463076862894,75.41669885000171
2020-11-09,487,132.55828893767244,-11.459281196778107,-1.5864374050995025,88.45031781251046
2020-11-10,885,151.90878050378487,7.8969954616332165,8.873918509728611,74.40257950308347
2020-11-11,654,155.7634181591349,11.758869509950083,18.02702163562678,72.03557004388419
2020-11-12,896,154.45036287648335,10.453526864567392,12.809780447131061,82.52318155881738
2020-11-13,758,141.57311017683125,-2.4163411433201296,0.40449014902254987,84.29987260695982
2020-11-14,876,153.112227526103,9.130254147469815,13.475566447666964,74.33869544824958
2020-11-15,839,146.4959242483146,2.521760833160206,5.644013552321866,79.34405865908573
2020-11-16,636,164.87683051727103,20.909532973922662,22.314572096984506,73.9047908564351
2020-11-17,912,160.20429825029873,16.245270406546986,14.154892807417554,77.74761520822527
2020-11-18,794,134.05975911022733,-9.891999277976515,-4.132864477109905,77.53074034624343
2020-11-19,326,138.09144083034772,-5.851505189849389,3.0619336197339777,76.3145906236844
2020-11-20,561,142.99383066214767,-0.9414068529100768,5.68345256626543,73.63740705608116
2020-11-21,226,136.5638008320226,-7.367841127561319,7.975101282450467,76.00005052969888
2020-11-22,0,,,,
2020-11-23,248,138.7099055997787,-5.203300317881652,4.399784145983617,66.79517663476496
2020-11-24,259,157.4875053494133,13.579121961321782,16.165139786081937,55.90779673956186
2020-11-25,246,142.20672234015737,-1.691554342451162,3.760528210916945,68.05970470314904
2020-11-26,460,144.14683659429136,0.2546714143448966,4.746645517356114,78.35786217002237
2020-11-27,580,137.77559718691072,-6.106854400838303,1.1637886476368067,83.72911968680197
2020-11-28,794,139.86182618417428,-4.014447496611791,-3.406675535784288,84.72259498445587
2020-11-29,887,134.39106647960227,-9.477575961201056,-2.746025503499027,69.2450703695745
2020-11-30,728,128.79268963991942,-15.068643454993875,-9.592330110683648,73.28872752788038
2020-12-01,777,145.39908430769637,1.54609443878861,6.419250026752252,68.9966500721095
2020-12-02,819,143.43206174149472,-0.4141154155299667,2.50614970537697,72.10853333679827
2020-12-03,376,142.0067502204408,-1.8296168766228906,-1.7305803453487982,91.58460687214705
2020-12-04,760,137.6148065988641,-6.216004046359461,1.542287796226887,72.42824419112142
2020-12-05,874,148.5706219321803,4.746960783812975,9.065061019067116,75.21742556372493
2020-12-06,757,126.26419066979675,-17.551393497876834,-9.223989000469146,76.15322940589395
2020-12-07,804,132.36228160953047,-11.446001527402625,-5.951841617745728,79.31795249436806
2020-12-08,882,139.9279301961263,-3.8729769879408664,2.554173681545663,71.20747612112092
2020-12-09,838,143.73919677734375,-0.054256467919178056,2.557476770803504,68.64106612416082
2020-12-10,792,134.10543679131402,-9.68004073459388,-4.946329100033196,72.55291141417867
2020-12-11,681,133.32669175381878,-10.451225133859172,-2.6519616111619655,69.11892026381838
2020-12-12,621,144.42622426596625,0.6555399871173749,3.8877337979552067,72.56912350880256
2020-12-13,805,133.05168834615196,-10.711363624430046,-5.902100143303215,75.40791197139917
2020-12-14,633,148.15479554090456,4.400195706095988,5.2131063746122095,67.55106630149413
2020-12-15,883,139.13311987042022,-4.61513973878718,2.6017142447657875,76.8662465125367
2020-12-16,826,126.5177033135735,-17.222968388624732,-8.497078035725394,82.57365434134323
2020-12-17,885,142.82596931759247,-0.9071314840766744,1.3158264680462253,73.2435454397782
2020-12-18,711,133.93604020388318,-9.788910533424486,-3.2522160284216,78.8799270372721
2020-12-19,831,131.14924076599047,-12.568635714193363,-5.209256666182057,72.29514643332998
2020-12-20,878,141.24779674208517,-2.462671120110042,3.6232173267849674,67.90667052216773
2020-12-21,882,143.3991829074159,-0.3036286003601692,3.628320808777417,65.29032006103647
2020-12-22,690,127.76691238182178,-15.928592059444217,-7.79768205872125,70.40176456983804
2020-12-23,835,133.26665780255894,-10.42120610382996,-6.482131102351872,74.45825760478515
2020-12-24,809,143.95079172933646,0.2707994498125841,0.711896612335778,68.69193118411992
2020-12-25,715,140.43767282339243,-3.2348113555400917,-2.5498449643412187,84.04520777191051
2020-12-26,781,130.6719970703125,-12.993192374580197,-5.808518791805142,73.79096897400777
2020-12-27,905,140.64205386335678,-3.015778659294173,4.656354413397679,65.9879519615291
2020-12-28,775,127.98942742723035,-15.660664843790627,-11.67111186342018,88.42288260482118
2020-12-29,902,138.937507927127,-4.705161961000375,-0.5558761296714181,70.27258480778194
2020-12-30,610,150.31135558081456,6.67615916673249,10.883485958906306,70.7837551474128
2020-12-31,742,149.48383362968013,5.856618857580036,4.683949635651658,72.49125273554534
2021-01-01,182,154.24680489340983,10.624881803233425,8.61170125902909,54.06338363669487
2021-01-02,563,131.29170263368323,-12.319351801855642,-4.447246153769356,85.30640073566457
2021-01-03,801,140.53112583803326,-3.0738011384711954,1.4380808442452917,69.6160128359668
2021-01-04,866,133.13152773110477,-10.466066077712405,-0.18519496240031685,66.94488752159972
2021-01-05,858,149.21051553579477,5.620516226428592,4.723088249826716,71.18985497026145
2021-01-06,816,140.6557540033378,-2.9265892309710355,1.4620919820193023,77.4990456497587
2021-01-07,856,144.4139283510012,0.8390524948584716,0.4911505107157126,74.68091066240345
2021-01-08,614,128.51718604370515,-15.04989400386328,-6.363574141885508,72.43772271574217
2021-01-09,732,138.22937274786943,-5.330035266226203,-3.412570483130338,72.85434007017699
2021-01-10,863,141.63981411294063,-1.9123911214518021,2.147547342951981,70.71141458341738
2021-01-11,844,122.1125167882838,-21.432074265810215,-15.813275553161233,78.53052048901263
2021-01-12,745,133.81338695961355,-9.723528149458982,-6.330461183350337,78.65791939972675
2021-01-13,856,140.8723508603105,-2.657203091155503,2.172321013854088,69.45472121622485
2021-01-14,807,141.4641762583377,-2.0581479952396355,-1.0899300083873982,71.32555483825368
2021-01-15,788,126.37872549144144,-17.135889278702255,-11.538860702778095,85.49712739751149
2021-01-16,554,132.56839211804774,-10.939334039831836,-5.650062253843373,73.4850026702768
2021-01-17,850,131.87802273739084,-11.621539769988244,-10.21522110441849,81.67350400057826
2021-01-18,818,128.39162695028963,-15.100174285527943,-7.58987771870963,71.0521012840895
2021-01-19,837,128.69162158305215,-14.792675829826297,-8.891307400539148,79.23732500745781
2021-01-20,823,148.23332907026622,4.756660133166341,6.140006052761976,67.04246704822997
2021-01-21,795,132.0691190515674,-11.399858506252889,-2.3400290055146513,70.64097207380084
2021-01-22,751,131.0756708828333,-12.385777832887426,-6.912528180413176,67.09684387109805
2021-01-23,860,144.7389894991143,1.2847358795231973,3.54856279594118,64.53486516275142
2021-01-24,794,135.2142478500866,-8.232524169948539,-8.855136809312583,85.67565411241856
2021-01-25,826,133.20475575444772,-10.234656074243173,-2.3142096695816576,73.50022599173641
2021-01-26,54,132.910359983091,-10.517959058203974,-18.636589906691228,111.64909293371602
2021-01-27,790,134.07112307005292,-9.353066198815837,-7.527209548270278,67.12140724357944
2021-01-28,854,129.17401246689522,-14.242638820377634,-5.2305955802067245,76.51896709530689
2021-01-29,657,131.4367365356631,-11.972214285499488,-9.468223080137136,78.60157377346388
2021-01-30,776,127.88427166889622,-15.517034746950237,-8.48248143692652,76.35973449806777
2021-01-31,872,143.26341284305678,-0.13047869480378596,3.2848893540479907,68.7628878632046
2021-02-01,835,141.74703567230773,-1.6392687641343107,-0.9542636481951376,75.6727342625522
2021-02-02,612,133.78720039916195,-9.591713714599445,-5.519581397994756,71.67617120844773
2021-02-03,802,125.60886451549958,-17.76250761509108,-14.333626307896168,78.23227334447277
2021-02-04,831,126.13936131152579,-17.22466969309803,-9.428374346906082,80.08977501020794
2021-02-05,714,139.23430713044496,-4.122036524764936,-1.903614491321278,68.84411287567464
2021-02-06,798,125.74314104046738,-17.60567353871636,-14.636041726386964,70.17148520499295
2021-02-07,858,135.291967969063,-8.049351484011298,-12.670138270784207,81.61616723563354
2021-02-08,783,133.9896973279853,-9.343856149171774,-4.819937522506905,66.0793250404988
2021-02-09,835,124.37391979834277,-18.952178757278254,-14.612758106351095,81.19507854715573
2021-02-10,864,144.29576269079138,0.9771424388545378,4.012530583690776,69.53177141551758
2021-02-11,435,123.38140081997575,-19.92919691565235,-17.216117017076712,68.4523007676272
2021-02-12,781,119.78071198799242,-23.522609226413895,-13.940125267363726,71.34924813033479
2021-02-13,770,134.85010689871652,-8.445872460148063,-9.684010688764616,84.10792625063807
2021-02-14,742,132.53257611215597,-10.756014308709112,-6.736289450158523,84.25735551541051
2021-02-15,822,131.9803067246783,-11.300969472645814,-7.709266392601464,81.46554759783352
2021-02-16,870,136.257098462335,-7.016474659138745,-0.8423428669798909,65.4688914534327
2021-02-17,761,122.01261623949007,-21.253143460071,-13.902192830851988,74.42704240794937
2021-02-18,843,118.5239965834793,-24.734420689776965,-19.120065604517038,76.41478476390417
2021-02-19,714,135.87508513293014,-7.375435584070222,-7.349970677350981,74.33905362575187
2021-02-20,807,134.2488798649633,-8.994278286911994,-7.340884859887922,73.32927823895307
2021-02-21,840,125.92969250996907,-17.305985483474835,-11.256693968240597,75.350647524499
2021-02-22,778,123.62108391219974,-19.606998732580706,-17.783761380503577,86.45739008122678
2021-02-23,618,133.8383614006166,-9.382818127638963,-10.263807746758133,87.35055560624116
2021-02-24,780,120.8171506245931,-22.396109803769935,-15.807261300250019,73.60424391223553
2021-02-25,805,131.51284296450407,-11.69285693754301,-11.230184397456526,88.5430184810613
2021-02-26,728,140.61240256173272,-2.585520857942849,-4.030842541570763,78.05562936056752
2021-02-27,819,124.41043110569173,-18.78012973044753,-19.70871078522437,75.62793142611659
2021-02-28,816,127.10814254237155,-16.075093009853088,-15.777124213691437,78.32162083024285
2021-03-01,0,,,,
2021-03-02,0,,,,
2021-03-03,815,131.06240972413607,-12.09798607677467,-9.871892209997014,86.20757094520887
2021-03-04,776,124.61241998967436,-18.54020558028553,-13.134148246894782,76.55866137430064
2021-03-05,682,125.59839812247984,-17.54682548004432,-17.37417401751403,85.72318101056378
2021-03-06,799,122.82922407969068,-20.308600501695224,-19.65454838903777,84.71080712202951
2021-03-07,631,112.93394650128299,-30.196537938910012,-27.48583180106654,80.29518076310389
2021-03-08,819,122.9409694536556,-20.181891618783883,-17.02095039799174,79.61792417646859
2021-03-09,801,117.08520896044861,-26.030150150860333,-21.591940204693756,80.91539732445304
2021-03-10,0,,,,
2021-03-11,801,139.1591514368331,-3.940976298613481,-0.6661653155440206,79.37632268723155
2021-03-12,0,,,,
2021-03-13,752,134.1638239069188,-8.921016504852263,-9.473428272294129,80.64388655297282
2021-03-14,832,131.65046647145198,-11.42689565027438,-9.79221092125141,80.58917113223131
2021-03-15,735,119.23686393893496,-23.832849678307092,-20.892952769627456,91.91359640521239
2021-03-16,684,117.41948765983359,-25.642780152876302,-21.210112021444402,88.06065206668002
2021-03-17,793,137.06800408958637,-5.986892190244252,0.02867460560682389,75.5361264649066
2021-03-18,796,123.0122541264673,-20.035117625605544,-8.781113732487796,74.80827565385617
2021-03-19,697,125.54729256541007,-17.492445594573166,-12.368434737218365,80.33923553007408
2021-03-20,819,128.99113078321147,-14.041267483289568,-9.748984707410273,83.0223644462978
2021-03-21,803,121.62259513123395,-21.402264910720113,-20.19217558161928,88.50178553719405
2021-03-22,697,114.8544986588028,-28.162582711475356,-28.02894860424516,83.58018432430761
2021-03-23,690,122.12245024750199,-20.887437445852527,-16.260390386061076,80.26706617908073
2021-03-24,803,131.89816580994489,-11.103957227578446,-5.798035934133253,77.56854637984337
2021-03-25,738,118.45912308938458,-24.53524556486123,-17.54984271190125,70.71163060916363
2021-03-26,695,128.9018145488492,-14.08501391159386,-6.433695923961579,77.53026557214177
2021-03-27,758,124.61247108479603,-18.36735362804487,-11.655269340182215,91.90485694790043
2021-03-28,763,126.76211280672766,-16.209975421993477,-9.03702823520183,75.93364195385888
2021-03-29,819,135.10511237995675,-7.859474057329851,-4.454326369676352,68.92744138496036
2021-03-30,815,133.41049732793329,-9.546488712257132,-5.749995256975325,74.43893216925217
2021-03-31,759,137.08852583290874,-5.860662264455339,-2.474101881753711,81.0804201961436
2021-04-01,816,122.70436813130098,-20.23759768645694,-14.883392044827914,80.71570043663334
2021-04-02,623,133.45847777830463,-9.47562856207408,-3.1137311253391147,75.82108122155246
2021-04-03,516,132.67512787811515,-10.250907579286363,2.1216948670107314,74.60737174583949
2021-04-04,783,125.34331652566999,-17.57590720356133,-13.555321931466494,77.61022272314067
2021-04-05,786,145.93368833119632,3.022057042741878,2.46056627612802,72.9997025872774
2021-04-06,738,116.51320811946218,-26.390896193045062,-24.972748645092203,85.22298291716514
2021-04-07,738,131.1783953245416,-11.718519307913935,-1.4452172244045869,75.0458152766721
2021-04-08,866,158.45035884936468,15.561080522244698,20.77788662158781,68.48528261549787
2021-04-09,712,122.44259770425518,-20.438876810886654,-19.069478767726928,88.63502491866684
2021-04-10,788,108.13190671272085,-34.7422450650519,-33.76460020863462,80.61119193602403
2021-04-11,726,123.9377095077977,-18.928557765858415,-12.194776767563354,81.03819248923837
2021-04-12,704,129.89984436035158,-12.958738694106692,-6.30704264690408,77.8231907482157
2021-04-13,792,130.88235918680826,-11.968866106216483,-4.013704209287212,73.50190686643178
2021-04-14,672,134.00102175757996,-8.843095642159874,-4.005808217345546,77.76154248497303
2021-04-15,693,132.90831725105406,-9.927734608953063,1.5527697601481236,79.7418239769712
2021-04-16,731,125.89737457818111,-16.93140871681149,-16.733190794527687,80.20116411215989
2021-04-17,799,132.6991302413845,-10.122312013405898,-1.0449823278208328,78.29351925890013
2021-04-18,773,123.67774884420102,-19.136052197083995,-16.063189385977168,77.8239306753936
2021-04-19,753,136.83336394412584,-5.973107871409739,0.2794345860010594,82.41615649446169
2021-04-20,835,122.85515125754351,-19.94367616230782,-12.129873019360758,67.6482996844975
2021-04-21,746,127.7607791194967,-15.030275735701208,-11.139190935923608,66.50583418379126
2021-04-22,857,132.1075593251748,-10.67604254805243,-3.6148466428006714,80.6681672345772
2021-04-23,673,129.17305529114043,-13.602652941788293,-5.567428770689872,79.475384447595
2021-04-24,776,141.30846188338762,-1.4598868678734076,4.2368022948595865,69.72812115364847
2021-04-25,767,143.86782436246511,1.1068856194799812,6.856588786357634,76.65932478058441
2021-04-26,752,126.82655651823002,-15.927221585319215,-12.081232022333069,83.66899246980589
2021-04-27,308,147.87785045078823,5.131122346651302,6.544272908448946,69.92909037657348
2021-04-28,778,139.7988818014189,-2.9398151305742095,2.961187152330723,77.87140106127532
2021-04-29,812,131.6681296588165,-11.062957167912593,-2.5875418204843896,76.25822744354383
2021-04-30,718,133.67308513673237,-9.04998916543535,-5.515576648855358,72.30368781036151
2021-05-01,758,125.495972384249,-17.219894068331122,-17.92719348203427,72.64778911353868
2021-05-02,790,132.068864178235,-10.639235940384165,-7.46077907646422,73.99205170801538
2021-05-03,797,143.24815207066172,0.5476800989753154,7.571083983258745,76.58500174748899
2021-05-04,864,131.023631784651,-11.669413186534321,-9.407676589006726,85.58656597717099
2021-05-05,834,125.33622385660807,-17.34941146082958,-17.891762879780927,72.68816146049389
2021-05-06,784,150.76615008918606,8.088164441188036,7.922264893093697,70.92806912577035
2021-05-07,747,139.82953260797095,-2.840877659119952,-0.23640780216274493,80.6079208700917
2021-05-08,894,135.9091085412625,-6.754262517409321,-4.1514936225314045,76.78418181518325
2021-05-09,796,140.59633825484232,-2.0590766443289525,7.28965865504648,83.48104593733957
2021-05-10,669,146.72668286880926,4.078393555551215,6.318896534048747,80.27986398758405
2021-05-11,749,136.60632014153637,-6.034263224773621,-1.514746034339396,78.79638346244161
2021-05-12,797,134.62576772194436,-8.007015387874457,-1.5102662448791762,75.85580769795017
2021-05-13,805,136.76326003933545,-5.862051547138502,-4.768418722421785,79.38811942003142
2021-05-14,781,148.24913747008418,5.631536693067233,7.656565486104398,75.8333137840031
2021-05-15,816,155.54771768906537,12.937627672585046,12.561505666238347,83.27416097954355
2021-05-16,801,134.38905256749985,-8.21399191166497,-6.70721865380375,82.9802503884305
2021-05-17,822,139.26900631795544,-3.3263978321868004,1.797749585074385,83.13833607289389
2021-05-18,795,156.07167468952684,13.484027588251358,22.710633796546716,72.17664196763097
2021-05-19,844,132.28526983035118,-10.295044185939089,-6.678415335231421,72.54390583041429
2021-05-20,854,135.95778646000096,-6.614967495620761,-2.0981288774388247,71.74025247317098
2021-05-21,692,152.7266732232419,10.161839877298384,12.93723654965821,64.92228583555037
2021-05-22,858,147.65935668945312,5.101713493070647,10.983201392151713,69.11198457872544
2021-05-23,874,142.3338000125143,-0.21615427501630033,2.4930422207489897,75.04385398102059
2021-05-24,824,148.6600123951736,6.117617754312882,6.421139986285056,78.19764811756835
2021-05-25,823,134.36749006157802,-8.167394922691939,-5.32872533426081,72.41822123930349
2021-05-26,786,141.09915693831505,-1.4283126366015124,-0.7474225144763267,76.96526455542147
2021-05-27,812,150.7435054873011,8.223633991968894,7.100241384156163,77.25099618795066
2021-05-28,741,150.08498869984737,7.572592882952757,14.291189401661313,87.901538843574
2021-05-29,897,144.79680959644125,2.291846604114231,6.4590166074816295,75.67186814375054
2021-05-30,817,145.16987121283205,2.672633632864776,3.8577630678589117,80.32013275591552
2021-05-31,858,136.73651795998597,-5.753296300896022,-0.05761617536145991,68.31965448535819
2021-06-01,850,140.62151665900734,-1.860695190546158,2.23692931203702,73.62517419270972
2021-06-02,828,152.50037542149641,10.025846408149512,9.758413462747939,81.57501516341426
2021-06-03,748,148.15636448579676,5.68885720084702,12.052306434237195,63.98894094429626
2021-06-04,742,158.6520063621336,16.192702423364786,18.596214547813645,60.899253927616215
2021-06-05,719,149.04331671405734,6.591632596716847,12.397458418002145,69.8737626416009
2021-06-06,878,144.50789935692026,2.0632739279411396,5.542147791808787,90.96990013745717
2021-06-07,867,159.2171215052973,16.77996505793755,15.679331444833593,73.36462986794756
2021-06-08,681,158.22248949227355,15.792704558431232,16.993095308214578,59.85641730624454
2021-06-09,753,153.65326210619762,11.23092324307742,11.115906880730734,68.1053617483963
2021-06-10,847,140.2710663238129,-2.1434567567702616,0.016454496936859186,74.11796918382983
2021-06-11,798,146.40176152967868,3.994917715426864,1.9858757563353038,68.8095742541399
2021-06-12,0,,,,
2021-06-13,0,,,,
2021-06-14,0,,,,
2021-06-15,0,,,,
2021-06-16,0,,,,
2021-06-17,748,144.34276863546933,1.9812246206346413,3.3383048066480825,75.38967259711683
2021-06-18,764,156.7439681088113,14.38989064206436,16.408797093959123,63.288114885596826
2021-06-19,773,141.86871081669304,-0.47813438959534493,-0.5667342135225226,68.92272681457648
2021-06-20,0,,,,
2021-06-21,841,144.4383929566736,2.1067860319908647,11.20439595690732,64.78623890006952
2021-06-22,0,,,,
2021-06-23,693,143.62794644794766,1.3119359558550532,4.692008800838153,70.5038282674498
2021-06-24,846,152.7541744475669,10.445330116546039,11.885793675303873,63.15860502089096
2021-06-25,763,143.41380124073353,1.112835231143655,8.621303150785053,79.6401497942162
2021-06-26,798,156.67212200116992,14.37848136880759,15.167784873622466,72.94315888042233
2021-06-27,820,156.84623550787205,14.559833332624338,13.214096163518164,68.73369030794227
2021-06-28,920,146.0415805518109,3.7629664013685105,4.730146881899259,84.03961727469347
2021-06-29,879,153.80867086330238,11.537138699353767,16.495038382773743,90.15371734939207
2021-06-30,844,153.45289475861318,11.189063253871238,13.890698430686285,70.92432144674055
2021-07-01,772,152.64334238082017,10.387250398964019,17.164030842303973,70.75482968001477
2021-07-02,712,139.5905443984471,-2.6578502294944966,-5.697761235961721,71.23171123096411
2021-07-03,842,154.03388433750905,11.792727927016282,10.647370849495289,65.67714320086883
2021-07-04,821,150.57679603939079,8.343236009358797,8.038187261870235,69.97465152218761
2021-07-05,807,152.05961879649865,9.833776774284692,12.621409256356628,76.48554182075407
2021-07-06,821,144.0821908744041,1.8638055162314868,6.74511160640597,67.0734003061309
2021-07-07,788,137.2271544867966,-4.983702901038512,-1.0858661731723345,75.5173330578989
2021-07-08,754,142.38828402248555,0.18482666201354567,0.8813239562461632,75.24165401729199
2021-07-09,219,125.8478733428537,-16.350724843065912,-12.833371247216604,82.88830663078073
2021-07-10,0,,,,
2021-07-11,549,153.84306977485699,11.663403600892819,15.278723610544603,77.82972971981685
2021-07-12,798,140.16618552913044,-2.0070625867777756,6.1375964888589465,75.84170071261956
2021-07-13,809,145.62255337294306,3.45685214063771,5.490456160970865,72.45555060245748
2021-07-14,770,134.17383688790457,-7.984319414775568,-3.646412644678307,75.3782182571764
2021-07-15,821,137.422853045632,-4.727848721662911,-0.37360145216726437,77.20405751010055
2021-07-16,740,147.89244727882178,5.749561161030446,3.5584702765420957,78.14555480013367
2021-07-17,736,152.60127929604573,10.465896518655455,9.771200816852826,81.50128595854773
2021-07-18,779,136.5530756547607,-5.57503801151517,-7.538829249529186,78.89119777867833
2021-07-19,785,133.03907452042694,-9.081660187273801,-5.567126626364853,77.40062316509255
2021-07-20,695,156.25832616572757,14.145452206960332,15.345062379202147,79.48604099123148
2021-07-21,774,130.12584214715687,-11.979691140749681,-6.86115218871133,77.69094256644422
2021-07-22,800,146.38693811798095,4.288894534490184,4.906405365540635,65.55541859967732
2021-07-23,692,147.75754951962156,5.667376462731422,7.201041945273587,77.42393731735281
2021-07-24,789,140.58750082772644,-1.4954036316910302,-1.6080077120191447,78.98744473447714
2021-07-25,769,132.95578333900562,-9.119664900683906,-5.524105490198366,80.8775125820417
2021-07-26,765,140.77559004640267,-1.291998431940649,3.632074934570511,72.12680955101162
2021-07-27,781,148.61890073964295,6.558698595410321,8.864943102926588,74.30693702276514
2021-07-28,764,132.11383599086582,-9.938974316798886,-5.172556766164703,81.08075312266674
2021-07-29,676,136.07864759998208,-5.966404202373515,-2.5508464341523336,81.02021462375335
2021-07-30,619,131.8330568181101,-10.204769105873341,-14.632661061902212,82.36766808637098
2021-07-31,806,138.50745317255593,-3.5227739110484335,0.07547371955872961,82.40769788250881
2021-08-01,738,134.04149314652938,-7.981098132277601,-9.38839854595713,83.71995188713043
2021-08-02,788,134.59961921575712,-7.415491659522397,-10.035695069514247,78.12422053258305
2021-08-03,765,134.8799770021127,-7.127506808503289,-4.800421697164978,83.8539850804116
2021-08-04,704,118.99504346847534,-23.004849591849105,-20.80177481198563,79.52873827042974
2021-08-05,1316,139.6760523091696,-2.3163909061380714,-16.220669962144292,108.5231367652355
2021-08-06,516,136.60288499935652,-5.382532196359688,-9.352274089576994,108.01585425424526
2021-08-07,584,150.93398798589837,8.956568369948114,14.179013396528589,79.17721760933392
2021-08-08,1602,139.40385555119698,-2.5658084583716194,-28.938501492493828,121.37977359452312
2021-08-09,1653,126.18464322052648,-15.77723042285004,-49.83807763239162,113.9847716180907
2021-08-10,1695,148.495040729714,6.540313292023205,-11.935419135344148,121.68941057229455
2021-08-11,1425,144.23987685032895,2.2925336654893296,-30.21977604626815,124.78872264411565
2021-08-12,1315,140.7426841753245,-1.196846087922103,-24.989321105355202,119.16446636384045
2021-08-13,1342,142.98262344110208,1.0503235868821656,-13.219800596266538,115.45620480695862
2021-08-14,1574,144.95293540324462,3.028067684359877,-10.59953339537185,119.89486490272928
2021-08-15,1563,149.41878866536146,7.501199481374979,0.5163698546494686,119.72543157349405
2021-08-16,1623,143.60272787097642,1.693256894632356,-16.466812598689387,118.29026099313894
2021-08-17,1253,136.45212112268447,-5.450228118956102,-29.52383883092166,119.27953465013329
2021-08-18,1439,149.30251845942345,7.408435216077499,-0.11357176900986587,116.96138854734562
2021-08-19,601,151.64039540219426,9.751145903604076,10.342630091042594,118.9216650048972
2021-08-20,0,,,,
2021-08-21,0,,,,
2021-08-22,0,,,,
2021-08-23,0,,,,
2021-08-24,0,,,,
2021-08-25,0,,,,
2021-08-26,0,,,,
2021-08-27,0,,,,
2021-08-28,0,,,,
2021-08-29,0,,,,
2021-08-30,0,,,,
2021-08-31,0,,,,
2021-09-01,0,,,,
2021-09-02,0,,,,
2021-09-03,0,,,,
2021-09-04,0,,,,
2021-09-05,0,,,,
2021-09-06,0,,,,
2021-09-07,0,,,,
2021-09-08,0,,,,
2021-09-09,0,,,,
2021-09-10,0,,,,
2021-09-11,0,,,,
2021-09-12,0,,,,
2021-09-13,0,,,,
2021-09-14,0,,,,
2021-09-15,0,,,,
2021-09-16,0,,,,
2021-09-17,0,,,,
2021-09-18,0,,,,
2021-09-19,0,,,,
2021-09-20,0,,,,
2021-09-21,0,,,,
2021-09-22,0,,,,
2021-09-23,0,,,,
2021-09-24,0,,,,
2021-09-25,0,,,,
2021-09-26,0,,,,
2021-09-27,0,,,,
2021-09-28,0,,,,
2021-09-29,0,,,,
2021-09-30,0,,,,
2021-10-01,0,,,,
2021-10-02,0,,,,
2021-10-03,0,,,,
2021-10-04,0,,,,
2021-10-05,0,,,,
2021-10-06,0,,,,
2021-10-07,0,,,,
2021-10-08,0,,,,
2021-10-09,0,,,,
2021-10-10,0,,,,
2021-10-11,0,,,,
2021-10-12,0,,,,
2021-10-13,0,,,,
2021-10-14,0,,,,
2021-10-15,0,,,,
2021-10-16,0,,,,
2021-10-17,0,,,,
2021-10-18,0,,,,
2021-10-19,0,,,,
2021-10-20,0,,,,
2021-10-21,0,,,,
2021-10-22,0,,,,
2021-10-23,0,,,,
2021-10-24,0,,,,
2021-10-25,0,,,,
2021-10-26,0,,,,
2021-10-27,0,,,,
2021-10-28,0,,,,
2021-10-29,0,,,,
2021-10-30,0,,,,
2021-10-31,0,,,,
2021-11-01,0,,,,
2021-11-02,0,,,,
2021-11-03,0,,,,
2021-11-04,0,,,,
2021-11-05,0,,,,
2021-11-06,0,,,,
2021-11-07,0,,,,
2021-11-08,0,,,,
2021-11-09,0,,,,
2021-11-10,0,,,,
2021-11-11,0,,,,
2021-11-12,0,,,,
2021-11-13,0,,,,
2021-11-14,0,,,,
2021-11-15,0,,,,
2021-11-16,0,,,,
2021-11-17,0,,,,
2021-11-18,0,,,,
2021-11-19,0,,,,
2021-11-20,0,,,,
2021-11-21,0,,,,
2021-11-22,0,,,,
2021-11-23,0,,,,
2021-11-24,0,,,,
2021-11-25,0,,,,
2021-11-26,0,,,,
2021-11-27,0,,,,
2021-11-28,0,,,,
2021-11-29,0,,,,
2021-11-30,0,,,,
2021-12-01,0,,,,
2021-12-02,0,,,,
2021-12-03,0,,,,
2021-12-04,0,,,,
2021-12-05,0,,,,
2021-12-06,0,,,,
2021-12-07,0,,,,
2021-12-08,0,,,,
2021-12-09,0,,,,
2021-12-10,0,,,,
2021-12-11,0,,,,
2021-12-12,0,,,,
2021-12-13,0,,,,
2021-12-14,0,,,,
2021-12-15,0,,,,
2021-12-16,0,,,,
2021-12-17,0,,,,
2021-12-18,0,,,,
2021-12-19,0,,,,
2021-12-20,0,,,,
2021-12-21,0,,,,
2021-12-22,0,,,,
2021-12-23,0,,,,
2021-12-24,0,,,,
2021-12-25,0,,,,
2021-12-26,0,,,,
2021-12-27,0,,,,
2021-12-28,0,,,,
2021-12-29,0,,,,
2021-12-30,0,,,,
2021-12-31,0,,,,
2022-01-01,0,,,,
2022-01-02,0,,,,
2022-01-03,0,,,,
2022-01-04,0,,,,
2022-01-05,0,,,,
2022-01-06,0,,,,
2022-01-07,0,,,,
2022-01-08,0,,,,
2022-01-09,0,,,,
2022-01-10,0,,,,
2022-01-11,0,,,,
2022-01-12,0,,,,
2022-01-13,0,,,,
2022-01-14,0,,,,
2022-01-15,0,,,,
2022-01-16,0,,,,
2022-01-17,0,,,,
2022-01-18,0,,,,
2022-01-19,0,,,,
2022-01-20,0,,,,
2022-01-21,0,,,,
2022-01-22,0,,,,
2022-01-23,0,,,,
2022-01-24,0,,,,
2022-01-25,0,,,,
2022-01-26,0,,,,
2022-01-27,0,,,,
2022-01-28,0,,,,
2022-01-29,0,,,,
2022-01-30,0,,,,
2022-01-31,0,,,,
2022-02-01,0,,,,
2022-02-02,0,,,,
2022-02-03,0,,,,
2022-02-04,0,,,,
2022-02-05,0,,,,
2022-02-06,0,,,,
2022-02-07,0,,,,
2022-02-08,0,,,,
2022-02-09,0,,,,
2022-02-10,0,,,,
2022-02-11,0,,,,
2022-02-12,0,,,,
2022-02-13,0,,,,
2022-02-14,0,,,,
2022-02-15,0,,,,
2022-02-16,0,,,,
2022-02-17,0,,,,
2022-02-18,0,,,,
2022-02-19,0,,,,
2022-02-20,0,,,,
2022-02-21,0,,,,
2022-02-22,0,,,,
2022-02-23,0,,,,
2022-02-24,0,,,,
2022-02-25,0,,,,
2022-02-26,0,,,,
2022-02-27,0,,,,
2022-02-28,0,,,,
2022-03-01,0,,,,
2022-03-02,0,,,,
2022-03-03,0,,,,
2022-03-04,0,,,,
2022-03-05,0,,,,
2022-03-06,0,,,,
2022-03-07,0,,,,
2022-03-08,0,,,,
2022-03-09,0,,,,
2022-03-10,0,,,,
2022-03-11,0,,,,
2022-03-12,0,,,,
2022-03-13,0,,,,
2022-03-14,0,,,,
2022-03-15,0,,,,
2022-03-16,0,,,,
2022-03-17,0,,,,
2022-03-18,0,,,,
2022-03-19,0,,,,
2022-03-20,0,,,,
2022-03-21,0,,,,
2022-03-22,0,,,,
2022-03-23,0,,,,
2022-03-24,0,,,,
2022-03-25,0,,,,
2022-03-26,0,,,,
2022-03-27,0,,,,
2022-03-28,0,,,,
2022-03-29,0,,,,
2022-03-30,0,,,,
2022-03-31,0,,,,
2022-04-01,0,,,,
2022-04-02,0,,,,
2022-04-03,0,,,,
2022-04-04,0,,,,
2022-04-05,0,,,,
2022-04-06,0,,,,
2022-04-07,0,,,,
2022-04-08,0,,,,
2022-04-09,0,,,,
2022-04-10,0,,,,
2022-04-11,0,,,,
2022-04-12,0,,,,
2022-04-13,0,,,,
2022-04-14,0,,,,
2022-04-15,0,,,,
2022-04-16,0,,,,
2022-04-17,0,,,,
2022-04-18,0,,,,
2022-04-19,0,,,,
2022-04-20,0,,,,
2022-04-21,0,,,,
2022-04-22,0,,,,
2022-04-23,0,,,,
2022-04-24,0,,,,
2022-04-25,0,,,,
2022-04-26,0,,,,
2022-04-27,0,,,,
2022-04-28,0,,,,
2022-04-29,0,,,,
2022-04-30,0,,,,
2022-05-01,0,,,,
2022-05-02,0,,,,
2022-05-03,0,,,,
2022-05-04,0,,,,
2022-05-05,0,,,,
2022-05-06,0,,,,
2022-05-07,0,,,,
2022-05-08,0,,,,
2022-05-09,0,,,,
2022-05-10,0,,,,
2022-05-11,0,,,,
2022-05-12,0,,,,
2022-05-13,0,,,,
2022-05-14,0,,,,
2022-05-15,0,,,,
2022-05-16,0,,,,
2022-05-17,0,,,,
2022-05-18,0,,,,
2022-05-19,0,,,,
2022-05-20,0,,,,
2022-05-21,0,,,,
2022-05-22,0,,,,
2022-05-23,0,,,,
2022-05-24,0,,,,
2022-05-25,0,,,,
2022-05-26,0,,,,
2022-05-27,0,,,,
2022-05-28,0,,,,
2022-05-29,0,,,,
2022-05-30,0,,,,
2022-05-31,0,,,,
2022-06-01,0,,,,
2022-06-02,0,,,,
2022-06-03,0,,,,
2022-06-04,0,,,,
2022-06-05,0,,,,
2022-06-06,0,,,,
2022-06-07,0,,,,
2022-06-08,0,,,,
2022-06-09,0,,,,
2022-06-10,0,,,,
2022-06-11,0,,,,
2022-06-12,0,,,,
2022-06-13,0,,,,
2022-06-14,426,139.94480099387013,0.3135087307172974,-22.353154017080016,119.30119192379173
2022-06-15,827,123.34441077752442,-16.282967747709943,-32.47434466388087,99.45287302313791
2022-06-16,565,122.85364864383122,-16.765156753959815,-23.977120669056873,77.23418774586041
2022-06-17,429,104.86656212439904,-34.745117365033025,-37.036183375361574,75.81577552490704
2022-06-18,451,105.32713466737329,-34.27628761968955,-36.374269867502846,72.41771394980893
2022-06-19,554,102.4230228300129,-37.17351481471918,-42.90056515338175,61.63604328620521
2022-06-20,547,108.83400692007005,-30.754706121366972,-41.58500150774461,78.53167395898208
2022-06-21,480,92.92956858317056,-46.6515975392255,-54.6431072430446,74.3361992800201
2022-06-22,547,91.29362047603405,-48.280201261137776,-52.67796065182446,71.1041215668265
2022-06-23,555,111.34784543149107,-28.218425478337625,-37.64058251577204,79.71536123268244
2022-06-24,463,95.79273409421192,-43.765641612656765,-50.04780428539384,73.04171328819267
2022-06-25,517,96.69727783203125,-42.85377217842061,-48.080199988899295,59.96714823140197
2022-06-26,529,96.82943193114774,-42.71412160619257,-54.60867468838069,82.23152567574819
2022-06-27,502,107.82652331956353,-31.709341979214933,-35.32323228629549,66.15312351106954
2022-06-28,517,105.04309861203457,-34.4853577002356,-41.52281060184987,75.13963243009236
2022-06-29,515,95.48443871359224,-44.03668178023815,-53.92959509336781,81.63566366517708
2022-06-30,475,96.99851117264598,-42.515036078185275,-43.46979122688579,64.17978115760992
2022-07-01,471,107.29391674519597,-32.21196873996687,-37.581446102954985,80.084334217612
2022-07-02,517,101.44772306401678,-38.05077349432848,-52.602110953595,77.82749493344059
2022-07-03,454,99.4762164481411,-40.01469723974759,-52.26788324781866,74.8278585929517
2022-07-04,497,86.8903050136758,-52.59306708605365,-56.506134658312206,52.73892841962134
2022-07-05,496,108.74623707802066,-30.729545885731604,-32.324492405479674,66.62963926523774
2022-07-06,454,89.0138219690533,-50.45428290701713,-56.49301012319041,71.05912988545104
2022-07-07,0,,,,
2022-07-08,0,,,,
2022-07-09,0,,,,
2022-07-10,0,,,,
2022-07-11,0,,,,
2022-07-12,0,,,,
2022-07-13,0,,,,
2022-07-14,0,,,,
2022-07-15,410,95.0065096748166,-44.393823704363086,-50.54174997687328,69.53013160517133
2022-07-16,420,86.48308339436849,-52.90982745914308,-51.843686226286394,50.63591406745022
2022-07-17,440,107.67224067687988,-31.71299521710128,-45.301755413827856,83.0728689809932
2022-07-18,385,87.13785757882253,-52.2397791692028,-57.05389241767088,71.36172019354353
2022-07-19,397,106.38741282888265,-32.98276188928695,-37.447057477408165,70.73620608334903
2022-07-20,391,107.46852710460459,-31.894085224883884,-38.093837447674616,72.14123581389607
2022-07-21,343,99.40976943302434,-39.94517423046474,-40.042303893819124,65.4908105580165
2022-07-22,328,104.49775863275295,-34.84980393567931,-48.52891002800884,84.89085394217332
2022-07-23,3,150.27279663085938,10.928866406204028,-4.751773242233469,42.72394584438174
2022-07-24,0,,,,
2022-07-25,0,,,,
2022-07-26,323,83.79190103158862,-55.52567641709178,-55.03067374191443,50.65807022076143
2022-07-27,308,104.47395869663784,-34.835958242865246,-43.59207414285756,73.37698335054641
2022-07-28,301,99.71662580420409,-39.585836201988556,-39.99379742042042,60.01115558314469
2022-07-29,247,98.15212800184241,-41.142448099874336,-44.55772022341503,57.2057214257262
2022-07-30,258,92.60491451293,-46.68230117245629,-56.636279553768695,64.04437728166766
2022-07-31,262,95.33818931288391,-43.94152273926724,-55.32475514906131,65.97797564421376
2022-08-01,250,109.3933690673828,-29.878886243972882,-43.22547856938828,65.17338884731323
2022-08-02,233,129.89525580017352,-9.369323627187523,-29.49709012507556,77.74335726551426
2022-08-03,5,180.5886999511719,41.327653724166076,62.62719447931241,43.514955415641374
2022-08-04,0,,,,
2022-08-05,0,,,,
2022-08-06,0,,,,
2022-08-07,0,,,,
2022-08-08,0,,,,
2022-08-09,56,182.92912875584193,43.71674704959025,5.8331035430056914,117.48013898366771
2022-08-10,34,151.15675425809974,11.95179336490021,-22.251770883617027,100.59234039403961
2022-08-11,25,171.1541817626953,31.95706432465671,5.845477056910482,88.42984508179052
2022-08-12,9,185.69942694769966,46.510445365396386,27.413936293207,104.21818970981367
2022-08-13,18,240.58166571723092,101.39959273360854,56.82651772841038,131.05374481546332
2022-08-14,0,,,,
2022-08-15,4,176.73387603759764,37.565776175680156,-2.6156124522173627,96.6715335367171
2022-08-16,5,209.2058673095703,70.0462560325313,60.113767470642756,90.91372330497201
2022-08-17,2,370.12843170166013,230.9764997048828,230.9764997048828,125.20072169970065
2022-08-18,0,,,,
2022-08-19,0,,,,
2022-08-20,0,,,,
2022-08-21,0,,,,
2022-08-22,0,,,,
2022-08-23,0,,,,
2022-08-24,0,,,,
2022-08-25,0,,,,
2022-08-26,0,,,,
2022-08-27,0,,,,
2022-08-28,0,,,,
2022-08-29,0,,,,
2022-08-30,0,,,,
2022-08-31,0,,,,
2022-09-01,0,,,,
2022-09-02,0,,,,
2022-09-03,0,,,,
2022-09-04,0,,,,
2022-09-05,3,296.62543334960935,157.61999597122613,106.65791449746155,176.14566000946718
2022-09-06,11,237.1102783203125,98.1094322748082,117.11723477657307,96.14407313090972
2022-09-07,38,193.20542514198704,54.21193712931551,10.953055782500627,118.4329983832898
2022-09-08,48,148.54411500295004,9.55809292353952,-20.40292489681063,99.110927634052
2022-09-09,53,172.56100141417303,33.58267888515447,-25.94738731211011,119.36256549590456
2022-09-10,65,149.2374723463792,10.266545986111158,-18.75385356295277,100.11895696471677
2022-09-11,82,176.21596873213605,37.25264240675385,-3.3885343569646125,126.42032112565175
2022-09-12,95,138.73239604749176,-0.2234215090477314,-32.45977350885174,86.71073370818806
2022-09-13,118,139.89655415163202,0.9485390846036372,-28.856945919639514,92.31346695561732
2022-09-14,144,131.50684594048394,-7.433757954853082,-31.788979261201092,84.12493322784168
2022-09-15,157,117.54653596331359,-21.386467070257428,-29.821590987419285,82.35586586088671
2022-09-16,156,135.70621952154698,-3.218782510682052,-20.341040277453743,85.85102278540101
2022-09-17,185,119.86153806944152,-19.05635759967283,-25.884752587251242,82.23214242690882
2022-09-18,213,118.89924766289796,-20.01108400442866,-33.71598759693991,80.89440500884933
2022-09-19,210,124.61130539667039,-14.291545484150014,-25.8703615241567,72.89344380198342
2022-09-20,236,100.24369368472343,-38.65182666449097,-45.7915222169134,74.53676622785892
2022-09-21,270,116.2012833206742,-22.686874163265298,-23.89437503200557,67.81637858980534
2022-09-22,246,105.08206431070964,-33.79812563069256,-37.28066389256109,65.60947901676124
2022-09-23,257,112.45672743979131,-26.416021823920676,-29.111660000639645,60.39334956776017
2022-09-24,306,103.14333598816317,-35.722152207010765,-35.635398334637856,72.60990091025883
2022-09-25,298,89.38973141868642,-49.468002671964896,-47.712952291641464,57.82327568258529
2022-09-26,333,117.44979604543508,-21.400563604323377,-25.819615679293648,73.51724618501649
2022-09-27,332,106.23200412428523,-32.61081190335968,-34.960551546318314,70.56116994676209
2022-09-28,310,109.77712321619833,-29.05774742300267,-45.7296696913619,103.74492298571619
2022-09-29,377,105.2325508502181,-33.5950638640576,-37.55988974854404,76.92917757227438
2022-09-30,0,,,,
2022-10-01,0,,,,
2022-10-02,0,,,,
2022-10-03,0,,,,
2022-10-04,0,,,,
2022-10-05,119,99.4809207948316,-39.29896700507217,-31.628090222071407,48.18632198941165
2022-10-06,428,110.34609004938714,-28.4290654727411,-27.706185427300724,70.16533622788631
2022-10-07,92,123.17256071671196,-15.597985184654382,-12.998776899013812,55.5636609178713
2022-10-08,0,,,,
2022-10-09,0,,,,
2022-10-10,0,,,,
2022-10-11,1372,140.7447889144497,2.008420938329055,-15.578361276568955,119.57775805570866
2022-10-12,1728,148.66813240757696,9.938349303335077,-0.8678194160722796,125.11965284060534
2022-10-13,1743,144.02258183123118,5.300298620601465,-11.313527953412347,123.4671457957885
2022-10-14,1320,144.3692931874593,5.65388711023988,-8.040971200243519,119.7974258923264
2022-10-15,505,127.71570485936533,-10.991739723204784,-6.729229595471992,87.9876646791594
2022-10-16,469,121.62804605772754,-17.07183389908343,-17.828266504020235,62.83953653741342
2022-10-17,534,129.27596009786654,-9.416259146396746,-10.631210154441803,82.5720462515901
2022-10-18,568,128.0930655788368,-10.591581089004531,-7.356324986942127,58.8827119202864
2022-10-19,508,118.90380048376369,-19.773206120671272,-23.682247447046578,87.3366305056731
2022-10-20,557,128.8866938428348,-9.782859097149068,-7.343680201887707,67.66786803309148
2022-10-21,469,124.48667013009728,-14.175002372217623,-15.83283277898174,74.82494295738861
2022-10-22,506,146.30486138385274,7.65085439729079,12.600727351288782,60.036806083329154
2022-10-23,549,132.0048990440716,-6.641851997515321,-2.7489649620551972,75.13690925451287
2022-10-24,572,126.85920750544621,-11.780058180692617,-10.579677052014873,66.97235980423909
2022-10-25,546,137.79074899862098,-0.8408199851261539,0.530476697356022,73.26329352113271
2022-10-26,581,133.94779334798739,-4.676583743573639,1.196447629728766,72.74468865821423
2022-10-27,599,140.2095258047266,1.5925723707741009,4.469341891127783,74.65908288886659
2022-10-28,539,135.5412866086376,-3.0678800940149853,-4.017260449367797,75.19009373298601
2022-10-29,574,117.85293756677714,-20.74896500843684,-22.30631735860642,82.11441782845822
2022-10-30,622,138.49025811689077,-0.10407331538267539,-1.3894626288111027,76.35061721658431
2022-10-31,0,,,,
2022-11-01,648,149.56801479480885,10.988911521885592,11.36700570115326,62.34743445228175
2022-11-02,637,138.94002664946314,0.3684496451684183,1.8993350726743756,67.76494588080773
2022-11-03,582,125.63371594615818,-12.930082991871346,-9.852578233853222,70.48350922809529
2022-11-04,575,152.05675346042798,13.500645632496987,16.29096573457207,61.77882275926315
2022-11-05,660,139.14092839558919,0.5920810065757665,-0.6908515110625615,70.1199591352917
2022-11-06,578,128.50053594252643,-10.040687331105428,-15.055479552359117,77.34859394588347
2022-11-07,655,141.13573179754593,2.6018308512212815,5.8588939686810875,65.80965800110339
2022-11-08,629,132.09817077442648,-6.428218812709669,-5.891508661480458,69.82987565930823
2022-11-09,1617,154.1295196117998,15.611111400960267,3.916080131287117,121.80852843922905
2022-11-10,1793,149.2597789179328,10.748436264919691,-6.534044138718855,126.25919202006361
2022-11-11,1630,148.22773979327428,9.724251920274162,-13.056508967829302,129.50143536343083
2022-11-12,1623,153.73765762526537,15.241453254622582,-6.520765152155889,130.39254454631654
2022-11-13,1842,149.42186796372667,10.93316826207815,-1.6102780199109645,126.1251356980314
2022-11-14,1625,147.34936250563402,8.868199554317924,-7.809704020708352,126.09323056963856
2022-11-15,1726,149.36467924681628,10.89113458915714,-0.61525311256338,122.79347732020288
2022-11-16,1825,145.91515403266803,7.449148486033452,-16.289456513951663,130.18242194307163
2022-11-17,1205,152.30011031154774,13.840299094382218,0.7062044122437499,128.65795240036454
2022-11-18,0,,,,
2022-11-19,0,,,,
2022-11-20,0,,,,
2022-11-21,0,,,,
2022-11-22,0,,,,
2022-11-23,0,,,,
2022-11-24,0,,,,
2022-11-25,0,,,,
2022-11-26,0,,,,
2022-11-27,0,,,,
2022-11-28,0,,,,
2022-11-29,0,,,,
2022-11-30,0,,,,
2022-12-01,0,,,,
2022-12-02,0,,,,
2022-12-03,0,,,,
2022-12-04,0,,,,
2022-12-05,0,,,,
2022-12-06,308,164.83975448608396,26.527502857449345,-4.046681377309682,139.0497974339495
2022-12-07,1881,147.20502661989445,8.89719374272658,-38.993436895562084,137.31773672028368
2022-12-08,1420,145.8580156030789,7.5570729720272345,-5.668457365407605,121.39553013083038
2022-12-09,434,169.59960652012978,31.303978533016377,14.263537515932725,134.9740773345537
2022-12-10,0,,,,
2022-12-11,0,,,,
2022-12-12,0,,,,
2022-12-13,0,,,,
2022-12-14,0,,,,
2022-12-15,0,,,,
2022-12-16,339,168.52640259329195,30.289553280112106,6.809203723433228,139.22960819025
2022-12-17,1910,144.14318533373128,5.910523741427913,-16.056369929593572,128.73920649426424
2022-12-18,1873,129.020632323567,-9.204331284441164,-57.85811936573613,124.59519710866873
2022-12-19,799,142.75629477184617,4.537064292135391,2.9056520941807094,120.36782180370682
2022-12-20,109,129.6529952582963,-8.553760138877115,-15.37524252301914,79.78500332744991
2022-12-21,680,135.09370685353,-3.108494202077884,-2.3039662921745787,53.45168756592414
2022-12-22,709,126.80252093703858,-11.392256729514422,-14.712794757947492,72.1878543958219
2022-12-23,144,131.63388815985786,-6.556331209933969,-7.518734338976003,51.8765146482687
2022-12-24,0,,,,
2022-12-25,0,,,,
2022-12-26,0,,,,
2022-12-27,0,,,,
2022-12-28,0,,,,
2022-12-29,0,,,,
2022-12-30,0,,,,
2022-12-31,0,,,,
2023-01-01,0,,,,
2023-01-02,319,112.74453640641836,-25.364229358513043,-87.80027257908914,123.52558013498475
2023-01-03,1446,137.5797200689672,-0.525392257405869,-37.159360164210526,127.73657330432414
2023-01-04,692,137.95148476837687,-0.145307112576051,-7.748955264635853,60.90781605987944
2023-01-05,535,139.74820531542056,1.6589132028151787,-7.4177225737461185,63.97958348242308
2023-01-06,224,121.42870334897722,-16.65134777873814,-15.57665546429773,49.25379955454074
2023-01-07,669,130.36436120277028,-7.709763470107781,-17.201486250716982,69.59465695146501
2023-01-08,622,126.8337697608678,-11.2330009417799,-21.11306250876906,68.60197237414614
2023-01-09,664,127.19561028078378,-10.863692816493321,-22.741158447475165,79.5262132159954
2023-01-10,650,127.8213371957632,-10.230537258097952,-17.182018697562896,62.74638784508151
2023-01-11,267,129.37751230532757,-8.66680779371099,-13.903372449989007,64.8515215711397
2023-01-12,1310,152.97750747098266,14.941566975418407,-12.917815389766147,126.82415841166626
2023-01-13,385,149.74841160365514,11.716385059057192,-21.73475920756168,127.82125921935003
2023-01-14,0,,,,
2023-01-15,0,,,,
2023-01-16,0,,,,
2023-01-17,787,183.57008035700989,45.57359947635175,38.410324914728534,129.69349866835577
2023-01-18,1841,153.34582439466124,15.354441766657432,-14.502658035481986,134.3194216181953
2023-01-19,1867,138.9445073508297,0.960671434440657,-14.500696039972766,120.77517105915912
2023-01-20,319,127.05905972184806,-10.92028984549337,-78.52429539618299,137.64860104312268
2023-01-21,0,,,,
2023-01-22,0,,,,
2023-01-23,429,131.5949251615084,-6.355782260977772,-45.17344917429216,114.08117673246065
2023-01-24,1573,135.005024004316,-2.9414025153617716,-36.02382216512656,123.5716890586994
2023-01-25,1914,143.89417349278244,5.955493672350308,-24.5827916783115,128.0721244584711
2023-01-26,903,134.70285917263095,-3.230179342878946,-38.62145294199648,125.18181562247555
2023-01-27,640,156.39294211864473,18.47182372733281,15.618513205539685,128.21861429514396
2023-01-28,4,9.637059783935547,-128.28274461253787,-129.09944590239868,2.9401166394303018
2023-01-29,1873,139.77717717583653,1.8686736642368675,-36.636508920398114,127.98066493550624
2023-01-30,1808,128.0961397829309,-9.80479574432184,-53.619254618900555,120.2407545304809
2023-01-31,1794,124.35618387858072,-13.537154239221893,-73.53883137769017,126.5859918581333
2023-02-01,1808,143.3977005460621,5.51186448654663,-11.135444047023128,127.31270046269813
2023-02-02,1823,130.10680305116855,-7.771582424164482,-38.570550857862386,117.68399091589245
2023-02-03,1634,122.99081878475343,-14.879820002401955,-63.05895497237187,118.96389191457979
2023-02-04,1681,126.58548494301546,-11.277775534370797,-55.53742669267524,121.59396647772962
2023-02-05,1778,153.361006595367,15.50548658511659,-4.24112366154003,130.89471420607657
2023-02-06,1937,135.69784311147836,-2.1503708896144125,-40.49650393531081,125.2219574595993
2023-02-07,1884,149.43979732894087,11.599152474953254,-16.969460418964047,133.5640998797948
2023-02-08,1937,148.07795232281464,10.244794171854208,-16.963256023498502,129.1237506751402
2023-02-09,1832,127.87916844297183,-9.946622711060106,-46.35440354946625,119.25181168595105
2023-02-10,1402,149.093300109515,11.274948459874324,-4.209537905941744,125.37764828486773
2023-02-11,1833,137.16424953795755,-0.6463447789785978,-35.23020021334524,125.2153233845571
2023-02-12,2029,158.50242755527037,20.699452755803264,11.16415490537824,126.31881193078652
2023-02-13,1859,141.34120044595392,3.545859950634479,-16.27089151154611,124.25726326345695
2023-02-14,1942,134.52217815803817,-3.2656901895279185,-53.830583412414946,126.44804046823457
2023-02-15,1818,129.96904210257452,-7.81140098983028,-38.79452103518462,115.53266746716633
2023-02-16,2004,149.5134775660471,11.74071931774299,-3.8336070903217063,126.53370574043173
2023-02-17,1590,143.463059726931,5.697898576066426,-16.566310436769633,128.24556328800722
2023-02-18,794,158.0744414937286,20.314444443809183,19.04610196549872,128.73903140521833
2023-02-19,0,,,,
2023-02-20,0,,,,
2023-02-21,0,,,,
2023-02-22,491,99.13107704426751,-38.594019006976495,-92.64296963531919,102.7857912317591
2023-02-23,1268,118.59771904448982,-19.123789325338496,-50.82376269503328,105.33282865481648
2023-02-24,1233,130.49077313276973,-7.220556792274659,-71.72142388998509,122.56887045758467
2023-02-25,300,123.39574470011394,-14.312459657112361,-49.17789328517905,109.61308293257798
2023-02-26,0,,,,
2023-02-27,0,,,,
2023-02-28,0,,,,
2023-03-01,0,,,,
2023-03-02,0,,,,
2023-03-03,570,130.1126292232045,-7.547145669889944,-29.202114778151383,115.87224573072137
2023-03-04,0,,,,
2023-03-05,0,,,,
2023-03-06,0,,,,
2023-03-07,0,,,,
2023-03-08,284,130.43503904745612,-7.183946025104494,-81.75630635680687,137.51806550353948
2023-03-09,5,417.23568664550777,279.61728468514195,282.4920712370336,16.571400721263824
2023-03-10,0,,,,
2023-03-11,0,,,,
2023-03-12,0,,,,
2023-03-13,0,,,,
2023-03-14,0,,,,
2023-03-15,0,,,,
2023-03-16,0,,,,
2023-03-17,0,,,,
2023-03-18,0,,,,
2023-03-19,0,,,,
2023-03-20,0,,,,
2023-03-21,0,,,,
2023-03-22,0,,,,
2023-03-23,0,,,,
2023-03-24,0,,,,
2023-03-25,0,,,,
2023-03-26,0,,,,
2023-03-27,0,,,,
2023-03-28,0,,,,
2023-03-29,0,,,,
2023-03-30,0,,,,
2023-03-31,0,,,,
2023-04-01,0,,,,
2023-04-02,127,132.57548679141547,-4.857142767885025,-30.93502025620596,117.79763352635689
2023-04-03,0,,,,
2023-04-04,0,,,,
2023-04-05,0,,,,
2023-04-06,0,,,,
2023-04-07,0,,,,
2023-04-08,0,,,,
2023-04-09,0,,,,
2023-04-10,0,,,,
2023-04-11,0,,,,
2023-04-12,947,134.80810384136066,-2.548663463111471,-21.71126475356617,116.11933283467056
2023-04-13,1543,127.27562607711425,-10.076042146616212,-34.7724142549384,113.89711698908015
2023-04-14,0,,,,
2023-04-15,0,,,,
2023-04-16,0,,,,
2023-04-17,0,,,,
2023-04-18,0,,,,
2023-04-19,0,,,,
2023-04-20,0,,,,
2023-04-21,0,,,,
2023-04-22,0,,,,
2023-04-23,121,104.71578674316406,-32.55623565835466,-75.20290647820258,97.53766933324029
2023-04-24,1247,137.8788668365601,0.6095438125085976,-13.786340424630268,111.18464450324409
2023-04-25,0,,,,
2023-04-26,571,138.5031629893074,1.2515960255556207,4.528159895676396,109.06818597090698
2023-04-27,1571,123.9134018303709,-13.332792126163268,-40.54873603701215,111.05090167546506
2023-04-28,0,,,,
2023-04-29,1485,127.74177652994791,-9.48781097193731,-23.546700565852007,109.00299497934877
2023-04-30,1947,125.99411407298287,-11.228782772607644,-23.537660752417224,106.16488892711929
2023-05-01,1682,134.13146438870788,-3.0840799734685818,-21.89663846655987,115.31948929435997
2023-05-02,1987,135.1189223052871,-2.0888400441088986,-24.832925240321558,117.55552764358752
2023-05-03,1624,133.65194621532422,-3.5489564482973246,-30.377347145911074,117.91223646806806
2023-05-04,0,,,,
2023-05-05,0,,,,
2023-05-06,85,147.39032610724954,10.210460850040151,-7.814614721176866,129.24258015103055
2023-05-07,536,146.54888850539479,9.37796968579285,2.976016215843373,121.61463269550697
2023-05-08,820,130.98592857546922,-6.1765728309034085,-48.95921470456967,119.72884209207564
2023-05-09,1978,120.5544963871384,-16.600475863933273,-49.27967804857572,107.79441840394396
2023-05-10,2054,147.52194115212504,10.374440319148404,-3.5322901430510996,122.67479171221032
2023-05-11,809,139.76896477735824,2.6267784780011696,4.638001033164585,113.69386881339467
2023-05-12,0,,,,
2023-05-13,1556,135.41305593573955,-1.7109817053458245,-21.805754433733576,116.9916978945689
2023-05-14,1992,137.17378170365788,0.05651379403760012,-19.839574212661134,115.3810621519422
2023-05-15,1567,133.8920986445755,-3.218186932196176,-27.99899186793988,113.2198269962295
2023-05-16,1743,146.39312029787678,9.290769713734887,-14.269484370178802,120.1479107082905
2023-05-17,988,153.82263104519862,16.726500814253804,-7.729627707132522,122.45608622776808
2023-05-18,706,134.5384815162032,-2.546546022564217,-16.212209513548373,113.11927578318604
2023-05-19,1189,135.86151069660363,-1.2169319379646633,-20.129319293150616,120.0581318792154
2023-05-20,1442,132.49614915146742,-4.576816452876852,-29.269094986536764,111.54924706221756
2023-05-21,1887,127.36503298971219,-9.699484873217902,-49.515462104066586,118.30385721927537
2023-05-22,1970,130.62987690882028,-6.427271654881949,-27.292554745418812,113.15753886244408
2023-05-23,988,144.42628283481366,7.3773390837452855,-8.00851064777622,116.17996948698928
2023-05-24,1860,131.14585869409706,-5.896266152404616,-42.30298058187225,117.89688068520014
2023-05-25,1907,136.1883836063091,-0.8460442437336485,-23.999497899389283,116.64020950834993
2023-05-26,1633,133.95760160167015,-3.0691485108582217,-32.48562554807398,118.83590891119925
2023-05-27,1793,152.75724079155484,15.737990402160898,4.104218207570881,126.24712330215334
2023-05-28,1946,138.21753268736853,1.205676789487789,-19.407485123701264,114.00349674275904
2023-05-29,1755,139.29002003379017,2.2856850506888655,-5.6799686192518095,112.70897252358878
2023-05-30,1946,136.57976803755096,-0.41700784850186234,-34.09438034659224,118.70832454612396
2023-05-31,1891,144.6852039904017,7.696001464775332,-10.237830751220073,120.37706907391771
2023-06-01,3,199.92815551757812,62.942697739878106,132.85221268403836,130.82381135649604
2023-06-02,1502,140.95045452295702,3.976105417003753,-18.387982017773012,121.22825990261238
2023-06-03,1367,83.53162007307431,-53.434192158912275,-108.8696994294498,109.21404984697884
2023-06-04,1599,75.73949984036959,-61.21985861750692,-106.24938888447504,98.95112362758516
2023-06-05,400,125.04166739654542,-11.906950132830689,-73.24596231791952,120.25834917163583
2023-06-06,1342,137.2956651781426,0.3504232552538443,-14.438379265684674,115.98033470033818
2023-06-07,915,136.753600343798,-0.18086268843408823,-32.396545527257985,120.4647901078814
2023-06-08,1337,136.14761310312048,-0.7826332815198457,-34.35310650216205,122.98976884586925
2023-06-09,7,351.6010092599051,214.6790717145315,251.8272858699888,148.87971323503146
2023-06-10,15,368.84349039713544,231.9286288639933,264.9006587507933,123.73131273326696
2023-06-11,1,156.15303649902344,19.243804824078694,19.243804824078694,
2023-06-12,1122,129.3600362441119,-7.537782100610549,-55.552468199916234,121.36471303155274
2023-06-13,1188,136.45599283289027,-0.4363338033708737,-29.088949009851376,120.10016806449933
2023-06-14,683,143.00356891682347,6.122271742960793,-8.824085438429478,120.76846334675928
2023-06-15,1279,122.52875115437094,-14.347562673300843,-66.3125309206797,120.84222731036145
2023-06-16,1273,153.11257730560422,16.24358476541008,0.9871372801493692,122.86093471477226
2023-06-17,1278,147.18390693485455,10.32272517547607,0.34535722830933935,123.88718185895884
2023-06-18,1466,119.09201582925544,-17.76177315919377,-70.86214293869612,117.20015428464711
2023-06-19,624,123.29761505616017,-13.547758853428855,-54.5250226183543,118.77955252898273
2023-06-20,1550,137.6026711858934,0.7646964087320497,-30.991034368723163,119.3264653845278
2023-06-21,1836,133.1459396727984,-3.6850762999852438,-40.461450194948156,118.13295263378015
2023-06-22,1537,126.91889667300025,-9.904136560554587,-57.76456932247535,116.65947342957098
2023-06-23,1766,137.84711799664782,1.0314946865747754,-25.419093420061785,120.07828001456899
2023-06-24,2062,142.27404810020232,5.46577565359654,-13.649952542321216,119.52554956116846
2023-06-25,448,125.03968398230417,-11.762854409818742,-41.41277498155285,116.03798773778618
2023-06-26,1914,125.1689582386236,-11.624533565164626,-53.81662411080069,117.73236538321775
2023-06-27,2022,146.30449100271767,9.51871107254971,-7.417937462043426,119.5919944955037
2023-06-28,1233,122.22971703250138,-14.547778495066058,-49.22486420465245,110.47688710120146
2023-06-29,2020,141.26160396160466,4.490941927705258,-20.470612280038807,125.74057354127166
2023-06-30,1647,118.23475222468882,-18.52816036257272,-51.8236056190714,107.67856751535693
2023-07-01,454,126.91157935726484,-9.847051418123915,-20.133851387498815,102.12724518701134
2023-07-02,1966,131.65901596985174,-5.089015345157929,-35.47656848716275,115.98182976810051
2023-07-03,389,141.92692062260252,5.183433423899104,-9.337744924533268,118.47069934973979
2023-07-04,130,159.68118041992187,22.94933695205162,35.75509125146685,120.8734878492478
2023-07-05,958,112.04100742539184,-24.682539954690426,-79.55396076957848,116.94125534094854
2023-07-06,1861,127.99395839848998,-8.72422191809881,-31.526811109213085,114.81337177765123
2023-07-07,1138,117.0829131570558,-19.62853478628727,-71.37433099357446,114.32067967769508
2023-07-08,1108,140.07908357420553,3.375835118163074,-18.771634424113508,119.74496781873088
2023-07-09,1822,123.33371016568331,-13.361475690736425,-57.63939702629382,116.15188029316981
2023-07-10,5,236.5163146972656,99.82472603245807,114.8520056955426,103.75060737604728
2023-07-11,0,,,,
2023-07-12,0,,,,
2023-07-13,0,,,,
2023-07-14,0,,,,
2023-07-15,1706,105.38589329959919,-31.264453114907525,-85.03583420241623,106.94300115099415
2023-07-16,445,90.72894448269619,-45.91521778580433,-98.0977056836011,105.14861276788017
2023-07-17,2081,142.41018533188813,5.77504659033734,-8.575107972425684,121.56514908000113
2023-07-18,2116,127.23012383935131,-9.397335851056077,-29.47390740733786,110.65363069156679
2023-07-19,1225,130.3818519013074,-6.237679311719532,-35.34656302081265,116.529331935437
2023-07-20,1836,122.96761597942943,-13.645031310742453,-50.36729362886767,114.67460533036112
2023-07-21,1536,121.22124696969986,-15.383596082873288,-39.255610975940954,108.78584037526086
2023-07-22,492,143.98221482067575,7.381931169251554,-13.115787883125286,120.96111056734125
2023-07-23,1887,118.4305862159911,-18.159067057247196,-60.79766206834407,111.22928407939783
2023-07-24,5,207.1151153564453,70.52901693815511,54.848377289717604,88.46575824021393
2023-07-25,0,,,,
2023-07-26,0,,,,
2023-07-27,2029,125.47216609768707,-11.087683943662451,-33.97982588907534,111.59259636723078
2023-07-28,1667,130.1432732429344,-6.408502760878687,-59.45926149961254,121.97758532906607
2023-07-29,4,392.6693511962891,256.1209301210809,298.9160078534369,111.32839754156977
2023-07-30,0,,,,
2023-07-31,0,,,,
2023-08-01,0,,,,
2023-08-02,0,,,,
2023-08-03,0,,,,
2023-08-04,0,,,,
2023-08-05,0,,,,
2023-08-06,0,,,,
2023-08-07,0,,,,
2023-08-08,0,,,,
2023-08-09,0,,,,
2023-08-10,1878,118.71912751934144,-17.735248847676925,-78.96138202622551,124.55572314115949
2023-08-11,1658,120.74746677412486,-15.698984002667473,-63.268958631171245,113.54088346042784
2023-08-12,5,96.43593383789063,-40.006997601279316,-16.87805150348919,50.56811926633489
2023-08-13,0,,,,
2023-08-14,0,,,,
2023-08-15,0,,,,
2023-08-16,805,111.0541533362347,-25.35337640341578,-73.68280652248765,106.5204836788788
2023-08-17,1964,121.88024671752682,-14.521263519945851,-53.097405826189416,110.63638967873437
2023-08-18,1496,109.49238979115205,-26.901369089636116,-78.89847760002645,109.69022533413316
2023-08-19,1871,118.16142794406713,-18.224981607880206,-54.06157210322584,109.40580902488415
2023-08-20,1846,135.58953966861944,-0.7894407724818766,-18.121595689632628,112.28015711175708
2023-08-21,2007,142.87521202342094,6.504027736072931,-4.389065094908062,116.65109596509257
2023-08-22,2027,132.29621066981252,-4.067517672555207,-18.10400540608991,108.97861099770455
2023-08-23,2058,127.47377136942248,-8.882481794511335,-29.204198781791817,108.56396015601425
2023-08-24,1967,130.50890619445707,-5.839895100554609,-27.889574534058852,113.85400252690755
2023-08-25,1617,138.96284032289674,2.621481624040163,-8.9333709951799,117.63863066897827
2023-08-26,0,,,,
2023-08-27,1879,128.48451028593428,-7.841431371841656,-14.797928417013978,106.94575967241627
2023-08-28,2020,141.37998502825747,5.061503267171377,4.15420234814556,112.50139236502598
2023-08-29,1894,122.78338242141096,-13.527545626629376,-36.675731147701924,110.03278385971232
2023-08-30,1753,117.91340093879242,-18.39014455877168,-71.6202925572251,114.39515063856884
2023-08-31,1919,123.16942248083515,-13.12674732563137,-45.48182202645488,112.12804887917525
2023-09-01,1715,135.7838246408357,-0.5044199021704736,-19.34043793627626,112.7737825504877
2023-09-02,1754,107.31419134542362,-28.96686571905927,-71.59912468645021,105.35495248314878
2023-09-03,2031,125.31129259178053,-10.962131730140582,-36.959031041970135,110.26678351269807
2023-09-04,2016,116.82471924585009,-19.44106713957659,-68.64331218951469,111.88446415816053
2023-09-05,1894,132.00734897279185,-4.251142764435201,-31.07032032773229,119.34765959007078
2023-09-06,1993,128.7630581868694,-7.487834393828606,-23.874460998617693,108.68927021385385
2023-09-07,1892,137.45077958217888,1.2073786440168948,-5.569164885290306,113.16266132653878
2023-09-08,1813,131.598881726862,-4.636569336583831,-15.36448093695978,108.96206644492989
2023-09-09,1980,117.44343724568685,-18.784795763687505,-47.696284398448604,104.10347188922468
2023-09-10,2006,125.9424654914042,-10.278173291260488,-30.04761577746598,109.2693823884634
2023-09-11,1112,140.47063418875496,4.256143228683551,-24.490071865884666,126.66299481008008
2023-09-12,0,,,,
2023-09-13,0,,,,
2023-09-14,0,,,,
2023-09-15,0,,,,
2023-09-16,916,135.65707669653747,-0.5173275028062361,-44.05026055252172,126.24902968048987
2023-09-17,1009,240.42611409424555,104.25827116225612,88.5886001276192,136.39958143641428
2023-09-18,1000,261.7347034118652,125.57465768488076,123.55019968512975,140.62914103520438
2023-09-19,512,132.72267968058586,-3.4313786462407183,-28.35140827978435,109.23809790791164
2023-09-20,1556,130.32684160247254,-5.817900041114234,-37.81380161389044,113.46639054681684
2023-09-21,1577,159.63900410634625,23.501122453298013,12.829881769711989,133.631971929035
2023-09-22,0,,,,
2023-09-23,0,,,,
2023-09-24,0,,,,
2023-09-25,0,,,,
2023-09-26,972,132.72282146877714,-3.3768266537237284,-32.871426669265276,116.07514633618804
2023-09-27,1287,135.73794834756444,-0.35419296360110447,-19.144241960698594,115.10349838625787
2023-09-28,1927,122.78217514030167,-13.302978933941073,-52.45351257585595,115.91737946640716
2023-09-29,4,19.110779571533204,-116.97046819428881,-118.44052816132984,6.563473951228136
2023-09-30,0,,,,
2023-10-01,0,,,,
2023-10-02,0,,,,
2023-10-03,0,,,,
2023-10-04,0,,,,
2023-10-05,0,,,,
2023-10-06,0,,,,
2023-10-07,0,,,,
2023-10-08,0,,,,
2023-10-09,0,,,,
2023-10-10,0,,,,
2023-10-11,0,,,,
2023-10-12,0,,,,
2023-10-13,0,,,,
2023-10-14,0,,,,
2023-10-15,0,,,,
2023-10-16,0,,,,
2023-10-17,0,,,,
2023-10-18,0,,,,
2023-10-19,0,,,,
2023-10-20,0,,,,
2023-10-21,0,,,,
2023-10-22,0,,,,
2023-10-23,0,,,,
2023-10-24,0,,,,
2023-10-25,0,,,,
2023-10-26,0,,,,
2023-10-27,0,,,,
2023-10-28,0,,,,
2023-10-29,0,,,,
2023-10-30,0,,,,
2023-10-31,0,,,,
2023-11-01,0,,,,
2023-11-02,0,,,,
2023-11-03,0,,,,
2023-11-04,0,,,,
2023-11-05,0,,,,
2023-11-06,0,,,,
2023-11-07,477,148.91539674514993,13.133818291966568,-4.455417773456361,130.30731085568146
2023-11-08,0,,,,
2023-11-09,0,,,,
2023-11-10,0,,,,
2023-11-11,0,,,,
2023-11-12,0,,,,
2023-11-13,0,,,,
2023-11-14,0,,,,
2023-11-15,0,,,,
2023-11-16,0,,,,
2023-11-17,0,,,,
2023-11-18,0,,,,
2023-11-19,0,,,,
2023-11-20,0,,,,
2023-11-21,0,,,,
2023-11-22,0,,,,
2023-11-23,0,,,,
2023-11-24,0,,,,
2023-11-25,0,,,,
2023-11-26,0,,,,
2023-11-27,0,,,,
2023-11-28,610,139.25350559922515,3.630594767884013,-30.1052335773405,122.42521775695255
2023-11-29,62,155.28891522807461,19.667410211620595,11.057815155297206,134.97068170184272
2023-11-30,492,173.6729110655746,38.06323633212717,21.522579520634338,128.82524971557115
2023-12-01,603,175.99979413034112,40.39691782398264,57.13929026898535,130.24090375381522
2023-12-02,0,,,,
2023-12-03,0,,,,
2023-12-04,100,121.62296127319335,-13.95480991988506,-82.3289602309198,118.44032271436038
2023-12-05,117,131.6492449116503,-3.9219575237633553,-26.460122399016,114.16302873472382
2023-12-06,0,,,,
2023-12-07,893,146.40238865492458,10.8467903042792,-6.191215923786643,129.22135331946092
2023-12-08,0,,,,
2023-12-09,909,159.33574058608252,23.79321204067566,5.583311829483819,130.23124193978268
2023-12-10,108,165.14278592710141,29.605328198258437,14.735491691594035,137.00126235962526
2023-12-11,139,89.74533957062864,-45.77898383704162,-84.56226698679936,91.92715922573922
2023-12-12,0,,,,
2023-12-13,602,137.16544024698757,1.6553149975075092,-25.091675966882043,125.77549990055164
2023-12-14,1041,153.33624532298327,17.829899578359015,-6.1417194262467945,130.89278936052767
2023-12-15,0,,,,
2023-12-16,0,,,,
2023-12-17,0,,,,
2023-12-18,81,175.1972701461227,39.724770856738964,69.0291066472179,137.2102860883866
2023-12-19,56,22.844265202113558,-112.62165065121073,-121.74537237292324,23.47963240620294
2023-12-20,0,,,,
2023-12-21,798,142.7583380524676,7.308461310871669,-17.5182938647285,126.40048974067736
2023-12-22,1617,150.30390901111423,14.85961177127326,-7.388544070280517,135.23111235399992
2023-12-23,1160,157.17475633818526,21.736385452679414,1.7685339345111544,132.55494307726659
2023-12-24,1699,152.99468125494315,17.56542280211457,-6.716539502425121,129.08160852492745
2023-12-25,1894,134.1588834124105,-1.263098047067953,-34.47809646022077,126.34614964405087
2023-12-26,1659,152.97524160945036,17.560823986191995,-5.3932374122957185,133.5302814009182
2023-12-27,1788,142.6791311635267,7.2722587725386845,-23.02851851208979,129.55860460059327
2023-12-28,1844,139.59510871407267,4.195847326481411,-15.506869182930515,126.20374339068032
2023-12-29,1411,119.71351555838473,-15.677735764227183,-75.27962283901509,125.2694714779491
2023-12-30,1851,135.8957001622724,0.5114069127358638,-26.927185254798076,123.07356387057835
2023-12-31,1852,141.629888271719,6.253206400555642,-19.40585041005035,122.51890275043652
2024-01-01,1448,146.1450776073814,10.775560699762147,-10.903287113530723,130.2402918955876
2024-01-02,1893,123.16439728089507,-12.1971365942892,-52.386868523257945,118.77154188036684
2024-01-03,1711,140.481943314428,5.127835116779167,-31.472101373435805,129.75505986460846
2024-01-04,1116,151.77798347883328,16.429903621796544,2.5126941425061915,125.3837117691896
2024-01-05,1129,136.79645121112347,1.4586109829240723,-42.558904262759086,128.48222312141343
2024-01-06,1854,135.85165460251167,0.5201829472139858,-32.756280024178906,125.8087598298499
2024-01-07,1283,140.59461539811858,5.269754232552348,-19.678556470434145,124.9785467068299
2024-01-08,1918,155.8529269332806,20.5365741084518,8.421591642549856,128.721885690871
2024-01-09,1875,148.8204209407552,13.511403617166621,-3.33376407349175,123.82915542150741
2024-01-10,1157,140.69545406252533,5.392645937378946,-19.002501803827116,121.65917308102739
2024-01-11,1130,154.37277508760977,19.080358149902427,-2.659154761894058,132.37178128511312
2024-01-12,1498,117.83770406032913,-17.447970657726174,-74.84987337105352,124.27054578538444
2024-01-13,2042,151.08805678887884,15.80930908985871,-7.8733363118340804,133.83686753229074
2024-01-14,1897,133.6308877577955,-1.6403263222657458,-30.081488892117576,121.56400097598949
2024-01-15,1878,148.27653486517926,13.012861624909728,-3.2861068649885112,127.80416423613914
2024-01-16,1729,144.6396923499827,9.383468924168204,-11.115633141150056,125.78897396995094
2024-01-17,1830,137.6950813718702,2.4464334656898648,-11.107407184767965,118.48323467920937
2024-01-18,1865,145.86673307280756,10.625672132463253,-9.79936334457824,126.5607142514105
2024-01-19,1457,132.52804166837024,-2.7052765694488614,-37.2329273416353,121.04193860786702
2024-01-20,1469,129.14467359196175,-6.080776107274601,-54.2074303391627,124.08660174762731
2024-01-21,1757,146.24182210541207,11.02346074640271,-10.423672679744953,125.01732799374781
2024-01-22,1863,148.59362990522155,13.382659129964141,-5.195598174780429,125.46532203461821
2024-01-23,1918,148.03543042450428,12.832049127512024,-5.835438208393128,128.14177772058932
2024-01-24,0,,,,
2024-01-25,0,,,,
2024-01-26,0,,,,
2024-01-27,0,,,,
2024-01-28,0,,,,
2024-01-29,0,,,,
2024-01-30,0,,,,
2024-01-31,0,,,,
2024-02-01,1144,135.70640989450308,0.5722177984884822,-52.4844116499716,128.5460991482082
2024-02-02,1,10.453759765625,-124.67807499662632,-124.67807499662632,
2024-02-03,1157,139.1272771573211,4.005295896184162,-10.983407010190831,111.48950760278368
2024-02-04,1834,135.67444031693555,0.561630082575198,-32.537717020681825,119.52230261206553
2024-02-05,1962,145.35161729165173,10.246106143770033,-8.355807595635596,122.97447576999508
2024-02-06,2026,131.06962434668884,-4.028103112093245,-39.7084903311617,118.16980521624875
2024-02-07,1987,143.76846151750294,8.678122540045617,-31.858263506666532,131.0071464498889
2024-02-08,1955,134.571770814081,-0.5111166082861285,-24.663864184082556,118.30536785648964
2024-02-09,1713,130.76887590059815,-4.306253209345367,-43.60325998756824,121.90156758997836
2024-02-10,1921,139.76427842814869,4.696492198967278,-22.036363667286153,122.29779424157114
2024-02-11,213,138.3773505125807,3.3150649256286244,-22.025792508374778,113.54132404638476
2024-02-12,0,,,,
2024-02-13,0,,,,
2024-02-14,0,,,,
2024-02-15,0,,,,
2024-02-16,1182,134.6767289602212,-0.3445962298924538,-39.95636873677232,121.33210510151852
2024-02-17,1757,148.70651759938482,13.691324741340086,-6.302870753419995,123.96189519688768
2024-02-18,1209,151.52547524628113,16.51698357661233,2.85057646517231,126.2746456606811
2024-02-19,1557,135.44148300063097,0.44092906651444463,-27.84957719188803,119.80000635053497
2024-02-20,1727,127.65299725380673,-7.339030166308467,-35.028822831040216,116.3483087727274
2024-02-21,1969,144.60691458419714,9.622143334485012,-1.7006794882767338,122.54683192760561
2024-02-22,957,142.74584382155845,7.7666055776818075,8.107268441153792,111.39582303198351
2024-02-23,1023,79.36886813256048,-55.599464889094996,-102.95608396454003,95.00160472460598
2024-02-24,1150,134.38933131740404,-0.5744898512654882,-40.22812122739619,123.65812617907585
2024-02-25,1973,139.8339386388486,4.8792399739731644,-14.08131310961707,121.81105082510905
2024-02-26,1967,139.7841599976889,4.836976887746341,-18.65290737873029,124.32730739283068
2024-02-27,1930,135.84809767965208,0.9083588758065996,-21.90628594626802,118.78844293279562
2024-02-28,2036,145.30392334344108,10.371914719938443,0.6401631017879623,117.50198622282228
2024-02-29,1843,122.06239283577747,-12.862348160860313,-55.86932064093324,113.59463484750202
2024-03-01,622,21.826635266270284,-113.09163248120382,-122.50360301086691,23.449542360305806
2024-03-02,1579,124.13260428469117,-10.776402677289553,-44.089155715332126,106.66262148754983
2024-03-03,2043,135.16300748357338,0.2609778183702628,-19.913408257388113,115.59277792469076
2024-03-04,1388,134.26971347380095,-0.6259078341324549,-25.783866055647024,113.94503111371542
2024-03-05,0,,,,
2024-03-06,886,133.19989552379462,-1.6776968784462205,-37.200606589752155,118.16739631382305
2024-03-07,1738,141.08628456984894,6.214320147946574,28.46580157843789,96.89181790733646
2024-03-08,1657,121.31834253047558,-13.545693581282025,-57.76513562889183,110.91989674354448
2024-03-09,1969,131.99265361764577,-2.86415321743665,-22.475246853424423,108.40976999885602
2024-03-10,1223,111.70585953969011,-23.144352539799996,-79.31498150437511,116.14704086989353
2024-03-11,1925,132.96299961635046,-1.8787571779224255,-10.05363851209512,108.18146797148121
2024-03-12,1929,125.94639908398538,-8.887805731741318,-29.640271273732324,105.74816670206276
2024-03-13,1827,130.25323158435373,-4.573399489753227,-5.459345288365,105.32457803913972
2024-03-14,1932,131.35342583350265,-3.465635959054686,-10.02969156193187,108.50934511284119
2024-03-15,380,128.90964447824578,-5.904911046311091,-34.84985904887724,111.67722088008507
2024-03-16,0,,,,
2024-03-17,0,,,,
2024-03-18,0,,,,
2024-03-19,0,,,,
2024-03-20,0,,,,
2024-03-21,0,,,,
2024-03-22,0,,,,
2024-03-23,0,,,,
2024-03-24,0,,,,
2024-03-25,0,,,,
2024-03-26,0,,,,
2024-03-27,0,,,,
2024-03-28,0,,,,
2024-03-29,0,,,,
2024-03-30,1911,127.27459352534207,-7.4239952855015705,-13.826138312275475,104.41224506982294
2024-03-31,1165,124.51975755159435,-10.172675491348546,-21.007435949130866,96.76179356224108
2024-04-01,0,,,,
2024-04-02,746,124.90999258823753,-9.763545764075033,-9.881740381860979,95.95305631121904
2024-04-03,1251,129.63267942774687,-5.037183536348166,-16.411152735020394,104.9221624326676
2024-04-04,490,127.84521509287309,-6.81566350785049,-13.462688891096612,92.73957671276888
2024-04-05,1156,135.44785509472487,0.7956168823472172,-13.128171948617222,107.84724333828011
2024-04-06,1759,139.28453713873017,4.6388257801688155,-5.933150895756313,115.81189778735153
2024-04-07,1866,131.7154122666403,-2.922910909717433,-11.47973307204353,111.40882725474849
2024-04-08,1966,136.18368341672942,1.5529287459301309,-11.799821188877544,118.57527550571052
2024-04-09,1677,127.7094751093028,-6.91388869223747,-28.780060518129076,110.11999596841726
2024-04-10,1825,133.94309306272743,-0.672565618671337,-16.360768337926416,117.29442768377139
2024-04-11,1934,134.65972264791841,0.051574029342385364,-11.776503076722719,115.03756821423218
2024-04-12,840,127.91077332269577,-6.691340455297846,-29.41095470861879,113.74213789481038
2024-04-13,1550,134.33081298828125,-0.2615677320868964,-18.295250649501043,111.49801148842892
2024-04-14,1966,128.0848111669748,-6.5007666972995155,-18.614264713983687,103.25800658295954
2024-04-15,1477,121.03526905346497,-13.54318661638721,-38.534579412278546,106.29625756166845
2024-04-16,1995,134.79913618580142,0.2287813281639719,-18.92227369909044,111.98630170677411
2024-04-17,1960,122.13764893512337,-12.425449701093518,-22.83901566449049,100.23601912201751
2024-04-18,1100,123.29912661743165,-11.254772850151136,-36.22322605867036,111.5039974520754
2024-04-19,1524,135.88858781949742,1.3409709363703357,-22.17193396375754,112.19865007026075
2024-04-20,1853,112.95405898940801,-21.586407687236672,-71.82094193981041,110.74198253323554
2024-04-21,2010,131.24571864948936,-3.2871366224769014,-14.641947440038663,107.89103753329172
2024-04-22,1826,133.14481791300946,-1.380468140073224,-16.593319814596093,111.0070880222884
2024-04-23,1942,128.72032803065008,-5.7973398548878725,-12.014366645124227,106.08715055512191
2024-04-24,1964,134.37758611146884,-0.13265221216637768,-17.232684545921245,115.93334008163079
2024-04-25,759,136.7347301096156,2.2296825798796176,-18.20766155166261,113.44679684624899
2024-04-26,0,,,,
2024-04-27,1230,144.07437576169892,9.586309305997803,-8.389314531467903,119.3670333730586
2024-04-28,1654,137.14239402318952,2.661946099328123,-8.052608712942941,106.17774829876541
2024-04-29,0,,,,
2024-04-30,0,,,,
2024-05-01,0,,,,
2024-05-02,0,,,,
2024-05-03,1255,114.05947345870425,-20.382889008369272,-57.347077092620495,107.32401446016192
2024-05-04,1132,140.13590491466726,5.700307197284774,-15.522134605514324,122.4804488617602
2024-05-05,1692,123.73564635112213,-10.691824851898255,-42.632311757051895,113.21851970118546
2024-05-06,1267,131.69818994391125,-2.723017429766807,-23.34962270697929,111.81915384551269
2024-05-07,1138,117.53073458814035,-16.87985834872545,-58.62009211361057,108.1905334125131
2024-05-08,1970,120.40927047806949,-13.995396625681432,-63.186165463228676,116.99311233397653
2024-05-09,1944,133.14394289966472,-1.2532446385520397,-2.420229154017946,102.64507692686874
2024-05-10,1850,125.42887147975613,-8.960848423160549,-31.81407077183627,112.1735956747547
2024-05-11,1837,135.54605544769834,1.1639807717998696,-5.667911027423173,110.35848326172164
2024-05-12,1687,133.11231791660782,-1.262422229778621,-12.193867845746112,110.50732936781938
2024-05-13,1954,129.96179409749433,-4.4051881733236415,-25.909350568410872,112.44224608494385
2024-05-14,200,143.49418678283692,9.131304484566918,2.5160275164306114,121.59868524788999
2024-05-15,0,,,,
2024-05-16,0,,,,
2024-05-17,0,,,,
2024-05-18,0,,,,
2024-05-19,1672,141.25822635449862,6.936223102610759,-10.181725413891371,120.46646218027354
2024-05-20,1830,122.5988954371051,-11.71539043356122,-54.6055510339897,112.8028268009677
2024-05-21,1219,136.16847504388122,1.8601705192885585,-6.250369952647247,109.16306144822885
2024-05-22,1351,139.4650327873089,5.166807169194851,-20.615987712843094,121.60505303698834
2024-05-23,2053,127.31863410604099,-6.9729493991238325,-34.983506071709016,108.41876407190935
2024-05-24,1424,130.37238747028823,-3.9124011332295674,-17.331166852508176,102.83917881311781
2024-05-25,1967,133.82420157513525,-0.4523164272893357,-19.287985101128072,113.99876478551481
2024-05-26,1578,133.47506874384234,-0.7943827275761797,-27.77150303501969,117.73595701487514
2024-05-27,1877,134.6986717163151,0.4371034459968796,-24.49516959092962,115.05218886946392
2024-05-28,2094,134.85580988959575,0.601889366172792,-13.383008888554443,109.34363564748831
2024-05-29,90,111.19460995144316,-23.05541060662053,-18.605134222299526,106.94628016827244
2024-05-30,1588,109.98212705559334,-24.256084987257708,-73.474856843636,108.30751859566548
2024-05-31,1943,136.57846549167132,2.3471259342233814,-16.63029652269404,115.90696347973082
2024-06-01,2045,135.5030270646895,1.279243647670822,-15.313279847444889,108.24998759754556
2024-06-02,1743,128.79363396842112,-5.422813599877934,-47.97085708765643,117.35363365052737
2024-06-03,1967,126.9906606607287,-7.218140422482712,-48.618247450710655,116.91910945022207
2024-06-04,1987,138.92136562214944,4.720182690559943,-6.795672448650521,114.82571366155011
2024-06-05,1167,135.51537087774727,1.3201621529262544,-23.125373343905864,118.40957919640847
2024-06-06,1619,132.9391844685244,-1.2463542010353734,-34.21908520982869,117.7573030585423
2024-06-07,1890,130.47875461961857,-3.699921114403972,-40.422105237209394,118.52580750075406
2024-06-08,1526,114.67709383783304,-19.494470091399474,-66.54852620092248,112.05673077991689
2024-06-09,1720,139.27051836590434,5.106851521259912,-1.2044276426884153,116.11752913514219
2024-06-10,1981,137.73296825980853,3.5768073584737254,-15.895547954062764,115.55792918802135
2024-06-11,1275,123.59879873477712,-10.551161300334037,-50.519645103857854,110.04717319475031
2024-06-12,1458,129.90526254703641,-4.234655717062567,-25.682563439970565,113.4110621070413
2024-06-13,1900,129.98218647525184,-4.151248753896613,-42.33774621729563,117.84905811977765
2024-06-14,1970,115.08919559227029,-19.03680813454074,-61.60304212525584,109.88263484630096
2024-06-15,2008,135.13846744826117,1.0200496338649663,-25.333354162513317,115.741532943578
2024-06-16,1742,149.2016163104437,15.090599581203865,14.20252289813918,119.2669374156098
2024-06-17,1940,134.55511079768544,0.4518534890414167,-29.5686387274133,117.58840708361612
2024-06-18,1982,127.64353179007799,-6.452144521304877,-45.89236106119922,115.49586718163388
2024-06-19,1714,129.9324881020616,-4.155582170352986,-33.795778791404196,114.44580848810034
2024-06-20,1939,135.25124523995032,1.1705656759002465,-23.66173352885265,112.23345846229287
2024-06-21,335,131.43847609790404,-2.6340481698703866,-28.885531446985468,119.6468834327991
2024-06-22,1902,137.34746741486398,3.2817894743509965,-23.975235438588598,122.7427596611323
2024-06-23,1877,147.73976487092153,13.681585476577867,11.644671259782257,113.73571236769396
2024-06-24,2,329.2934326171875,195.2391201739702,195.2391201739702,150.61046374062863
2024-06-25,2012,134.5324063674593,0.48942456067423246,-20.3566818845444,115.12885104961094
2024-06-26,1307,142.48196620109343,8.445245014157509,-22.314208289966757,128.01524793509898
2024-06-27,1469,128.95876176495224,-5.068594257670417,-39.29018768977039,115.66856524302999
2024-06-28,1854,133.42040835712848,-0.6000397922051612,-33.07601497766949,120.28530692276091
2024-06-29,1571,131.78948801916016,-2.2237089747426806,-28.82196617618355,109.44147110026587
2024-06-30,1133,133.62739859275447,-0.37943056094284205,-30.775482600111474,116.09236909565938
2024-07-01,815,140.74656754382548,6.7509411164732676,-11.817165579465168,120.4585235918107
2024-07-02,1026,158.15005103514673,24.15805874210197,4.193647664270287,130.55047153972552
2024-07-03,228,159.79523185596133,25.811474658903443,42.423805330944376,118.57545988417394
2024-07-04,0,,,,
2024-07-05,1817,124.23512469949338,-9.732238726056424,-34.654521538666145,106.86951058273807
2024-07-06,2043,136.7374035716232,2.777300643892428,-16.35396222687669,116.20490204555435
2024-07-07,1696,135.43697918046195,1.4842435718033393,-25.497694964421186,117.1465510015907
2024-07-08,1918,136.24395185675436,2.2989113357152937,-20.915674656212843,118.34082217619282
2024-07-09,1899,135.9862668616449,2.0486953950131697,-32.670241806517424,121.23779761049292
2024-07-10,1949,124.80382542147765,-9.126153224427302,-45.07371575219871,114.51613629579933
2024-07-11,1374,132.3315504537746,-1.5920418492361477,-28.73388490064991,115.95219700250303
2024-07-12,1846,118.72464080512975,-15.190113482913215,-60.084469198382735,112.09507888281759
2024-07-13,5,208.29116333007815,74.38001402867835,78.43084855420074,7.440853297112283
2024-07-14,1201,142.74582847322054,8.844444950397534,1.3434659986755264,117.84992184606979
2024-07-15,1064,131.00113330353471,-2.889179622241444,-24.453817659540142,115.30944950322446
2024-07-16,1866,135.91288252623008,2.02800878842144,-25.099668043187563,115.17436827691591
2024-07-17,1145,133.66661122151336,-0.2122259116206509,-29.341816191131983,116.50629418459415
2024-07-18,1710,138.99679669653463,5.127625982674721,-12.34410858712792,110.59879298418402
2024-07-19,1937,132.90057188870063,-0.9616454993044887,-4.497049499750489,100.83029979935858
2024-07-20,1058,122.72731256034288,-11.12899720071669,-37.8134725858133,104.58082771149473
2024-07-21,0,,,,
2024-07-22,0,,,,
2024-07-23,0,,,,
2024-07-24,2029,141.33796197657165,7.513468734187424,-1.1941093313436397,114.66953167684979
2024-07-25,2002,139.02926105876546,5.212309838553909,-13.59654048997308,115.61210428754232
2024-07-26,5,280.4221057128906,146.60891211383176,131.45096045367546,35.14019619652948
2024-07-27,0,,,,
2024-07-28,563,143.93996281191892,10.148259029038895,-4.4271630573834955,119.37307801220236
2024-07-29,1,1.306719970703125,-132.48386249564498,-132.48386249564498,
2024-07-30,1080,127.31989736768934,-6.457963343383574,-42.95979762660373,120.90175229973089
2024-07-31,5,244.35663452148438,110.58111756781537,109.27439498076885,14.963229303932726
2024-08-01,0,,,,
2024-08-02,0,,,,
2024-08-03,0,,,,
2024-08-04,0,,,,
2024-08-05,0,,,,
2024-08-06,0,,,,
2024-08-07,0,,,,
2024-08-08,0,,,,
2024-08-09,0,,,,
2024-08-10,1754,138.97309585797473,5.276504424778664,-14.78380888537528,115.5815113812174
2024-08-11,5,69.38683044433594,-64.30580137793336,-64.43646814231614,5.090339930265621
2024-08-12,0,,,,
2024-08-13,0,,,,
2024-08-14,0,,,,
2024-08-15,0,,,,
2024-08-16,0,,,,
2024-08-17,0,,,,
2024-08-18,0,,,,
2024-08-19,0,,,,
2024-08-20,0,,,,
2024-08-21,0,,,,
2024-08-22,0,,,,
2024-08-23,0,,,,
2024-08-24,0,,,,
2024-08-25,0,,,,
2024-08-26,2015,130.96511738135857,-2.6107702973255247,-30.345358275460995,116.86611168055585
2024-08-27,1882,129.95927228289128,-3.609102730897893,-26.745141927242372,109.75298691188185
2024-08-28,1239,123.10377874120384,-10.458469036871355,-33.59881066747276,109.26146875248317
2024-08-29,1702,128.24051519768219,-5.312153197739511,-28.359084541206897,111.06900464973367
2024-08-30,1971,127.57326082319611,-5.9724479434951565,-38.80673994287818,112.97538743309683
2024-08-31,1736,127.35815221373386,-6.1801414428624355,-21.486725912133814,108.0885244525891
2024-09-01,1589,146.28808195619482,12.757385097691516,-0.24678395168189127,118.32413084419113
2024-09-02,1787,136.64839456362904,3.1253107266835327,-19.839376306303933,112.98189602484186
2024-09-03,876,128.40612077408184,-5.10775694101666,-24.07647142407101,107.75592357534828
2024-09-04,1929,122.02454565195545,-11.483537009372476,-38.7672570615853,105.4033099284264
2024-09-05,1749,129.21958790905072,-4.280842826469808,-24.386425965334098,110.54856129770022
2024-09-06,1643,135.4471320089014,1.9534854468762097,-10.00785617422018,110.98876322184078
2024-09-07,0,,,,
2024-09-08,0,,,,
2024-09-09,0,,,,
2024-09-10,1162,108.60957099008478,-24.851741501116088,-72.04524703032732,103.11354790606676
2024-09-11,1979,132.4993581208031,-0.9558606767131744,-24.99768114500276,117.5160477462574
2024-09-12,1908,133.8644892838516,0.4167344125394336,-19.1103955091165,110.92955142821903
2024-09-13,1899,125.76921676949114,-7.671150422694793,-33.47954084078951,104.5306905694483
2024-09-14,1879,124.36267459335448,-9.069996166995429,-29.551882838881767,104.69664102926275
2024-09-15,1,3.2667999267578125,-130.16210252912217,-130.16210252912217,
2024-09-16,861,131.0256158312577,-2.3899089218131655,-17.118637353346983,115.17897186775356
2024-09-17,1983,133.91803972068246,0.5079153797905803,-39.32867753779628,120.78242839509005
2024-09-18,1920,134.38559994538625,0.9830801571675314,-10.56948460608136,107.39791588265572
2024-09-19,2016,130.08799176594567,-3.307001906435862,-24.283909584931187,111.29123017849889
2024-09-20,1571,136.88910618617533,3.5013100512196824,9.697179358076909,108.07956443256911
2024-09-21,1864,118.4740745970108,-14.905995831383688,-55.6310739300922,103.4314061653853
2024-09-22,1664,135.6314862379661,2.258953332448571,-16.422838019270614,118.61695946671847
2024-09-23,2,5.880239868164062,-127.48838274586032,-127.48838274586032,2.771973507224366
2024-09-24,1493,132.74148090871003,-0.6167101525060088,-25.554037166334467,115.69991226490886
2024-09-25,1462,130.2371685711695,-3.111585591947025,-20.6453751948724,105.46902239976738
2024-09-26,2020,137.15222841017317,3.809992803142705,-7.897635246330502,114.3342493441015
2024-09-27,1900,144.0063866239849,10.671726790806845,11.060286706544332,115.60779629415993
2024-09-28,2011,127.1127933708961,-6.214460954830046,-35.97862819750199,111.46410688960876
2024-09-29,1706,114.71637942100605,-18.6034895038459,-69.28999031714133,107.12925316947744
2024-09-30,1090,117.61378855574021,-15.699779186180663,-42.49689654347695,104.20830511619128
2024-10-01,1099,126.34757438291736,-6.95545363630113,-30.07383046311591,108.1754997838324
2024-10-02,353,136.94832486160755,3.648253100531068,-5.241768558249191,118.89725150556349
2024-10-03,853,141.38771359442546,8.097369262445042,8.489732679980904,113.13488825656039
2024-10-04,1987,139.4122898587523,6.130450325169852,-17.638196954237472,115.04378822907105
2024-10-05,1713,136.92335151275972,3.6489479140852126,-26.773877024509247,118.38786975233783
2024-10-06,599,151.18575540838734,17.921557635347305,35.95636018669637,115.15114799008813
2024-10-07,1907,135.97904802631444,2.719668173277112,-21.536519037380373,119.07457639755481
2024-10-08,2028,138.13892230724207,4.886978167843091,-10.421777966856624,119.18578527002562
2024-10-09,1194,135.60721793118833,2.3614052104414536,-34.262328712837466,116.86010496133511
2024-10-10,1703,130.6627894134432,-2.5735145739375755,-30.007762485946017,112.80143066259832
2024-10-11,2077,141.43277626092697,8.203564159669586,-5.173590936618581,115.31394162724244
2024-10-12,2008,140.2107925536623,6.989108040742708,-19.211505103600587,120.79851340961321
2024-10-13,373,138.25132322746052,5.0341131235775505,19.668459205970123,99.61317494019337
2024-10-14,176,143.62782859802246,10.421848348451194,17.393549458966106,101.79461786110332
2024-10-15,621,141.20361293725153,8.00505857476624,-0.5653255698881594,105.65060393415966
2024-10-16,0,,,,
2024-10-17,1112,143.032369383119,9.84677514396639,11.533821021150146,111.36342078245185
2024-10-18,1750,133.7655632638114,0.5887674487022161,-38.11209025149263,119.45315134429772
2024-10-19,505,133.58300690603727,0.4168669498880884,-33.20219777037728,122.23090738815667
2024-10-20,459,137.94721032768032,4.782869657023614,4.041825321993656,108.90915025950878
2024-10-21,113,181.66876760837252,48.51537581045609,58.28121831602189,139.43153548735816
2024-10-22,1160,153.19545608257425,20.05065099273235,14.840800648515923,121.712644988661
2024-10-23,1984,136.77221903031872,3.6334481992207004,-19.128287347813,116.08128348239681
2024-10-24,1208,123.45474902020385,-9.67806836441479,-59.957177358913995,116.9685162353932
2024-10-25,2031,147.92893604333034,14.805190184774007,9.310818906055687,121.60930901098709
2024-10-26,2031,133.06539849375693,-0.050811161674985464,-36.41825608202616,116.53226349945847
2024-10-27,1717,134.28507398406504,1.176104404510046,-37.71806794824633,124.64296891024004
2024-10-28,1960,129.06593155530035,-4.035253683396016,-52.41252610263562,119.9493817481738
2024-10-29,1557,134.58628219771094,1.4927739928696309,-27.90454511544435,118.41302150347956
2024-10-30,615,151.47646632745014,18.38965088758081,26.332240256864253,116.14253960586346
2024-10-31,59,157.67016053280588,24.590334990879878,38.7523600735278,121.403519578122
2024-11-01,340,160.5689813411937,27.50065046981451,9.36508281634734,116.67677808416443
2024-11-02,799,134.0254755433122,0.9624583097618569,-29.835437063315112,120.80403852048559
2024-11-03,1143,131.51341955363492,-1.542492099758333,-37.6672899659759,117.15445158813517
2024-11-04,2064,134.43989624940147,1.3915357981209189,-35.044191533258896,119.72492263226145
2024-11-05,1954,132.1609489714233,-0.8799252195334696,-43.85973918328904,122.63429704765464
2024-11-06,1960,144.05020946424833,11.016810650665592,-16.737069038188253,124.96363756397253
2024-11-07,1896,136.05946015627575,3.033552466511331,-31.75727079613941,122.29311090417274
2024-11-08,1375,140.39731984863283,7.378453170449561,-30.443996014452452,127.65132710561087
2024-11-09,1994,145.76513699270419,12.754436620569493,-2.339323328938619,124.11708928770615
2024-11-10,1557,139.75357497845542,6.7501370338264435,-15.394893435550642,123.86779692927968
2024-11-11,1973,133.02780190345544,0.03210092825283861,-34.34023470377264,121.75405729713887
2024-11-12,1958,133.2453945202774,0.25726804642326767,-36.9429640787969,120.21164080883587
2024-11-13,1789,150.9440518869109,17.96336437031231,7.4897656537523005,125.75743358072438
2024-11-14,927,154.47910989146143,21.504385145214158,3.577035196047177,128.35746460341628
2024-11-15,1693,114.16201860999047,-18.80358721159449,-75.47051435253668,116.7841116467652
2024-11-16,1917,144.08581498553497,11.127909823486881,-9.476506677973347,122.50866599636682
2024-11-17,1452,157.58124902898615,24.63070291720831,13.40159358862077,126.35263976018243
2024-11-18,1808,144.43230764675982,11.489438765027117,-13.048776734332307,126.23686211287418
2024-11-19,1957,138.2692683154122,5.3338405666896245,-24.47941065951673,118.10414007718106
2024-11-20,5,220.96634704589843,88.03475773312161,84.63728842563691,8.086899501712779
2024-11-21,1423,153.33481893747185,20.415418095405578,6.245634883540049,121.26084338176601
2024-11-22,1831,136.19219312350128,3.2792689105395336,-24.45378829059385,117.22849388376095
2024-11-23,3,73.82967834472656,-59.079303149376166,-88.48049987385377,81.50256443606699
2024-11-24,0,,,,
2024-11-25,0,,,,
2024-11-26,0,,,,
2024-11-27,0,,,,
2024-11-28,1824,145.41737195901703,12.549775423590956,-10.03862349383563,125.84058061686137
2024-11-29,1346,141.10148640557526,8.240792612280217,-30.935649048287594,130.25930840227693
2024-11-30,1,2.61343994140625,-130.24280358077584,-130.24280358077584,
2024-12-01,0,,,,
2024-12-02,0,,,,
2024-12-03,0,,,,
2024-12-04,0,,,,
2024-12-05,0,,,,
2024-12-06,0,,,,
2024-12-07,0,,,,
2024-12-08,0,,,,
2024-12-09,0,,,,
2024-12-10,0,,,,
2024-12-11,0,,,,
2024-12-12,0,,,,
2024-12-13,0,,,,
2024-12-14,0,,,,
2024-12-15,0,,,,
2024-12-16,0,,,,
2024-12-17,0,,,,
2024-12-18,0,,,,
2024-12-19,0,,,,
2024-12-20,0,,,,
2024-12-21,0,,,,
2024-12-22,0,,,,
2024-12-23,0,,,,
2024-12-24,0,,,,
2024-12-25,0,,,,
2024-12-26,0,,,,
2024-12-27,0,,,,
2024-12-28,0,,,,
2024-12-29,0,,,,
2024-12-30,2009,154.1243358575983,21.497776922666027,16.34052541976996,117.89695363329355
2024-12-31,841,151.84132672648934,19.22030151182782,5.890606619891486,122.12548541570595
2025-01-01,0,,,,
2025-01-02,0,,,,
2025-01-03,0,,,,
2025-01-04,0,,,,
2025-01-05,0,,,,
2025-01-06,0,,,,
2025-01-07,0,,,,
2025-01-08,0,,,,
2025-01-09,0,,,,
2025-01-10,0,,,,
2025-01-11,0,,,,
2025-01-12,0,,,,
2025-01-13,0,,,,
2025-01-14,0,,,,
2025-01-15,0,,,,
2025-01-16,0,,,,
2025-01-17,0,,,,
2025-01-18,0,,,,
2025-01-19,1940,139.92815471845805,7.452497638237957,-14.874433855991654,120.71910059236089
2025-01-20,762,159.0519998985951,26.581282363948525,14.207792017265191,109.51644562037576
2025-01-21,0,,,,
2025-01-22,0,,,,
2025-01-23,0,,,,
2025-01-24,0,,,,
2025-01-25,0,,,,
2025-01-26,617,156.96417709672082,24.543776943263037,42.6804071695571,115.28080311556438
2025-01-27,1083,144.72557127046454,12.308319773203795,-3.7060533962195734,117.90957195473088
2025-01-28,672,134.7379962648664,2.3324513590846885,-11.207269349255405,115.76438778225996
2025-01-29,521,140.84861181336035,8.445529913460003,0.22996957708798504,115.03750345210574
2025-01-30,0,,,,
2025-01-31,0,,,,
2025-02-01,0,,,,
2025-02-02,743,189.71358002653676,57.34608136239092,90.428349855215,82.84334751342273
2025-02-03,1994,165.23421603463956,32.87112364941427,30.97663483332859,112.65520942809002
2025-02-04,1804,141.42273864746093,9.067551533880682,-11.808725670818689,125.12580669007671
2025-02-05,526,148.62821750423302,16.277802021787625,-1.0245431904481137,126.4627846072316
2025-02-06,0,,,,
2025-02-07,0,,,,
2025-02-08,0,,,,
2025-02-09,599,156.05159663485367,23.736734662156884,8.158541087974186,125.49224152973825
2025-02-10,992,143.87619161298196,11.564415699381232,-0.33197163856057443,118.97501355064475
2025-02-11,0,,,,
2025-02-12,0,,,,
2025-02-13,0,,,,
2025-02-14,0,,,,
2025-02-15,0,,,,
2025-02-16,0,,,,
2025-02-17,1108,145.84846452788756,13.58954157085348,-0.2789880792552992,121.88651204889494
2025-02-18,0,,,,
2025-02-19,0,,,,
2025-02-20,0,,,,
2025-02-21,0,,,,
2025-02-22,0,,,,
2025-02-23,0,,,,
2025-02-24,0,,,,
2025-02-25,0,,,,
2025-02-26,1441,137.2332547719242,5.044877974102976,-15.235085861410028,115.97884416586626
2025-02-27,254,142.21126043364757,10.026095214279755,-5.759645741170232,116.32313195652613
2025-02-28,0,,,,
2025-03-01,0,,,,
2025-03-02,553,145.09081309423738,12.934302923411085,-1.4841429282145668,117.9439816673239
2025-03-03,957,136.56520855783046,4.411773217817659,-19.774726996781098,118.07341883293782
2025-03-04,460,137.16156614220662,5.017948264722087,-25.972607000582414,123.70416933268318
2025-03-05,0,,,,
2025-03-06,0,,,,
2025-03-07,0,,,,
2025-03-08,0,,,,
2025-03-09,0,,,,
2025-03-10,407,136.01445906355576,3.91668464559613,-36.706963673058425,110.64125184361554
2025-03-11,0,,,,
2025-03-12,0,,,,
2025-03-13,0,,,,
2025-03-14,0,,,,
2025-03-15,0,,,,
2025-03-16,0,,,,
2025-03-17,0,,,,
2025-03-18,0,,,,
2025-03-19,0,,,,
2025-03-20,0,,,,
2025-03-21,287,136.51808920405054,4.50525137967866,6.499841416323619,101.8778229472337
2025-03-22,82,154.2487311758646,22.236546549900357,34.9211984002159,116.97259438199826
2025-03-23,0,,,,
2025-03-24,0,,,,
2025-03-25,1938,139.18624187426178,7.200292790770453,3.2595378914253814,114.5258597175076
2025-03-26,2078,133.4391872681369,1.4607615271312193,-20.25399940898174,113.24552556890345
2025-03-27,2007,131.95755690197834,-0.013262835574385474,-24.16376009950875,110.86701858490505
2025-03-28,3,66.42493184407552,-65.5421662195818,-94.0722189132667,51.12237233000835
2025-03-29,0,,,,
2025-03-30,0,,,,
2025-03-31,745,130.9324640711842,-1.0106767782883466,-0.6190397858810286,110.52769804897778
2025-04-01,0,,,,
2025-04-02,0,,,,
2025-04-03,0,,,,
2025-04-04,0,,,,
2025-04-05,0,,,,
2025-04-06,0,,,,
2025-04-07,0,,,,
2025-04-08,0,,,,
2025-04-09,0,,,,
2025-04-10,0,,,,
2025-04-11,0,,,,
2025-04-12,0,,,,
2025-04-13,528,132.88822383880617,1.048282329374434,-9.661458570595514,109.190756318361
2025-04-14,2015,130.11461453194062,-1.7205625500845898,-27.29776963736424,108.54267352479138
2025-04-15,1999,130.93935498327775,-0.8883309725297781,-21.40862600559315,114.4833275302783
2025-04-16,1090,109.22560540435512,-22.596241362162058,-69.42545170784149,105.4270492720701
2025-04-17,0,,,,
2025-04-18,0,,,,
2025-04-19,0,,,,
2025-04-20,612,147.4533134260988,15.665962493187623,23.38590646554134,114.86335021931798
2025-04-21,2051,129.89057725360485,-1.8918396182825246,-16.791025789164763,109.71625700865552
2025-04-22,2033,130.73145186484768,-1.0435239674765504,-16.133418607234987,110.83310675338592
2025-04-23,1977,142.6552206762041,10.887839437813213,17.855633829361153,108.55550178237016
2025-04-24,1998,124.34408461959273,-7.415871333124325,-49.1104814641211,114.78148843005218
2025-04-25,1948,127.61549319633468,-4.136895612716093,-33.42484307461562,113.21251490554536
2025-04-26,1998,117.991973650897,-13.752894357032245,-57.91526107543892,110.45164542485124
2025-04-27,1676,128.67683215084395,-3.0605426451648645,-39.93817787006812,113.87251458191545
2025-04-28,2045,135.00238398544946,3.2724383814286986,-2.3619210740297376,110.32674308811679
2025-04-29,1971,130.66039504114593,-1.0616591225168035,-35.02671008891416,117.85946978425433
2025-04-30,2036,129.9002236102091,-1.8143136504295838,-34.03907713505461,113.99035815878277
2025-05-01,1497,126.38740456784336,-5.320555509668798,-48.07570475904079,113.3732799880179
2025-05-02,0,,,,
2025-05-03,0,,,,
2025-05-04,0,,,,
2025-05-05,0,,,,
2025-05-06,0,,,,
2025-05-07,0,,,,
2025-05-08,0,,,,
2025-05-09,0,,,,
2025-05-10,0,,,,
2025-05-11,0,,,,
2025-05-12,0,,,,
2025-05-13,0,,,,
2025-05-14,0,,,,
2025-05-15,1588,144.63571529628646,13.034840256283834,-12.36264762084091,121.92785519521958
2025-05-16,2038,129.0302617979939,-2.5637965048698996,-27.708431117946432,114.37703126307056
2025-05-17,1829,129.82859470540544,-1.7580560845477862,-39.46619011933137,117.8156901685189
2025-05-18,1761,136.5778370741888,4.99874590488688,-23.12489115059273,117.94355730087882
2025-05-19,2026,131.30600779647298,-0.26557424256170153,-23.768252389244225,111.85569445837754
2025-05-20,1962,136.39239351698382,4.828245728024509,-17.223740074887672,115.43398999457314
2025-05-21,1968,126.91384918709112,-4.642585904949495,-43.351401446755396,114.99125458726412
2025-05-22,1888,136.36121219699666,4.812358732790894,1.4100012776437154,112.62555583416264
2025-05-23,1361,134.10009674363764,2.557611803535609,-21.123654813142352,113.77182678823004
2025-05-24,0,,,,
2025-05-25,0,,,,
2025-05-26,0,,,,
2025-05-27,0,,,,
2025-05-28,0,,,,
2025-05-29,0,,,,
2025-05-30,0,,,,
2025-05-31,0,,,,
2025-06-01,579,129.04028974938268,-2.4305975647519973,-25.625656280769434,113.01580985877882
2025-06-02,1058,109.40939059050186,-22.058287123060502,-72.66655485236504,108.20990661512188
2025-06-03,0,,,,
2025-06-04,0,,,,
2025-06-05,0,,,,
2025-06-06,0,,,,
2025-06-07,0,,,,
2025-06-08,537,131.94464985369748,0.5264755459866886,-47.78809097308768,121.94280887631754
2025-06-09,875,125.45258415876116,-5.962466810009087,-61.50458748500533,123.2826535828568
2025-06-10,0,,,,
2025-06-11,0,,,,
2025-06-12,0,,,,
2025-06-13,0,,,,
2025-06-14,0,,,,
2025-06-15,607,140.27434374135254,8.908878987495552,-50.34771274181267,138.78979845300796
2025-06-16,1064,106.4989057325779,-24.863234369423203,-86.60875499956786,116.34871427651011
2025-06-17,0,,,,
2025-06-18,0,,,,
2025-06-19,1457,117.22228805133555,-14.11508081463265,-61.426932335774254,110.47152749891275
2025-06-20,1993,139.34794890790863,8.0176324404897,-8.501769088578712,118.06566445705144
2025-06-21,2078,134.45884387665237,3.1360413054561853,-32.01232380172708,119.51132636301975
2025-06-22,1718,142.62376904915044,11.30822946667146,-3.2564156012673635,119.73880300550793
2025-06-23,2005,142.94082672043038,11.633076958423942,-15.011863368972698,122.90285666975578
2025-06-24,1913,139.49150303044496,8.191229687272015,-10.426226228391585,118.28729137406465
2025-06-25,2024,144.5268441905146,13.234183338407467,-7.154307121581567,121.95395166600348
2025-06-26,1918,124.67866256443378,-6.606557749742008,-39.48728069881052,114.42239262332942
2025-06-27,1347,142.14969368009275,10.870807944330254,-4.524562000640671,120.78816092442213
2025-06-28,599,134.1602194962796,2.892741710615787,-16.929964016590446,113.84848197927072
2025-06-29,1982,136.78298970827782,5.520418024380913,-17.902153483436884,116.81688443788848
2025-06-30,1949,123.72036750836516,-7.534725944123388,-52.85481570094174,113.71900583443288
2025-07-01,0,,,,
2025-07-02,0,,,,
2025-07-03,0,,,,
2025-07-04,0,,,,
2025-07-05,0,,,,
2025-07-06,456,81.25448414317349,-49.95278098780108,-96.90595634037314,99.03252688210529
2025-07-07,1883,123.73486154873322,-7.467083787487156,-58.026959597999664,117.3710748702248
2025-07-08,2065,126.53225757959103,-4.662600924072881,-42.98794528832994,113.43357432060533
2025-07-09,1885,109.64697672472076,-21.540382497576037,-69.7688340841755,107.80120215650041
2025-07-10,1875,125.79043971842448,-5.3892940167457954,-48.86000638149511,119.33494021169707
2025-07-11,1848,120.66264937264579,-10.509385757962303,-59.628758107718774,115.92443022666025
2025-07-12,1914,144.74313184365457,13.578558196289677,-17.15368232730765,126.02899140000748
2025-07-13,1666,121.53593811548056,-9.621527348320114,-54.061059864250325,114.46263698483625
2025-07-14,2003,137.94931173491227,6.799733112519872,-22.037057693850926,119.6083204343179
2025-07-15,2079,140.61507382670408,9.473019410579225,-18.108776915129525,120.53751559959177
2025-07-16,1881,140.45989235325865,9.325381926378727,-16.145091638611376,124.22319138505607
2025-07-17,1822,136.26464379454026,5.13776747853288,-36.06480331348105,126.41641386582748
2025-07-18,1816,124.9435842472026,-6.175887048692402,-43.24392759792693,114.06163357929721
2025-07-19,1901,126.78895597904372,-4.3231024949542824,-30.491797164427652,110.78301664618421
2025-07-20,1760,144.69733434677124,13.5929707038105,-5.006878920213708,122.7012171392319
2025-07-21,1959,130.74970655300106,-0.3470621534325698,-32.4358523692986,113.75905250018364
2025-07-22,1905,132.06686061909193,0.9775686068214812,-14.134853337484458,111.87895373111
2025-07-23,1942,124.71807757455214,-6.363689304151987,-46.1454245554078,116.76757988391944
2025-07-24,1934,132.92429852963974,1.8501465091930982,-38.29623088110122,119.85724464241196
2025-07-25,1985,140.14818547246438,9.081584102156278,-7.584445399731763,118.54229362631123
2025-07-26,2144,121.51642458901476,-9.542690210470953,-63.10815361760007,115.59878364435708
2025-07-27,1250,111.58970399414063,-19.46331550441594,-65.71694340201955,112.18198353979247
2025-07-28,791,111.34460099289,-19.697291725067878,-77.46605382043984,113.80416108523795
2025-07-29,802,139.49805951582226,8.459280621916122,-18.332609690845416,117.80049163126402
2025-07-30,0,,,,
2025-07-31,0,,,,
2025-08-01,0,,,,
2025-08-02,0,,,,
2025-08-03,564,134.65355428600986,3.6573225911918676,-26.458005557293227,117.8391201302066
2025-08-04,2113,140.34902220119866,9.357756198399478,-26.451635547326305,126.95368528055259
2025-08-05,1555,120.49890898971312,-10.485505987694076,-58.46403262372014,113.6511010031681
2025-08-06,0,,,,
2025-08-07,0,,,,
2025-08-08,0,,,,
2025-08-09,0,,,,
2025-08-10,520,137.87780383183406,6.934347909889797,-15.298262866269418,117.0010164425259
2025-08-11,1812,122.56016506675063,-8.378403887256296,-45.67600151836536,111.86867902159105
2025-08-12,1978,135.76840314411902,4.837395124876845,-10.712152647290608,114.596774646998
2025-08-13,1874,127.77720093457397,-3.14612227351879,-30.30698371928959,114.72545503475929
2025-08-14,1868,145.6866852133381,14.770692215896554,-9.394312042068947,126.09830315845493
2025-08-15,1998,144.26960213081733,13.361305286048086,-10.69201108061094,122.59012712008645
2025-08-16,1955,134.3415073716732,3.4405181309096964,-28.325546251208763,118.68784979775502
2025-08-17,1769,135.66545495722778,4.771980878600016,-19.8226249953793,115.92439713043558
2025-08-18,88,70.68167114257812,-60.20777720795081,-92.01452170012524,87.75516419187309
2025-08-19,0,,,,
2025-08-20,0,,,,
2025-08-21,0,,,,
2025-08-22,232,146.81167843259612,15.959391884560603,36.08154131419258,119.34728235882513
2025-08-23,1962,118.27647274067886,-12.571585565499833,-54.40554744937975,109.73699235566865
2025-08-24,1716,116.40240177252355,-14.438471708026542,-68.1151435314224,115.9089621130118
2025-08-25,2070,147.32289207863923,16.489893564445236,3.759208490596606,119.66123166393919
2025-08-26,1770,146.85502256059377,16.02938622335698,-1.4604085552460049,122.34127828259838
2025-08-27,1850,150.44267022705077,19.624844322365973,3.448906978661995,120.51409921934629
2025-08-28,1968,126.76544882456461,-4.044948155396186,-39.01387731019558,112.05597284736704
2025-08-29,1867,122.35189334683452,-8.4509314832712,-38.02503787342914,111.64898978302746
2025-08-30,1913,128.13335369806046,-2.662110571024334,-34.75093303018899,112.2146814131558
2025-08-31,1818,131.23946429631366,0.45152068836644044,-18.410187156329712,109.22579712858591
2025-09-01,1943,122.02935252913603,-8.751057689049427,-44.533866541570674,110.7837462871158
2025-09-02,1897,136.48507552722535,5.712189785392362,-7.290937167728643,114.27231095394484
2025-09-03,1992,127.28712003776826,-3.4781490325265594,-45.829419088823116,116.42326617040402
2025-09-04,317,125.99542354740178,-4.765477304085103,-41.25035402708805,110.08969862886782
2025-09-05,0,,,,
2025-09-06,0,,,,
2025-09-07,0,,,,
2025-09-08,1713,137.8845115612629,7.156476835939034,-20.96661175407978,121.7097447716908
2025-09-09,0,,,,
2025-09-10,0,,,,
2025-09-11,0,,,,
2025-09-12,0,,,,
2025-09-13,0,,,,
2025-09-14,540,137.39192551224318,6.71223081039986,-22.87576791035312,119.37115210181197
2025-09-15,1031,122.75689889665487,-7.919610913545041,-45.08444890468219,108.16862636564926
2025-09-16,0,,,,
2025-09-17,0,,,,
2025-09-18,0,,,,
2025-09-19,441,121.71163155691964,-8.9312105311553,-33.292949109686674,118.420967481652
2025-09-20,0,,,,
2025-09-21,0,,,,
2025-09-22,0,,,,
2025-09-23,0,,,,
2025-09-24,1492,126.86437972940644,-3.741779987541586,-24.109507874887584,109.81404871983311
2025-09-25,1918,124.70250781937362,-5.896956937747562,-41.090118986460865,112.2621770357535
2025-09-26,593,94.55650472657074,-36.036475203513895,-92.04601882694564,107.1222755711943
2025-09-27,1831,121.55671535223185,-9.027834872027434,-50.22241542772035,113.22010837179525
2025-09-28,0,,,,
2025-09-29,1927,122.88016218532844,-7.689249915647894,-47.59189861645184,112.3453886997801
2025-09-30,1817,125.55299170351842,-5.008889363797071,-41.04811316574775,112.85784123429632
2025-10-01,0,,,,
2025-10-02,1906,136.13300332772894,5.586313890963945,-10.984083899375939,114.41178884068485
2025-10-03,1975,128.82240938519828,-1.7167188650310763,-33.18527238544118,111.88316267056483
2025-10-04,1851,130.25901425947438,-0.2726078424408731,-29.911029224874426,118.69210130126629
2025-10-05,0,,,,
2025-10-06,1822,126.53883176232011,-3.9777923644723536,-13.56390457629805,105.03494064975672
2025-10-07,1163,146.33072696859634,15.822785319120873,19.765549772264137,114.61787277048381
2025-10-08,1570,136.97213517110058,6.471606894055597,-10.281002934268741,116.2913503615278
2025-10-09,1913,143.67772014516223,13.183706228825196,19.125803316519182,112.67340983971116
2025-10-10,1990,133.91811273622753,3.431615644634241,-20.39465912410448,118.92613987267521
2025-10-11,2045,133.6253758989628,3.1464698096938224,-16.794928063882196,115.67043059823779
2025-10-12,1781,138.8868708221247,8.415359585429988,-14.176866701655243,119.43714393870879
2025-10-13,1907,127.65667392868738,-2.8072630196881874,-50.103069727095075,117.87275621000008
2025-10-14,1433,145.5506407562703,15.0949289966862,-4.361068697100322,124.46549644658253
2025-10-15,2118,116.8900499194382,-13.558747718182131,-67.07222160577571,113.69212474579008
2025-10-16,1971,120.09525579552188,-10.34605911741127,-67.72056937589295,118.92244521556742
2025-10-17,1978,118.43091127802558,-12.002819796940285,-67.7093451778031,115.14090555007947
2025-10-18,1653,122.38226992404613,-8.04447444064425,-48.758821719274835,116.88827705596776
2025-10-19,458,130.18126380620564,-0.23498534441546384,-36.33218341518699,116.5893168561525
2025-10-20,869,146.8932188009914,16.484291232398643,-2.3497686840407255,126.21864310930265
2025-10-21,38,175.56470553749486,45.15740663912229,58.41375518262896,90.89494604932663
2025-10-22,0,,,,
2025-10-23,0,,,,
2025-10-24,285,189.89850661963746,59.52086010276642,76.08450447280359,127.53307002434003
2025-10-25,2098,139.34692354884115,8.973375017216545,-21.264593539594358,123.27706820298725
2025-10-26,1738,134.02150079268444,3.655242123783991,-14.067612889534246,117.48540578686234
2025-10-27,1922,138.42121362914403,8.062729547255858,-19.61621200453279,123.66985011948738
2025-10-28,1868,124.4178590092465,-5.932892088413524,-55.21628813217798,115.4846281257478
2025-10-29,1997,134.40501531410885,4.0617102558133045,-38.87063465319244,121.27949955967212
2025-10-30,1856,126.29913190973215,-4.036694986628279,-58.13976097431735,122.11549022724708
2025-10-31,2030,146.87950878575518,16.551234033718128,-6.5161425280356795,127.81775289085513
