fold_id,hour,latitude,longitude,space_fold,time_fold,observed,predicted,residual,abs_error,squared_error,baseline_predicted,baseline_residual,baseline_abs_error,baseline_squared_error
space0_time0,2020-01-02 20:00:00,51.5,24.0,0,0,162.68663024902344,137.99142403295207,24.69520621607137,24.69520621607137,609.85321005429,138.8093397982891,23.877290450734336,23.877290450734336,570.1249992687291
space0_time0,2020-01-02 20:00:00,59.75,26.75,0,0,107.80439758300781,142.3160440780546,-34.51164649504679,34.51164649504679,1191.0537437990754,138.8093397982891,-31.00494221528129,31.00494221528129,961.3064417729319
space0_time0,2020-01-02 23:00:00,65.25,-19.25,0,0,113.68463897705078,127.96068046690422,-14.27604148985344,14.27604148985344,203.80536062001684,138.8093397982891,-25.12470082123832,25.12470082123832,631.2505913567336
space0_time0,2020-01-03 22:00:00,28.5,-8.75,0,0,24.174320220947266,154.64256430121037,-130.4682440802631,130.4682440802631,17021.962713387107,138.8093397982891,-114.63501957734184,114.63501957734184,13141.187713497546
space0_time0,2020-01-03 22:00:00,32.25,-7.5,0,0,16.98736000061035,150.33148168729014,-133.34412168667978,133.34412168667978,17780.654788392065,138.8093397982891,-121.82197979767875,121.82197979767875,14840.594761826049
space0_time0,2020-01-03 22:00:00,39.75,-6.25,0,0,71.86959838867188,145.3410079412027,-73.47140955253082,73.47140955253082,5398.048021635716,138.8093397982891,-66.93974140961723,66.93974140961723,4480.928979986424
space0_time0,2020-01-03 22:00:00,43.5,-5.75,0,0,128.05856323242188,145.72720754675902,-17.668644314337143,17.668644314337143,312.1809919065583,138.8093397982891,-10.750776565867227,10.750776565867227,115.57919676919992
space0_time0,2020-01-04 22:00:00,26.25,-11.0,0,0,218.87559509277344,162.9144677546942,55.96112733807925,55.96112733807925,3131.647772948721,138.8093397982891,80.06625529448434,80.06625529448434,6410.605236881541
space0_time0,2020-01-04 22:00:00,42.5,-7.5,0,0,192.74119567871094,144.19537648663524,48.5458191920757,48.5458191920757,2356.696561029705,138.8093397982891,53.931855880421836,53.931855880421836,2908.6450787065914
space0_time0,2020-01-05 00:00:00,65.75,-24.0,0,0,116.29808044433594,140.14381164947352,-23.845731205137582,23.845731205137582,568.6188967076722,138.8093397982891,-22.511259353953164,22.511259353953164,506.7567977009438
space0_time0,2020-01-05 22:00:00,24.5,-13.75,0,0,187.51431274414062,159.7501338818793,27.764178862261332,27.764178862261332,770.849627895639,138.8093397982891,48.70497294585152,48.70497294585152,2372.174389656129
space0_time0,2020-01-10 23:00:00,64.5,-15.25,0,0,118.2581558227539,133.24731855329415,-14.989162730540244,14.989162730540244,224.67499936261666,138.8093397982891,-20.551183975535196,20.551183975535196,422.3511627962946
space0_time0,2020-01-11 20:00:00,53.25,26.5,0,0,162.0332794189453,138.42983319861008,23.60344622033523,23.60344622033523,557.1226734762574,138.8093397982891,23.22393962065621,23.22393962065621,539.3513715038854
space0_time0,2020-01-11 20:00:00,57.5,27.75,0,0,99.31071472167969,131.96613082022938,-32.65541609854969,32.65541609854969,1066.3762005694184,138.8093397982891,-39.498625076609414,39.498625076609414,1560.141382942558
space0_time0,2020-01-14 22:00:00,26.0,-11.5,0,0,195.35462951660156,160.0366681514799,35.317961365121675,35.317961365121675,1247.3583949882272,138.8093397982891,56.54528971831246,56.54528971831246,3197.3697893278927
space0_time0,2020-01-14 22:00:00,42.25,-7.75,0,0,150.92616271972656,146.94808018968394,3.9780825300426272,3.9780825300426272,15.82514061583035,138.8093397982891,12.11682292143746,12.11682292143746,146.81739770947223
space0_time0,2020-01-15 00:00:00,65.5,-24.75,0,0,135.24551391601562,140.85998666586656,-5.614472749850933,5.614472749850933,31.522304258818693,138.8093397982891,-3.563825882273477,3.563825882273477,12.700854919162326
space0_time0,2020-01-21 20:00:00,53.0,25.75,0,0,152.88623046875,140.30047141337008,12.585759055379924,12.585759055379924,158.40133100007776,138.8093397982891,14.076890670460898,14.076890670460898,198.15885094810906
space0_time0,2020-01-22 23:00:00,65.0,-21.0,0,0,122.83168029785156,135.09539813917482,-12.263717841323256,12.263717841323256,150.39877529159034,138.8093397982891,-15.97765950043754,15.97765950043754,255.28560311192197
space0_time0,2020-01-23 22:00:00,27.75,-8.75,0,0,194.70127868652344,157.28044318714382,37.42083549937962,37.42083549937962,1400.31892947163,138.8093397982891,55.891938888234336,55.891938888234336,3123.9088326861215
space0_time0,2020-01-23 22:00:00,31.75,-8.0,0,0,196.00799560546875,153.1957054142478,42.81229019122094,42.81229019122094,1832.8921914173127,138.8093397982891,57.19865580717965,57.19865580717965,3271.686226148206
space0_time0,2020-01-23 22:00:00,40.0,-6.5,0,0,134.5921630859375,144.82933331813226,-10.237170232194757,10.237170232194757,104.79965436293445,138.8093397982891,-4.217176712351602,4.217176712351602,17.784579423200665
space0_time0,2020-01-23 22:00:00,48.0,-4.25,0,0,203.19496154785156,143.1309828230808,60.06397872477075,60.06397872477075,3607.681540249713,138.8093397982891,64.38562174956246,64.38562174956246,4145.508288077731
space0_time0,2020-01-25 22:00:00,24.25,-14.5,0,0,197.96807861328125,161.90048258991936,36.06759602336189,36.06759602336189,1300.8714829044302,138.8093397982891,59.15873881499215,59.15873881499215,3499.756378180459
space0_time1,2020-01-30 23:00:00,64.5,-17.25,0,1,121.52495574951172,131.98986213271365,-10.464906383201935,10.464906383201935,109.51426560918061,134.36538341838275,-12.84042766887103,12.84042766887103,164.87658271950872
space0_time1,2020-02-09 23:00:00,64.5,-18.25,0,1,116.29808044433594,135.57081795769835,-19.272737513362415,19.272737513362415,371.4384112589669,134.36538341838275,-18.06730297404681,18.06730297404681,326.42743675600076
space0_time1,2020-02-10 20:00:00,52.75,24.75,0,1,154.19296264648438,147.4469024237054,6.746060222778965,6.746060222778965,45.50932852936058,134.36538341838275,19.827579228101627,19.827579228101627,393.1328980466471
space0_time1,2020-02-11 23:00:00,65.0,-23.5,0,1,127.40519714355469,136.9490935607062,-9.543896417151501,9.543896417151501,91.08595882131726,134.36538341838275,-6.960186274828061,6.960186274828061,48.44419298030492
space0_time1,2020-02-12 22:00:00,27.25,-9.75,0,1,61.41584014892578,160.0239479139176,-98.60810776499181,98.60810776499181,9723.558916992239,134.36538341838275,-72.94954326945697,72.94954326945697,5321.635863222375
space0_time1,2020-02-12 22:00:00,31.25,-9.0,0,1,156.806396484375,164.5989140049851,-7.79251752061009,7.79251752061009,60.72332930901523,134.36538341838275,22.44101306599225,22.44101306599225,503.59906742803497
space0_time1,2020-02-12 22:00:00,39.5,-7.0,0,1,136.55223083496094,154.56516027091615,-18.012929435955215,18.012929435955215,324.46562686470185,134.36538341838275,2.186847416578189,2.186847416578189,4.7823016233947
space0_time1,2020-02-12 22:00:00,42.5,-6.75,0,1,109.11111450195312,154.92228754739713,-45.81117304544401,45.81117304544401,2098.6635757996155,134.36538341838275,-25.254268916429623,25.254268916429623,637.7780985033435
space0_time1,2020-02-13 22:00:00,25.25,-12.5,0,1,164.64671325683594,161.41356331545765,3.2331499413782865,3.2331499413782865,10.453258543434417,134.36538341838275,30.28132983845319,30.28132983845319,916.9589367851954
space0_time1,2020-02-14 22:00:00,23.5,-15.25,0,1,178.36727905273438,159.04707917859105,19.320199874143327,19.320199874143327,373.27012317684785,134.36538341838275,44.00189563435163,44.00189563435163,1936.1668194163726
space0_time1,2020-02-20 23:00:00,66.5,-22.0,0,1,100.61743927001953,138.08797795255802,-37.47053868253849,37.47053868253849,1404.0412691596132,134.36538341838275,-33.74794414836322,33.74794414836322,1138.9237342410431
space0_time1,2020-02-22 22:00:00,30.75,-9.25,0,1,179.6739959716797,165.06307832232605,14.610917649353638,14.610917649353638,213.47891455619364,134.36538341838275,45.30861255329694,45.30861255329694,2052.870371504777
space0_time1,2020-02-22 22:00:00,43.0,-7.0,0,1,146.35263061523438,160.39916803294713,-14.046537417712756,14.046537417712756,197.30521342720454,134.36538341838275,11.987247196851627,11.987247196851627,143.69409535842718
space0_time1,2020-02-23 22:00:00,24.75,-12.75,0,1,145.04591369628906,156.66826997115362,-11.622356274864558,11.622356274864558,135.07916537988356,134.36538341838275,10.680530277906314,10.680530277906314,114.07372701727353
space0_time1,2020-03-03 22:00:00,26.0,-10.25,0,1,197.31471252441406,161.89946358933793,35.415248935076136,35.415248935076136,1254.2398571334113,134.36538341838275,62.949329106031314,62.949329106031314,3962.618034899441
space0_time1,2020-03-03 22:00:00,30.25,-9.5,0,1,190.1277618408203,164.44011650978092,25.68764533103939,25.68764533103939,659.8551226532699,134.36538341838275,55.762378422437564,55.762378422437564,3109.4428473271305
space0_time1,2020-03-04 22:00:00,24.25,-13.0,0,1,215.60879516601562,162.4359831389667,53.172812027048934,53.172812027048934,2827.34793886388,134.36538341838275,81.24341174763288,81.24341174763288,6600.491952395411
space0_time1,2020-03-04 22:00:00,28.25,-12.25,0,1,224.10247802734375,156.55898623140712,67.54349179593663,67.54349179593663,4562.123283987759,134.36538341838275,89.737094608961,89.737094608961,8052.746148857617
space0_time1,2020-03-05 22:00:00,22.25,-15.75,0,1,175.10047912597656,161.83047803857104,13.270001087405518,13.270001087405518,176.09292885974364,134.36538341838275,40.735095707593814,40.735095707593814,1659.348022306828
space0_time1,2020-03-13 22:00:00,29.5,-10.0,0,1,212.3419952392578,159.44873946751562,52.89325577174219,52.89325577174219,2797.6965061349383,134.36538341838275,77.97661182087506,77.97661182087506,6080.351991063433
space0_time1,2020-03-14 22:00:00,23.25,-13.25,0,1,196.00799560546875,160.86037168483784,35.147623920630906,35.147623920630906,1235.355467266106,134.36538341838275,61.642612187086,61.642612187086,3799.8116372474838
space0_time1,2020-03-14 22:00:00,27.5,-12.75,0,1,201.23487854003906,160.6050224169556,40.62985612308347,40.62985612308347,1650.7852085824634,134.36538341838275,66.86949512165631,66.86949512165631,4471.529377825218
space0_time1,2020-03-15 22:00:00,21.5,-16.0,0,1,216.2621612548828,162.52206637743825,53.74009487744456,53.74009487744456,2887.9977974367434,134.36538341838275,81.89677783650006,81.89677783650006,6707.082220001048
space0_time1,2020-03-24 22:00:00,22.25,-13.75,0,1,160.0731964111328,159.80051499764906,0.2726814134837525,0.2726814134837525,0.07435515325949721,134.36538341838275,25.707812992750064,25.707812992750064,660.891648870209
space0_time1,2020-03-24 22:00:00,26.5,-13.0,0,1,179.6739959716797,159.50915029242515,20.16484567925454,20.16484567925454,406.6210012681505,134.36538341838275,45.30861255329694,45.30861255329694,2052.870371504777
space0_time1,2020-03-29 21:00:00,40.75,0.75,0,1,175.7538299560547,160.785737057559,14.968092898495684,14.968092898495684,224.0438050179969,134.36538341838275,41.38844653767194,41.38844653767194,1713.0035068017282
space0_time1,2020-03-29 21:00:00,44.5,1.75,0,1,160.7265625,153.04133236122752,7.685230138772482,7.685230138772482,59.06276228589691,134.36538341838275,26.36117908161725,26.36117908161725,694.911762573095
space0_time1,2020-03-31 22:00:00,39.5,-4.0,0,1,162.68663024902344,151.6665477674395,11.020082481583927,11.020082481583927,121.44221790091296,134.36538341838275,28.32124683064069,28.32124683064069,802.0930220420753
space0_time1,2020-04-01 22:00:00,37.25,-6.5,0,1,150.92616271972656,157.45588936712136,-6.529726647394796,6.529726647394796,42.63733008969768,134.36538341838275,16.560779301343814,16.560779301343814,274.2594110678177
space0_time1,2020-04-01 22:00:00,41.75,-6.25,0,1,178.36727905273438,155.82481334404622,22.542465708688155,22.542465708688155,508.1627602273814,134.36538341838275,44.00189563435163,44.00189563435163,1936.1668194163726
space0_time1,2020-04-09 21:00:00,40.25,-1.75,0,1,184.90087890625,153.89290169790846,31.007977208341543,31.007977208341543,961.4946505530286,134.36538341838275,50.53549548786725,50.53549548786725,2553.8363042042515
space0_time1,2020-04-13 22:00:00,23.75,-13.75,0,1,134.5921630859375,158.18814464029646,-23.595981554358957,23.595981554358957,556.7703455136482,134.36538341838275,0.22677966755475154,0.22677966755475154,0.051429017616243626
space0_time1,2020-04-13 22:00:00,27.75,-13.0,0,1,159.41983032226562,161.03759246422118,-1.6177621419555521,1.6177621419555521,2.617154347944616,134.36538341838275,25.054446903882877,25.054446903882877,627.7253096594862
space0_time1,2020-04-14 22:00:00,21.75,-16.25,0,1,154.8463134765625,159.69320968808572,-4.846896211523216,4.846896211523216,23.492402885278103,134.36538341838275,20.48093005817975,20.48093005817975,419.46849604805084
space0_time1,2020-04-19 21:00:00,38.75,-2.25,0,1,117.60479736328125,153.17278632349172,-35.56798896021047,35.56798896021047,1265.081838673654,134.36538341838275,-16.7605860551015,16.7605860551015,280.9172449104628
space0_time1,2020-04-20 22:00:00,36.75,-5.0,0,1,138.51231384277344,158.1700718114619,-19.657757968688458,19.657757968688458,386.4274483555346,134.36538341838275,4.146930424390689,4.146930424390689,17.19703194473714
space0_time2,2020-05-04 22:00:00,28.25,-15.75,0,2,176.40719604492188,165.98248528084733,10.424710764074547,10.424710764074547,108.67459451461173,132.68526050835027,43.72193553657161,43.72193553657161,1911.607647064123
space0_time2,2020-05-14 22:00:00,28.75,-16.25,0,2,218.22222900390625,164.6138816086863,53.60834739521994,53.60834739521994,2873.854910446584,132.68526050835027,85.53696849555598,85.53696849555598,7316.572979409737
space0_time2,2020-06-02 22:00:00,21.5,-14.75,0,2,205.155029296875,164.1640386177964,40.99099067907861,40.99099067907861,1680.2613168523092,132.68526050835027,72.46976878852473,72.46976878852473,5251.867388262233
space0_time2,2020-06-02 22:00:00,26.0,-14.5,0,2,179.0206298828125,169.1165951558545,9.904034726958002,9.904034726958002,98.08990387279007,132.68526050835027,46.33536937446223,46.33536937446223,2146.9664550678526
space0_time2,2020-07-23 22:00:00,22.25,-17.0,0,2,109.76448059082031,163.61019282632083,-53.845712235500514,53.845712235500514,2899.36072614833,132.68526050835027,-22.920779917529956,22.920779917529956,525.3621520278446
space0_time2,2020-08-13 22:00:00,27.75,-18.25,0,2,8.493680000305176,166.09068657347564,-157.59700657317046,157.59700657317046,24836.816480823934,132.68526050835027,-124.19158050804509,124.19158050804509,15423.548669086245
space0_time2,2020-08-28 21:00:00,42.75,2.75,0,2,219.52896118164062,159.7195802417035,59.809380939937114,59.809380939937114,3577.1620484185128,132.68526050835027,86.84370067329036,86.84370067329036,7541.828346632052
space0_time2,2020-09-07 21:00:00,36.75,-3.5,0,2,167.91351318359375,165.42577214826753,2.4877410353262235,2.4877410353262235,6.188855458845991,132.68526050835027,35.22825267524348,35.22825267524348,1241.0297865507996
space0_time2,2020-09-07 21:00:00,40.5,-3.25,0,2,164.64671325683594,160.48727218355717,4.159441073278771,4.159441073278771,17.30095004207845,132.68526050835027,31.96145274848567,31.96145274848567,1021.5344617936821
space0_time2,2020-09-08 21:00:00,38.25,-5.5,0,2,184.2475128173828,167.39298089716291,16.854531920219898,16.854531920219898,284.0752462497114,132.68526050835027,51.562252309032544,51.562252309032544,2658.665863180332
space0_time2,2020-09-08 21:00:00,42.75,-5.5,0,2,205.8083953857422,160.24776729682225,45.56062808891994,45.56062808891994,2075.7708318568807,132.68526050835027,73.12313487739192,73.12313487739192,5346.99285429725
space0_time2,2020-09-17 21:00:00,39.5,-2.5,0,2,93.43048095703125,162.3606235588722,-68.93014260184094,68.93014260184094,4751.364559110128,132.68526050835027,-39.25477955131902,39.25477955131902,1540.9377176226537
space0_time2,2020-09-17 21:00:00,48.0,-1.75,0,2,66.64271545410156,162.23843373858176,-95.5957182844802,95.5957182844802,9138.541354325702,132.68526050835027,-66.0425450542487,66.0425450542487,4361.61775724247
space0_time2,2020-09-18 21:00:00,37.25,-5.25,0,2,160.7265625,162.556912395352,-1.8303498953519863,1.8303498953519863,3.3501807394150274,132.68526050835027,28.041301991649732,28.041301991649732,786.3146173868993
space0_time2,2020-09-18 21:00:00,41.5,-4.5,0,2,160.0731964111328,162.4758434348309,-2.40264702369808,2.40264702369808,5.7727127204852415,132.68526050835027,27.387935902782544,27.387935902782544,750.0990330149251
space0_time2,2020-09-27 21:00:00,38.25,-1.75,0,2,178.36727905273438,161.22371152069476,17.14356753203961,17.14356753203961,293.9019077256027,132.68526050835027,45.68201854438411,45.68201854438411,2086.8468182894535
space0_time2,2020-09-27 21:00:00,42.25,-1.0,0,2,183.5941619873047,158.25314164771882,25.341020339585867,25.341020339585867,642.1673118513046,132.68526050835027,50.90890147895442,50.90890147895442,2591.7162497938875
space0_time2,2020-09-27 21:00:00,46.5,-0.75,0,2,149.6194305419922,154.4015424834154,-4.78211194142321,4.78211194142321,22.868594620302463,132.68526050835027,16.93417003364192,16.93417003364192,286.766114728296
space0_time2,2020-09-29 21:00:00,37.75,-6.0,0,2,182.9407958984375,164.62966227430206,18.311133624135437,18.311133624135437,335.29761460094335,132.68526050835027,50.25553539008723,50.25553539008723,2525.61883734431
space0_time2,2020-09-29 21:00:00,41.5,-6.0,0,2,192.74119567871094,157.75783561737893,34.98336006133201,34.98336006133201,1223.8354811807994,132.68526050835027,60.05593517036067,60.05593517036067,3606.715349186564
space0_time2,2020-09-30 22:00:00,43.5,-8.0,0,2,192.74119567871094,155.91664382236675,36.824551856344186,36.824551856344186,1356.0476194205821,132.68526050835027,60.05593517036067,60.05593517036067,3606.715349186564
space0_time2,2020-10-03 22:00:00,28.0,-17.25,0,2,207.7684783935547,165.44295096199076,42.32552743156393,42.32552743156393,1791.4502723600704,132.68526050835027,75.08321788520442,75.08321788520442,5637.48960799708
space0_time2,2020-10-07 21:00:00,40.75,-0.75,0,2,188.82102966308594,157.84612121313847,30.974908449947463,30.974908449947463,959.4449534826267,132.68526050835027,56.13576915473567,56.13576915473567,3151.2245785937725
space0_time2,2020-10-07 21:00:00,45.0,0.0,0,2,197.96807861328125,158.05693953993833,39.91113907334292,39.91113907334292,1592.8990221317201,132.68526050835027,65.28281810493098,65.28281810493098,4261.846339721505
space0_time2,2020-10-08 21:00:00,38.5,-3.25,0,2,176.40719604492188,166.5620739108772,9.845122134044686,9.845122134044686,96.9264298342566,132.68526050835027,43.72193553657161,43.72193553657161,1911.607647064123
space0_time2,2020-10-08 21:00:00,42.5,-2.5,0,2,167.91351318359375,157.0561733940029,10.857339789590839,10.857339789590839,117.88182730663243,132.68526050835027,35.22825267524348,35.22825267524348,1241.0297865507996
space0_time2,2020-10-08 21:00:00,46.75,-2.0,0,2,167.91351318359375,158.00121240138543,9.91230078220832,9.91230078220832,98.25370679696766,132.68526050835027,35.22825267524348,35.22825267524348,1241.0297865507996
space0_time2,2020-10-09 21:00:00,36.0,-6.0,0,2,168.56687927246094,164.19145461870195,4.375424653758984,4.375424653758984,19.14434090072192,132.68526050835027,35.88161876411067,35.88161876411067,1287.4905651329789
space0_time2,2020-10-09 21:00:00,40.25,-5.0,0,2,168.56687927246094,160.1646832494065,8.402196023054444,8.402196023054444,70.5968980098319,132.68526050835027,35.88161876411067,35.88161876411067,1287.4905651329789
space0_time2,2020-10-09 21:00:00,48.25,-4.25,0,2,178.36727905273438,156.87741772818754,21.489861324546837,21.489861324546837,461.8141397482539,132.68526050835027,45.68201854438411,45.68201854438411,2086.8468182894535
space0_time2,2020-10-10 22:00:00,41.75,-7.5,0,2,174.44711303710938,154.12759734749278,20.319515689616594,20.319515689616594,412.8827178605749,132.68526050835027,41.76185252875911,41.76185252875911,1744.0523266338234
space0_time2,2020-10-18 21:00:00,36.75,-3.0,0,2,160.0731964111328,161.77151991908732,-1.6983235079545125,1.6983235079545125,2.884302737670921,132.68526050835027,27.387935902782544,27.387935902782544,750.0990330149251
space0_time2,2020-10-18 21:00:00,40.75,-2.25,0,2,159.41983032226562,150.79619084733335,8.623639474932276,8.623639474932276,74.36715779361022,132.68526050835027,26.734569813915357,26.734569813915357,714.7372231351142
space0_time2,2020-10-18 21:00:00,44.75,-1.5,0,2,165.95343017578125,157.5342682395569,8.419161936224356,8.419161936224356,70.88228770836905,132.68526050835027,33.26816966743098,33.26816966743098,1106.7711130209748
space0_time2,2020-10-18 21:00:00,49.0,-0.75,0,2,150.92616271972656,148.75562335515542,2.170539364571141,2.170539364571141,4.7112411331528925,132.68526050835027,18.240902211376294,18.240902211376294,332.73051348499257
space0_time2,2020-10-19 21:00:00,38.5,-5.25,0,2,106.4976806640625,164.40194783755524,-57.90426717349274,57.90426717349274,3352.904156899229,132.68526050835027,-26.187579844287768,26.187579844287768,685.789338100947
space0_time2,2020-10-19 21:00:00,42.5,-4.5,0,2,131.3253631591797,158.01892597349803,-26.69356281431834,26.69356281431834,712.5462957219589,132.68526050835027,-1.3598973491705806,1.3598973491705806,1.849320800281172
space1_time0,2020-01-01 02:00:00,74.25,-56.5,1,0,97.35063934326172,124.73287160165843,-27.382232258396712,27.382232258396712,749.7866434527815,144.6168043101531,-47.26616496689138,47.26616496689138,2234.0903506773902
space1_time0,2020-01-01 02:00:00,78.75,-51.0,1,0,103.88423919677734,122.17317530290114,-18.2889361061238,18.2889361061238,334.48518389387874,144.6168043101531,-40.732565113375756,40.732565113375756,1659.1418607153958
space1_time0,2020-01-01 02:00:00,83.0,-39.0,1,0,108.45775604248047,124.57247485439858,-16.11471881191811,16.11471881191811,259.6841623871874,144.6168043101531,-36.15904826767263,36.15904826767263,1307.4767716238791
space1_time0,2020-01-01 06:00:00,79.75,-97.0,1,0,101.92415618896484,126.94019218705971,-25.016035998094864,25.016035998094864,625.8020570579781,144.6168043101531,-42.692648121188256,42.692648121188256,1822.662203599599
space1_time0,2020-01-01 07:00:00,61.25,-136.75,1,0,148.31271362304688,126.82860715107448,21.484106471972396,21.484106471972396,461.5668308990462,144.6168043101531,3.6959093128937752,3.6959093128937752,13.659745649134937
space1_time0,2020-01-01 07:00:00,65.25,-135.25,1,0,133.28543090820312,124.97933165959245,8.306099248610678,8.306099248610678,68.99128472777087,144.6168043101531,-11.331373401949975,11.331373401949975,128.40002317441935
space1_time0,2020-01-01 07:00:00,78.25,-124.0,1,0,96.69728088378906,119.84733920444951,-23.15005832066045,23.15005832066045,535.9252002499801,144.6168043101531,-47.91952342636404,47.91952342636404,2296.2807254098516
space1_time0,2020-01-01 07:00:00,82.5,-113.25,1,0,94.73719787597656,118.94587325761069,-24.208675381634123,24.208675381634123,586.059963733338,144.6168043101531,-49.87960643417654,49.87960643417654,2487.9751380283456
space1_time0,2020-01-02 02:00:00,76.75,-56.25,1,0,98.00399780273438,122.01613391671245,-24.012136113978073,24.012136113978073,576.58268075621,144.6168043101531,-46.612806507418725,46.612806507418725,2172.7537304980574
space1_time0,2020-01-02 02:00:00,81.25,-48.25,1,0,103.88423919677734,127.50445455905107,-23.620215362273726,23.620215362273726,557.9145737601917,144.6168043101531,-40.732565113375756,40.732565113375756,1659.1418607153958
space1_time0,2020-01-02 04:00:00,75.25,-82.25,1,0,94.73719787597656,124.593558971472,-29.856361095495444,29.856361095495444,891.402297864614,144.6168043101531,-49.87960643417654,49.87960643417654,2487.9751380283456
space1_time0,2020-01-02 04:00:00,79.5,-76.0,1,0,84.28343963623047,125.57672561043466,-41.293285974204196,41.293285974204196,1705.135466547409,144.6168043101531,-60.33336467392263,60.33336467392263,3640.114892876535
space1_time0,2020-01-02 06:00:00,82.0,-92.75,1,0,33.32135772705078,122.6463739791091,-89.32501625205832,89.32501625205832,7978.958528430483,144.6168043101531,-111.29544658310232,111.29544658310232,12386.676430132182
space1_time0,2020-01-02 07:00:00,63.75,-138.25,1,0,154.8463134765625,124.68617233061009,30.16014114595241,30.16014114595241,909.6341139437715,144.6168043101531,10.2295091664094,10.2295091664094,104.64285778565394
space1_time0,2020-01-02 07:00:00,80.75,-121.75,1,0,70.56288146972656,120.70937038477044,-50.146488915043875,50.146488915043875,2514.6703505066184,144.6168043101531,-74.05392284042654,74.05392284042654,5483.983488055847
space1_time0,2020-01-02 09:00:00,62.0,-163.0,1,0,145.04591369628906,124.96339300818498,20.082520688104083,20.082520688104083,403.30763718812847,144.6168043101531,0.4291093861359627,0.4291093861359627,0.18413486526998277
space1_time0,2020-01-02 09:00:00,66.25,-161.25,1,0,150.27279663085938,122.51042282867613,27.762373802183248,27.762373802183248,770.7493991321508,144.6168043101531,5.655992320706275,5.655992320706275,31.99024913188836
space1_time0,2020-01-02 09:00:00,70.5,-158.75,1,0,126.75183868408203,123.19164054457208,3.56019813950995,3.56019813950995,12.67501079257011,144.6168043101531,-17.86496562607107,17.86496562607107,319.15699682070084
space1_time0,2020-01-02 11:00:00,82.0,-166.75,1,0,96.69728088378906,121.54324476556823,-24.84596388177917,24.84596388177917,617.3219212146751,144.6168043101531,-47.91952342636404,47.91952342636404,2296.2807254098516
space1_time0,2020-01-02 12:00:00,63.25,149.0,1,0,130.6719970703125,124.21757145458109,6.4544256157314095,6.4544256157314095,41.659610029009784,144.6168043101531,-13.9448072398406,13.9448072398406,194.4576489563108
space1_time0,2020-01-02 12:00:00,67.5,151.0,1,0,133.9387969970703,128.61488429490106,5.3239127021692525,5.3239127021692525,28.344046460319113,144.6168043101531,-10.678007313082787,10.678007313082787,114.01984017824948
space1_time0,2020-01-02 12:00:00,76.0,157.75,1,0,115.64471435546875,125.16749538376888,-9.52278102830013,9.52278102830013,90.68335851295289,144.6168043101531,-28.97208995468435,28.97208995468435,839.3819963423218
space1_time0,2020-01-02 12:00:00,80.25,165.25,1,0,111.72455596923828,122.09619424393784,-10.371638274699563,10.371638274699563,107.57088050121294,144.6168043101531,-32.89224834091482,32.89224834091482,1081.9000009204137
space1_time0,2020-01-02 15:00:00,81.5,119.5,1,0,87.55023956298828,124.17826712403344,-36.62802756104516,36.62802756104516,1341.6124030126837,144.6168043101531,-57.06656474716482,57.06656474716482,3256.5928120423546
space1_time0,2020-01-02 17:00:00,80.0,91.5,1,0,114.33799743652344,124.45290209319255,-10.114904656669111,10.114904656669111,102.31129621350647,144.6168043101531,-30.278806873629662,30.278806873629662,916.8061456905629
space1_time0,2020-01-02 19:00:00,82.75,75.5,1,0,110.41783905029297,121.99113269797618,-11.573293647683215,11.573293647683215,133.94112585550465,144.6168043101531,-34.19896525986013,34.19896525986013,1169.56922484512
space1_time0,2020-01-02 20:00:00,76.75,38.0,1,0,123.48503875732422,124.06618678449254,-0.5811480271683251,0.5811480271683251,0.33773302948163636,144.6168043101531,-21.13176555282888,21.13176555282888,446.5515153797253
space1_time0,2020-01-02 20:00:00,81.25,45.5,1,0,105.84431457519531,124.83004393728304,-18.985729362087724,18.985729362087724,360.45791941043996,144.6168043101531,-38.77248973495779,38.77248973495779,1503.305960247407
space1_time0,2020-01-02 23:00:00,82.25,1.75,1,0,115.64471435546875,125.99978124605785,-10.3550668905891,10.3550668905891,107.22741030857462,144.6168043101531,-28.97208995468435,28.97208995468435,839.3819963423218
space1_time0,2020-01-03 03:00:00,79.25,-55.25,1,0,111.72455596923828,124.9952028990203,-13.270646929782018,13.270646929782018,176.11006993493288,144.6168043101531,-32.89224834091482,32.89224834091482,1081.9000009204137
space1_time0,2020-01-03 12:00:00,65.5,147.5,1,0,137.8589630126953,124.37942806508843,13.47953494760688,13.47953494760688,181.69786240375518,144.6168043101531,-6.757841297457787,6.757841297457787,45.66841900162595
space1_time0,2020-01-03 12:00:00,69.75,150.0,1,0,140.47239685058594,126.75832528252154,13.714071568064398,13.714071568064398,188.0757589739923,144.6168043101531,-4.144407459567162,4.144407459567162,17.176113190915938
space1_time0,2020-01-03 12:00:00,78.5,158.5,1,0,110.41783905029297,124.71140983746666,-14.293570787173692,14.293570787173692,204.30616584794518,144.6168043101531,-34.19896525986013,34.19896525986013,1169.56922484512
space1_time0,2020-01-03 12:00:00,82.75,169.75,1,0,101.92415618896484,122.19667635557339,-20.272520166608544,20.272520166608544,410.9750739055501,144.6168043101531,-42.692648121188256,42.692648121188256,1822.662203599599
space1_time0,2020-01-03 17:00:00,78.0,85.25,1,0,124.13839721679688,121.26055103704715,2.8778461797497243,2.8778461797497243,8.281998634300082,144.6168043101531,-20.478407093356225,20.478407093356225,419.36515708122255
space1_time0,2020-01-03 17:00:00,82.5,96.0,1,0,115.64471435546875,123.33034346502242,-7.685629109553673,7.685629109553673,59.06889480961879,144.6168043101531,-28.97208995468435,28.97208995468435,839.3819963423218
space1_time0,2020-01-03 20:00:00,79.25,39.0,1,0,118.91151428222656,121.47032372695126,-2.5588094447247016,2.5588094447247016,6.547505774412336,144.6168043101531,-25.705290027926537,25.705290027926537,660.7619354198195
space1_time0,2020-01-04 00:00:00,80.5,-6.75,1,0,115.64471435546875,126.22350693421747,-10.578792578748718,10.578792578748718,111.91085242418896,144.6168043101531,-28.97208995468435,28.97208995468435,839.3819963423218
space1_time0,2020-01-04 03:00:00,77.25,-60.5,1,0,130.0186309814453,122.32743160881775,7.691199372627565,7.691199372627565,59.15454778950666,144.6168043101531,-14.598173328707787,14.598173328707787,213.1066645349954
space1_time0,2020-01-04 03:00:00,81.75,-51.75,1,0,111.07119750976562,125.48325925756183,-14.412061747796201,14.412061747796201,207.7075238222905,144.6168043101531,-33.545606800387475,33.545606800387475,1125.3077356062024
space1_time0,2020-01-04 04:00:00,80.0,-80.0,1,0,109.76448059082031,124.23922995991526,-14.474749369094951,14.474749369094951,209.5183692981147,144.6168043101531,-34.85232371933279,34.85232371933279,1214.684468637167
space1_time0,2020-01-04 06:00:00,57.25,-121.5,1,0,146.35263061523438,122.15806559937289,24.194565015861485,24.194565015861485,585.3769763067485,144.6168043101531,1.7358263050812752,1.7358263050812752,3.0130929614121125
space1_time0,2020-01-04 06:00:00,61.5,-120.0,1,0,141.77911376953125,121.06188922549087,20.717224544040377,20.717224544040377,429.203392808189,144.6168043101531,-2.8376905406218498,2.8376905406218498,8.052487604334726
space1_time0,2020-01-04 06:00:00,65.75,-118.25,1,0,143.73919677734375,125.92885825463328,17.810338522710467,17.810338522710467,317.20815829354444,144.6168043101531,-0.8776075328093498,0.8776075328093498,0.7701949816437139
space1_time0,2020-01-04 06:00:00,69.75,-115.75,1,0,126.09848022460938,128.1883342692063,-2.089854044596933,2.089854044596933,4.36748992771816,144.6168043101531,-18.518324085543725,18.518324085543725,342.9283269372288
space1_time0,2020-01-04 06:00:00,74.25,-112.5,1,0,93.43048095703125,123.84892209761519,-30.418441140583937,30.418441140583937,925.2815614231694,144.6168043101531,-51.18632335312185,51.18632335312185,2620.0396984103472
space1_time0,2020-01-04 06:00:00,78.5,-107.25,1,0,118.91151428222656,120.18955354102023,-1.2780392587936689,1.2780392587936689,1.6333843470178706,144.6168043101531,-25.705290027926537,25.705290027926537,660.7619354198195
space1_time0,2020-01-04 08:00:00,68.25,-141.0,1,0,133.28543090820312,128.09006754514516,5.1953633630579645,5.1953633630579645,26.991800474204965,144.6168043101531,-11.331373401949975,11.331373401949975,128.40002317441935
space1_time0,2020-01-04 08:00:00,81.25,-125.75,1,0,113.03128051757812,118.42817827830531,-5.396897760727185,5.396897760727185,29.126505439742107,144.6168043101531,-31.585523792574975,31.585523792574975,997.6453132513199
space1_time0,2020-01-04 09:00:00,79.75,-153.25,1,0,100.61743927001953,119.5459802114502,-18.92854094143067,18.92854094143067,358.28966217141704,144.6168043101531,-43.99936504013357,43.99936504013357,1935.944123934928
space1_time0,2020-01-04 11:00:00,82.5,-170.0,1,0,113.68463897705078,120.83961382647661,-7.154974849425827,7.154974849425827,51.19366509591613,144.6168043101531,-30.93216533310232,30.93216533310232,956.7988521943769
space1_time0,2020-01-04 12:00:00,72.25,149.25,1,0,149.6194305419922,126.42291790843541,23.19651263355678,23.19651263355678,538.0781983587592,144.6168043101531,5.002626231839088,5.002626231839088,25.02626921548455
space1_time0,2020-01-04 12:00:00,81.0,161.25,1,0,124.13839721679688,123.06186357052941,1.076533646267464,1.076533646267464,1.1589246915459213,144.6168043101531,-20.478407093356225,20.478407093356225,419.36515708122255
space1_time0,2020-01-04 13:00:00,68.0,146.25,1,0,119.56488037109375,126.5724608677835,-7.007580496689755,7.007580496689755,49.10618441758663,144.6168043101531,-25.05192393905935,25.05192393905935,627.5988930484149
space1_time0,2020-01-04 14:00:00,79.5,132.75,1,0,147.65936279296875,120.55235603126508,27.107006761703673,27.107006761703673,734.7898155790486,144.6168043101531,3.0425584828156502,3.0425584828156502,9.25716212135347
space1_time0,2020-01-04 16:00:00,82.0,116.0,1,0,103.88423919677734,123.87196454101559,-19.987725344238243,19.987725344238243,399.50916443670377,144.6168043101531,-40.732565113375756,40.732565113375756,1659.1418607153958
space1_time0,2020-01-04 17:00:00,80.5,87.5,1,0,120.87159729003906,123.26370462086312,-2.392107330824061,2.392107330824061,5.722177482182213,144.6168043101531,-23.745207020114037,23.745207020114037,563.834856428073
space1_time0,2020-01-04 20:00:00,81.75,42.25,1,0,139.81903076171875,122.2557228160068,17.563307945711955,17.563307945711955,308.4697859959087,144.6168043101531,-4.79777354843435,4.79777354843435,23.018631022056333
space1_time0,2020-01-04 22:00:00,75.75,7.5,1,0,126.75183868408203,125.28686669340121,1.464971990680823,1.464971990680823,2.146142933479333,144.6168043101531,-17.86496562607107,17.86496562607107,319.15699682070084
space1_time0,2020-01-04 22:00:00,80.25,14.0,1,0,122.17831420898438,127.11674145671128,-4.938427247726906,4.938427247726906,24.38806368109155,144.6168043101531,-22.438490101168725,22.438490101168725,503.48583802024683
space1_time0,2020-01-05 03:00:00,79.75,-59.25,1,0,129.3652801513672,125.31733938721597,4.047940764151221,4.047940764151221,16.38582443007717,144.6168043101531,-15.251524158785912,15.251524158785912,232.60898916603034
space1_time0,2020-01-05 05:00:00,82.5,-75.75,1,0,113.03128051757812,122.91146112827997,-9.880180610701842,9.880180610701842,97.61796890008863,144.6168043101531,-31.585523792574975,31.585523792574975,997.6453132513199
space1_time0,2020-01-05 06:00:00,59.5,-123.25,1,0,147.65936279296875,125.59875318962797,22.06060960334078,22.06060960334078,486.6704960710114,144.6168043101531,3.0425584828156502,3.0425584828156502,9.25716212135347
space1_time0,2020-01-05 06:00:00,63.75,-121.5,1,0,140.47239685058594,122.30191558320074,18.1704812673852,18.1704812673852,330.1663894883964,144.6168043101531,-4.144407459567162,4.144407459567162,17.176113190915938
space1_time0,2020-01-05 06:00:00,68.0,-119.5,1,0,137.8589630126953,122.97713274406154,14.881830268633777,14.881830268633777,221.4688721444245,144.6168043101531,-6.757841297457787,6.757841297457787,45.66841900162595
space1_time0,2020-01-05 06:00:00,72.25,-116.75,1,0,125.44511413574219,123.5398706527521,1.9052434829900875,1.9052434829900875,3.6299527294761997,144.6168043101531,-19.171690174410912,19.171690174410912,367.5537041436039
space1_time0,2020-01-05 06:00:00,76.75,-112.25,1,0,122.83168029785156,119.22017270176804,3.611507596083527,3.611507596083527,13.042987116569016,144.6168043101531,-21.785124012301537,21.785124012301537,474.59162823135705
space1_time0,2020-01-05 06:00:00,81.0,-104.75,1,0,116.9514389038086,118.38226065685963,-1.4308217530510348,1.4308217530510348,2.047250889004036,144.6168043101531,-27.665365406344506,27.665365406344506,765.3724430665633
space1_time0,2020-01-05 09:00:00,52.5,-173.75,1,0,151.5795135498047,121.93635855594935,29.643154993855333,29.643154993855333,878.7166379897304,144.6168043101531,6.962709239651588,6.962709239651588,48.47931995592959
space1_time0,2020-01-05 09:00:00,82.25,-149.5,1,0,115.64471435546875,118.4075121294781,-2.762797774009357,2.762797774009357,7.633051540071058,144.6168043101531,-28.97208995468435,28.97208995468435,839.3819963423218
space1_time0,2020-01-05 11:00:00,55.25,162.75,1,0,176.40719604492188,124.57413402376802,51.83306202115385,51.83306202115385,2686.6663184887816,144.6168043101531,31.790391734768775,31.790391734768775,1010.6290066500549
space1_time0,2020-01-05 11:00:00,59.25,164.25,1,0,163.9933624267578,132.18673624398497,31.806626182772845,31.806626182772845,1011.6614691306511,144.6168043101531,19.376558116604713,19.376558116604713,375.45100444615997
space1_time0,2020-01-05 11:00:00,63.5,165.75,1,0,154.19296264648438,127.56453295455474,26.62842969192964,26.62842969192964,709.07326785804,144.6168043101531,9.576158336331275,9.576158336331275,91.70280848248697
space1_time0,2020-01-05 11:00:00,67.75,167.75,1,0,160.7265625,126.53027689163572,34.19628560836428,34.19628560836428,1169.3859494088217,144.6168043101531,16.1097581898469,16.1097581898469,259.52430893533926
space1_time0,2020-01-05 11:00:00,76.25,174.75,1,0,133.9387969970703,122.0370270369689,11.901769960101419,11.901769960101419,141.65212818317252,144.6168043101531,-10.678007313082787,10.678007313082787,114.01984017824948
space1_time0,2020-01-05 13:00:00,66.0,143.0,1,0,135.8988800048828,128.9521020448434,6.946777960039412,6.946777960039412,48.25772402608934,144.6168043101531,-8.717924305270287,8.717924305270287,76.00220419242243
space1_time0,2020-01-05 13:00:00,70.25,146.0,1,0,139.81903076171875,129.69187593462004,10.127154827098707,10.127154827098707,102.55926489202864,144.6168043101531,-4.79777354843435,4.79777354843435,23.018631022056333
space1_time0,2020-01-05 14:00:00,73.0,123.25,1,0,125.44511413574219,123.11966580563477,2.3254483301074202,2.3254483301074202,5.40770993599939,144.6168043101531,-19.171690174410912,19.171690174410912,367.5537041436039
space1_time0,2020-01-05 14:00:00,77.5,127.75,1,0,126.09848022460938,123.32359770576674,2.774882518842631,2.774882518842631,7.699972993378424,144.6168043101531,-18.518324085543725,18.518324085543725,342.9283269372288
space1_time0,2020-01-05 14:00:00,81.75,136.75,1,0,114.9913558959961,122.78372976384905,-7.792373867852959,7.792373867852959,60.72109049639768,144.6168043101531,-29.625448414157006,29.625448414157006,877.6671937398779
space1_time0,2020-01-05 22:00:00,78.25,8.0,1,0,115.64471435546875,126.54669518905145,-10.901980833582698,10.901980833582698,118.8531860958045,144.6168043101531,-28.97208995468435,28.97208995468435,839.3819963423218
space1_time0,2020-01-06 00:00:00,78.5,-22.5,1,0,114.33799743652344,119.3703958673818,-5.032398430858365,5.032398430858365,25.325033966905732,144.6168043101531,-30.278806873629662,30.278806873629662,916.8061456905629
space1_time0,2020-01-06 05:00:00,80.5,-84.0,1,0,116.9514389038086,125.12000003635582,-8.168561132547225,8.168561132547225,66.72539097616121,144.6168043101531,-27.665365406344506,27.665365406344506,765.3724430665633
space1_time0,2020-01-06 06:00:00,62.0,-124.75,1,0,130.6719970703125,127.45500709051711,3.216989979795386,3.216989979795386,10.349024530103918,144.6168043101531,-13.9448072398406,13.9448072398406,194.4576489563108
space1_time0,2020-01-06 06:00:00,66.0,-123.25,1,0,136.55223083496094,127.37347459397279,9.17875624098815,9.17875624098815,84.24956613147891,144.6168043101531,-8.064573475192162,8.064573475192162,65.03734533677299
space1_time0,2020-01-06 06:00:00,70.25,-120.25,1,0,133.9387969970703,119.67814161886164,14.260655378208668,14.260655378208668,203.3662918160318,144.6168043101531,-10.678007313082787,10.678007313082787,114.01984017824948
space1_time0,2020-01-06 06:00:00,74.75,-117.0,1,0,130.0186309814453,119.87387525472565,10.144755726719666,10.144755726719666,102.91606875481145,144.6168043101531,-14.598173328707787,14.598173328707787,213.1066645349954
space1_time0,2020-01-06 06:00:00,79.0,-111.5,1,0,129.3652801513672,117.85232591339522,11.512954237971968,11.512954237971968,132.5481152856367,144.6168043101531,-15.251524158785912,15.251524158785912,232.60898916603034
space1_time0,2020-01-06 08:00:00,60.25,-149.5,1,0,130.0186309814453,127.17509728330629,2.8435336981390265,2.8435336981390265,8.085683892452208,144.6168043101531,-14.598173328707787,14.598173328707787,213.1066645349954
space1_time0,2020-01-06 11:00:00,52.75,158.5,1,0,158.7664794921875,129.35281422585845,29.413665266329048,29.413665266329048,865.1637043996518,144.6168043101531,14.1496751820344,14.1496751820344,200.21330775708023
space1_time0,2020-01-06 11:00:00,56.25,159.25,1,0,133.28543090820312,125.36485038313079,7.920580525072339,7.920580525072339,62.73559585415521,144.6168043101531,-11.331373401949975,11.331373401949975,128.40002317441935
space1_time0,2020-01-06 11:00:00,67.5,162.25,1,0,135.8988800048828,128.14670427212278,7.752175732760037,7.752175732760037,60.096228591593615,144.6168043101531,-8.717924305270287,8.717924305270287,76.00220419242243
space1_time0,2020-01-06 11:00:00,78.75,175.0,1,0,124.79175567626953,121.57146603568879,3.220289640580745,3.220289640580745,10.370265369231664,144.6168043101531,-19.82504863388357,19.82504863388357,393.0325533358488
space1_time0,2020-01-06 13:00:00,68.5,141.75,1,0,130.6719970703125,126.8401581466982,3.831838923614299,3.831838923614299,14.682989536525591,144.6168043101531,-13.9448072398406,13.9448072398406,194.4576489563108
space1_time0,2020-01-06 13:00:00,81.5,157.5,1,0,122.17831420898438,121.58357626411824,0.5947379448661394,0.5947379448661394,0.3537132230635991,144.6168043101531,-22.438490101168725,22.438490101168725,503.48583802024683
space1_time0,2020-01-06 14:00:00,79.75,129.25,1,0,103.23088073730469,121.15277005480536,-17.92188931750067,17.92188931750067,321.1941167087447,144.6168043101531,-41.38592357284841,41.38592357284841,1712.7946699776498
space1_time0,2020-01-06 18:00:00,81.0,83.5,1,0,106.4976806640625,125.99627077696024,-19.498590112897745,19.498590112897745,380.1950163907937,144.6168043101531,-38.1191236460906,38.1191236460906,1453.0675875459435
space1_time0,2020-01-06 19:00:00,79.5,56.0,1,0,125.44511413574219,124.32305890772392,1.1220552280182687,1.1220552280182687,1.259007934723129,144.6168043101531,-19.171690174410912,19.171690174410912,367.5537041436039
space1_time0,2020-01-06 21:00:00,82.25,39.0,1,0,113.68463897705078,122.9142892249295,-9.229650247878723,9.229650247878723,85.18644369816778,144.6168043101531,-30.93216533310232,30.93216533310232,956.7988521943769
space1_time0,2020-01-07 06:00:00,81.5,-108.5,1,0,104.53759765625,119.35624530083109,-14.818647644581091,14.818647644581091,219.59231801424872,144.6168043101531,-40.0792066539031,40.0792066539031,1606.3428060062706
space1_time0,2020-01-07 07:00:00,64.25,-126.25,1,0,137.20559692382812,127.236872145831,9.968724777997124,9.968724777997124,99.37547369945382,144.6168043101531,-7.411207386324975,7.411207386324975,54.92599492311786
space1_time0,2020-01-07 07:00:00,68.5,-124.25,1,0,126.75183868408203,123.58816082382762,3.16367786025441,3.16367786025441,10.008857603463921,144.6168043101531,-17.86496562607107,17.86496562607107,319.15699682070084
space1_time0,2020-01-07 07:00:00,72.75,-121.25,1,0,126.09848022460938,121.93923062507899,4.1592495995303835,4.1592495995303835,17.299357231193657,144.6168043101531,-18.518324085543725,18.518324085543725,342.9283269372288
space1_time0,2020-01-07 07:00:00,77.25,-116.75,1,0,110.41783905029297,126.33840589106302,-15.92056684077005,15.92056684077005,253.46444853142685,144.6168043101531,-34.19896525986013,34.19896525986013,1169.56922484512
space1_time0,2020-01-07 08:00:00,58.5,-152.75,1,0,166.60679626464844,132.1563814430971,34.450414821551334,34.450414821551334,1186.8310813769638,144.6168043101531,21.989991954495338,21.989991954495338,483.55974615876966
space1_time0,2020-01-07 08:00:00,62.75,-151.25,1,0,153.5395965576172,123.55421582218294,29.985380735434248,29.985380735434248,899.1230578489514,144.6168043101531,8.922792247464088,8.922792247464088,79.61622149140523
space1_time0,2020-01-07 08:00:00,67.0,-149.25,1,0,146.35263061523438,127.31552670969963,19.03710390553475,19.03710390553475,362.4113251101264,144.6168043101531,1.7358263050812752,1.7358263050812752,3.0130929614121125
space1_time0,2020-01-07 08:00:00,80.0,-136.75,1,0,105.19095611572266,117.64751151882211,-12.456555403099458,12.456555403099458,155.16577251048628,144.6168043101531,-39.42584819443044,39.42584819443044,1554.3975058502742
space1_time0,2020-01-07 11:00:00,51.5,157.0,1,0,153.5395965576172,130.421816938058,23.1177796195592,23.1177796195592,534.4317345385067,144.6168043101531,8.922792247464088,8.922792247464088,79.61622149140523
space1_time0,2020-01-07 11:00:00,55.5,158.0,1,0,164.64671325683594,122.88465762803334,41.7620556288026,41.7620556288026,1744.069290343203,144.6168043101531,20.029908946682838,20.029908946682838,401.1972524124052
space1_time0,2020-01-07 11:00:00,68.25,162.5,1,0,150.27279663085938,125.929897485945,24.34289914491437,24.34289914491437,592.5767387794727,144.6168043101531,5.655992320706275,5.655992320706275,31.99024913188836
space1_time0,2020-01-07 11:00:00,81.25,176.75,1,0,120.2182388305664,125.37202358751948,-5.153784756953073,5.153784756953073,26.56149732100184,144.6168043101531,-24.398565479586694,24.398565479586694,595.2899974616795
space1_time0,2020-01-08 13:00:00,69.0,137.0,1,0,124.79175567626953,124.76550945928038,0.02624621698915064,0.02624621698915064,0.0006888639062415797,144.6168043101531,-19.82504863388357,19.82504863388357,393.0325533358488
space1_time0,2020-01-08 13:00:00,77.75,144.5,1,0,123.48503875732422,120.75238427878224,2.732654478541974,2.732654478541974,7.4674004990955085,144.6168043101531,-21.13176555282888,21.13176555282888,446.5515153797253
space1_time0,2020-01-08 13:00:00,82.0,153.75,1,0,92.1237564086914,123.11869003416969,-30.994933625478282,30.994933625478282,960.6859104478043,144.6168043101531,-52.49304790146169,52.49304790146169,2755.520077985152
space1_time0,2020-01-08 16:00:00,79.0,98.25,1,0,129.3652801513672,125.23446098209537,4.130819169271817,4.130819169271817,17.063667009223504,144.6168043101531,-15.251524158785912,15.251524158785912,232.60898916603034
space1_time0,2020-01-08 21:00:00,78.5,25.0,1,0,122.17831420898438,126.05259677676577,-3.8742825677813926,3.8742825677813926,15.01006541501478,144.6168043101531,-22.438490101168725,22.438490101168725,503.48583802024683
space1_time0,2020-01-09 05:00:00,58.0,-109.5,1,0,128.05856323242188,126.10272872368849,1.955834508733389,1.955834508733389,3.8252886255523775,144.6168043101531,-16.558241077731225,16.558241077731225,274.1753475882657
space1_time0,2020-01-09 05:00:00,75.0,-100.25,1,0,122.17831420898438,123.33679617222752,-1.1584819632431476,1.1584819632431476,1.3420804591596975,144.6168043101531,-22.438490101168725,22.438490101168725,503.48583802024683
space1_time0,2020-01-09 05:00:00,79.25,-94.5,1,0,111.72455596923828,123.1253130556429,-11.400757086404624,11.400757086404624,129.97726214320525,144.6168043101531,-32.89224834091482,32.89224834091482,1081.9000009204137
space1_time0,2020-01-09 07:00:00,64.75,-131.0,1,0,137.8589630126953,127.44496278300387,10.414000229691439,10.414000229691439,108.45140078401334,144.6168043101531,-6.757841297457787,6.757841297457787,45.66841900162595
space1_time0,2020-01-09 07:00:00,69.0,-128.75,1,0,123.48503875732422,127.77352570272882,-4.2884869454046,4.2884869454046,18.391120280905675,144.6168043101531,-21.13176555282888,21.13176555282888,446.5515153797253
space1_time0,2020-01-09 07:00:00,82.0,-112.25,1,0,84.28343963623047,120.13701933458172,-35.853579698351254,35.853579698351254,1285.4791771860253,144.6168043101531,-60.33336467392263,60.33336467392263,3640.114892876535
space1_time0,2020-01-09 08:00:00,59.25,-157.75,1,0,157.4597625732422,121.06982410206177,36.389938471180415,36.389938471180415,1324.2276219362964,144.6168043101531,12.842958263089088,12.842958263089088,164.94157694744828
space1_time0,2020-01-09 08:00:00,63.25,-156.25,1,0,147.65936279296875,127.25777805468832,20.401584738280434,20.401584738280434,416.2246598332371,144.6168043101531,3.0425584828156502,3.0425584828156502,9.25716212135347
space1_time0,2020-01-09 08:00:00,67.5,-154.25,1,0,133.9387969970703,129.95421969919894,3.9845772978713683,3.9845772978713683,15.876856242711895,144.6168043101531,-10.678007313082787,10.678007313082787,114.01984017824948
space1_time0,2020-01-09 08:00:00,80.5,-140.75,1,0,92.77711486816406,119.04214633889767,-26.265031470733604,26.265031470733604,689.8518781586266,144.6168043101531,-51.83968944198904,51.83968944198904,2687.3534014418697
space1_time0,2020-01-09 10:00:00,79.0,-168.25,1,0,120.87159729003906,120.12402810166816,0.7475691883709032,0.7475691883709032,0.558859691401531,144.6168043101531,-23.745207020114037,23.745207020114037,563.834856428073
space1_time0,2020-01-09 18:00:00,79.75,72.75,1,0,124.79175567626953,123.43480204027834,1.3569536359911893,1.3569536359911893,1.8413231702297093,144.6168043101531,-19.82504863388357,19.82504863388357,393.0325533358488
space1_time0,2020-01-09 21:00:00,81.0,26.5,1,0,118.2581558227539,126.60946795062404,-8.35131212787013,8.35131212787013,69.74441425711073,144.6168043101531,-26.358648487399194,26.358648487399194,694.7783500822718
space1_time0,2020-01-10 02:00:00,76.25,-53.25,1,0,107.15103912353516,122.24489623610037,-15.093857112565217,15.093857112565217,227.82452253453562,144.6168043101531,-37.46576518661794,37.46576518661794,1403.6835610187932
space1_time0,2020-01-10 02:00:00,80.5,-46.5,1,0,114.33799743652344,127.1505811473737,-12.812583710850262,12.812583710850262,164.16230134754548,144.6168043101531,-30.278806873629662,30.278806873629662,916.8061456905629
space1_time0,2020-01-10 05:00:00,77.5,-100.25,1,0,102.5775146484375,119.17944142135214,-16.601926772914638,16.601926772914638,275.6239725732198,144.6168043101531,-42.0392896617156,42.0392896617156,1767.301875261628
space1_time0,2020-01-10 05:00:00,81.75,-91.75,1,0,94.0838394165039,121.30192616933228,-27.21808675282837,27.21808675282837,740.8242464844911,144.6168043101531,-50.53296489364919,50.53296489364919,2553.5805409427817
space1_time0,2020-01-10 07:00:00,63.0,-134.75,1,0,138.51231384277344,129.36365145926123,9.148662383512203,9.148662383512203,83.69802340749119,144.6168043101531,-6.104490467379662,6.104490467379662,37.26480386632917
space1_time0,2020-01-10 09:00:00,61.5,-159.0,1,0,148.96607971191406,129.09764635223206,19.868433359682,19.868433359682,394.7546441681246,144.6168043101531,4.349275401760963,4.349275401760963,18.916196520362984
space1_time0,2020-01-10 09:00:00,65.75,-157.25,1,0,144.39256286621094,128.8223525713825,15.570210294828428,15.570210294828428,242.43144862518116,144.6168043101531,-0.22424144394216228,0.22424144394216228,0.05028422518126591
space1_time0,2020-01-10 09:00:00,70.0,-154.75,1,0,129.3652801513672,127.31994378200444,2.0453363693627438,2.0453363693627438,4.18340086383797,144.6168043101531,-15.251524158785912,15.251524158785912,232.60898916603034
space1_time0,2020-01-10 10:00:00,81.25,-165.25,1,0,88.20359802246094,120.64466451016284,-32.4410664877019,32.4410664877019,1052.4227948594955,144.6168043101531,-56.41320628769216,56.41320628769216,3182.4498436577105
space1_time0,2020-01-10 23:00:00,77.5,-5.75,1,0,122.83168029785156,126.7311938888386,-3.8995135909870413,3.8995135909870413,15.20620624629265,144.6168043101531,-21.785124012301537,21.785124012301537,474.59162823135705
space1_time0,2020-01-10 23:00:00,81.75,2.25,1,0,116.9514389038086,125.13642737109943,-8.184988467290836,8.184988467290836,66.99403620968398,144.6168043101531,-27.665365406344506,27.665365406344506,765.3724430665633
space1_time0,2020-01-11 02:00:00,74.25,-57.75,1,0,127.40519714355469,122.71734197046202,4.687855173092672,4.687855173092672,21.975986123891722,144.6168043101531,-17.211607166598412,17.211607166598412,296.23942125730184
space1_time0,2020-01-11 02:00:00,78.75,-52.5,1,0,125.44511413574219,126.18177397877032,-0.7366598430281357,0.7366598430281357,0.5426677243302376,144.6168043101531,-19.171690174410912,19.171690174410912,367.5537041436039
space1_time0,2020-01-11 06:00:00,79.75,-99.0,1,0,103.88423919677734,122.34366188858513,-18.459422691807788,18.459422691807788,340.75028611482827,144.6168043101531,-40.732565113375756,40.732565113375756,1659.1418607153958
space1_time0,2020-01-11 09:00:00,59.75,-162.25,1,0,143.73919677734375,125.98068884235344,17.758507934990305,17.758507934990305,315.36460407711365,144.6168043101531,-0.8776075328093498,0.8776075328093498,0.7701949816437139
space1_time0,2020-01-11 09:00:00,63.75,-160.75,1,0,139.81903076171875,128.74832630894835,11.0707044527704,11.0707044527704,122.56049708059037,144.6168043101531,-4.79777354843435,4.79777354843435,23.018631022056333
space1_time0,2020-01-11 09:00:00,68.0,-158.75,1,0,151.5795135498047,130.01361080502514,21.56590274477955,21.56590274477955,465.0881611972901,144.6168043101531,6.962709239651588,6.962709239651588,48.47931995592959
space1_time0,2020-01-11 10:00:00,79.5,-172.0,1,0,100.61743927001953,120.327491298685,-19.710052028665473,19.710052028665473,388.48615097269993,144.6168043101531,-43.99936504013357,43.99936504013357,1935.944123934928
space1_time0,2020-01-11 12:00:00,60.75,149.75,1,0,127.40519714355469,124.76147303016229,2.6437241133923948,2.6437241133923948,6.989277187732403,144.6168043101531,-17.211607166598412,17.211607166598412,296.23942125730184
space1_time0,2020-01-11 12:00:00,65.0,151.25,1,0,117.60479736328125,124.44200478221524,-6.8372074189339855,6.8372074189339855,46.74740528952593,144.6168043101531,-27.01200694687185,27.01200694687185,729.6485192978531
space1_time0,2020-01-11 15:00:00,79.25,114.75,1,0,122.17831420898438,121.24223282610546,0.9360813828789105,0.9360813828789105,0.8762483553724935,144.6168043101531,-22.438490101168725,22.438490101168725,503.48583802024683
space1_time0,2020-01-11 18:00:00,80.25,68.75,1,0,98.00399780273438,123.08469277321149,-25.08069497047711,25.08069497047711,629.0412602021158,144.6168043101531,-46.612806507418725,46.612806507418725,2172.7537304980574
space1_time0,2020-01-11 20:00:00,78.75,41.75,1,0,130.6719970703125,122.17745676581508,8.49454030449742,8.49454030449742,72.15721498473113,144.6168043101531,-13.9448072398406,13.9448072398406,194.4576489563108
space1_time0,2020-01-11 22:00:00,81.5,23.0,1,0,101.27079772949219,126.35801935625754,-25.087221626765356,25.087221626765356,629.3686889504434,144.6168043101531,-43.34600658066091,43.34600658066091,1878.8762864906992
space1_time0,2020-01-11 23:00:00,80.0,-4.5,1,0,121.52495574951172,126.46222051963234,-4.9372647701206205,4.9372647701206205,24.376583410274222,144.6168043101531,-23.09184856064138,23.09184856064138,533.2334699475954
space1_time0,2020-01-12 02:00:00,76.75,-57.75,1,0,114.9913558959961,122.95293297498449,-7.961577078988398,7.961577078988398,63.38670958467343,144.6168043101531,-29.625448414157006,29.625448414157006,877.6671937398779
space1_time0,2020-01-12 02:00:00,81.25,-50.5,1,0,99.31071472167969,127.96951493503398,-28.658800213354297,28.658800213354297,821.3268296689563,144.6168043101531,-45.30608958847341,45.30608958847341,2052.641753798779
space1_time0,2020-01-12 04:00:00,75.25,-83.5,1,0,113.68463897705078,123.46969395343181,-9.785054976381033,9.785054976381033,95.74730089079922,144.6168043101531,-30.93216533310232,30.93216533310232,956.7988521943769
space1_time0,2020-01-12 04:00:00,79.5,-78.0,1,0,105.84431457519531,127.91128886677885,-22.066974291583534,22.066974291583534,486.95135438540865,144.6168043101531,-38.77248973495779,38.77248973495779,1503.305960247407
space1_time0,2020-01-14 03:00:00,77.25,-62.25,1,0,99.96408081054688,125.96114243332353,-25.997061622776656,25.997061622776656,675.8472130184468,144.6168043101531,-44.652723499606225,44.652723499606225,1993.8657159322859
space1_time0,2020-01-14 04:00:00,80.25,-82.25,1,0,110.41783905029297,126.51618910570735,-16.098350055414386,16.098350055414386,259.15687450666036,144.6168043101531,-34.19896525986013,34.19896525986013,1169.56922484512
space1_time0,2020-01-14 06:00:00,57.25,-122.25,1,0,116.9514389038086,125.44436251156678,-8.492923607758186,8.492923607758186,72.12975140721633,144.6168043101531,-27.665365406344506,27.665365406344506,765.3724430665633
space1_time0,2020-01-14 06:00:00,61.25,-120.75,1,0,131.3253631591797,127.65754478985252,3.667818369327165,3.667818369327165,13.452891590373783,144.6168043101531,-13.291441150973412,13.291441150973412,176.66240786978943
space1_time0,2020-01-14 06:00:00,65.5,-119.0,1,0,131.3253631591797,127.88856535939725,3.4367977997824397,3.4367977997824397,11.811579116589419,144.6168043101531,-13.291441150973412,13.291441150973412,176.66240786978943
space1_time0,2020-01-14 06:00:00,69.75,-116.75,1,0,130.0186309814453,125.31903796598459,4.699593015460721,4.699593015460721,22.08617451096719,144.6168043101531,-14.598173328707787,14.598173328707787,213.1066645349954
space1_time0,2020-01-14 06:00:00,74.25,-113.75,1,0,133.28543090820312,119.99769433439036,13.287736573812765,13.287736573812765,176.5639432550414,144.6168043101531,-11.331373401949975,11.331373401949975,128.40002317441935
space1_time0,2020-01-14 09:00:00,79.75,-155.5,1,0,82.97671508789062,117.56716901746799,-34.590453929577365,34.590453929577365,1196.499503054214,144.6168043101531,-61.640089222262475,61.640089222262475,3799.5005993284785
space1_time0,2020-01-14 12:00:00,68.0,145.5,1,0,142.43247985839844,126.27188376061973,16.160596097778708,16.160596097778708,261.1648662355404,144.6168043101531,-2.1843244517546623,2.1843244517546623,4.771273310533306
space1_time0,2020-01-14 12:00:00,72.25,148.0,1,0,121.52495574951172,126.69791977543404,-5.172964025922326,5.172964025922326,26.75955681348652,144.6168043101531,-23.09184856064138,23.09184856064138,533.2334699475954
space1_time0,2020-01-14 12:00:00,81.0,158.5,1,0,114.33799743652344,121.36569064563457,-7.027693209111135,7.027693209111135,49.38847184138676,144.6168043101531,-30.278806873629662,30.278806873629662,916.8061456905629
space1_time0,2020-01-14 14:00:00,79.25,131.5,1,0,107.15103912353516,121.07406336835349,-13.923024244818336,13.923024244818336,193.8506041217992,144.6168043101531,-37.46576518661794,37.46576518661794,1403.6835610187932
space1_time0,2020-01-14 17:00:00,80.5,84.75,1,0,106.4976806640625,121.37734704815111,-14.879666384088608,14.879666384088608,221.40447170177657,144.6168043101531,-38.1191236460906,38.1191236460906,1453.0675875459435
space1_time0,2020-01-14 22:00:00,80.25,12.0,1,0,105.19095611572266,125.56766844744892,-20.376712331726267,20.376712331726267,415.21040544992536,144.6168043101531,-39.42584819443044,39.42584819443044,1554.3975058502742
space1_time0,2020-01-15 03:00:00,79.75,-61.25,1,0,92.77711486816406,125.41579424696322,-32.638679378799154,32.638679378799154,1065.2833915920492,144.6168043101531,-51.83968944198904,51.83968944198904,2687.3534014418697
space1_time0,2020-01-15 06:00:00,59.5,-123.75,1,0,124.79175567626953,129.3603032863572,-4.568547610087677,4.568547610087677,20.871627265637827,144.6168043101531,-19.82504863388357,19.82504863388357,393.0325533358488
space1_time0,2020-01-15 06:00:00,63.75,-122.25,1,0,129.3652801513672,127.90872715823032,1.4565529931368673,1.4565529931368673,2.121546621815967,144.6168043101531,-15.251524158785912,15.251524158785912,232.60898916603034
space1_time0,2020-01-15 06:00:00,68.0,-120.25,1,0,131.9787139892578,129.29966141653807,2.6790525727197405,2.6790525727197405,7.17732268739626,144.6168043101531,-12.638090320895287,12.638090320895287,159.72132695910716
space1_time0,2020-01-15 06:00:00,72.25,-117.75,1,0,125.44511413574219,127.3149944197236,-1.8698802839814164,1.8698802839814164,3.4964522764224224,144.6168043101531,-19.171690174410912,19.171690174410912,367.5537041436039
space1_time0,2020-01-15 06:00:00,76.75,-114.0,1,0,121.52495574951172,123.92381364926177,-2.3988578997500554,2.3988578997500554,5.754519223193246,144.6168043101531,-23.09184856064138,23.09184856064138,533.2334699475954
space1_time0,2020-01-15 06:00:00,81.0,-107.25,1,0,128.05856323242188,120.2136133149864,7.844949917435471,7.844949917435471,61.543239207070805,144.6168043101531,-16.558241077731225,16.558241077731225,274.1753475882657
space1_time0,2020-01-15 09:00:00,52.5,-174.25,1,0,137.8589630126953,126.16418121479327,11.694781797902039,11.694781797902039,136.76792130054085,144.6168043101531,-6.757841297457787,6.757841297457787,45.66841900162595
space1_time0,2020-01-15 11:00:00,55.0,162.25,1,0,145.04591369628906,126.54982351654613,18.496090179742936,18.496090179742936,342.10535193718306,144.6168043101531,0.4291093861359627,0.4291093861359627,0.18413486526998277
space1_time0,2020-01-15 11:00:00,59.25,163.5,1,0,169.22023010253906,128.86810960667302,40.352120495866046,40.352120495866046,1628.2936285128926,144.6168043101531,24.603425792385963,24.603425792385963,605.3285607214428
space1_time0,2020-01-15 11:00:00,63.25,165.25,1,0,125.44511413574219,126.43717827901546,-0.992064143273268,0.992064143273268,0.9841912643685231,144.6168043101531,-19.171690174410912,19.171690174410912,367.5537041436039
space1_time0,2020-01-15 11:00:00,67.5,167.25,1,0,79.05655670166016,125.380803509032,-46.32424680737185,46.32424680737185,2145.9358422703012,144.6168043101531,-65.56024760849294,65.56024760849294,4298.146066486905
space1_time0,2020-01-15 13:00:00,66.0,142.0,1,0,127.40519714355469,130.108343764879,-2.703146621324322,2.703146621324322,7.307001656377098,144.6168043101531,-17.211607166598412,17.211607166598412,296.23942125730184
space1_time0,2020-01-15 13:00:00,70.25,144.25,1,0,120.87159729003906,129.61771231664994,-8.74611502661088,8.74611502661088,76.49452805870864,144.6168043101531,-23.745207020114037,23.745207020114037,563.834856428073
space1_time0,2020-01-15 14:00:00,73.0,122.0,1,0,139.81903076171875,125.72060770213476,14.098423059583993,14.098423059583993,198.7655327670097,144.6168043101531,-4.79777354843435,4.79777354843435,23.018631022056333
space1_time0,2020-01-16 03:00:00,77.75,-66.75,1,0,108.45775604248047,125.61942689177006,-17.161670849289592,17.161670849289592,294.52294633935617,144.6168043101531,-36.15904826767263,36.15904826767263,1307.4767716238791
space1_time0,2020-01-16 06:00:00,61.75,-125.5,1,0,142.43247985839844,126.98908521486727,15.443394643531164,15.443394643531164,238.49843811584705,144.6168043101531,-2.1843244517546623,2.1843244517546623,4.771273310533306
space1_time0,2020-01-16 06:00:00,66.0,-123.75,1,0,150.92616271972656,125.91874340128712,25.007419318439446,25.007419318439446,625.3710209682584,144.6168043101531,6.309358409573463,6.309358409573463,39.808003540455374
space1_time0,2020-01-16 06:00:00,70.25,-121.5,1,0,116.9514389038086,120.0548149872421,-3.1033760834335027,3.1033760834335027,9.630943115227067,144.6168043101531,-27.665365406344506,27.665365406344506,765.3724430665633
space1_time0,2020-01-16 06:00:00,74.75,-118.5,1,0,100.61743927001953,120.43101968663558,-19.81358041661605,19.81358041661605,392.577968925711,144.6168043101531,-43.99936504013357,43.99936504013357,1935.944123934928
space1_time0,2020-01-16 11:00:00,53.25,159.25,1,0,150.92616271972656,129.44008372498382,21.48607899474274,21.48607899474274,461.6515905683252,144.6168043101531,6.309358409573463,6.309358409573463,39.808003540455374
space1_time0,2020-01-16 11:00:00,57.25,160.5,1,0,162.68663024902344,125.50679277334555,37.179837475677886,37.179837475677886,1382.3403147178217,144.6168043101531,18.069825938870338,18.069825938870338,326.51860946107126
space1_time0,2020-01-16 11:00:00,65.5,163.25,1,0,140.47239685058594,122.37406343390494,18.098333416681,18.098333416681,327.5496724613522,144.6168043101531,-4.144407459567162,4.144407459567162,17.176113190915938
space1_time0,2020-01-16 11:00:00,78.75,173.25,1,0,105.84431457519531,123.30141727299659,-17.457102697801275,17.457102697801275,304.75043460158054,144.6168043101531,-38.77248973495779,38.77248973495779,1503.305960247407
space1_time0,2020-01-16 19:00:00,79.5,54.0,1,0,81.01663970947266,124.35409629337454,-43.33745658390188,43.33745658390188,1878.1351431615806,144.6168043101531,-63.60016460068044,63.60016460068044,4044.980937233646
space1_time0,2020-01-18 03:00:00,78.5,-71.25,1,0,111.72455596923828,129.86754029619638,-18.1429843269581,18.1429843269581,329.16788028824726,144.6168043101531,-32.89224834091482,32.89224834091482,1081.9000009204137
space1_time0,2020-01-18 05:00:00,51.5,-110.0,1,0,150.92616271972656,134.49626613333922,16.429896586387343,16.429896586387343,269.94150183938245,144.6168043101531,6.309358409573463,6.309358409573463,39.808003540455374
space1_time0,2020-01-18 05:00:00,55.5,-108.5,1,0,150.92616271972656,127.38446319634119,23.541699523385375,23.541699523385375,554.2116164493632,144.6168043101531,6.309358409573463,6.309358409573463,39.808003540455374
space1_time0,2020-01-18 05:00:00,59.75,-107.0,1,0,131.9787139892578,127.1093046317663,4.869409357491506,4.869409357491506,23.71114749082584,144.6168043101531,-12.638090320895287,12.638090320895287,159.72132695910716
space1_time0,2020-01-18 05:00:00,76.75,-97.5,1,0,99.96408081054688,121.5043912496525,-21.540310439105625,21.540310439105625,463.98497381304276,144.6168043101531,-44.652723499606225,44.652723499606225,1993.8657159322859
space1_time0,2020-01-18 07:00:00,66.5,-128.5,1,0,134.5921630859375,129.0561117841273,5.536051301810204,5.536051301810204,30.647864016274454,144.6168043101531,-10.0246412242156,10.0246412242156,100.49343167424284
space1_time0,2020-01-18 07:00:00,70.75,-126.5,1,0,141.12576293945312,123.54352139858919,17.582241540863933,17.582241540863933,309.13521760128134,144.6168043101531,-3.4910413706999748,3.4910413706999748,12.187369851938758
space1_time0,2020-01-18 07:00:00,75.25,-123.0,1,0,105.19095611572266,122.44151851269446,-17.2505623969718,17.2505623969718,297.58190301181753,144.6168043101531,-39.42584819443044,39.42584819443044,1554.3975058502742
space1_time0,2020-01-18 08:00:00,61.0,-155.0,1,0,154.8463134765625,124.71226701009552,30.134046466466984,30.134046466466984,908.0607564431913,144.6168043101531,10.2295091664094,10.2295091664094,104.64285778565394
space1_time0,2020-01-18 08:00:00,65.0,-153.5,1,0,135.8988800048828,126.0480808517294,9.850799153153417,9.850799153153417,97.03824395576808,144.6168043101531,-8.717924305270287,8.717924305270287,76.00220419242243
space1_time0,2020-01-18 08:00:00,69.25,-151.5,1,0,156.1530303955078,122.39751672145563,33.75551367405218,33.75551367405218,1139.434703399124,144.6168043101531,11.536226085354713,11.536226085354713,133.0845122924185
space1_time0,2020-01-18 13:00:00,69.0,135.75,1,0,134.5921630859375,127.18744540600609,7.404717679931409,7.404717679931409,54.82984391948879,144.6168043101531,-10.0246412242156,10.0246412242156,100.49343167424284
space1_time0,2020-01-18 13:00:00,77.75,142.5,1,0,104.53759765625,123.70651528998052,-19.168917633730516,19.168917633730516,367.4474032487447,144.6168043101531,-40.0792066539031,40.0792066539031,1606.3428060062706
space1_time0,2020-01-18 16:00:00,79.0,95.75,1,0,94.73719787597656,126.0772039886136,-31.34000611263704,31.34000611263704,982.1959831401272,144.6168043101531,-49.87960643417654,49.87960643417654,2487.9751380283456
space1_time0,2020-01-19 05:00:00,75.0,-101.75,1,0,118.2581558227539,118.8789771665304,-0.6208213437764982,0.6208213437764982,0.38541914088845697,144.6168043101531,-26.358648487399194,26.358648487399194,694.7783500822718
space1_time0,2020-01-19 05:00:00,79.5,-97.0,1,0,87.55023956298828,119.50643163366588,-31.956192070677602,31.956192070677602,1021.1982116580381,144.6168043101531,-57.06656474716482,57.06656474716482,3256.5928120423546
space1_time0,2020-01-19 08:00:00,59.0,-158.0,1,0,139.16567993164062,129.31577732705074,9.849902604589886,9.849902604589886,97.02058131990661,144.6168043101531,-5.451124378512475,5.451124378512475,29.714756990013015
space1_time0,2020-01-19 08:00:00,63.25,-156.5,1,0,177.7139129638672,122.33954530983267,55.374367654034515,55.374367654034515,3066.320593084184,144.6168043101531,33.09710865371409,33.09710865371409,1095.418601235756
space1_time0,2020-01-19 08:00:00,67.5,-154.75,1,0,125.44511413574219,128.10676794541237,-2.6616538096701845,2.6616538096701845,7.0844010025318065,144.6168043101531,-19.171690174410912,19.171690174410912,367.5537041436039
space1_time0,2020-01-19 09:00:00,54.75,-159.5,1,0,153.5395965576172,123.05535350092977,30.48424305668742,30.48424305668742,929.289074739195,144.6168043101531,8.922792247464088,8.922792247464088,79.61622149140523
space1_time0,2020-01-19 10:00:00,79.0,-169.75,1,0,150.27279663085938,121.93315253678571,28.339644094073662,28.339644094073662,803.1354273787642,144.6168043101531,5.655992320706275,5.655992320706275,31.99024913188836
space1_time0,2020-01-19 13:00:00,67.0,132.75,1,0,99.96408081054688,123.15009321236577,-23.1860124018189,23.1860124018189,537.5911710972998,144.6168043101531,-44.652723499606225,44.652723499606225,1993.8657159322859
space1_time0,2020-01-19 13:00:00,71.5,134.75,1,0,135.8988800048828,123.78363453686907,12.11524546801374,12.11524546801374,146.77917275022745,144.6168043101531,-8.717924305270287,8.717924305270287,76.00220419242243
space1_time0,2020-01-19 18:00:00,79.75,70.25,1,0,111.07119750976562,122.70660120787097,-11.63540369810535,11.63540369810535,135.38261921788364,144.6168043101531,-33.545606800387475,33.545606800387475,1125.3077356062024
space1_time0,2020-01-20 07:00:00,62.75,-135.25,1,0,135.8988800048828,123.85882990534823,12.040050099534582,12.040050099534582,144.9628063993027,144.6168043101531,-8.717924305270287,8.717924305270287,76.00220419242243
space1_time0,2020-01-20 07:00:00,67.25,-133.25,1,0,144.39256286621094,125.27688526631206,19.115677599898873,19.115677599898873,365.4091301032756,144.6168043101531,-0.22424144394216228,0.22424144394216228,0.05028422518126591
space1_time0,2020-01-20 09:00:00,61.25,-159.75,1,0,131.9787139892578,126.46140594996764,5.517308039290171,5.517308039290171,30.44068800041595,144.6168043101531,-12.638090320895287,12.638090320895287,159.72132695910716
space1_time0,2020-01-20 09:00:00,65.5,-158.25,1,0,136.55223083496094,120.51454727286274,16.037683562098195,16.037683562098195,257.20729403799464,144.6168043101531,-8.064573475192162,8.064573475192162,65.03734533677299
space1_time0,2020-01-20 09:00:00,69.75,-156.0,1,0,108.45775604248047,121.886140021109,-13.428383978628531,13.428383978628531,180.32149627748743,144.6168043101531,-36.15904826767263,36.15904826767263,1307.4767716238791
space1_time0,2020-01-20 17:00:00,79.5,91.25,1,0,124.79175567626953,127.04115628478361,-2.2494006085140796,2.2494006085140796,5.0598030975835115,144.6168043101531,-19.82504863388357,19.82504863388357,393.0325533358488
space1_time0,2020-01-21 07:00:00,61.0,-138.25,1,0,148.96607971191406,124.82413637610918,24.141943335804882,24.141943335804882,582.8334280292138,144.6168043101531,4.349275401760963,4.349275401760963,18.916196520362984
space1_time0,2020-01-21 07:00:00,65.25,-136.75,1,0,145.69927978515625,122.1074793391449,23.591800446011348,23.591800446011348,556.5730482844212,144.6168043101531,1.0824754750031502,1.0824754750031502,1.1717531539832957
space1_time0,2020-01-21 09:00:00,63.75,-161.5,1,0,130.0186309814453,119.59575902770378,10.422871953741534,10.422871953741534,108.63625976409188,144.6168043101531,-14.598173328707787,14.598173328707787,213.1066645349954
space1_time0,2020-01-21 09:00:00,68.0,-159.75,1,0,132.632080078125,122.34354282311222,10.288537255012784,10.288537255012784,105.85399884778599,144.6168043101531,-11.9847242320281,11.9847242320281,143.63361491776152
space1_time0,2020-01-21 12:00:00,60.75,149.25,1,0,150.27279663085938,127.93468474053239,22.338111890326985,22.338111890326985,498.9912428247678,144.6168043101531,5.655992320706275,5.655992320706275,31.99024913188836
space1_time0,2020-01-22 02:00:00,77.0,-59.75,1,0,107.15103912353516,124.48080254202898,-17.329763418493826,17.329763418493826,300.32070014096684,144.6168043101531,-37.46576518661794,37.46576518661794,1403.6835610187932
space1_time0,2020-01-22 07:00:00,63.5,-140.0,1,0,152.23287963867188,121.73140299107371,30.501476647598167,30.501476647598167,930.3400776839763,144.6168043101531,7.616075328518775,7.616075328518775,58.00460340967237
space1_time0,2020-01-22 07:00:00,67.75,-138.25,1,0,133.9387969970703,120.6924859584785,13.246311038591813,13.246311038591813,175.46475613111932,144.6168043101531,-10.678007313082787,10.678007313082787,114.01984017824948
space1_time0,2020-01-22 09:00:00,53.5,-167.25,1,0,167.91351318359375,125.24628308510069,42.667230098493064,42.667230098493064,1820.4925242777524,144.6168043101531,23.29670887344065,23.29670887344065,542.7366443338483
space1_time0,2020-01-22 09:00:00,61.75,-164.75,1,0,103.88423919677734,125.7597190499758,-21.875479853198456,21.875479853198456,478.5366188076915,144.6168043101531,-40.732565113375756,40.732565113375756,1659.1418607153958
space1_time0,2020-01-22 09:00:00,66.25,-162.75,1,0,120.87159729003906,118.37530677581101,2.4962905142280505,2.4962905142280505,6.2314663314249445,144.6168043101531,-23.745207020114037,23.745207020114037,563.834856428073
space1_time0,2020-01-22 09:00:00,70.5,-160.75,1,0,134.5921630859375,121.03522034103237,13.556942744905129,13.556942744905129,183.79069658863583,144.6168043101531,-10.0246412242156,10.0246412242156,100.49343167424284
space1_time0,2020-01-22 12:00:00,63.0,147.5,1,0,123.48503875732422,127.70953690412303,-4.224498146798808,4.224498146798808,17.846384592306567,144.6168043101531,-21.13176555282888,21.13176555282888,446.5515153797253
space1_time0,2020-01-22 12:00:00,67.25,148.75,1,0,115.64471435546875,128.75513019015244,-13.110415834683693,13.110415834683693,171.8830033583249,144.6168043101531,-28.97208995468435,28.97208995468435,839.3819963423218
space1_time0,2020-01-22 12:00:00,71.5,151.25,1,0,88.20359802246094,127.93239445165982,-39.72879642919888,39.72879642919888,1578.3772657127256,144.6168043101531,-56.41320628769216,56.41320628769216,3182.4498436577105
space1_time0,2020-01-24 03:00:00,77.5,-64.5,1,0,116.9514389038086,126.07123615909963,-9.119797255291033,9.119797255291033,83.17070197761386,144.6168043101531,-27.665365406344506,27.665365406344506,765.3724430665633
space1_time0,2020-01-24 06:00:00,57.0,-122.75,1,0,149.6194305419922,126.56680012505551,23.05263041693668,23.05263041693668,531.4237691398741,144.6168043101531,5.002626231839088,5.002626231839088,25.02626921548455
space1_time0,2020-01-24 06:00:00,61.25,-121.5,1,0,143.73919677734375,125.4237195088218,18.315477268521946,18.315477268521946,335.4567075737441,144.6168043101531,-0.8776075328093498,0.8776075328093498,0.7701949816437139
space1_time0,2020-01-24 06:00:00,65.5,-120.0,1,0,123.48503875732422,122.29608513914341,1.188953618180804,1.188953618180804,1.4136107061852252,144.6168043101531,-21.13176555282888,21.13176555282888,446.5515153797253
space1_time0,2020-01-24 06:00:00,69.75,-118.0,1,0,122.83168029785156,118.61476785404825,4.216912443803309,4.216912443803309,17.7823505587032,144.6168043101531,-21.785124012301537,21.785124012301537,474.59162823135705
space1_time0,2020-01-24 12:00:00,67.75,144.5,1,0,107.80439758300781,131.33309867983925,-23.52870109683144,23.52870109683144,553.599775304037,144.6168043101531,-36.81240672714529,36.81240672714529,1355.1532890447716
space1_time0,2020-01-24 12:00:00,72.25,146.5,1,0,136.55223083496094,131.30489711126287,5.247333723698063,5.247333723698063,27.534511207858976,144.6168043101531,-8.064573475192162,8.064573475192162,65.03734533677299
space1_time0,2020-01-25 06:00:00,59.5,-124.75,1,0,141.12576293945312,125.05362061237744,16.07214232707568,16.07214232707568,258.3137589817777,144.6168043101531,-3.4910413706999748,3.4910413706999748,12.187369851938758
space1_time0,2020-01-25 06:00:00,63.75,-123.0,1,0,121.52495574951172,124.17903072541762,-2.6540749759058997,2.6540749759058997,7.044113977729902,144.6168043101531,-23.09184856064138,23.09184856064138,533.2334699475954
space1_time0,2020-01-25 06:00:00,68.0,-121.5,1,0,138.51231384277344,121.57740743600996,16.934906406763474,16.934906406763474,286.7910550058386,144.6168043101531,-6.104490467379662,6.104490467379662,37.26480386632917
space1_time0,2020-01-25 06:00:00,72.25,-119.25,1,0,128.7119140625,122.27480388522783,6.437110177272174,6.437110177272174,41.43638743434101,144.6168043101531,-15.9048902476531,15.9048902476531,252.96553378989069
space1_time0,2020-01-25 06:00:00,76.75,-116.0,1,0,109.11111450195312,123.25213796142539,-14.141023459472265,14.141023459472265,199.96854448134496,144.6168043101531,-35.505689808199975,35.505689808199975,1260.6540087561157
space1_time0,2020-01-25 09:00:00,52.25,-175.0,1,0,171.18031311035156,122.31880712711056,48.861505983241,48.861505983241,2387.4467669502965,144.6168043101531,26.563508800198463,26.563508800198463,705.6199997782212
space1_time0,2020-01-26 00:00:00,76.75,-22.0,1,0,102.5775146484375,123.85714512640057,-21.279630477963067,21.279630477963067,452.8226732786547,144.6168043101531,-42.0392896617156,42.0392896617156,1767.301875261628
space1_time0,2020-01-26 03:00:00,78.0,-69.25,1,0,118.2581558227539,123.3189263995456,-5.060770576791697,5.060770576791697,25.611398830920564,144.6168043101531,-26.358648487399194,26.358648487399194,694.7783500822718
space1_time0,2020-01-26 06:00:00,61.75,-126.25,1,0,122.17831420898438,125.36891523493712,-3.190601025952745,3.190601025952745,10.179934906810708,144.6168043101531,-22.438490101168725,22.438490101168725,503.48583802024683
space1_time0,2020-01-26 06:00:00,66.0,-124.75,1,0,163.9933624267578,125.67395835316049,38.319404073597326,38.319404073597326,1468.3767285556273,144.6168043101531,19.376558116604713,19.376558116604713,375.45100444615997
space1_time0,2020-01-26 06:00:00,70.25,-122.75,1,0,133.28543090820312,117.55434626081134,15.731084647391782,15.731084647391782,247.4670241834054,144.6168043101531,-11.331373401949975,11.331373401949975,128.40002317441935
space1_time0,2020-01-26 06:00:00,74.75,-120.5,1,0,127.40519714355469,119.36058473045864,8.044612413096047,8.044612413096047,64.715788876939,144.6168043101531,-17.211607166598412,17.211607166598412,296.23942125730184
space1_time1,2020-01-26 11:00:00,53.0,158.75,1,1,165.30007934570312,141.57543333005592,23.72464601564721,23.72464601564721,562.858828567765,143.95432584365864,21.345753502044488,21.345753502044488,455.6411925700445
space1_time1,2020-01-26 11:00:00,57.25,160.0,1,1,121.52495574951172,136.43781006973686,-14.912854320225136,14.912854320225136,222.39322397625753,143.95432584365864,-22.42937009414692,22.42937009414692,503.07664282021216
space1_time1,2020-01-26 11:00:00,65.5,162.25,1,1,69.90951538085938,131.5355831427199,-61.626067761860526,61.626067761860526,3797.772227789425,143.95432584365864,-74.04481046279926,74.04481046279926,5482.633956471867
space1_time1,2020-01-26 11:00:00,70.0,164.25,1,1,116.9514389038086,124.084130452088,-7.132691548279411,7.132691548279411,50.875288722896535,143.95432584365864,-27.002886939850043,27.002886939850043,729.1559030863241
space1_time1,2020-01-29 08:00:00,54.75,-160.25,1,1,152.88623046875,117.7706121125313,35.115618356218704,35.115618356218704,1233.106652539604,143.95432584365864,8.931904625091363,8.931904625091363,79.77892023172848
space1_time1,2020-01-29 08:00:00,59.0,-158.75,1,1,147.65936279296875,123.13199900242532,24.527363790543433,24.527363790543433,601.5915745136612,143.95432584365864,3.705036949310113,3.705036949310113,13.727298795753189
space1_time1,2020-01-29 08:00:00,63.0,-157.5,1,1,124.13839721679688,121.34593951866738,2.792457698129496,2.792457698129496,7.797819995842684,143.95432584365864,-19.815928626861762,19.815928626861762,392.67102734487946
space1_time1,2020-01-29 08:00:00,67.5,-156.0,1,1,131.9787139892578,120.86366403840202,11.115049950855791,11.115049950855791,123.54433541001933,143.95432584365864,-11.975611854400825,11.975611854400825,143.41527928726555
space1_time1,2020-01-29 13:00:00,71.5,133.25,1,1,120.87159729003906,133.86460717969544,-12.993009889656378,12.993009889656378,168.81830599270845,143.95432584365864,-23.082728553619575,23.082728553619575,532.8123574800844
space1_time1,2020-01-30 02:00:00,76.5,-57.75,1,1,94.73719787597656,121.97335495012004,-27.236157074143478,27.236157074143478,741.8082521674158,143.95432584365864,-49.217127967682075,49.217127967682075,2422.325685387193
space1_time1,2020-01-30 07:00:00,67.0,-134.5,1,1,119.56488037109375,122.92732970727674,-3.3624493361829906,3.3624493361829906,11.306065538397434,143.95432584365864,-24.389445472564887,24.389445472564887,594.8450504592158
space1_time1,2020-01-30 09:00:00,61.25,-160.5,1,1,144.39256286621094,120.21043879222822,24.18212407398272,24.18212407398272,584.7751247294947,143.95432584365864,0.43823702255230046,0.43823702255230046,0.1920516879355055
space1_time1,2020-01-30 09:00:00,65.5,-159.25,1,1,107.80439758300781,122.85874519546863,-15.054347612460816,15.054347612460816,226.63338203680468,143.95432584365864,-36.149928260650825,36.149928260650825,1306.817313250201
space1_time1,2020-01-30 09:00:00,69.75,-157.5,1,1,129.3652801513672,119.00143590329154,10.363844248075651,10.363844248075651,107.40926759837076,143.95432584365864,-14.58904569229145,14.58904569229145,212.8402542117677
space1_time1,2020-02-08 07:00:00,69.0,-132.75,1,1,110.41783905029297,118.08079293046089,-7.662953880167919,7.662953880167919,58.72086216958056,143.95432584365864,-33.53648679336567,33.53648679336567,1124.69594644159
space1_time1,2020-02-08 08:00:00,58.75,-159.75,1,1,130.0186309814453,125.00885151895807,5.009779462487245,5.009779462487245,25.097890262758987,143.95432584365864,-13.935694862213325,13.935694862213325,194.20359129271884
space1_time1,2020-02-08 08:00:00,63.0,-158.75,1,1,137.20559692382812,125.13703333783998,12.068563585988144,12.068563585988144,145.65022702903903,143.95432584365864,-6.748728919830512,6.748728919830512,45.54534203335671
space1_time1,2020-02-08 08:00:00,67.5,-157.25,1,1,141.12576293945312,121.28621320501547,19.839549734437654,19.839549734437654,393.60773366522517,143.95432584365864,-2.828562904205512,2.828562904205512,8.000768103047522
space1_time1,2020-02-09 07:00:00,67.0,-136.0,1,1,131.3253631591797,121.15975613197227,10.165607027207415,10.165607027207415,103.33956623160877,143.95432584365864,-12.62896268447895,12.62896268447895,159.49069848596176
space1_time1,2020-02-09 09:00:00,61.25,-161.5,1,1,140.47239685058594,123.08066336405739,17.39173348652855,17.39173348652855,302.47239366643856,143.95432584365864,-3.4819289930726995,3.4819289930726995,12.123829512800263
space1_time1,2020-02-09 09:00:00,65.5,-160.75,1,1,133.28543090820312,122.28305821789343,11.002372690309699,11.002372690309699,121.05220481647267,143.95432584365864,-10.668894935455512,10.668894935455512,113.82531914378828
space1_time1,2020-02-09 09:00:00,70.0,-159.0,1,1,137.20559692382812,123.3884063743268,13.81719054950132,13.81719054950132,190.91475468122857,143.95432584365864,-6.748728919830512,6.748728919830512,45.54534203335671
space1_time1,2020-02-10 07:00:00,60.75,-140.0,1,1,129.3652801513672,127.01965370949412,2.3456264418730655,2.3456264418730655,5.501963404814098,143.95432584365864,-14.58904569229145,14.58904569229145,212.8402542117677
space1_time1,2020-02-10 07:00:00,65.25,-139.0,1,1,125.44511413574219,126.51893691710531,-1.0738227813631198,1.0738227813631198,1.1530953657744267,143.95432584365864,-18.50921170791645,18.50921170791645,342.5909180484714
space1_time1,2020-02-10 09:00:00,68.0,-162.25,1,1,139.81903076171875,122.94145715615967,16.87757360555908,16.87757360555908,284.85249081106446,143.95432584365864,-4.135295081939887,4.135295081939887,17.100665414716218
space1_time1,2020-02-11 07:00:00,67.75,-140.75,1,1,118.2581558227539,123.40426756468298,-5.146111741929076,5.146111741929076,26.482466060420307,143.95432584365864,-25.69617002090473,25.69617002090473,660.293153743243
space1_time1,2020-02-11 09:00:00,53.25,-168.5,1,1,114.9913558959961,130.6409539155875,-15.649598019591394,15.649598019591394,244.9099181747989,143.95432584365864,-28.962969947662543,28.962969947662543,838.8536281892036
space1_time1,2020-02-11 09:00:00,61.75,-166.5,1,1,144.39256286621094,117.82143047377068,26.571132392440262,26.571132392440262,706.0250766165882,143.95432584365864,0.43823702255230046,0.43823702255230046,0.1920516879355055
space1_time1,2020-02-11 09:00:00,57.0,-157.75,1,1,120.2182388305664,128.97240638794977,-8.754167557383369,8.754167557383369,76.6354496227435,143.95432584365864,-23.73608701309223,23.73608701309223,563.4018266930857
space1_time1,2020-02-11 12:00:00,67.25,146.5,1,1,116.29808044433594,125.88922334733877,-9.591142903002833,9.591142903002833,91.99002218582162,143.95432584365864,-27.6562453993227,27.6562453993227,764.867909587558
space1_time1,2020-02-11 12:00:00,71.75,148.0,1,1,115.64471435546875,127.22501567347632,-11.580301318007571,11.580301318007571,134.10337861584787,143.95432584365864,-28.309611488189887,28.309611488189887,801.4341026122528
space1_time1,2020-02-12 12:00:00,65.25,143.25,1,1,141.12576293945312,130.69610330404166,10.429659635411468,10.429659635411468,108.77780011053129,143.95432584365864,-2.828562904205512,2.828562904205512,8.000768103047522
space1_time1,2020-02-12 12:00:00,69.75,144.5,1,1,111.07119750976562,134.36402917496318,-23.292831665197554,23.292831665197554,542.5560069832298,143.95432584365864,-32.88312833389301,32.88312833389301,1081.3001290232773
space1_time1,2020-02-13 12:00:00,67.75,141.5,1,1,105.84431457519531,131.21403024135572,-25.369715666160403,25.369715666160403,643.6224729818246,143.95432584365864,-38.110011268463325,38.110011268463325,1452.3729588824015
space1_time1,2020-02-14 09:00:00,51.75,-176.5,1,1,173.14039611816406,132.43161566550634,40.70878045265772,40.70878045265772,1657.2048059426872,143.95432584365864,29.186070274505425,29.186070274505425,851.8266980683692
space1_time1,2020-02-14 11:00:00,54.5,160.0,1,1,114.33799743652344,135.65345980923647,-21.31546237271303,21.31546237271303,454.34893616254493,143.95432584365864,-29.6163284071352,29.6163284071352,877.1269083192834
space1_time1,2020-02-14 11:00:00,58.75,161.0,1,1,117.60479736328125,135.77335806028307,-18.168560697001823,18.168560697001823,330.09659780063936,143.95432584365864,-26.349528480377387,26.349528480377387,694.2976511382191
space1_time1,2020-02-15 06:00:00,65.75,-127.5,1,1,102.5775146484375,124.28701651008656,-21.70950186164906,21.70950186164906,471.302471080944,143.95432584365864,-41.37681119522114,41.37681119522114,1712.0405046849771
space1_time1,2020-02-15 11:00:00,52.5,157.0,1,1,156.1530303955078,139.82583971146195,16.32719068404586,16.32719068404586,266.5771556331939,143.95432584365864,12.198704551849175,12.198704551849175,148.8083927433058
space1_time1,2020-02-15 11:00:00,56.75,158.0,1,1,140.47239685058594,134.1413361788204,6.331060671765528,6.331060671765528,40.082329229576175,143.95432584365864,-3.4819289930726995,3.4819289930726995,12.123829512800263
space1_time1,2020-02-16 06:00:00,68.25,-129.5,1,1,109.11111450195312,121.2594856342378,-12.14837113228468,12.14837113228468,147.58292116772776,143.95432584365864,-34.84321134170551,34.84321134170551,1214.0493766027557
space1_time1,2020-02-16 08:00:00,58.0,-156.0,1,1,122.17831420898438,129.73713873804002,-7.5588245290556415,7.5588245290556415,57.13582826105324,143.95432584365864,-21.776011634674262,21.776011634674262,474.1946827134688
space1_time1,2020-02-16 08:00:00,62.25,-155.0,1,1,124.13839721679688,124.77018988414251,-0.6317926673456356,0.6317926673456356,0.3991619745117129,143.95432584365864,-19.815928626861762,19.815928626861762,392.67102734487946
space1_time1,2020-02-16 08:00:00,66.75,-154.0,1,1,118.2581558227539,121.34906000807356,-3.0909041853196584,3.0909041853196584,9.55368868282658,143.95432584365864,-25.69617002090473,25.69617002090473,660.293153743243
space1_time1,2020-02-17 05:00:00,59.25,-109.75,1,1,109.11111450195312,123.88019812587429,-14.769083623921162,14.769083623921162,218.12583109037624,143.95432584365864,-34.84321134170551,34.84321134170551,1214.0493766027557
space1_time1,2020-02-17 07:00:00,66.5,-132.5,1,1,111.07119750976562,120.02629517286739,-8.955097663101768,8.955097663101768,80.19377415569073,143.95432584365864,-32.88312833389301,32.88312833389301,1081.3001290232773
space1_time1,2020-02-17 08:00:00,56.0,-158.75,1,1,111.72455596923828,130.55433534655438,-18.8297793773161,18.8297793773161,354.5605913983987,143.95432584365864,-32.229769874420356,32.229769874420356,1038.758066158094
space1_time1,2020-02-17 08:00:00,60.25,-158.0,1,1,120.2182388305664,126.64638028984157,-6.428141459275167,6.428141459275167,41.321002620452276,143.95432584365864,-23.73608701309223,23.73608701309223,563.4018266930857
space1_time1,2020-02-17 08:00:00,64.75,-157.0,1,1,135.24551391601562,125.6981058995857,9.547408016429927,9.547408016429927,91.15299983219043,143.95432584365864,-8.708811927643012,8.708811927643012,75.8434051910572
space1_time1,2020-02-17 08:00:00,69.25,-156.0,1,1,107.15103912353516,124.65117853217588,-17.50013940864072,17.50013940864072,306.25487932185996,143.95432584365864,-36.80328672012348,36.80328672012348,1354.4819134036175
space1_time1,2020-02-20 07:00:00,65.0,-140.5,1,1,135.24551391601562,123.07527789127408,12.170236024741541,12.170236024741541,148.1146448979168,143.95432584365864,-8.708811927643012,8.708811927643012,75.8434051910572
space1_time1,2020-02-20 09:00:00,67.75,-164.0,1,1,118.91151428222656,123.29368183523502,-4.382167553008458,4.382167553008458,19.20339246264013,143.95432584365864,-25.042811561432075,25.042811561432075,627.142410901396
space1_time1,2020-02-21 09:00:00,52.75,-169.5,1,1,154.19296264648438,118.230814316906,35.96214832957837,35.96214832957837,1293.2761124785964,143.95432584365864,10.238636802825738,10.238636802825738,104.82968358017764
space1_time1,2020-02-21 09:00:00,65.75,-167.0,1,1,135.8988800048828,117.12087132480465,18.77800868007816,18.77800868007816,352.61360998909066,143.95432584365864,-8.055445838775825,8.055445838775825,64.89020766145075
space1_time1,2020-02-21 12:00:00,67.0,144.75,1,1,107.15103912353516,127.50587574160721,-20.354836618072056,20.354836618072056,414.3193737484071,143.95432584365864,-36.80328672012348,36.80328672012348,1354.4819134036175
space1_time1,2020-02-24 06:00:00,63.25,-126.75,1,1,121.52495574951172,123.30413618656259,-1.7791804370508686,1.7791804370508686,3.1654830275845196,143.95432584365864,-22.42937009414692,22.42937009414692,503.07664282021216
space1_time1,2020-02-24 11:00:00,54.0,159.25,1,1,143.73919677734375,136.6493041875953,7.089892589748445,7.089892589748445,50.266576934169905,143.95432584365864,-0.21512906631488704,0.21512906631488704,0.046280515173515065
space1_time1,2020-02-25 10:00:00,51.25,179.5,1,1,139.16567993164062,123.28982730893523,15.875852622705395,15.875852622705395,252.04269649786175,143.95432584365864,-4.788645912018012,4.788645912018012,22.93112967068682
space1_time1,2020-02-25 11:00:00,53.75,156.0,1,1,133.9387969970703,138.4026805601395,-4.463883563069174,4.463883563069174,19.92625646463915,143.95432584365864,-10.015528846588325,10.015528846588325,100.31081807684285
space1_time1,2020-02-26 08:00:00,57.75,-156.75,1,1,125.44511413574219,126.47614011226916,-1.0310259765269763,1.0310259765269763,1.063014564273405,143.95432584365864,-18.50921170791645,18.50921170791645,342.5909180484714
space1_time1,2020-02-26 08:00:00,62.25,-156.0,1,1,114.33799743652344,122.14257408928421,-7.8045766527607725,7.8045766527607725,60.911416728818544,143.95432584365864,-29.6163284071352,29.6163284071352,877.1269083192834
space1_time1,2020-02-26 10:00:00,52.0,178.0,1,1,98.65735626220703,122.2355198891774,-23.578163626970365,23.578163626970365,555.9298000201883,143.95432584365864,-45.296969581451606,45.296969581451606,2051.815453262952
space1_time1,2020-02-27 08:00:00,56.25,-159.75,1,1,102.5775146484375,133.07535180650135,-30.497837158063845,30.497837158063845,930.1180713197798,143.95432584365864,-41.37681119522114,41.37681119522114,1712.0405046849771
space1_time1,2020-02-27 08:00:00,60.25,-159.0,1,1,96.04391479492188,126.05610195021231,-30.012187155290434,30.012187155290434,900.7313778441801,143.95432584365864,-47.91041104873676,47.91041104873676,2295.4074868589178
space1_time1,2020-02-28 08:00:00,62.75,-161.0,1,1,101.92415618896484,121.31245876487789,-19.388302575913045,19.388302575913045,375.9062767751564,143.95432584365864,-42.03016965469379,42.03016965469379,1766.535161202343
space1_time1,2020-02-29 09:00:00,60.75,-164.0,1,1,128.05856323242188,124.82199631389693,3.236566918524943,3.236566918524943,10.475365418090046,143.95432584365864,-15.895762611236762,15.895762611236762,252.67526899279255
space1_time1,2020-03-02 09:00:00,56.75,-169.5,1,1,144.39256286621094,118.20776984931811,26.184793016892826,26.184793016892826,685.6433853375192,143.95432584365864,0.43823702255230046,0.43823702255230046,0.1920516879355055
space1_time1,2020-03-06 11:00:00,56.25,156.25,1,1,137.20559692382812,136.7147229008849,0.4908740229432169,0.4908740229432169,0.24095730640045784,143.95432584365864,-6.748728919830512,6.748728919830512,45.54534203335671
space1_time1,2020-03-07 08:00:00,57.5,-157.75,1,1,116.29808044433594,128.19810469663258,-11.900024252296646,11.900024252296646,141.61057720524835,143.95432584365864,-27.6562453993227,27.6562453993227,764.867909587558
space1_time1,2020-03-08 08:00:00,55.5,-160.25,1,1,123.48503875732422,126.64769144053886,-3.1626526832146453,3.1626526832146453,10.002371994644795,143.95432584365864,-20.46928708633442,20.46928708633442,418.991713822777
space1_time1,2020-03-09 05:00:00,43.75,-116.25,1,1,135.8988800048828,139.46745347466293,-3.5685734697801195,3.5685734697801195,12.734716609218522,143.95432584365864,-8.055445838775825,8.055445838775825,64.89020766145075
space1_time1,2020-03-09 05:00:00,48.0,-115.75,1,1,149.6194305419922,135.09478299738427,14.524647544607916,14.524647544607916,210.96538629508476,143.95432584365864,5.6651046983335505,5.6651046983335505,32.093411243080865
space1_time1,2020-03-09 05:00:00,52.25,-115.0,1,1,141.12576293945312,134.6537083589911,6.472054580462014,6.472054580462014,41.887490492479344,143.95432584365864,-2.828562904205512,2.828562904205512,8.000768103047522
space1_time1,2020-03-09 05:00:00,56.75,-114.5,1,1,130.6719970703125,131.76273185258066,-1.0907347822681572,1.0907347822681572,1.1897023652495644,143.95432584365864,-13.282328773346137,13.282328773346137,176.4202576432587
space1_time1,2020-03-10 05:00:00,54.75,-117.25,1,1,98.00399780273438,135.3034751074594,-37.29947730472503,37.29947730472503,1391.2510072056975,143.95432584365864,-45.95032804092426,45.95032804092426,2111.4326470685505
space1_time1,2020-03-12 04:00:00,31.25,-101.5,1,1,169.87359619140625,140.66527009380863,29.20832609759762,29.20832609759762,853.1263134236023,143.95432584365864,25.919270347747613,25.919270347747613,671.8085753596287
space1_time1,2020-03-12 04:00:00,35.5,-100.75,1,1,127.40519714355469,146.29279950003718,-18.88760235648249,18.88760235648249,356.7415227766029,143.95432584365864,-16.54912870010395,16.54912870010395,273.87366073260426
space1_time1,2020-03-12 04:00:00,39.75,-100.0,1,1,141.12576293945312,142.72948788042274,-1.603724940969613,1.603724940969613,2.5719336862879887,143.95432584365864,-2.828562904205512,2.828562904205512,8.000768103047522
space1_time1,2020-03-12 04:00:00,42.75,-99.5,1,1,154.8463134765625,136.81867781333222,18.027635663230285,18.027635663230285,324.99564760617244,143.95432584365864,10.891987632903863,10.891987632903863,118.6353945953307
space1_time1,2020-03-12 04:00:00,48.0,-98.75,1,1,131.3253631591797,133.94686269044203,-2.6214995312623444,2.6214995312623444,6.872259792408691,143.95432584365864,-12.62896268447895,12.62896268447895,159.49069848596176
space1_time1,2020-03-12 04:00:00,52.5,-98.25,1,1,137.20559692382812,127.1614921371396,10.044104786688521,10.044104786688521,100.88404096597927,143.95432584365864,-6.748728919830512,6.748728919830512,45.54534203335671
space1_time1,2020-03-12 04:00:00,56.75,-98.0,1,1,112.37791442871094,131.32224332938083,-18.944328900669888,18.944328900669888,358.88759749675637,143.95432584365864,-31.5764114149477,31.5764114149477,997.0697578460394
space1_time1,2020-03-14 04:00:00,48.5,-103.75,1,1,124.79175567626953,136.37667442078688,-11.584918744517353,11.584918744517353,134.21034231706952,143.95432584365864,-19.162570167389106,19.162570167389106,367.20409542011095
space1_time1,2020-03-15 03:00:00,31.25,-84.5,1,1,137.20559692382812,138.2587354141784,-1.0531384903502783,1.0531384903502783,1.1091006798572631,143.95432584365864,-6.748728919830512,6.748728919830512,45.54534203335671
space1_time1,2020-03-15 06:00:00,53.75,-129.75,1,1,124.79175567626953,133.72464973493592,-8.932894058666392,8.932894058666392,79.79659626335733,143.95432584365864,-19.162570167389106,19.162570167389106,367.20409542011095
space1_time1,2020-03-16 03:00:00,37.5,-86.0,1,1,163.9933624267578,126.56223807473052,37.4311243520273,37.4311243520273,1401.0890702569309,143.95432584365864,20.039036583099175,20.039036583099175,401.56298717878707
space1_time1,2020-03-16 03:00:00,41.75,-85.25,1,1,139.81903076171875,128.3484988302089,11.47053193150984,11.47053193150984,131.57310279178685,143.95432584365864,-4.135295081939887,4.135295081939887,17.100665414716218
space1_time1,2020-03-16 03:00:00,46.25,-84.5,1,1,135.8988800048828,131.7893511344655,4.109528870417307,4.109528870417307,16.888227536793348,143.95432584365864,-8.055445838775825,8.055445838775825,64.89020766145075
space1_time1,2020-03-16 03:00:00,50.5,-84.0,1,1,104.53759765625,129.24555810241304,-24.707960446163042,24.707960446163042,610.4833094091574,143.95432584365864,-39.41672818740864,39.41672818740864,1553.6784610000545
space1_time1,2020-03-16 03:00:00,55.0,-83.75,1,1,64.02928161621094,130.1138042475363,-66.08452263132537,66.08452263132537,4367.164131410155,143.95432584365864,-79.9250442274477,79.9250442274477,6388.012694759471
space1_time1,2020-03-17 03:00:00,48.5,-87.0,1,1,160.7265625,122.07838940452329,38.64817309547671,38.64817309547671,1493.6812836179297,143.95432584365864,16.772236656341363,16.772236656341363,281.3079224563209
space1_time1,2020-03-17 03:00:00,52.75,-86.5,1,1,135.24551391601562,131.49841125047337,3.7471026655422577,3.7471026655422577,14.040778386113892,143.95432584365864,-8.708811927643012,8.708811927643012,75.8434051910572
space1_time1,2020-03-18 03:00:00,50.75,-89.0,1,1,111.72455596923828,134.2951475338345,-22.570591564596214,22.570591564596214,509.4316035758218,143.95432584365864,-32.229769874420356,32.229769874420356,1038.758066158094
space1_time1,2020-03-18 05:00:00,45.0,-114.0,1,1,137.8589630126953,129.66567706077086,8.193285951924452,8.193285951924452,67.12993469000257,143.95432584365864,-6.0953628309633245,6.0953628309633245,37.153448041089234
space1_time1,2020-03-18 05:00:00,49.25,-113.5,1,1,142.43247985839844,134.28830026296902,8.14417959542942,8.14417959542942,66.32766128260893,143.95432584365864,-1.5218459852601995,1.5218459852601995,2.3160152028525873
space1_time1,2020-03-18 05:00:00,53.75,-113.25,1,1,119.56488037109375,133.5299806295683,-13.965100258474564,13.965100258474564,195.02402522924635,143.95432584365864,-24.389445472564887,24.389445472564887,594.8450504592158
space1_time1,2020-03-19 05:00:00,43.0,-116.75,1,1,186.2075958251953,133.94950156620132,52.25809425899399,52.25809425899399,2730.908415581901,143.95432584365864,42.253269981536675,42.253269981536675,1785.3388241326284
space1_time1,2020-03-19 05:00:00,51.75,-115.75,1,1,130.0186309814453,126.91129075040523,3.1073402310400837,3.1073402310400837,9.655563311440241,143.95432584365864,-13.935694862213325,13.935694862213325,194.20359129271884
space1_time1,2020-03-20 04:00:00,-27.0,-109.0,1,1,224.75582885742188,109.79760623170678,114.9582226257151,114.9582226257151,13215.392949263474,143.95432584365864,80.80150301376324,80.80150301376324,6528.88288928319
space1_time1,2020-03-22 04:00:00,30.25,-101.5,1,1,183.5941619873047,148.33742610550902,35.25673588179566,35.25673588179566,1243.0374250386978,143.95432584365864,39.63983614364605,39.63983614364605,1571.3166094951077
space1_time1,2020-03-22 04:00:00,34.5,-101.0,1,1,137.8589630126953,137.5000231243686,0.3589398883267165,0.3589398883267165,0.12883784343199572,143.95432584365864,-6.0953628309633245,6.0953628309633245,37.153448041089234
space1_time1,2020-03-22 04:00:00,38.75,-100.5,1,1,171.83367919921875,138.28528211168552,33.54839708753323,33.54839708753323,1125.4949471428083,143.95432584365864,27.879353355560113,27.879353355560113,777.258343524181
space1_time1,2020-03-22 04:00:00,43.0,-100.0,1,1,158.7664794921875,139.69683471750605,19.06964477468145,19.06964477468145,363.6513518325355,143.95432584365864,14.812153648528863,14.812153648528863,219.3998957076269
space1_time1,2020-03-22 04:00:00,47.25,-99.5,1,1,136.55223083496094,136.14016675237949,0.4120640825814519,0.4120640825814519,0.1697968081536936,143.95432584365864,-7.4020950086976995,7.4020950086976995,54.7910105177874
space1_time1,2020-03-22 04:00:00,51.75,-99.0,1,1,109.76448059082031,132.90838599554607,-23.143905404725757,23.143905404725757,535.6403573828941,143.95432584365864,-34.189845252838325,34.189845252838325,1168.9455184130313
space1_time1,2020-03-26 03:00:00,40.75,-85.75,1,1,127.40519714355469,136.19799908676012,-8.792801943205433,8.792801943205433,77.31336601243723,143.95432584365864,-16.54912870010395,16.54912870010395,273.87366073260426
space1_time1,2020-03-26 03:00:00,45.25,-85.5,1,1,122.83168029785156,123.77930941145306,-0.9476291136014936,0.9476291136014936,0.8980009369451525,143.95432584365864,-21.122645545807075,21.122645545807075,446.16615485380345
space1_time1,2020-03-26 03:00:00,49.75,-85.0,1,1,103.88423919677734,132.3295591726587,-28.445319975881347,28.445319975881347,809.1362285302744,143.95432584365864,-40.07008664688129,40.07008664688129,1605.6118438885746
space1_time1,2020-03-27 03:00:00,47.5,-87.5,1,1,123.48503875732422,127.98253106279219,-4.497492305467972,4.497492305467972,20.227437037743616,143.95432584365864,-20.46928708633442,20.46928708633442,418.991713822777
space1_time1,2020-03-28 05:00:00,44.0,-114.5,1,1,126.09848022460938,129.60181660729233,-3.50333638268296,3.50333638268296,12.273365810230127,143.95432584365864,-17.855845619049262,17.855845619049262,318.8312227713207
space1_time1,2020-03-28 05:00:00,48.5,-114.0,1,1,100.61743927001953,132.67180716222234,-32.054367892202805,32.054367892202805,1027.4825009686822,143.95432584365864,-43.336886573639106,43.336886573639106,1878.0857378964613
space1_time1,2020-04-02 04:00:00,31.25,-104.25,1,1,167.26016235351562,147.3257781420334,19.93438421148221,19.93438421148221,397.3796738909912,143.95432584365864,23.305836509856988,23.305836509856988,543.162015424183
space1_time1,2020-04-11 04:00:00,19.25,-103.5,1,1,178.36727905273438,141.10813698023992,37.259142072494456,37.259142072494456,1388.2436679783264,143.95432584365864,34.41295320907574,34.41295320907574,1184.251348570036
space1_time1,2020-04-11 04:00:00,23.5,-103.0,1,1,187.51431274414062,143.75636532612535,43.75794741801528,43.75794741801528,1914.7579622377898,143.95432584365864,43.55998690048199,43.55998690048199,1897.4724587701623
space1_time1,2020-04-11 04:00:00,27.75,-102.25,1,1,190.1277618408203,139.37219420559938,50.75556763522093,50.75556763522093,2576.127645973486,143.95432584365864,46.173435997161675,46.173435997161675,2131.9861917839858
space1_time1,2020-04-11 04:00:00,31.75,-101.75,1,1,176.40719604492188,141.24075700348726,35.166439041434614,35.166439041434614,1236.6784348549368,143.95432584365864,32.45287020126324,32.45287020126324,1053.1887843000395
space1_time1,2020-04-11 04:00:00,36.0,-101.25,1,1,143.08583068847656,147.53744479298857,-4.451614104512004,4.451614104512004,19.816868135490207,143.95432584365864,-0.8684951551820745,0.8684951551820745,0.7542838345747357
space1_time1,2020-04-11 04:00:00,40.5,-101.0,1,1,144.39256286621094,143.47224154064608,0.9203213255648564,0.9203213255648564,0.8469913422894543,143.95432584365864,0.43823702255230046,0.43823702255230046,0.1920516879355055
space1_time1,2020-04-15 03:00:00,39.0,-86.5,1,1,134.5921630859375,140.84603693300315,-6.253873847065648,6.253873847065648,39.11093809501169,143.95432584365864,-9.362162757721137,9.362162757721137,87.65009150206065
space1_time1,2020-04-21 04:00:00,21.75,-103.5,1,1,167.91351318359375,143.0598373563462,24.853675827247542,24.853675827247542,617.7052021259088,143.95432584365864,23.959187339935113,23.959187339935113,574.042657990107
space1_time1,2020-04-21 04:00:00,26.0,-102.75,1,1,156.1530303955078,138.76047180602194,17.392558589485873,17.392558589485873,302.5010942886988,143.95432584365864,12.198704551849175,12.198704551849175,148.8083927433058
space1_time1,2020-04-21 04:00:00,30.25,-102.25,1,1,160.0731964111328,134.46408146178578,25.60911494934703,25.60911494934703,655.8267684888696,143.95432584365864,16.118870567474175,16.118870567474175,259.81798837098523
space1_time1,2020-04-21 04:00:00,34.75,-101.75,1,1,186.2075958251953,145.9151785507151,40.292417274480215,40.292417274480215,1623.4788898208317,143.95432584365864,42.253269981536675,42.253269981536675,1785.3388241326284
space1_time1,2020-04-22 04:00:00,24.0,-105.5,1,1,161.37991333007812,152.74493218279457,8.634981147283554,8.634981147283554,74.5628994139424,143.95432584365864,17.425587486419488,17.425587486419488,303.6510992468595
space1_time1,2020-05-01 04:00:00,20.0,-103.75,1,1,216.2621612548828,148.08972199480954,68.17243926007328,68.17243926007328,4647.4814746683805,143.95432584365864,72.30783541122418,72.30783541122418,5228.423061856684
space1_time1,2020-05-01 04:00:00,24.25,-103.25,1,1,202.54159545898438,141.59895471597824,60.94264074300614,60.94264074300614,3714.0054607311117,143.95432584365864,58.58726961532574,58.58726961532574,3432.4681609788704
space1_time1,2020-05-01 04:00:00,28.5,-102.75,1,1,161.37991333007812,140.69242020567938,20.687493124398742,20.687493124398742,427.9723717720452,143.95432584365864,17.425587486419488,17.425587486419488,303.6510992468595
space1_time1,2020-05-01 04:00:00,33.0,-102.5,1,1,142.43247985839844,144.3353250668646,-1.902845208466175,1.902845208466175,3.6208198873826816,143.95432584365864,-1.5218459852601995,1.5218459852601995,2.3160152028525873
space1_time1,2020-05-02 04:00:00,26.5,-105.5,1,1,167.26016235351562,137.09724432961715,30.16291802389847,30.16291802389847,909.8016237164192,143.95432584365864,23.305836509856988,23.305836509856988,543.162015424183
space1_time2,2020-05-11 04:00:00,22.25,-103.75,1,2,159.41983032226562,160.04508747958042,-0.6252571573147918,0.6252571573147918,0.39094651277337433,141.7114535186342,17.708376803631438,17.708376803631438,313.586609019392
space1_time2,2020-05-11 04:00:00,26.5,-103.25,1,2,141.12576293945312,169.00476978232004,-27.879006842866914,27.879006842866914,777.2390225446202,141.7114535186342,-0.5856905791810618,0.5856905791810618,0.3430334545414476
space1_time2,2020-05-11 04:00:00,31.0,-103.0,1,2,141.12576293945312,161.60787069532563,-20.482107755872505,20.482107755872505,419.5167381231726,141.7114535186342,-0.5856905791810618,0.5856905791810618,0.3430334545414476
space1_time2,2020-05-12 04:00:00,24.25,-105.75,1,2,190.1277618408203,159.10980126789434,31.017960572925972,31.017960572925972,962.1138781035901,141.7114535186342,48.416308322186126,48.416308322186126,2344.1389115489897
space1_time2,2020-05-21 04:00:00,19.75,-104.0,1,2,201.8882293701172,164.45310323968576,37.43512613043143,37.43512613043143,1401.3886684013098,141.7114535186342,60.176775851483,60.176775851483,3621.2443518796276
space1_time2,2020-05-21 04:00:00,24.0,-103.75,1,2,188.82102966308594,159.95570528784907,28.865324375236867,28.865324375236867,833.2069512876436,141.7114535186342,47.10957614445175,47.10957614445175,2219.3121645098977
space1_time2,2020-05-22 04:00:00,26.5,-106.0,1,2,198.62142944335938,160.78701191746003,37.83441752589934,37.83441752589934,1431.4431495240792,141.7114535186342,56.90997592472519,56.90997592472519,3238.7453597528006
space1_time2,2020-09-30 09:00:00,52.0,-174.0,1,2,176.40719604492188,139.4122110239081,36.994985021013775,36.994985021013775,1368.6289167050336,141.7114535186342,34.69574252628769,34.69574252628769,1203.794549450448
space1_time2,2020-10-04 08:00:00,56.75,-158.5,1,2,166.60679626464844,136.5785070844621,30.028289180186334,30.028289180186334,901.6981510888957,141.7114535186342,24.89534274601425,24.89534274601425,619.7780904415243
space1_time2,2020-10-08 05:00:00,54.0,-119.5,1,2,143.73919677734375,134.1473613893251,9.591835388018637,9.591835388018637,92.00330611084664,141.7114535186342,2.027743258709563,2.027743258709563,4.111742723242078
space1_time2,2020-10-08 05:00:00,58.5,-119.0,1,2,123.48503875732422,129.55957294508244,-6.074534187758218,6.074534187758218,36.89996559824339,141.7114535186342,-18.226414761309968,18.226414761309968,332.2021950512979
space1_time2,2020-10-08 08:00:00,52.5,-169.75,1,2,120.87159729003906,135.36135451976523,-14.489757229726166,14.489757229726166,209.9530645764017,141.7114535186342,-20.839856228595124,20.839856228595124,434.299607628515
space1_time2,2020-10-09 05:00:00,60.25,-121.25,1,2,147.00599670410156,129.28995432051886,17.716042383582703,17.716042383582703,313.8581577368987,141.7114535186342,5.294543185467376,5.294543185467376,28.032187542779024
space1_time2,2020-10-09 08:00:00,52.75,-170.25,1,2,139.81903076171875,135.35607727076155,4.462953490957204,4.462953490957204,19.917953862447096,141.7114535186342,-1.8924227569154368,1.8924227569154368,3.5812638908914223
space1_time2,2020-10-12 07:00:00,59.75,-152.0,1,2,139.16567993164062,127.96703600243296,11.198643929207662,11.198643929207662,125.40962585317963,141.7114535186342,-2.545773586993562,2.545773586993562,6.480963156234067
space1_time2,2020-10-13 06:00:00,63.25,-130.0,1,2,147.00599670410156,131.85725069410037,15.14874601000119,15.14874601000119,229.48450567552698,141.7114535186342,5.294543185467376,5.294543185467376,28.032187542779024
space1_time2,2020-10-13 07:00:00,57.0,-154.75,1,2,146.35263061523438,135.81095271241958,10.541677902814797,10.541677902814797,111.12697300669377,141.7114535186342,4.641177096600188,4.641177096600188,21.540524842006153
space1_time2,2020-10-13 07:00:00,61.5,-154.25,1,2,99.31071472167969,130.54292801930484,-31.23221329762515,31.23221329762515,975.4511474683533,141.7114535186342,-42.4007387969545,42.4007387969545,1797.8226505275625
space1_time2,2020-10-16 03:00:00,54.25,-89.75,1,2,160.7265625,135.29085398118792,25.435708518812078,25.435708518812078,646.9752678539693,141.7114535186342,19.015108981365813,19.015108981365813,361.5743695732188
space1_time2,2020-10-16 06:00:00,60.0,-137.0,1,2,140.47239685058594,135.53832897647882,4.9340678741071144,4.9340678741071144,24.3450257862959,141.7114535186342,-1.2390566680482493,1.2390566680482493,1.5352614266348295
space1_time2,2020-10-16 06:00:00,64.25,-136.5,1,2,141.77911376953125,132.5201105785683,9.259003190962943,9.259003190962943,85.72914009026196,141.7114535186342,0.06766025089706318,0.06766025089706318,0.004577909551453539
space1_time2,2020-10-16 08:00:00,62.5,-160.75,1,2,130.0186309814453,130.54918378361907,-0.5305528021737587,0.5305528021737587,0.2814862758944275,141.7114535186342,-11.692822537188874,11.692822537188874,136.72209888619207
space1_time2,2020-10-17 06:00:00,61.75,-139.0,1,2,141.77911376953125,135.79825837409885,5.9808553954324,5.9808553954324,35.77063126107284,141.7114535186342,0.06766025089706318,0.06766025089706318,0.004577909551453539
space1_time2,2020-10-19 05:00:00,62.5,-119.25,1,2,152.23287963867188,131.30680175394693,20.926077884724947,20.926077884724947,437.9007356375745,141.7114535186342,10.521426120037688,10.521426120037688,110.70040759941132
space1_time2,2020-10-20 05:00:00,64.25,-121.25,1,2,118.91151428222656,130.33981966285066,-11.428305380624096,11.428305380624096,130.60616387280166,141.7114535186342,-22.799939236407624,22.799939236407624,519.8372291838799
space1_time2,2020-10-20 09:00:00,52.5,-171.5,1,2,164.64671325683594,137.87099255032135,26.77572070651459,26.77572070651459,716.9392193532742,141.7114535186342,22.93525973820175,22.93525973820175,526.0261392587782
space1_time2,2020-10-21 05:00:00,61.75,-124.0,1,2,131.9787139892578,132.864829308773,-0.8861153195151985,0.8861153195151985,0.7852003594795224,141.7114535186342,-9.732739529376374,9.732739529376374,94.72621874668545
space1_time2,2020-10-21 05:00:00,66.25,-123.25,1,2,125.44511413574219,133.1636465215569,-7.7185323858147115,7.7185323858147115,59.57574219087054,141.7114535186342,-16.266339382892,16.266339382892,264.59379691942326
space1_time2,2020-10-21 07:00:00,60.0,-148.25,1,2,152.23287963867188,137.83691946776904,14.395960170902839,14.395960170902839,207.2436692422209,141.7114535186342,10.521426120037688,10.521426120037688,110.70040759941132
space1_time2,2020-10-21 07:00:00,64.5,-147.5,1,2,132.632080078125,130.86369297988637,1.7683870982386338,1.7683870982386338,3.1271929292168554,141.7114535186342,-9.079373440509187,9.079373440509187,82.43502207222363
space1_time2,2020-10-22 06:00:00,63.5,-125.75,1,2,130.6719970703125,133.3102757173449,-2.6382786470323936,2.6382786470323936,6.960514219387077,141.7114535186342,-11.039456448321687,11.039456448321687,121.86959867439127
space1_time2,2020-10-22 07:00:00,61.75,-150.25,1,2,135.24551391601562,133.36831210262685,1.8772018133887798,1.8772018133887798,3.523886648190123,141.7114535186342,-6.465939602618562,6.465939602618562,41.80837494471108
space1_time2,2020-10-22 07:00:00,66.0,-148.75,1,2,160.0731964111328,132.77728057121476,27.295915839918052,27.295915839918052,745.0670215398892,141.7114535186342,18.361742892498626,18.361742892498626,337.1536020502238
space1_time2,2020-10-22 09:00:00,51.5,-176.5,1,2,153.5395965576172,134.09669065154932,19.442905906067864,19.442905906067864,378.02659007220865,141.7114535186342,11.828143038983,11.828143038983,139.90496775064202
space1_time2,2020-10-24 06:00:00,67.0,-129.75,1,2,141.12576293945312,132.18692311670094,8.938839822752186,8.938839822752186,79.90285737682034,141.7114535186342,-0.5856905791810618,0.5856905791810618,0.3430334545414476
space1_time2,2020-10-24 07:00:00,65.5,-154.25,1,2,122.83168029785156,134.10422637920252,-11.272546081350953,11.272546081350953,127.07029515618072,141.7114535186342,-18.879773220782624,18.879773220782624,356.4458368681807
space1_time2,2020-10-24 08:00:00,61.0,-155.0,1,2,137.8589630126953,134.29515779081436,3.563805221880955,3.563805221880955,12.700707659505962,141.7114535186342,-3.8524905059388743,3.8524905059388743,14.841683098349163
space1_time2,2020-10-25 06:00:00,60.0,-133.25,1,2,133.9387969970703,131.44818741082236,2.490609586247956,2.490609586247956,6.203136111110215,141.7114535186342,-7.772656521563874,7.772656521563874,60.41418940220942
space1_time2,2020-10-25 06:00:00,64.5,-132.5,1,2,133.28543090820312,131.08678218777524,2.198648720427883,2.198648720427883,4.8340561958391675,141.7114535186342,-8.426022610431062,8.426022610431062,70.99785703149549
space1_time2,2020-10-25 08:00:00,58.5,-157.75,1,2,141.12576293945312,130.6774887755251,10.448274163928033,10.448274163928033,109.16643300460605,141.7114535186342,-0.5856905791810618,0.5856905791810618,0.3430334545414476
space1_time2,2020-10-25 08:00:00,62.75,-157.0,1,2,137.20559692382812,134.40971889397133,2.7958780298567945,2.7958780298567945,7.816933957835911,141.7114535186342,-4.505856594806062,4.505856594806062,20.30274365295728
space1_time2,2020-10-25 08:00:00,67.25,-156.25,1,2,160.0731964111328,131.69084731789354,28.38234909323927,28.38234909323927,805.5577400505,141.7114535186342,18.361742892498626,18.361742892498626,337.1536020502238
space1_time2,2020-10-26 03:00:00,48.0,-89.75,1,2,169.87359619140625,145.32480104162937,24.54879514977688,24.54879514977688,602.6433433057089,141.7114535186342,28.162142672772063,28.162142672772063,793.1062799215692
space1_time2,2020-10-26 03:00:00,52.25,-88.75,1,2,152.88623046875,141.8445317681525,11.041698700597493,11.041698700597493,121.91911019477637,141.7114535186342,11.174776950115813,11.174776950115813,124.87563988483967
space1_time2,2020-10-26 03:00:00,56.5,-88.0,1,2,162.68663024902344,138.9149145190813,23.771715729942144,23.771715729942144,565.0944687451788,141.7114535186342,20.97517673038925,20.97517673038925,439.9580388710627
space1_time2,2020-10-26 06:00:00,62.0,-135.0,1,2,160.0731964111328,130.7653928206743,29.30780359045852,29.30780359045852,858.9473512968933,141.7114535186342,18.361742892498626,18.361742892498626,337.1536020502238
space1_time2,2020-10-26 06:00:00,66.25,-134.5,1,2,124.79175567626953,130.67676493450935,-5.885009258239819,5.885009258239819,34.63333396956838,141.7114535186342,-16.919697842364656,16.919697842364656,286.2761750769192
space1_time2,2020-10-26 08:00:00,56.0,-160.75,1,2,135.8988800048828,136.9494526532328,-1.0505726483499984,1.0505726483499984,1.1037028894611294,141.7114535186342,-5.812573513751374,5.812573513751374,33.786010852764
space1_time2,2020-10-26 08:00:00,60.25,-159.75,1,2,147.65936279296875,132.01114921298768,15.648213579981075,15.648213579981075,244.86658824470413,141.7114535186342,5.947909274334563,5.947909274334563,35.37762473571511
space1_time2,2020-10-26 08:00:00,64.5,-159.0,1,2,137.20559692382812,127.41842768181765,9.787169242010478,9.787169242010478,95.78868177175595,141.7114535186342,-4.505856594806062,4.505856594806062,20.30274365295728
space1_time2,2020-10-26 08:00:00,69.0,-158.0,1,2,124.79175567626953,129.9264927211499,-5.1347370448803815,5.1347370448803815,26.365524520066913,141.7114535186342,-16.919697842364656,16.919697842364656,286.2761750769192
space1_time2,2020-10-27 06:00:00,63.75,-137.25,1,2,150.92616271972656,127.28013940553556,23.646023314190998,23.646023314190998,559.1344185752642,141.7114535186342,9.214709201092376,9.214709201092376,84.91086566069649
space1_time2,2020-10-27 08:00:00,62.0,-161.75,1,2,148.31271362304688,134.28847407660945,14.024239546437428,14.024239546437428,196.6792948558595,141.7114535186342,6.601260104412688,6.601260104412688,43.57663496611062
space1_time2,2020-10-27 08:00:00,66.5,-160.75,1,2,133.28543090820312,131.2704338177215,2.0149970904816144,2.0149970904816144,4.060213274649371,141.7114535186342,-8.426022610431062,8.426022610431062,70.99785703149549
space1_time2,2020-10-28 07:00:00,61.0,-140.25,1,2,144.39256286621094,130.6589093857288,13.733653480482133,13.733653480482133,188.61323792195898,141.7114535186342,2.6811093475767507,2.6811093475767507,7.18834733366343
space1_time2,2020-10-28 07:00:00,65.5,-139.0,1,2,117.60479736328125,133.75126997765287,-16.146472614371618,16.146472614371618,260.7085778866526,141.7114535186342,-24.106656155352937,24.106656155352937,581.1308709924157
space1_time2,2020-10-29 05:00:00,55.75,-119.5,1,2,147.65936279296875,131.88283544060585,15.776527352362905,15.776527352362905,248.89881529985487,141.7114535186342,5.947909274334563,5.947909274334563,35.37762473571511
space1_time2,2020-10-29 05:00:00,60.0,-118.5,1,2,155.4996795654297,132.58684119551756,22.912838369912123,22.912838369912123,524.9981621657172,141.7114535186342,13.7882260467955,13.7882260467955,190.11517751752987
space1_time2,2020-10-29 05:00:00,64.5,-117.5,1,2,126.75183868408203,135.58494367026378,-8.833104986181752,8.833104986181752,78.02374369690892,141.7114535186342,-14.959614834552156,14.959614834552156,223.79007599815293
space1_time2,2020-10-29 05:00:00,69.0,-116.5,1,2,109.76448059082031,123.92164777319748,-14.157167182377165,14.157167182377165,200.425382629777,141.7114535186342,-31.946972927813874,31.946972927813874,1020.6090792504726
space1_time2,2020-10-29 07:00:00,67.25,-141.0,1,2,107.80439758300781,130.5367010664015,-22.73230348339368,22.73230348339368,516.7576216611124,141.7114535186342,-33.907055935626374,33.907055935626374,1149.6884422216958
space1_time2,2020-10-31 05:00:00,63.75,-122.25,1,2,140.47239685058594,130.59467737626383,9.877719474322106,9.877719474322106,97.56934201340218,141.7114535186342,-1.2390566680482493,1.2390566680482493,1.5352614266348295
space1_time2,2020-10-31 05:00:00,68.0,-121.0,1,2,124.13839721679688,129.3952863133161,-5.256889096519217,5.256889096519217,27.634882973102627,141.7114535186342,-17.573056301837312,17.573056301837312,308.81230778754406
space1_time2,2020-10-31 09:00:00,52.0,-173.25,1,2,171.83367919921875,144.82712022217007,27.006558977048684,27.006558977048684,729.3542277808089,141.7114535186342,30.122225680584563,30.122225680584563,907.3484799520681
space1_time2,2020-11-01 06:00:00,61.0,-125.25,1,2,135.24551391601562,130.6990484005006,4.546465515515024,4.546465515515024,20.670348683767294,141.7114535186342,-6.465939602618562,6.465939602618562,41.80837494471108
space1_time2,2020-11-01 06:00:00,65.25,-124.0,1,2,126.75183868408203,128.74301059521005,-1.9911719111280206,1.9911719111280206,3.964765579665214,141.7114535186342,-14.959614834552156,14.959614834552156,223.79007599815293
space1_time2,2020-11-01 06:00:00,69.75,-122.75,1,2,133.9387969970703,127.88387033847678,6.05492665859353,6.05492665859353,36.66213684094661,141.7114535186342,-7.772656521563874,7.772656521563874,60.41418940220942
space1_time2,2020-11-01 07:00:00,59.5,-149.75,1,2,136.55223083496094,135.70953649695485,0.8426943380060834,0.8426943380060834,0.7101337473075111,141.7114535186342,-5.159222683673249,5.159222683673249,26.617578699728604
space1_time2,2020-11-01 07:00:00,63.75,-148.75,1,2,123.48503875732422,130.11364895467756,-6.628610197353339,6.628610197353339,43.93847314845667,141.7114535186342,-18.226414761309968,18.226414761309968,332.2021950512979
space1_time2,2020-11-01 07:00:00,68.0,-147.5,1,2,116.9514389038086,129.04660471214692,-12.095165808338322,12.095165808338322,146.2930359311964,141.7114535186342,-24.760014614825593,24.760014614825593,613.058323726377
space1_time2,2020-11-04 06:00:00,62.0,-131.75,1,2,122.83168029785156,125.88744252382865,-3.055762225977091,3.055762225977091,9.337682781708466,141.7114535186342,-18.879773220782624,18.879773220782624,356.4458368681807
space1_time2,2020-11-05 06:00:00,63.5,-133.75,1,2,148.96607971191406,131.4844300137856,17.48164969812845,17.48164969812845,305.60807616807455,141.7114535186342,7.254626193279876,7.254626193279876,52.62960120422246
space1_time2,2020-11-05 06:00:00,68.0,-132.5,1,2,131.9787139892578,130.85100587186304,1.127708117394775,1.127708117394775,1.2717255980380675,141.7114535186342,-9.732739529376374,9.732739529376374,94.72621874668545
space1_time2,2020-11-07 06:00:00,62.75,-138.5,1,2,139.81903076171875,133.4359928682065,6.383037893512238,6.383037893512238,40.74317275001315,141.7114535186342,-1.8924227569154368,1.8924227569154368,3.5812638908914223
space1_time2,2020-11-07 06:00:00,67.0,-137.25,1,2,128.05856323242188,131.79721491658148,-3.7386516841596062,3.7386516841596062,13.97751641546946,141.7114535186342,-13.652890286212312,13.652890286212312,186.4014131673505
space1_time2,2020-11-07 08:00:00,61.25,-163.0,1,2,161.37991333007812,133.3392344209382,28.040678909139928,28.040678909139928,786.2796736854848,141.7114535186342,19.668459811443938,19.668459811443938,386.8483113543853
space1_time2,2020-11-07 08:00:00,65.5,-162.0,1,2,133.9387969970703,128.54716037625317,5.391636620817138,5.391636620817138,29.06974545093645,141.7114535186342,-7.772656521563874,7.772656521563874,60.41418940220942
space1_time2,2020-11-07 08:00:00,69.75,-160.75,1,2,158.1131134033203,128.25272041215473,29.860392991165583,29.860392991165583,891.6430695868506,141.7114535186342,16.401659884686126,16.401659884686126,269.0144469729221
space1_time2,2020-11-08 07:00:00,64.5,-140.25,1,2,158.1131134033203,129.2309273942297,28.882186009090617,28.882186009090617,834.1806686637098,141.7114535186342,16.401659884686126,16.401659884686126,269.0144469729221
space1_time2,2020-11-08 07:00:00,68.75,-139.0,1,2,119.56488037109375,130.0994028387791,-10.534522467685349,10.534522467685349,110.97616362216742,141.7114535186342,-22.146573147540437,22.146573147540437,490.47070217935914
space1_time2,2020-11-08 08:00:00,52.75,-169.5,1,2,147.65936279296875,136.11075075959945,11.548612033369295,11.548612033369295,133.3704398972821,141.7114535186342,5.947909274334563,5.947909274334563,35.37762473571511
space1_time2,2020-11-08 08:00:00,67.25,-163.75,1,2,128.7119140625,122.53741375893306,6.174500303566944,6.174500303566944,38.12445399874829,141.7114535186342,-12.999539456134187,12.999539456134187,168.9880260715895
space1_time2,2020-11-11 09:00:00,63.75,-171.75,1,2,155.4996795654297,124.6572767343681,30.84240283106159,30.84240283106159,951.2538123934761,141.7114535186342,13.7882260467955,13.7882260467955,190.11517751752987
space1_time2,2020-11-14 09:00:00,52.0,178.0,1,2,164.64671325683594,138.9267536554875,25.71995960134845,25.71995960134845,661.5163218949963,141.7114535186342,22.93525973820175,22.93525973820175,526.0261392587782
space1_time2,2020-11-15 06:00:00,63.5,-135.0,1,2,146.35263061523438,128.4337453389443,17.91888527629007,17.91888527629007,321.08644954484504,141.7114535186342,4.641177096600188,4.641177096600188,21.540524842006153
space1_time2,2020-11-15 06:00:00,67.0,-134.0,1,2,125.44511413574219,129.40292351156373,-3.9578093758215402,3.9578093758215402,15.66425505534089,141.7114535186342,-16.266339382892,16.266339382892,264.59379691942326
space1_time2,2020-11-16 06:00:00,62.5,-135.5,1,2,154.8463134765625,132.1552093929967,22.69110408356579,22.69110408356579,514.8862045312161,141.7114535186342,13.134859957928313,13.134859957928313,172.52454611438856
space1_time2,2020-11-16 06:00:00,66.75,-134.0,1,2,133.28543090820312,126.34917493406793,6.936255974135193,6.936255974135193,48.11164693872615,141.7114535186342,-8.426022610431062,8.426022610431062,70.99785703149549
space1_time2,2020-11-17 06:00:00,64.25,-137.25,1,2,141.12576293945312,127.14691695163789,13.978845987815234,13.978845987815234,195.40813515105805,141.7114535186342,-0.5856905791810618,0.5856905791810618,0.3430334545414476
space1_time2,2020-11-17 06:00:00,68.5,-135.75,1,2,126.75183868408203,132.12960136017745,-5.377762676095415,5.377762676095415,28.92033140040492,141.7114535186342,-14.959614834552156,14.959614834552156,223.79007599815293
space1_time2,2020-11-17 08:00:00,54.25,-164.25,1,2,165.95343017578125,141.8169935885922,24.136436587189053,24.136436587189053,582.5675711273983,141.7114535186342,24.241976657147063,24.241976657147063,587.6734322456631
space1_time2,2020-11-17 08:00:00,62.75,-162.0,1,2,105.84431457519531,131.29803952788433,-25.453724952689015,25.453724952689015,647.8921139671434,141.7114535186342,-35.867138943438874,35.867138943438874,1286.4516559879494
space1_time2,2020-11-17 08:00:00,67.0,-160.5,1,2,155.4996795654297,132.42475454420395,23.074925021225738,23.074925021225738,532.4521647351896,141.7114535186342,13.7882260467955,13.7882260467955,190.11517751752987
space1_time2,2020-11-18 07:00:00,61.75,-140.25,1,2,146.35263061523438,132.77638112203834,13.57624949319603,13.57624949319603,184.31455030150548,141.7114535186342,4.641177096600188,4.641177096600188,21.540524842006153
space1_time2,2020-11-18 07:00:00,66.0,-139.0,1,2,142.43247985839844,130.3432654611961,12.08921439720234,12.08921439720234,146.14910474152435,141.7114535186342,0.7210263397642507,0.7210263397642507,0.5198789826338327
space1_time2,2020-11-18 08:00:00,60.0,-165.25,1,2,150.27279663085938,126.16248109077942,24.110315540079952,24.110315540079952,581.3073154422208,141.7114535186342,8.561343112225188,8.561343112225188,73.29659588524567
space1_time2,2020-11-18 08:00:00,64.25,-163.5,1,2,124.13839721679688,124.4910635115852,-0.352666294788321,0.352666294788321,0.12437351547972293,141.7114535186342,-17.573056301837312,17.573056301837312,308.81230778754406
space1_time2,2020-11-18 08:00:00,68.5,-162.25,1,2,120.87159729003906,129.55900824018076,-8.687410950141697,8.687410950141697,75.47110901664186,141.7114535186342,-20.839856228595124,20.839856228595124,434.299607628515
space1_time2,2020-11-26 06:00:00,63.75,-134.5,1,2,154.8463134765625,126.90379131407937,27.94252216248313,27.94252216248313,780.7845448008609,141.7114535186342,13.134859957928313,13.134859957928313,172.52454611438856
space1_time2,2020-11-26 06:00:00,68.0,-132.75,1,2,135.24551391601562,128.9323477071231,6.313166208892511,6.313166208892511,39.856067581102245,141.7114535186342,-6.465939602618562,6.465939602618562,41.80837494471108
space1_time2,2020-11-27 08:00:00,55.5,-163.5,1,2,147.00599670410156,130.26732750811462,16.738669195986944,16.738669195986944,280.1830464526822,141.7114535186342,5.294543185467376,5.294543185467376,28.032187542779024
space1_time2,2020-11-27 08:00:00,59.75,-162.25,1,2,134.5921630859375,126.15093451911015,8.441228566827348,8.441228566827348,71.25433971742208,141.7114535186342,-7.119290432696687,7.119290432696687,50.68429626508658
space1_time2,2020-11-28 07:00:00,64.25,-140.25,1,2,125.44511413574219,126.71597228543821,-1.270858149696025,1.270858149696025,1.615080436648804,141.7114535186342,-16.266339382892,16.266339382892,264.59379691942326
space1_time2,2020-11-28 08:00:00,60.0,-166.5,1,2,135.24551391601562,122.87966447611862,12.365849439897005,12.365849439897005,152.91423237020106,141.7114535186342,-6.465939602618562,6.465939602618562,41.80837494471108
space1_time2,2020-11-29 07:00:00,68.75,-139.5,1,2,123.48503875732422,125.42992308329605,-1.9448843259718274,1.9448843259718274,3.7825750414108894,141.7114535186342,-18.226414761309968,18.226414761309968,332.2021950512979
space1_time2,2020-11-30 08:00:00,68.75,-166.25,1,2,133.9387969970703,127.7487998966832,6.189997100387117,6.189997100387117,38.31606410280092,141.7114535186342,-7.772656521563874,7.772656521563874,60.41418940220942
space1_time2,2020-12-01 02:00:00,81.25,-62.25,1,2,112.37791442871094,128.64235244079035,-16.26443801207941,16.26443801207941,264.5319438487736,141.7114535186342,-29.33353908992325,29.33353908992325,860.4565155400553
space1_time2,2020-12-01 09:00:00,60.5,-173.25,1,2,114.9913558959961,124.9811767401177,-9.98982084412161,9.98982084412161,99.7965204976466,141.7114535186342,-26.720097622638093,26.720097622638093,713.9636169633098
space1_time2,2020-12-01 17:00:00,79.5,78.25,1,2,105.84431457519531,121.62104301111968,-15.776728435924369,15.776728435924369,248.90516014090457,141.7114535186342,-35.867138943438874,35.867138943438874,1286.4516559879494
space1_time2,2020-12-01 23:00:00,77.25,-20.75,1,2,112.37791442871094,130.37430743146484,-17.996393002753905,17.996393002753905,323.8701611095697,141.7114535186342,-29.33353908992325,29.33353908992325,860.4565155400553
space1_time2,2020-12-02 23:00:00,79.0,-21.5,1,2,128.7119140625,131.6138391031018,-2.9019250406018102,2.9019250406018102,8.421168941271818,141.7114535186342,-12.999539456134187,12.999539456134187,168.9880260715895
space1_time2,2020-12-05 06:00:00,63.0,-131.75,1,2,163.9933624267578,130.36314240942144,33.63022001733637,33.63022001733637,1130.9916984144518,141.7114535186342,22.281908908123626,22.281908908123626,496.483464589919
space1_time2,2020-12-05 06:00:00,67.0,-130.5,1,2,138.51231384277344,127.32473201529407,11.187581827479363,11.187581827479363,125.16198714654648,141.7114535186342,-3.1991396758607493,3.1991396758607493,10.23449466566642
space1_time2,2020-12-06 06:00:00,60.5,-135.0,1,2,148.31271362304688,132.61169883452163,15.701014788525242,15.701014788525242,246.52186538948837,141.7114535186342,6.601260104412688,6.601260104412688,43.57663496611062
space1_time2,2020-12-06 06:00:00,64.5,-133.75,1,2,150.92616271972656,125.31160191941284,25.614560800313726,25.614560800313726,656.1057249929685,141.7114535186342,9.214709201092376,9.214709201092376,84.91086566069649
space1_time2,2020-12-06 06:00:00,68.75,-132.25,1,2,120.87159729003906,129.81137169516856,-8.939774405129498,8.939774405129498,79.91956641460847,141.7114535186342,-20.839856228595124,20.839856228595124,434.299607628515
space1_time2,2020-12-07 06:00:00,62.0,-137.25,1,2,146.35263061523438,127.6537288176668,18.698901797567572,18.698901797567572,349.6489284350758,141.7114535186342,4.641177096600188,4.641177096600188,21.540524842006153
space1_time2,2020-12-07 06:00:00,66.25,-135.5,1,2,139.81903076171875,126.56582838605583,13.253202375662923,13.253202375662923,175.64737321027735,141.7114535186342,-1.8924227569154368,1.8924227569154368,3.5812638908914223
space1_time2,2020-12-08 06:00:00,63.5,-139.0,1,2,116.29808044433594,127.74373276099169,-11.445652316655753,11.445652316655753,131.0029569537672,141.7114535186342,-25.41337307429825,25.41337307429825,645.8395310134673
space1_time2,2020-12-08 06:00:00,67.75,-137.5,1,2,122.83168029785156,127.2474480006002,-4.415767702748639,4.415767702748639,19.49900440463799,141.7114535186342,-18.879773220782624,18.879773220782624,356.4458368681807
space1_time2,2020-12-08 08:00:00,53.75,-166.0,1,2,146.35263061523438,131.09680163919805,15.255828976036327,15.255828976036327,232.7403177460696,141.7114535186342,4.641177096600188,4.641177096600188,21.540524842006153
space1_time2,2020-12-08 08:00:00,62.0,-163.75,1,2,149.6194305419922,129.15426551405,20.46516502794219,20.46516502794219,418.82297962090814,141.7114535186342,7.907977023358001,7.907977023358001,62.53610060195806
space1_time2,2020-12-08 08:00:00,66.25,-162.0,1,2,127.40519714355469,124.13923093247503,3.2659662110796575,3.2659662110796575,10.666535291914014,141.7114535186342,-14.3062563750795,14.3062563750795,204.66897146950282
space1_time2,2020-12-08 08:00:00,70.5,-160.25,1,2,141.12576293945312,127.4182676094591,13.707495329994032,13.707495329994032,187.8954282218082,141.7114535186342,-0.5856905791810618,0.5856905791810618,0.3430334545414476
space1_time2,2020-12-09 07:00:00,65.25,-140.75,1,2,138.51231384277344,132.56588433556854,5.946429507204897,5.946429507204897,35.36002388415707,141.7114535186342,-3.1991396758607493,3.1991396758607493,10.23449466566642
space1_time2,2020-12-09 07:00:00,69.25,-139.0,1,2,138.51231384277344,131.82393752889334,6.688376313880099,6.688376313880099,44.73437771607234,141.7114535186342,-3.1991396758607493,3.1991396758607493,10.23449466566642
space1_time2,2020-12-09 08:00:00,67.75,-164.0,1,2,137.8589630126953,129.70959994017693,8.149363072518383,8.149363072518383,66.41211848772626,141.7114535186342,-3.8524905059388743,3.8524905059388743,14.841683098349163
space1_time2,2020-12-10 08:00:00,65.0,-167.25,1,2,147.65936279296875,128.7986310004613,18.860731792507437,18.860731792507437,355.7272037489008,141.7114535186342,5.947909274334563,5.947909274334563,35.37762473571511
space1_time2,2020-12-11 02:00:00,81.75,-60.75,1,2,124.13839721679688,125.72115307746567,-1.5827558606687973,1.5827558606687973,2.5051161144814253,141.7114535186342,-17.573056301837312,17.573056301837312,308.81230778754406
space1_time2,2020-12-12 23:00:00,79.5,-20.75,1,2,122.83168029785156,129.97009322497775,-7.138412927126183,7.138412927126183,50.9569391181622,141.7114535186342,-18.879773220782624,18.879773220782624,356.4458368681807
space1_time2,2020-12-13 02:00:00,80.5,-67.5,1,2,113.68463897705078,127.87874810415674,-14.19410912710596,14.19410912710596,201.47273391219272,141.7114535186342,-28.026814541583406,28.026814541583406,785.502333348311
space1_time2,2020-12-16 06:00:00,61.0,-135.0,1,2,124.13839721679688,127.25493983264525,-3.116542615848374,3.116542615848374,9.712837876399025,141.7114535186342,-17.573056301837312,17.573056301837312,308.81230778754406
space1_time2,2020-12-16 06:00:00,65.0,-133.5,1,2,113.68463897705078,127.83791134721712,-14.153272370166334,14.153272370166334,200.31511878411376,141.7114535186342,-28.026814541583406,28.026814541583406,785.502333348311
space1_time2,2020-12-16 06:00:00,69.25,-131.75,1,2,133.28543090820312,132.06321396323202,1.2222169449711089,1.2222169449711089,1.4938142605745106,141.7114535186342,-8.426022610431062,8.426022610431062,70.99785703149549
space1_time2,2020-12-17 06:00:00,62.5,-136.75,1,2,147.00599670410156,128.85164667755353,18.15435002654803,18.15435002654803,329.58042488642445,141.7114535186342,5.294543185467376,5.294543185467376,28.032187542779024
space1_time2,2020-12-17 06:00:00,66.75,-135.25,1,2,135.8988800048828,129.67511851650596,6.2237614883768515,6.2237614883768515,38.73520706420284,141.7114535186342,-5.812573513751374,5.812573513751374,33.786010852764
space1_time2,2020-12-18 08:00:00,54.25,-165.75,1,2,172.48703002929688,130.8694464643202,41.617583564976684,41.617583564976684,1732.0232617878173,141.7114535186342,30.775576510662688,30.775576510662688,947.136109563653
space1_time2,2020-12-18 08:00:00,62.5,-163.25,1,2,154.19296264648438,126.98888470518041,27.204077941303964,27.204077941303964,740.0618566365409,141.7114535186342,12.481509127850188,12.481509127850188,155.78807010860757
space1_time2,2020-12-18 08:00:00,66.75,-162.0,1,2,145.69927978515625,124.98763754338333,20.71164224177292,20.71164224177292,428.9721243511924,141.7114535186342,3.987826266522063,3.987826266522063,15.902758331963298
space1_time2,2020-12-18 08:00:00,71.0,-160.0,1,2,154.19296264648438,127.63817451249852,26.554788133985852,26.554788133985852,705.1567728408758,141.7114535186342,12.481509127850188,12.481509127850188,155.78807010860757
space1_time2,2020-12-19 07:00:00,65.75,-140.5,1,2,131.9787139892578,128.30997295560667,3.668741033651145,3.668741033651145,13.45966077199567,141.7114535186342,-9.732739529376374,9.732739529376374,94.72621874668545
space1_time2,2020-12-19 07:00:00,69.75,-139.0,1,2,137.20559692382812,126.43129561920526,10.774301304622867,10.774301304622867,116.085568602798,141.7114535186342,-4.505856594806062,4.505856594806062,20.30274365295728
space1_time2,2020-12-19 08:00:00,59.75,-166.5,1,2,155.4996795654297,124.71194866486584,30.787730900563844,30.787730900563844,947.8843740055338,141.7114535186342,13.7882260467955,13.7882260467955,190.11517751752987
space1_time2,2020-12-19 08:00:00,68.25,-163.75,1,2,148.96607971191406,125.88450177275166,23.0815779391624,23.0815779391624,532.7592401616284,141.7114535186342,7.254626193279876,7.254626193279876,52.62960120422246
space1_time2,2020-12-20 08:00:00,57.25,-169.75,1,2,171.83367919921875,128.05259448219454,43.781084717024214,43.781084717024214,1916.7833789992512,141.7114535186342,30.122225680584563,30.122225680584563,907.3484799520681
space1_time2,2020-12-20 08:00:00,65.75,-167.0,1,2,139.81903076171875,126.41611646376384,13.402914297954908,13.402914297954908,179.6381116783241,141.7114535186342,-1.8924227569154368,1.8924227569154368,3.5812638908914223
space1_time2,2020-12-22 02:00:00,79.5,-67.25,1,2,118.91151428222656,125.36581718712304,-6.45430290489648,6.45430290489648,41.65802598815514,141.7114535186342,-22.799939236407624,22.799939236407624,519.8372291838799
space1_time2,2020-12-26 06:00:00,61.25,-134.75,1,2,157.4597625732422,128.16226684096915,29.297495732273035,29.297495732273035,858.3432561825567,141.7114535186342,15.748309054608,15.748309054608,248.00923807944835
space1_time2,2020-12-26 06:00:00,65.5,-133.5,1,2,139.81903076171875,125.72285694139478,14.096173820323969,14.096173820323969,198.70211637278683,141.7114535186342,-1.8924227569154368,1.8924227569154368,3.5812638908914223
space1_time2,2020-12-26 06:00:00,69.5,-132.0,1,2,131.9787139892578,127.97078714633257,4.007926842925244,4.007926842925244,16.06347757824071,141.7114535186342,-9.732739529376374,9.732739529376374,94.72621874668545
space1_time2,2020-12-27 06:00:00,62.75,-136.75,1,2,135.8988800048828,129.81352511431882,6.085354890563991,6.085354890563991,37.03154414411109,141.7114535186342,-5.812573513751374,5.812573513751374,33.786010852764
space1_time2,2020-12-27 06:00:00,66.75,-135.5,1,2,142.43247985839844,126.55917121035698,15.873308648041458,15.873308648041458,251.96192743598775,141.7114535186342,0.7210263397642507,0.7210263397642507,0.5198789826338327
space1_time2,2020-12-28 06:00:00,64.25,-138.75,1,2,145.69927978515625,128.55249737487972,17.14678241027653,17.14678241027653,294.01214702536856,141.7114535186342,3.987826266522063,3.987826266522063,15.902758331963298
space1_time2,2020-12-28 06:00:00,68.5,-137.25,1,2,130.0186309814453,127.1352056222568,2.8834253591885073,2.8834253591885073,8.314141802011372,141.7114535186342,-11.692822537188874,11.692822537188874,136.72209888619207
space1_time2,2020-12-28 08:00:00,62.75,-163.5,1,2,133.28543090820312,131.0806496486902,2.204781259512913,2.204781259512913,4.861060402299347,141.7114535186342,-8.426022610431062,8.426022610431062,70.99785703149549
space1_time2,2020-12-29 07:00:00,66.0,-140.75,1,2,153.5395965576172,131.85441450505635,21.685182052560833,21.685182052560833,470.2471206527065,141.7114535186342,11.828143038983,11.828143038983,139.90496775064202
space1_time2,2020-12-29 08:00:00,60.25,-166.75,1,2,180.980712890625,129.44598980337756,51.53472308724744,51.53472308724744,2655.8276836792747,141.7114535186342,39.26925937199081,39.26925937199081,1542.0747316246884
space1_time2,2020-12-29 08:00:00,64.25,-165.5,1,2,150.92616271972656,126.13446334703997,24.791699372686594,24.791699372686594,614.6283577856689,141.7114535186342,9.214709201092376,9.214709201092376,84.91086566069649
space1_time2,2020-12-29 08:00:00,68.5,-163.75,1,2,155.4996795654297,128.27502419726898,27.22465536816071,27.22465536816071,741.1818599151218,141.7114535186342,13.7882260467955,13.7882260467955,190.11517751752987
space1_time2,2020-12-30 08:00:00,65.75,-167.5,1,2,143.73919677734375,127.93372901715189,15.80546776019186,15.80546776019186,249.81281111846428,141.7114535186342,2.027743258709563,2.027743258709563,4.111742723242078
space1_time2,2020-12-31 08:00:00,63.25,-170.75,1,2,136.55223083496094,122.7133851918816,13.838845643079338,13.838845643079338,191.51364873297598,141.7114535186342,-5.159222683673249,5.159222683673249,26.617578699728604
space1_time2,2020-12-31 16:00:00,80.75,77.75,1,2,150.27279663085938,132.05662043091363,18.21617619994575,18.21617619994575,331.82907534747,141.7114535186342,8.561343112225188,8.561343112225188,73.29659588524567
space2_time0,2020-01-02 12:00:00,46.75,143.5,2,0,156.806396484375,128.95454735259455,27.851849131780455,27.851849131780455,775.7255000594597,139.6929590874692,17.113437396905795,17.113437396905795,292.86973953781376
space2_time0,2020-01-02 15:00:00,47.75,95.5,2,0,131.3253631591797,120.4079057532502,10.917457405929483,10.917457405929483,119.19087621028451,139.6929590874692,-8.367595928289518,8.367595928289518,70.01666161912732
space2_time0,2020-01-02 15:00:00,56.0,98.0,2,0,141.77911376953125,129.38916236456978,12.389951404961465,12.389951404961465,153.5108958173066,139.6929590874692,2.0861546820620447,2.0861546820620447,4.352041357489391
space2_time0,2020-01-02 16:00:00,31.75,91.5,2,0,149.6194305419922,128.53030948744612,21.08912105454607,21.08912105454607,444.7510268532983,139.6929590874692,9.926471454522982,9.926471454522982,98.53483553745961
space2_time0,2020-01-02 16:00:00,35.75,92.5,2,0,166.60679626464844,121.7367105714369,44.870085693211536,44.870085693211536,2013.3245901161465,139.6929590874692,26.913837177179232,26.913837177179232,724.3546315997149
space2_time0,2020-01-02 16:00:00,39.75,93.5,2,0,165.30007934570312,129.25831848418682,36.04176086151631,36.04176086151631,1299.0085259987288,139.6929590874692,25.60712025823392,25.60712025823392,655.724607919654
space2_time0,2020-01-02 17:00:00,42.25,70.0,2,0,172.48703002929688,132.58942626810682,39.897603761190055,39.897603761190055,1591.818785884927,139.6929590874692,32.79407094182767,32.79407094182767,1075.4510889376259
space2_time0,2020-01-02 17:00:00,46.5,71.0,2,0,134.5921630859375,129.6229347872009,4.969228298736596,4.969228298736596,24.6932298849646,139.6929590874692,-5.100796001531705,5.100796001531705,26.01811984924183
space2_time0,2020-01-02 17:00:00,50.5,72.0,2,0,166.60679626464844,128.46160160032343,38.145194664325004,38.145194664325004,1455.0558759792486,139.6929590874692,26.913837177179232,26.913837177179232,724.3546315997149
space2_time0,2020-01-02 17:00:00,54.5,73.5,2,0,154.8463134765625,132.23017908713345,22.61613438942905,22.61613438942905,511.4895347207153,139.6929590874692,15.153354389093295,15.153354389093295,229.624149241453
space2_time0,2020-01-02 17:00:00,71.25,81.0,2,0,136.55223083496094,121.92157055631941,14.630660278641528,14.630660278641528,214.056220189019,139.6929590874692,-3.140728252508268,3.140728252508268,9.864173956103638
space2_time0,2020-01-02 20:00:00,68.25,30.75,2,0,143.08583068847656,129.48931241767767,13.596518270798896,13.596518270798896,184.8653090881682,139.6929590874692,3.392871601007357,3.392871601007357,11.511577700922228
space2_time0,2020-01-03 12:00:00,49.0,141.75,2,0,158.1131134033203,126.9570675941472,31.156045809173108,31.156045809173108,970.6991904632931,139.6929590874692,18.420154315851107,18.420154315851107,339.3020850197682
space2_time0,2020-01-03 12:00:00,53.0,143.0,2,0,150.92616271972656,124.40717588442081,26.518986835305753,26.518986835305753,703.2566627711199,139.6929590874692,11.233203632257357,11.233203632257357,126.18486384375989
space2_time0,2020-01-03 14:00:00,51.75,118.5,2,0,147.00599670410156,119.85692607287189,27.149070631229677,27.149070631229677,737.0720361394978,139.6929590874692,7.313037616632357,7.313037616632357,53.48051918227987
space2_time0,2020-01-03 16:00:00,29.75,88.75,2,0,155.4996795654297,126.36111792898204,29.138561636447648,29.138561636447648,849.0557742410587,139.6929590874692,15.806720477960482,15.806720477960482,249.85241226837525
space2_time0,2020-01-03 16:00:00,34.0,89.75,2,0,172.48703002929688,124.71699516679391,47.77003486250297,47.77003486250297,2281.976230764749,139.6929590874692,32.79407094182767,32.79407094182767,1075.4510889376259
space2_time0,2020-01-03 16:00:00,38.0,90.75,2,0,165.30007934570312,125.02342606337156,40.276653282331566,40.276653282331566,1622.20879962515,139.6929590874692,25.60712025823392,25.60712025823392,655.724607919654
space2_time0,2020-01-03 17:00:00,44.75,68.0,2,0,187.51431274414062,136.17342238603953,51.34089035810109,51.34089035810109,2635.8870227625575,139.6929590874692,47.82135365667142,47.82135365667142,2286.881865556441
space2_time0,2020-01-03 17:00:00,48.5,69.25,2,0,162.68663024902344,129.58931936753882,33.09731088148462,33.09731088148462,1095.43198758564,139.6929590874692,22.993671161554232,22.993671161554232,528.7089134856908
space2_time0,2020-01-03 17:00:00,52.75,70.25,2,0,148.96607971191406,127.51237994629133,21.45369976562273,21.45369976562273,460.2612336334808,139.6929590874692,9.273120624444857,9.273120624444857,85.99076611550458
space2_time0,2020-01-04 14:00:00,54.0,116.5,2,0,139.16567993164062,119.70346045337746,19.462219478263165,19.462219478263165,378.77798702008613,139.6929590874692,-0.5272791558285803,0.5272791558285803,0.2780233081713003
space2_time0,2020-01-04 14:00:00,58.0,118.0,2,0,145.69927978515625,125.15717287734624,20.54210690781001,20.54210690781001,421.9781562118957,139.6929590874692,6.006320697687045,6.006320697687045,36.075888323463786
space2_time0,2020-01-04 14:00:00,62.0,119.25,2,0,120.2182388305664,120.56401845609717,-0.345779625530767,0.345779625530767,0.11956354943219746,139.6929590874692,-19.4747202569028,19.4747202569028,379.2647290846202
space2_time0,2020-01-04 14:00:00,66.25,121.0,2,0,133.9387969970703,117.09566562755376,16.843131369516556,16.843131369516556,283.6910743307926,139.6929590874692,-5.754162090398893,5.754162090398893,33.11038136258376
space2_time0,2020-01-04 14:00:00,70.5,123.5,2,0,127.40519714355469,117.8345377085843,9.57065943497038,9.57065943497038,91.59752202018757,139.6929590874692,-12.287761943914518,12.287761943914518,150.9890935903139
space2_time0,2020-01-04 16:00:00,28.0,86.0,2,0,127.40519714355469,131.87811862714364,-4.472921483588948,4.472921483588948,20.007026598351555,139.6929590874692,-12.287761943914518,12.287761943914518,150.9890935903139
space2_time0,2020-01-04 16:00:00,32.0,86.75,2,0,170.52696228027344,127.40698723754389,43.11997504272955,43.11997504272955,1859.3322476856192,139.6929590874692,30.834003192804232,30.834003192804232,950.7357528938616
space2_time0,2020-01-04 16:00:00,36.0,87.75,2,0,162.68663024902344,123.24899918355592,39.437631065467514,39.437631065467514,1555.3267440559282,139.6929590874692,22.993671161554232,22.993671161554232,528.7089134856908
space2_time0,2020-01-04 17:00:00,47.0,66.25,2,0,145.69927978515625,132.17543890125472,13.523840883901528,13.523840883901528,182.89427225308646,139.6929590874692,6.006320697687045,6.006320697687045,36.075888323463786
space2_time0,2020-01-04 17:00:00,51.0,67.5,2,0,145.04591369628906,128.65323839833925,16.392675297949808,16.392675297949808,268.71980342401383,139.6929590874692,5.352954608819857,5.352954608819857,28.65412304408575
space2_time0,2020-01-04 17:00:00,55.0,68.5,2,0,150.27279663085938,127.85150510542607,22.421291525433304,22.421291525433304,502.7143136684673,139.6929590874692,10.57983754339017,10.57983754339017,111.93296244452814
space2_time0,2020-01-04 19:00:00,49.5,42.75,2,0,143.08583068847656,129.8098944566534,13.275936231823152,13.275936231823152,176.2504828314347,139.6929590874692,3.392871601007357,3.392871601007357,11.511577700922228
space2_time0,2020-01-05 14:00:00,52.0,113.5,2,0,173.79376220703125,125.12465158038215,48.6691106266491,48.6691106266491,2368.682329189008,139.6929590874692,34.100803119562045,34.100803119562045,1162.8647733991324
space2_time0,2020-01-05 14:00:00,64.5,118.0,2,0,145.69927978515625,117.6115962267938,28.087683558362457,28.087683558362457,788.9179676747046,139.6929590874692,6.006320697687045,6.006320697687045,36.075888323463786
space2_time0,2020-01-05 14:00:00,68.75,120.25,2,0,123.48503875732422,116.22082773203495,7.264211025289271,7.264211025289271,52.7687618199342,139.6929590874692,-16.207920330144987,16.207920330144987,262.69668142832717
space2_time0,2020-01-05 18:00:00,49.25,64.25,2,0,186.2075958251953,125.89805473459967,60.309541090595644,60.309541090595644,3637.2407465582446,139.6929590874692,46.51463673772611,46.51463673772611,2163.611430842619
space2_time0,2020-01-05 18:00:00,53.25,65.5,2,0,162.68663024902344,126.82336595360937,35.86326429541407,35.86326429541407,1286.1737259227216,139.6929590874692,22.993671161554232,22.993671161554232,528.7089134856908
space2_time0,2020-01-05 19:00:00,77.0,54.75,2,0,111.07119750976562,127.75769643173209,-16.68649892196646,16.68649892196646,278.43924627278784,139.6929590874692,-28.62176157770358,28.62176157770358,819.2052358109089
space2_time0,2020-01-06 14:00:00,50.25,110.5,2,0,159.41983032226562,121.8109526097663,37.60887771249932,37.60887771249932,1414.427682793728,139.6929590874692,19.72687123479642,19.72687123479642,389.1494487142384
space2_time0,2020-01-06 14:00:00,62.75,114.5,2,0,147.65936279296875,127.63121072279509,20.02815207017366,20.02815207017366,401.1268753460015,139.6929590874692,7.966403705499545,7.966403705499545,63.46358799899688
space2_time0,2020-01-06 14:00:00,67.0,116.75,2,0,127.40519714355469,121.65065281869569,5.754544324858998,5.754544324858998,33.114780386766896,139.6929590874692,-12.287761943914518,12.287761943914518,150.9890935903139
space2_time0,2020-01-06 14:00:00,71.25,119.25,2,0,131.3253631591797,120.68534261475249,10.640020544427202,10.640020544427202,113.21003718583293,139.6929590874692,-8.367595928289518,8.367595928289518,70.01666161912732
space2_time0,2020-01-06 16:00:00,51.5,87.0,2,0,162.0332794189453,120.2778265556528,41.75545286329252,41.75545286329252,1743.5178438186433,139.6929590874692,22.340320331476107,22.340320331476107,499.0899125129647
space2_time0,2020-01-06 16:00:00,55.25,88.5,2,0,133.9387969970703,128.56559965505838,5.3731973420119346,5.3731973420119346,28.87124967620412,139.6929590874692,-5.754162090398893,5.754162090398893,33.11038136258376
space2_time0,2020-01-06 16:00:00,59.25,90.0,2,0,149.6194305419922,128.832220795795,20.787209746197192,20.787209746197192,432.1080890323955,139.6929590874692,9.926471454522982,9.926471454522982,98.53483553745961
space2_time0,2020-01-06 16:00:00,65.25,91.75,2,0,156.1530303955078,128.4817852328714,27.67124516263641,27.67124516263641,765.697808850729,139.6929590874692,16.460071308038607,16.460071308038607,270.9339474657158
space2_time0,2020-01-06 16:00:00,69.5,94.5,2,0,128.7119140625,119.7977522406688,8.9141618218312,8.9141618218312,79.46228098579294,139.6929590874692,-10.981045024969205,10.981045024969205,120.58334984040094
space2_time0,2020-01-06 16:00:00,74.0,97.5,2,0,118.91151428222656,122.41926430991084,-3.5077500276842812,3.5077500276842812,12.304310256719075,139.6929590874692,-20.781444805242643,20.781444805242643,431.8684481933464
space2_time0,2020-01-06 18:00:00,51.5,62.5,2,0,168.56687927246094,126.53852874779643,42.0283505246645,42.0283505246645,1766.382247824067,139.6929590874692,28.873920184991732,28.873920184991732,833.703266849273
space2_time0,2020-01-07 13:00:00,50.25,131.75,2,0,133.28543090820312,120.86768201030833,12.417748897894796,12.417748897894796,154.20048769116744,139.6929590874692,-6.40752817926608,6.40752817926608,41.05641736808889
space2_time0,2020-01-07 13:00:00,54.0,133.0,2,0,148.96607971191406,122.025992182711,26.94008752920307,26.94008752920307,725.7683160811227,139.6929590874692,9.273120624444857,9.273120624444857,85.99076611550458
space2_time0,2020-01-07 13:00:00,58.25,134.25,2,0,141.12576293945312,125.34510847766857,15.78065446178455,15.78065446178455,249.02905524224064,139.6929590874692,1.4328038519839197,1.4328038519839197,2.052926878259958
space2_time0,2020-01-08 13:00:00,56.5,131.5,2,0,142.43247985839844,121.806914997445,20.625564860953432,20.625564860953432,425.41392583339695,139.6929590874692,2.739520770929232,2.739520770929232,7.504974054352695
space2_time0,2020-01-08 15:00:00,63.25,110.0,2,0,145.69927978515625,121.17112669153316,24.52815309362309,24.52815309362309,601.630294184212,139.6929590874692,6.006320697687045,6.006320697687045,36.075888323463786
space2_time0,2020-01-08 15:00:00,67.5,111.5,2,0,126.75183868408203,120.96415355951687,5.787685124565158,5.787685124565158,33.49729910111281,139.6929590874692,-12.941120403387174,12.941120403387174,167.4725972949638
space2_time0,2020-01-08 15:00:00,71.75,114.0,2,0,138.51231384277344,120.3740022001923,18.138311642581144,18.138311642581144,328.99834924339467,139.6929590874692,-1.1806452446957678,1.1806452446957678,1.3939231938227294
space2_time0,2020-01-08 16:00:00,53.5,82.25,2,0,148.96607971191406,123.8859353158327,25.080144396081366,25.080144396081366,629.0136429282916,139.6929590874692,9.273120624444857,9.273120624444857,85.99076611550458
space2_time0,2020-01-08 16:00:00,57.5,83.75,2,0,160.0731964111328,124.27665805131005,35.79653835982276,35.79653835982276,1281.3921585462624,139.6929590874692,20.380237323663607,20.380237323663607,415.3540733688512
space2_time0,2020-01-08 16:00:00,61.75,85.25,2,0,149.6194305419922,124.42289511524422,25.19653542674797,25.19653542674797,634.8653975113656,139.6929590874692,9.926471454522982,9.926471454522982,98.53483553745961
space2_time0,2020-01-08 16:00:00,66.0,87.5,2,0,136.55223083496094,120.32773635995835,16.224494475002587,16.224494475002587,263.23422096938947,139.6929590874692,-3.140728252508268,3.140728252508268,9.864173956103638
space2_time0,2020-01-08 16:00:00,70.25,89.75,2,0,130.6719970703125,121.84354426786678,8.828452802445725,8.828452802445725,77.94157888501177,139.6929590874692,-9.020962017156705,9.020962017156705,81.37775571498398
space2_time0,2020-01-08 16:00:00,74.5,93.0,2,0,129.3652801513672,118.44412374430526,10.921156407061929,10.921156407061929,119.27165726750982,139.6929590874692,-10.327678936102018,10.327678936102018,106.66095220720531
space2_time0,2020-01-08 18:00:00,39.75,54.75,2,0,176.40719604492188,142.11257697261507,34.2946190723068,34.2946190723068,1176.1208973146295,139.6929590874692,36.71423695745267,36.71423695745267,1347.9351953679834
space2_time0,2020-01-08 18:00:00,43.75,55.5,2,0,149.6194305419922,134.26737595495655,15.352054587035639,15.352054587035639,235.685580043322,139.6929590874692,9.926471454522982,9.926471454522982,98.53483553745961
space2_time0,2020-01-08 18:00:00,48.0,56.5,2,0,141.77911376953125,128.71918668936536,13.059927080165892,13.059927080165892,170.5616953392504,139.6929590874692,2.0861546820620447,2.0861546820620447,4.352041357489391
space2_time0,2020-01-08 18:00:00,52.0,57.75,2,0,161.37991333007812,129.98882039724938,31.39109293282874,31.39109293282874,985.4007155174905,139.6929590874692,21.68695424260892,21.68695424260892,470.32398432101303
space2_time0,2020-01-08 18:00:00,56.0,59.0,2,0,138.51231384277344,126.80083214469293,11.711481698080505,11.711481698080505,137.15880356447462,139.6929590874692,-1.1806452446957678,1.1806452446957678,1.3939231938227294
space2_time0,2020-01-09 18:00:00,42.0,52.5,2,0,149.6194305419922,144.13882186970386,5.4806086722883265,5.4806086722883265,30.037071418762014,139.6929590874692,9.926471454522982,9.926471454522982,98.53483553745961
space2_time0,2020-01-09 18:00:00,46.0,53.75,2,0,179.0206298828125,134.84767255689582,44.172957325916684,44.172957325916684,1951.2501589172564,139.6929590874692,39.327670795343295,39.327670795343295,1546.6656901868978
space2_time0,2020-01-09 18:00:00,50.25,54.75,2,0,169.22023010253906,127.53956061172559,41.68066949081347,41.68066949081347,1737.278209202429,139.6929590874692,29.527271015069857,29.527271015069857,871.8597335973845
space2_time0,2020-01-09 18:00:00,54.25,56.0,2,0,137.20559692382812,129.6884186352276,7.517178288600519,7.517178288600519,56.507969422607026,139.6929590874692,-2.4873621636410803,2.4873621636410803,6.186970533113237
space2_time0,2020-01-09 18:00:00,58.5,57.25,2,0,133.9387969970703,131.02620720084826,2.9125897962220506,2.9125897962220506,8.483179321056806,139.6929590874692,-5.754162090398893,5.754162090398893,33.11038136258376
space2_time0,2020-01-11 15:00:00,29.25,93.25,2,0,137.8589630126953,127.86080841363531,9.998154599060001,9.998154599060001,99.96309538670465,139.6929590874692,-1.8339960747738928,1.8339960747738928,3.363541602286046
space2_time0,2020-01-11 15:00:00,33.25,94.25,2,0,141.77911376953125,119.59564092315281,22.183472846378436,22.183472846378436,492.1064675260094,139.6929590874692,2.0861546820620447,2.0861546820620447,4.352041357489391
space2_time0,2020-01-11 15:00:00,37.25,95.0,2,0,163.9933624267578,127.7247590273659,36.26860339939191,36.26860339939191,1315.411592542382,139.6929590874692,24.300403339288607,24.300403339288607,590.5096024521089
space2_time0,2020-01-11 15:00:00,41.5,96.0,2,0,157.4597625732422,123.54640059338776,33.91336197985443,33.91336197985443,1150.1161207766359,139.6929590874692,17.766803485772982,17.766803485772982,315.659306102075
space2_time0,2020-01-11 15:00:00,45.5,97.0,2,0,147.65936279296875,120.89789258815075,26.761470204817996,26.761470204817996,716.1762875233613,139.6929590874692,7.966403705499545,7.966403705499545,63.46358799899688
space2_time0,2020-01-11 15:00:00,49.5,98.0,2,0,150.27279663085938,120.18119663325399,30.091599997605385,30.091599997605385,905.5043904158845,139.6929590874692,10.57983754339017,10.57983754339017,111.93296244452814
space2_time0,2020-01-11 15:00:00,53.75,99.25,2,0,141.77911376953125,117.91105433756617,23.86805943196508,23.86805943196508,569.6842610478172,139.6929590874692,2.0861546820620447,2.0861546820620447,4.352041357489391
space2_time0,2020-01-11 17:00:00,60.5,77.25,2,0,148.31271362304688,126.70355467681044,21.609158946236434,21.609158946236434,466.9557503637101,139.6929590874692,8.61975453557767,8.61975453557767,74.3001682536118
space2_time0,2020-01-11 17:00:00,73.25,83.75,2,0,103.23088073730469,126.85068079990111,-23.619800062596426,23.619800062596426,557.8949549970301,139.6929590874692,-36.46207835016452,36.46207835016452,1329.4831576135362
space2_time0,2020-01-11 19:00:00,50.0,49.0,2,0,149.6194305419922,130.059998542794,19.559431999198182,19.559431999198182,382.5713801312578,139.6929590874692,9.926471454522982,9.926471454522982,98.53483553745961
space2_time0,2020-01-11 20:00:00,65.75,31.25,2,0,131.9787139892578,128.24512276002378,3.7335912292340367,3.7335912292340367,13.939703467013326,139.6929590874692,-7.714245098211393,7.714245098211393,59.5095774352785
space2_time0,2020-01-14 14:00:00,53.75,116.0,2,0,152.23287963867188,117.52736210832357,34.7055175303483,34.7055175303483,1204.4729470493132,139.6929590874692,12.53992055120267,12.53992055120267,157.24960743047507
space2_time0,2020-01-14 14:00:00,62.0,118.75,2,0,133.9387969970703,121.56476117935073,12.374035817719587,12.374035817719587,153.11676241820726,139.6929590874692,-5.754162090398893,5.754162090398893,33.11038136258376
space2_time0,2020-01-14 14:00:00,66.25,120.5,2,0,154.19296264648438,118.15775675065545,36.03520589582892,36.03520589582892,1298.5360639547837,139.6929590874692,14.50000355901517,14.50000355901517,210.2501032114526
space2_time0,2020-01-14 14:00:00,70.5,122.75,2,0,127.40519714355469,117.33834653853121,10.066850605023475,10.066850605023475,101.34148110386151,139.6929590874692,-12.287761943914518,12.287761943914518,150.9890935903139
space2_time0,2020-01-14 16:00:00,32.0,86.5,2,0,154.19296264648438,123.07653714488676,31.116425501597618,31.116425501597618,968.2319359964746,139.6929590874692,14.50000355901517,14.50000355901517,210.2501032114526
space2_time0,2020-01-14 16:00:00,36.0,87.5,2,0,139.16567993164062,123.77763384374452,15.3880460878961,15.3880460878961,236.79196240321448,139.6929590874692,-0.5272791558285803,0.5272791558285803,0.2780233081713003
space2_time0,2020-01-14 17:00:00,46.75,65.75,2,0,149.6194305419922,131.9909028218389,17.6285277201533,17.6285277201533,310.76498958021335,139.6929590874692,9.926471454522982,9.926471454522982,98.53483553745961
space2_time0,2020-01-14 17:00:00,50.75,66.75,2,0,148.96607971191406,129.59332403158214,19.37275568033192,19.37275568033192,375.3036626498327,139.6929590874692,9.273120624444857,9.273120624444857,85.99076611550458
space2_time0,2020-01-14 17:00:00,55.0,68.0,2,0,142.43247985839844,129.0393414894369,13.39313836896153,13.39313836896153,179.37615537014952,139.6929590874692,2.739520770929232,2.739520770929232,7.504974054352695
space2_time0,2020-01-15 14:00:00,68.75,119.5,2,0,168.11769104003906,119.19727071161614,48.92042032842292,48.92042032842292,2393.2075251095744,139.6929590874692,28.424731952569857,28.424731952569857,807.9653865754458
space2_time0,2020-01-15 15:00:00,68.75,119.5,2,0,239.3838348388672,119.32214252065431,120.06169231821288,120.06169231821288,14414.809962313217,139.6929590874692,99.69087575139798,99.69087575139798,9938.27070808067
space2_time0,2020-01-15 16:00:00,68.75,119.5,2,0,97.35063934326172,119.10936877024615,-21.75872942698443,21.75872942698443,473.4423062767182,139.6929590874692,-42.34231974420749,42.34231974420749,1792.8720413207031
space2_time0,2020-01-15 18:00:00,49.0,64.0,2,0,169.87359619140625,122.54879908437103,47.324797107035224,47.324797107035224,2239.6364212220496,139.6929590874692,30.180637103937045,30.180637103937045,910.8708559995414
space2_time0,2020-01-15 18:00:00,53.0,65.0,2,0,157.4597625732422,122.15494387786916,35.30481869537303,35.30481869537303,1246.430223113161,139.6929590874692,17.766803485772982,17.766803485772982,315.659306102075
space2_time0,2020-01-15 19:00:00,77.0,53.0,2,0,116.624755859375,122.35069401811405,-5.725938158739055,5.725938158739055,32.786367797704,139.6929590874692,-23.068203228094205,23.068203228094205,532.1420001726559
space2_time0,2020-01-16 18:00:00,51.25,62.0,2,0,147.00599670410156,130.0316751292839,16.97432157481765,16.97432157481765,288.12759292531996,139.6929590874692,7.313037616632357,7.313037616632357,53.48051918227987
space2_time0,2020-01-18 15:00:00,67.25,111.0,2,0,124.79175567626953,121.1196300328238,3.6721256434457246,3.6721256434457246,13.484506741251677,139.6929590874692,-14.901203411199674,14.901203411199674,222.0458631019488
space2_time0,2020-01-18 15:00:00,71.75,113.5,2,0,115.64471435546875,119.81645256705579,-4.171738211587041,4.171738211587041,17.403399706015442,139.6929590874692,-24.048244732000455,24.048244732000455,578.3180746901877
space2_time0,2020-01-18 16:00:00,53.25,81.75,2,0,122.17831420898438,124.13992039213913,-1.9616061831547569,1.9616061831547569,3.8478988177909734,139.6929590874692,-17.51464487848483,17.51464487848483,306.7627852194349
space2_time0,2020-01-18 16:00:00,57.25,83.0,2,0,157.4597625732422,121.49570008286706,35.96406249037513,35.96406249037513,1293.4137908116072,139.6929590874692,17.766803485772982,17.766803485772982,315.659306102075
space2_time0,2020-01-18 16:00:00,65.75,86.0,2,0,134.5921630859375,122.77632223046011,11.81584085547739,11.81584085547739,139.61409512196866,139.6929590874692,-5.100796001531705,5.100796001531705,26.01811984924183
space2_time0,2020-01-18 16:00:00,70.0,88.25,2,0,144.39256286621094,120.30938731565952,24.083175550551417,24.083175550551417,579.9993445986776,139.6929590874692,4.699603778741732,4.699603778741732,22.086275677163567
space2_time0,2020-01-18 16:00:00,74.5,91.25,2,0,130.0186309814453,117.969649028818,12.048981952627315,12.048981952627315,145.17796609473874,139.6929590874692,-9.674328106023893,9.674328106023893,93.59262430300384
space2_time0,2020-01-18 18:00:00,39.5,54.25,2,0,197.31471252441406,146.95766650967744,50.357046014736625,50.357046014736625,2535.832083330302,139.6929590874692,57.62175343694486,57.62175343694486,3320.2664691480663
space2_time0,2020-01-18 18:00:00,43.75,55.25,2,0,181.6340789794922,132.80993357005846,48.824145409433726,48.824145409433726,2383.7971749615285,139.6929590874692,41.94111989202298,41.94111989202298,1759.0575377970458
space2_time0,2020-01-18 18:00:00,47.75,56.25,2,0,162.68663024902344,129.94029833045187,32.74633191857157,32.74633191857157,1072.3222541212592,139.6929590874692,22.993671161554232,22.993671161554232,528.7089134856908
space2_time0,2020-01-18 18:00:00,51.75,57.25,2,0,184.90087890625,128.2528219271482,56.648056979101796,56.648056979101796,3209.0023595075636,139.6929590874692,45.207919818780795,45.207919818780795,2043.7560143413134
space2_time0,2020-01-19 18:00:00,42.0,52.25,2,0,169.87359619140625,151.07352282243133,18.80007336897492,18.80007336897492,353.44275867884005,139.6929590874692,30.180637103937045,30.180637103937045,910.8708559995414
space2_time0,2020-01-19 18:00:00,46.0,53.25,2,0,145.69927978515625,130.2978583361689,15.40142144898735,15.40142144898735,237.2037826493276,139.6929590874692,6.006320697687045,6.006320697687045,36.075888323463786
space2_time0,2020-01-19 18:00:00,50.0,54.25,2,0,140.47239685058594,129.0992851485511,11.373111702034834,11.373111702034834,129.34766978696166,139.6929590874692,0.7794377631167322,0.7794377631167322,0.6075232265724151
space2_time0,2020-01-19 18:00:00,54.0,55.5,2,0,156.1530303955078,130.27878087626516,25.874249519242653,25.874249519242653,669.4767881840287,139.6929590874692,16.460071308038607,16.460071308038607,270.9339474657158
space2_time0,2020-01-19 18:00:00,58.25,56.5,2,0,136.55223083496094,128.97014296051879,7.582087874442152,7.582087874442152,57.48805653576271,139.6929590874692,-3.140728252508268,3.140728252508268,9.864173956103638
space2_time0,2020-01-20 15:00:00,30.5,95.75,2,0,145.04591369628906,130.89964831189747,14.146265384391597,14.146265384391597,200.11682432563595,139.6929590874692,5.352954608819857,5.352954608819857,28.65412304408575
space2_time0,2020-01-20 15:00:00,34.0,96.25,2,0,127.40519714355469,120.78525295061797,6.619944192936714,6.619944192936714,43.82366111759652,139.6929590874692,-12.287761943914518,12.287761943914518,150.9890935903139
space2_time0,2020-01-20 15:00:00,37.5,97.0,2,0,103.88423919677734,123.52349007560423,-19.639250878826886,19.639250878826886,385.7001750815026,139.6929590874692,-35.80871989069186,35.80871989069186,1282.264420210031
space2_time0,2020-01-20 15:00:00,41.25,98.0,2,0,146.35263061523438,127.68137805508128,18.671252560153093,18.671252560153093,348.6156721650234,139.6929590874692,6.65967152776517,6.65967152776517,44.351224857726066
space2_time0,2020-01-20 15:00:00,45.25,99.25,2,0,137.20559692382812,124.93452688597165,12.271070037856475,12.271070037856475,150.5791598739789,139.6929590874692,-2.4873621636410803,2.4873621636410803,6.186970533113237
space2_time0,2020-01-20 15:00:00,49.0,100.75,2,0,120.2182388305664,122.16864751073719,-1.9504086801707814,1.9504086801707814,3.8040940196855293,139.6929590874692,-19.4747202569028,19.4747202569028,379.2647290846202
space2_time0,2020-01-20 15:00:00,55.25,101.5,2,0,145.69927978515625,120.47593986899228,25.223339916163965,25.223339916163965,636.2168765263503,139.6929590874692,6.006320697687045,6.006320697687045,36.075888323463786
space2_time0,2020-01-20 17:00:00,53.75,77.0,2,0,135.24551391601562,123.44779673825376,11.797717177761868,11.797717177761868,139.18613060645745,139.6929590874692,-4.44744517145358,4.44744517145358,19.779768553085766
space2_time0,2020-01-20 17:00:00,58.0,78.25,2,0,95.39055633544922,122.35092168121193,-26.96036534576271,26.96036534576271,726.8612995770029,139.6929590874692,-44.30240275201999,44.30240275201999,1962.7028896021882
space2_time0,2020-01-20 17:00:00,70.75,83.25,2,0,116.29808044433594,119.15628794699232,-2.8582075026563842,2.8582075026563842,8.169350128241245,139.6929590874692,-23.394878643133268,23.394878643133268,547.320346726933
space2_time0,2020-01-20 17:00:00,75.0,86.5,2,0,123.48503875732422,119.34969724271014,4.135341514614083,4.135341514614083,17.1010494424907,139.6929590874692,-16.207920330144987,16.207920330144987,262.69668142832717
space2_time0,2020-01-20 18:00:00,48.25,51.5,2,0,165.30007934570312,130.742158809228,34.55792053647514,34.55792053647514,1194.24987180533,139.6929590874692,25.60712025823392,25.60712025823392,655.724607919654
space2_time0,2020-01-20 18:00:00,52.25,52.5,2,0,165.30007934570312,130.6862600795137,34.61381926618944,34.61381926618944,1198.1164841924272,139.6929590874692,25.60712025823392,25.60712025823392,655.724607919654
space2_time0,2020-01-20 18:00:00,60.5,54.75,2,0,126.75183868408203,126.38740063097755,0.36443805310447885,0.36443805310447885,0.13281509455058296,139.6929590874692,-12.941120403387174,12.941120403387174,167.4725972949638
space2_time0,2020-01-21 15:00:00,29.0,93.0,2,0,147.65936279296875,131.53033206118243,16.129030731786315,16.129030731786315,260.1456323469074,139.6929590874692,7.966403705499545,7.966403705499545,63.46358799899688
space2_time0,2020-01-21 15:00:00,33.0,93.75,2,0,170.52696228027344,120.81051044514086,49.716451835132574,49.716451835132574,2471.725583075057,139.6929590874692,30.834003192804232,30.834003192804232,950.7357528938616
space2_time0,2020-01-21 15:00:00,37.25,94.75,2,0,163.9933624267578,125.65270178457979,38.34066064217802,38.34066064217802,1470.0062584786588,139.6929590874692,24.300403339288607,24.300403339288607,590.5096024521089
space2_time0,2020-01-21 15:00:00,41.25,95.75,2,0,151.5795135498047,123.74470159488078,27.834811954923907,27.834811954923907,774.7767565659749,139.6929590874692,11.886554462335482,11.886554462335482,141.29017698606756
space2_time0,2020-01-21 15:00:00,45.25,96.5,2,0,135.24551391601562,123.56133695449651,11.684176961519114,11.684176961519114,136.51999126809403,139.6929590874692,-4.44744517145358,4.44744517145358,19.779768553085766
space2_time0,2020-01-21 15:00:00,49.5,97.5,2,0,126.09848022460938,123.7888094220461,2.309670802563275,2.309670802563275,5.3345792162132835,139.6929590874692,-13.59447886285983,13.59447886285983,184.8098555527427
space2_time0,2020-01-21 15:00:00,53.5,98.75,2,0,137.8589630126953,122.44798909312246,15.410973919572854,15.410973919572854,237.49811714975468,139.6929590874692,-1.8339960747738928,1.8339960747738928,3.363541602286046
space2_time0,2020-01-21 15:00:00,57.5,99.75,2,0,114.9913558959961,122.6998405206695,-7.708484624673403,7.708484624673403,59.42073520882626,139.6929590874692,-24.70160319147311,24.70160319147311,610.1692002289946
space2_time0,2020-01-21 17:00:00,73.0,82.25,2,0,118.2581558227539,116.14889426605761,2.1092615566962962,2.1092615566962962,4.448984314556883,139.6929590874692,-21.4348032647153,21.4348032647153,459.45079099704964
space2_time0,2020-01-21 18:00:00,50.5,49.5,2,0,123.48503875732422,131.09202035483284,-7.6069815975086215,7.6069815975086215,57.86616902483482,139.6929590874692,-16.207920330144987,16.207920330144987,262.69668142832717
space2_time0,2020-01-21 20:00:00,65.75,30.25,2,0,126.75183868408203,127.2224326002536,-0.4705939161715662,0.4705939161715662,0.22145863393769108,139.6929590874692,-12.941120403387174,12.941120403387174,167.4725972949638
space2_time0,2020-01-21 20:00:00,70.0,32.0,2,0,101.92415618896484,131.110283511163,-29.18612732219816,29.18612732219816,851.830028067562,139.6929590874692,-37.76880289850436,37.76880289850436,1426.4824723860715
space2_time0,2020-01-22 12:00:00,46.5,142.75,2,0,151.5795135498047,131.87693000215677,19.70258354764792,19.70258354764792,388.19179845204644,139.6929590874692,11.886554462335482,11.886554462335482,141.29017698606756
space2_time0,2020-01-22 12:00:00,50.5,143.75,2,0,147.00599670410156,125.2188983197106,21.78709838439096,21.78709838439096,474.6776560111311,139.6929590874692,7.313037616632357,7.313037616632357,53.48051918227987
space2_time0,2020-01-22 17:00:00,44.5,68.75,2,0,125.44511413574219,133.97787875629243,-8.532764620550239,8.532764620550239,72.80807206971386,139.6929590874692,-14.247844951727018,14.247844951727018,203.00108576845307
space2_time0,2020-01-22 17:00:00,48.25,70.0,2,0,140.47239685058594,128.77775056268854,11.694646287897399,11.694646287897399,136.7647517990324,139.6929590874692,0.7794377631167322,0.7794377631167322,0.6075232265724151
space2_time0,2020-01-22 17:00:00,54.25,72.25,2,0,135.24551391601562,129.3619112338709,5.883602682144726,5.883602682144726,34.616780521340615,139.6929590874692,-4.44744517145358,4.44744517145358,19.779768553085766
space2_time0,2020-01-24 14:00:00,53.75,115.5,2,0,135.24551391601562,117.52615941559516,17.719354500420465,17.719354500420465,313.975523911571,139.6929590874692,-4.44744517145358,4.44744517145358,19.779768553085766
space2_time0,2020-01-24 14:00:00,62.0,118.0,2,0,114.9913558959961,117.08320002220393,-2.0918441262078318,2.0918441262078318,4.3758118483502075,139.6929590874692,-24.70160319147311,24.70160319147311,610.1692002289946
space2_time0,2020-01-24 14:00:00,66.25,119.5,2,0,117.60479736328125,114.6271809078439,2.9776164554373565,2.9776164554373565,8.866199755691326,139.6929590874692,-22.088161724187955,22.088161724187955,487.88688835388183
space2_time0,2020-01-24 14:00:00,70.5,121.5,2,0,122.17831420898438,115.97620118180421,6.202113027180161,6.202113027180161,38.46620600191786,139.6929590874692,-17.51464487848483,17.51464487848483,306.7627852194349
space2_time0,2020-01-24 16:00:00,31.75,86.25,2,0,148.31271362304688,120.97587947581866,27.336834147228217,27.336834147228217,747.3025011930627,139.6929590874692,8.61975453557767,8.61975453557767,74.3001682536118
space2_time0,2020-01-24 16:00:00,36.0,87.0,2,0,178.36727905273438,121.32764220513421,57.039636847600164,57.039636847600164,3253.5201717061063,139.6929590874692,38.67431996526517,38.67431996526517,1495.7030247757082
space2_time0,2020-01-24 17:00:00,49.0,64.75,2,0,130.6719970703125,130.92035550092353,-0.24835843061103446,0.24835843061103446,0.06168191005557602,139.6929590874692,-9.020962017156705,9.020962017156705,81.37775571498398
space2_time0,2020-01-24 17:00:00,52.75,65.5,2,0,137.20559692382812,128.16402984084547,9.041567082982652,9.041567082982652,81.74993531607544,139.6929590874692,-2.4873621636410803,2.4873621636410803,6.186970533113237
space2_time0,2020-01-25 18:00:00,48.75,63.25,2,0,150.92616271972656,127.92701533023993,22.999147389486637,22.999147389486637,528.96078064333,139.6929590874692,11.233203632257357,11.233203632257357,126.18486384375989
space2_time0,2020-01-25 18:00:00,53.0,64.5,2,0,156.806396484375,128.88805226814077,27.91834421623423,27.91834421623423,779.4339437761394,139.6929590874692,17.113437396905795,17.113437396905795,292.86973953781376
space2_time1,2020-01-26 14:00:00,50.0,109.5,2,1,143.08583068847656,133.62564441691418,9.460186271562378,9.460186271562378,89.4951242926573,130.42727484387538,12.658555844601182,12.658555844601182,160.23903607088673
space2_time1,2020-01-26 14:00:00,62.5,113.0,2,1,135.24551391601562,134.8251899327602,0.42032398325542886,0.42032398325542886,0.17667225089971003,130.42727484387538,4.818239072140244,4.818239072140244,23.21542775629888
space2_time1,2020-01-26 14:00:00,66.75,114.75,2,1,122.83168029785156,127.50282981884705,-4.671149520995485,4.671149520995485,21.819637847496345,130.42727484387538,-7.595594546023818,7.595594546023818,57.693056507586775
space2_time1,2020-01-26 14:00:00,71.25,116.75,2,1,121.52495574951172,128.68570905224144,-7.1607533027297166,7.1607533027297166,51.27638786255454,130.42727484387538,-8.902319094363662,8.902319094363662,79.25128525787186
space2_time1,2020-01-26 16:00:00,52.75,86.0,2,1,154.8463134765625,138.53922358773917,16.307089888823327,16.307089888823327,265.921180642164,130.42727484387538,24.41903863268712,24.41903863268712,596.2894477446661
space2_time1,2020-01-26 16:00:00,56.75,87.25,2,1,135.8988800048828,139.5483231610612,-3.6494431561783927,3.6494431561783927,13.318435350177309,130.42727484387538,5.471605161007432,5.471605161007432,29.938463037963164
space2_time1,2020-01-26 16:00:00,61.0,88.5,2,1,128.05856323242188,137.09171202143153,-9.033148789009658,9.033148789009658,81.59777704438666,130.42727484387538,-2.368711611453506,2.368711611453506,5.610794698234664
space2_time1,2020-01-26 16:00:00,65.25,90.0,2,1,115.64471435546875,132.66881130063754,-17.024096945168793,17.024096945168793,289.81987679850545,130.42727484387538,-14.78256048840663,14.78256048840663,218.5240945934009
space2_time1,2020-01-29 13:00:00,67.0,131.25,2,1,114.9913558959961,126.49424582984425,-11.502889933848152,11.502889933848152,132.31647683022516,130.42727484387538,-15.435918947879287,15.435918947879287,238.2675937654988
space2_time1,2020-01-29 15:00:00,28.5,97.25,2,1,77.74983978271484,135.17216364055875,-57.42232385784391,57.42232385784391,3297.3232772351093,130.42727484387538,-52.67743506116054,52.67743506116054,2774.9121646227854
space2_time1,2020-01-29 15:00:00,32.5,98.25,2,1,128.7119140625,130.21046032941223,-1.4985462669122285,1.4985462669122285,2.245640914076576,130.42727484387538,-1.7153607813753808,1.7153607813753808,2.942462610280757
space2_time1,2020-01-29 15:00:00,69.75,108.25,2,1,95.39055633544922,125.26602941040711,-29.875473074957895,29.875473074957895,892.5438914525341,130.42727484387538,-35.03671850842616,35.03671850842616,1227.5716438386924
space2_time1,2020-01-29 18:00:00,45.75,52.75,2,1,147.00599670410156,136.88328034909034,10.122716355011221,10.122716355011221,102.46938640401166,130.42727484387538,16.57872186022618,16.57872186022618,274.85401851874144
space2_time1,2020-01-29 18:00:00,50.0,53.75,2,1,147.00599670410156,137.347794531159,9.658202172942566,9.658202172942566,93.28086921343251,130.42727484387538,16.57872186022618,16.57872186022618,274.85401851874144
space2_time1,2020-01-29 18:00:00,53.75,54.75,2,1,150.27279663085938,138.76210029490113,11.510696335958244,11.510696335958244,132.49613013864254,130.42727484387538,19.845521786983994,19.845521786983994,393.84473499765636
space2_time1,2020-01-29 18:00:00,58.0,55.75,2,1,128.05856323242188,134.30817245735045,-6.249609224928577,6.249609224928577,39.05761546431236,130.42727484387538,-2.368711611453506,2.368711611453506,5.610794698234664
space2_time1,2020-01-30 15:00:00,30.75,95.5,2,1,129.3652801513672,130.83901682751406,-1.4737366761468706,1.4737366761468706,2.1718997906204263,130.42727484387538,-1.0619946925081933,1.0619946925081933,1.1278327269155721
space2_time1,2020-01-30 15:00:00,34.75,96.25,2,1,147.65936279296875,127.11923833638824,20.540124456580514,20.540124456580514,421.89671269181696,130.42727484387538,17.23208794909337,17.23208794909337,296.9448550852889
space2_time1,2020-01-30 15:00:00,38.75,97.0,2,1,161.37991333007812,127.94284480835991,33.43706852171822,33.43706852171822,1118.0375513260792,130.42727484387538,30.952638486202744,30.952638486202744,958.0658292575594
space2_time1,2020-01-30 15:00:00,42.75,98.0,2,1,152.23287963867188,132.45997599160282,19.772903647069057,19.772903647069057,390.96771863627686,130.42727484387538,21.805604794796494,21.805604794796494,475.48440046685187
space2_time1,2020-01-30 15:00:00,46.75,99.0,2,1,147.65936279296875,126.13070488540554,21.528657907563215,21.528657907563215,463.48311130088416,130.42727484387538,17.23208794909337,17.23208794909337,296.9448550852889
space2_time1,2020-01-30 15:00:00,51.0,99.75,2,1,149.6194305419922,128.917255696922,20.702174845070175,20.702174845070175,428.5800433158563,130.42727484387538,19.192155698116807,19.192155698116807,368.33884034075743
space2_time1,2020-01-30 15:00:00,55.25,101.0,2,1,120.87159729003906,136.8551016954678,-15.983504405428732,15.983504405428732,255.4724130783597,130.42727484387538,-9.555677553836318,9.555677553836318,91.31097351289124
space2_time1,2020-01-30 18:00:00,50.0,52.5,2,1,124.79175567626953,136.7188772728921,-11.927121596622555,11.927121596622555,142.2562295806202,130.42727484387538,-5.63551916760585,5.63551916760585,31.759076288452928
space2_time1,2020-01-30 18:00:00,60.5,54.25,2,1,135.8988800048828,134.33570807743973,1.5631719274430793,1.5631719274430793,2.4435064747461115,130.42727484387538,5.471605161007432,5.471605161007432,29.938463037963164
space2_time1,2020-02-07 15:00:00,67.25,108.5,2,1,303.1590270996094,127.55791957072913,175.60110752888025,175.60110752888025,30835.748965369363,130.42727484387538,172.731752255734,172.731752255734,29836.258237336267
space2_time1,2020-02-07 16:00:00,53.0,80.5,2,1,143.08583068847656,139.50278476618058,3.5830459222959803,3.5830459222959803,12.838218081281852,130.42727484387538,12.658555844601182,12.658555844601182,160.23903607088673
space2_time1,2020-02-07 16:00:00,57.25,81.5,2,1,145.69927978515625,137.66328070303285,8.035999082123396,8.035999082123396,64.57728124788807,130.42727484387538,15.27200494128087,15.27200494128087,233.2341349265073
space2_time1,2020-02-07 16:00:00,70.25,85.5,2,1,94.73719787597656,130.77041069683494,-36.03321282085838,36.03321282085838,1298.3924261932727,130.42727484387538,-35.69007696789882,35.69007696789882,1273.7815939745417
space2_time1,2020-02-07 18:00:00,39.25,53.25,2,1,172.48703002929688,151.92937012970177,20.55765989959511,20.55765989959511,422.6173805474208,130.42727484387538,42.059755185421494,42.059755185421494,1769.0230062575902
space2_time1,2020-02-07 18:00:00,43.25,54.25,2,1,126.75183868408203,143.8773184179781,-17.12547973389607,17.12547973389607,293.2820561160851,130.42727484387538,-3.6754361597933496,3.6754361597933496,13.508830964716484
space2_time1,2020-02-09 15:00:00,30.25,95.0,2,1,176.40719604492188,132.14484636520345,44.262349679718426,44.262349679718426,1959.1555991696698,130.42727484387538,45.979921201046494,45.979921201046494,2114.153153654445
space2_time1,2020-02-09 15:00:00,34.5,95.75,2,1,184.90087890625,129.06519895859392,55.835679947656075,55.835679947656075,3117.6231552170825,130.42727484387538,54.47360406237462,54.47360406237462,2967.3735395443564
space2_time1,2020-02-09 15:00:00,38.5,96.75,2,1,156.1530303955078,125.20016247583231,30.952867919675498,30.952867919675498,958.0800324528766,130.42727484387538,25.72575555163243,25.72575555163243,661.8144987023469
space2_time1,2020-02-09 15:00:00,42.5,97.5,2,1,131.9787139892578,137.72363137369064,-5.744917384432824,5.744917384432824,33.00407575395848,130.42727484387538,1.5514391453824317,1.5514391453824317,2.40696342182497
space2_time1,2020-02-09 15:00:00,46.75,98.5,2,1,127.40519714355469,130.14575115869013,-2.7405540151354444,2.7405540151354444,7.5106363098750055,130.42727484387538,-3.0220777003206933,3.0220777003206933,9.13295362677561
space2_time1,2020-02-09 15:00:00,50.75,99.25,2,1,104.53759765625,133.4995983772697,-28.962000721019706,28.962000721019706,838.797485764346,130.42727484387538,-25.88967718762538,25.88967718762538,670.27538487945
space2_time1,2020-02-09 15:00:00,55.0,100.25,2,1,140.47239685058594,139.17620134206226,1.296195508523681,1.296195508523681,1.6801227963169638,130.42727484387538,10.045122006710557,10.045122006710557,100.90447612970073
space2_time1,2020-02-09 17:00:00,57.75,76.75,2,1,126.75183868408203,133.2979762238454,-6.546137539763379,6.546137539763379,42.85191668949934,130.42727484387538,-3.6754361597933496,3.6754361597933496,13.508830964716484
space2_time1,2020-02-09 18:00:00,47.75,50.25,2,1,145.04591369628906,134.79891505110615,10.246998645182913,10.246998645182913,105.00098123438045,130.42727484387538,14.618638852413682,14.618638852413682,213.7046018972988
space2_time1,2020-02-09 18:00:00,60.5,53.25,2,1,155.4996795654297,134.5723330239796,20.927346541450078,20.927346541450078,437.95383326594254,130.42727484387538,25.072404721554307,25.072404721554307,628.6254785214187
space2_time1,2020-02-10 15:00:00,28.5,92.25,2,1,156.1530303955078,128.21580235248666,27.93722804302115,27.93722804302115,780.4887107277674,130.42727484387538,25.72575555163243,25.72575555163243,661.8144987023469
space2_time1,2020-02-10 15:00:00,32.5,93.0,2,1,163.33999633789062,129.22251428913563,34.117482048754994,34.117482048754994,1164.0025813471193,130.42727484387538,32.912721494015244,32.912721494015244,1083.247236142613
space2_time1,2020-02-10 15:00:00,36.75,93.75,2,1,170.52696228027344,130.12780147124016,40.399160809033276,40.399160809033276,1632.0921940741302,130.42727484387538,40.09968743639806,40.09968743639806,1607.9849324968202
space2_time1,2020-02-10 15:00:00,40.75,94.75,2,1,134.5921630859375,135.66423543223348,-1.0720723462959825,1.0720723462959825,1.149339115692573,130.42727484387538,4.164888242062119,4.164888242062119,17.34629406886729
space2_time1,2020-02-10 15:00:00,45.0,95.5,2,1,151.5795135498047,133.49294011623536,18.086573433569328,18.086573433569328,327.1241385678958,130.42727484387538,21.152238705929307,21.152238705929307,447.4172022726139
space2_time1,2020-02-10 15:00:00,49.0,96.5,2,1,127.40519714355469,134.12639682661532,-6.721199683060632,6.721199683060632,45.174525179574346,130.42727484387538,-3.0220777003206933,3.0220777003206933,9.13295362677561
space2_time1,2020-02-10 15:00:00,57.25,98.25,2,1,132.632080078125,138.20545387215952,-5.573373794034524,5.573373794034524,31.06249544803078,130.42727484387538,2.204805234249619,2.204805234249619,4.861166120974518
space2_time1,2020-02-11 12:00:00,50.0,142.75,2,1,138.51231384277344,136.51434608433826,1.9979677584351805,1.9979677584351805,3.9918751637464998,130.42727484387538,8.085038998898057,8.085038998898057,65.36785561370249
space2_time1,2020-02-11 12:00:00,54.25,143.25,2,1,130.6719970703125,129.8571512440831,0.8148458262294014,0.8148458262294014,0.6639737205234758,130.42727484387538,0.24472222643711916,0.24472222643711916,0.059888968112340624
space2_time1,2020-02-11 17:00:00,41.5,68.25,2,1,152.88623046875,137.21841893268297,15.667811536067035,15.667811536067035,245.48031832971526,130.42727484387538,22.45895562487462,22.45895562487462,504.4046877600873
space2_time1,2020-02-11 17:00:00,45.5,69.0,2,1,145.04591369628906,133.54576289050084,11.500150805788223,11.500150805788223,132.25346855587154,130.42727484387538,14.618638852413682,14.618638852413682,213.7046018972988
space2_time1,2020-02-11 17:00:00,49.75,69.75,2,1,150.27279663085938,131.9183946504221,18.354401980437274,18.354401980437274,336.8840720594797,130.42727484387538,19.845521786983994,19.845521786983994,393.84473499765636
space2_time1,2020-02-12 16:00:00,29.25,87.25,2,1,163.9933624267578,134.40957211619417,29.583790310563643,29.583790310563643,875.2006491393993,130.42727484387538,33.56608758288243,33.56608758288243,1126.6822356217342
space2_time1,2020-02-12 16:00:00,33.0,88.25,2,1,146.35263061523438,128.9103630693377,17.44226754589667,17.44226754589667,304.23269714264023,130.42727484387538,15.925355771358994,15.925355771358994,253.6169564443572
space2_time1,2020-02-14 14:00:00,51.25,111.0,2,1,143.08583068847656,134.18171545506493,8.90411523341163,8.90411523341163,79.28326808987306,130.42727484387538,12.658555844601182,12.658555844601182,160.23903607088673
space2_time1,2020-02-14 14:00:00,59.75,112.75,2,1,139.81903076171875,132.01732293541383,7.80170782630492,7.80170782630492,60.86664500702744,130.42727484387538,9.39175591784337,9.39175591784337,88.20507922034595
space2_time1,2020-02-14 14:00:00,64.25,113.75,2,1,139.81903076171875,132.500691493693,7.318339268025738,7.318339268025738,53.5580896419275,130.42727484387538,9.39175591784337,9.39175591784337,88.20507922034595
space2_time1,2020-02-14 14:00:00,68.5,115.0,2,1,116.29808044433594,134.3980418307468,-18.099961386410854,18.099961386410854,327.6086021895639,130.42727484387538,-14.129194399539443,14.129194399539443,199.63413437997676
space2_time1,2020-02-14 16:00:00,33.25,83.25,2,1,150.92616271972656,128.61365773309268,22.312504986633883,22.312504986633883,497.8478787785619,130.42727484387538,20.49888787585118,20.49888787585118,420.20440414671856
space2_time1,2020-02-14 17:00:00,52.25,62.75,2,1,162.68663024902344,140.55087003185287,22.13576021717057,22.13576021717057,489.9918803920713,130.42727484387538,32.25935540514806,32.25935540514806,1040.666011155655
space2_time1,2020-02-15 14:00:00,62.25,110.75,2,1,117.60479736328125,130.8690553234765,-13.264257960195238,13.264257960195238,175.94053923460274,130.42727484387538,-12.82247748059413,12.82247748059413,164.41592874034362
space2_time1,2020-02-15 14:00:00,66.5,111.75,2,1,111.72455596923828,132.54183040442126,-20.81727443518298,20.81727443518298,433.3589149097229,130.42727484387538,-18.7027188746371,18.7027188746371,349.79169330370684
space2_time1,2020-02-15 16:00:00,52.0,84.75,2,1,139.16567993164062,137.41398420051644,1.7516957311241868,1.7516957311241868,3.068437934438699,130.42727484387538,8.738405087765244,8.738405087765244,76.3597234778815
space2_time1,2020-02-15 16:00:00,56.25,85.25,2,1,135.24551391601562,134.53132333247862,0.7141905835370039,0.7141905835370039,0.5100681896129262,130.42727484387538,4.818239072140244,4.818239072140244,23.21542775629888
space2_time1,2020-02-20 12:00:00,46.25,143.75,2,1,136.55223083496094,137.87546445092516,-1.3232336159642273,1.3232336159642273,1.7509472024177641,130.42727484387538,6.124955991085557,6.124955991085557,37.51508589273485
space2_time1,2020-02-21 12:00:00,54.0,142.5,2,1,152.88623046875,134.62644010314995,18.259790365600054,18.259790365600054,333.41994419566055,130.42727484387538,22.45895562487462,22.45895562487462,504.4046877600873
space2_time1,2020-02-21 15:00:00,30.25,89.75,2,1,96.04391479492188,128.70534290514902,-32.66142811022715,32.66142811022715,1066.7688861995362,130.42727484387538,-34.383360048953506,34.383360048953506,1182.215448255972
space2_time1,2020-02-21 15:00:00,34.25,90.5,2,1,148.96607971191406,129.65469120512344,19.31138850679062,19.31138850679062,372.92972606020487,130.42727484387538,18.53880486803868,18.53880486803868,343.68728593521473
space2_time1,2020-02-21 15:00:00,38.5,91.25,2,1,144.39256286621094,129.0414899873521,15.351072878858844,15.351072878858844,235.65543853203556,130.42727484387538,13.965288022335557,13.965288022335557,195.02926954678895
space2_time1,2020-02-21 17:00:00,45.25,68.25,2,1,145.04591369628906,135.76874780966733,9.27716588662173,9.27716588662173,86.06580688789796,130.42727484387538,14.618638852413682,14.618638852413682,213.7046018972988
space2_time1,2020-02-22 16:00:00,28.5,87.0,2,1,161.37991333007812,128.60604465946577,32.77386867061236,32.77386867061236,1074.1264676385463,130.42727484387538,30.952638486202744,30.952638486202744,958.0658292575594
space2_time1,2020-02-22 16:00:00,32.75,87.75,2,1,185.55422973632812,128.97494277019177,56.57928696613635,56.57928696613635,3201.2157135964067,130.42727484387538,55.126954892452744,55.126954892452744,3038.9811557145194
space2_time1,2020-02-22 17:00:00,47.5,66.25,2,1,145.04591369628906,137.2882426279259,7.757671068363152,7.757671068363152,60.18146040491869,130.42727484387538,14.618638852413682,14.618638852413682,213.7046018972988
space2_time1,2020-02-22 17:00:00,51.75,67.0,2,1,155.4996795654297,136.38829490136595,19.111384664063735,19.111384664063735,365.2450237778105,130.42727484387538,25.072404721554307,25.072404721554307,628.6254785214187
space2_time1,2020-02-23 14:00:00,61.5,114.75,2,1,120.87159729003906,131.94848914774317,-11.076891857704112,11.076891857704112,122.69753322727165,130.42727484387538,-9.555677553836318,9.555677553836318,91.31097351289124
space2_time1,2020-02-23 14:00:00,66.0,115.25,2,1,79.70991516113281,128.98530148600983,-49.27538632487702,49.27538632487702,2428.063697465877,130.42727484387538,-50.71735968274257,50.71735968274257,2572.2505731886813
space2_time1,2020-02-24 14:00:00,50.75,110.25,2,1,145.04591369628906,132.38483641703436,12.661077279254698,12.661077279254698,160.30287787125954,130.42727484387538,14.618638852413682,14.618638852413682,213.7046018972988
space2_time1,2020-02-24 14:00:00,59.75,111.75,2,1,146.35263061523438,137.896178467745,8.456452147489387,8.456452147489387,71.51158292277786,130.42727484387538,15.925355771358994,15.925355771358994,253.6169564443572
space2_time1,2020-02-24 14:00:00,64.0,112.5,2,1,114.33799743652344,134.87658404321013,-20.538586606686692,20.538586606686692,421.83353980037,130.42727484387538,-16.089277407351943,16.089277407351943,258.86484749072565
space2_time1,2020-02-24 16:00:00,33.0,83.0,2,1,168.56687927246094,127.30744056062042,41.25943871184052,41.25943871184052,1702.3412828161238,130.42727484387538,38.13960442858556,38.13960442858556,1454.629425968983
space2_time1,2020-02-24 17:00:00,52.25,62.25,2,1,148.31271362304688,138.04434846120972,10.268365161837153,10.268365161837153,105.43932309683093,130.42727484387538,17.885438779171494,17.885438779171494,319.8889203234915
space2_time1,2020-02-25 16:00:00,51.75,83.75,2,1,148.31271362304688,137.92613035220603,10.386583270840845,10.386583270840845,107.8811120421109,130.42727484387538,17.885438779171494,17.885438779171494,319.8889203234915
space2_time1,2020-02-28 16:00:00,54.75,77.0,2,1,139.16567993164062,140.21439541389805,-1.0487154822574212,1.0487154822574212,1.0998041627264155,130.42727484387538,8.738405087765244,8.738405087765244,76.3597234778815
space2_time1,2020-02-28 16:00:00,59.0,77.5,2,1,136.55223083496094,139.6514906412947,-3.0992598063337766,3.0992598063337766,9.605411347156078,130.42727484387538,6.124955991085557,6.124955991085557,37.51508589273485
space2_time1,2020-02-28 18:00:00,44.75,51.0,2,1,118.91151428222656,143.0724396072369,-24.16092532501034,24.16092532501034,583.750312560726,130.42727484387538,-11.515760561648818,11.515760561648818,132.6127413132263
space2_time1,2020-02-28 18:00:00,49.0,51.75,2,1,122.83168029785156,141.7940380712561,-18.962357773404534,18.962357773404534,359.57101232659534,130.42727484387538,-7.595594546023818,7.595594546023818,57.693056507586775
space2_time1,2020-02-28 18:00:00,53.0,52.5,2,1,90.16368103027344,138.81902980737647,-48.65534877710303,48.65534877710303,2367.3429646215413,130.42727484387538,-40.26359381360194,40.26359381360194,1621.1569867867247
space2_time1,2020-02-29 18:00:00,47.0,49.0,2,1,148.96607971191406,146.8676612008395,2.0984185110745557,2.0984185110745557,4.4033602476203555,130.42727484387538,18.53880486803868,18.53880486803868,343.68728593521473
space2_time1,2020-03-02 15:00:00,29.75,89.5,2,1,184.2475128173828,129.27315457912027,54.97435823826254,54.97435823826254,3022.1800637088245,130.42727484387538,53.82023797350743,53.82023797350743,2896.6180155249713
space2_time1,2020-03-02 15:00:00,34.0,90.0,2,1,173.14039611816406,127.95630634184612,45.18408977631795,45.18408977631795,2041.60196891436,130.42727484387538,42.71312127428868,42.71312127428868,1824.4107289920923
space2_time1,2020-03-02 15:00:00,38.0,90.75,2,1,178.36727905273438,132.85218152048063,45.51509753225375,45.51509753225375,2071.624103370571,130.42727484387538,47.940004208858994,47.940004208858994,2298.244003545418
space2_time1,2020-03-03 16:00:00,32.0,87.25,2,1,165.95343017578125,130.05524010358351,35.898190072197735,35.898190072197735,1288.680050459636,130.42727484387538,35.52615533190587,35.52615533190587,1262.1077126667037
space2_time1,2020-03-03 16:00:00,36.0,88.25,2,1,156.806396484375,124.06723402384608,32.73916246052892,32.73916246052892,1071.852758616906,130.42727484387538,26.37912164049962,26.37912164049962,695.8580585242753
space2_time1,2020-03-04 16:00:00,30.25,84.5,2,1,150.92616271972656,125.22022858991976,25.705934129806806,25.705934129806806,660.7950494859664,130.42727484387538,20.49888787585118,20.49888787585118,420.20440414671856
space2_time1,2020-03-04 16:00:00,34.25,85.25,2,1,184.2475128173828,127.57207933799799,56.67543347938482,56.67543347938482,3212.104760076174,130.42727484387538,53.82023797350743,53.82023797350743,2896.6180155249713
space2_time1,2020-03-04 17:00:00,49.25,63.75,2,1,138.51231384277344,138.85596043679138,-0.3436465940179403,0.3436465940179403,0.11809298158013107,130.42727484387538,8.085038998898057,8.085038998898057,65.36785561370249
space2_time1,2020-03-04 17:00:00,53.75,64.25,2,1,152.88623046875,141.18469398270395,11.701536486046052,11.701536486046052,136.92595613426698,130.42727484387538,22.45895562487462,22.45895562487462,504.4046877600873
space2_time1,2020-03-05 14:00:00,50.5,109.75,2,1,90.8170394897461,133.05001914458126,-42.23297965483516,42.23297965483516,1783.6245705257209,130.42727484387538,-39.61023535412929,39.61023535412929,1568.9707448095137
space2_time1,2020-03-05 14:00:00,59.25,110.75,2,1,73.17631530761719,136.21228496069585,-63.035969653078666,63.035969653078666,3973.5334701038546,130.42727484387538,-57.25095953625819,57.25095953625819,3277.672367822273
space2_time1,2020-03-05 16:00:00,32.25,82.5,2,1,144.39256286621094,128.93613610893752,15.45642675727342,15.45642675727342,238.90112810295773,130.42727484387538,13.965288022335557,13.965288022335557,195.02926954678895
space2_time1,2020-03-05 17:00:00,51.75,61.5,2,1,152.88623046875,136.09550729378654,16.79072317496346,16.79072317496346,281.92838473825503,130.42727484387538,22.45895562487462,22.45895562487462,504.4046877600873
space2_time1,2020-03-09 18:00:00,48.25,50.75,2,1,88.8569564819336,143.0229373231566,-54.16598084122302,54.16598084122302,2933.953480491739,130.42727484387538,-41.57031836194179,41.57031836194179,1728.0913687131945
space2_time1,2020-03-10 15:00:00,32.75,94.75,2,1,101.36880493164062,129.51130042009592,-28.142495488455296,28.142495488455296,792.0000523177267,130.42727484387538,-29.058469912234756,29.058469912234756,844.3946736402526
space2_time1,2020-03-10 15:00:00,36.75,95.5,2,1,169.22023010253906,137.6753195396862,31.544910562852863,31.544910562852863,995.0813824183862,130.42727484387538,38.79295525866368,38.79295525866368,1504.893377700682
space2_time1,2020-03-10 15:00:00,40.75,96.0,2,1,128.05856323242188,139.5887458855767,-11.530182653154839,11.530182653154839,132.94511201511276,130.42727484387538,-2.368711611453506,2.368711611453506,5.610794698234664
space2_time1,2020-03-10 15:00:00,45.25,96.5,2,1,131.9787139892578,138.22170538960063,-6.242991400342817,6.242991400342817,38.974941624754365,130.42727484387538,1.5514391453824317,1.5514391453824317,2.40696342182497
space2_time1,2020-03-10 15:00:00,49.5,97.25,2,1,134.5921630859375,133.5722158333403,1.0199472525972055,1.0199472525972055,1.0402923980805878,130.42727484387538,4.164888242062119,4.164888242062119,17.34629406886729
space2_time1,2020-03-10 15:00:00,53.75,97.75,2,1,135.8988800048828,136.40572053009805,-0.5068405252152388,0.5068405252152388,0.2568873180004591,130.42727484387538,5.471605161007432,5.471605161007432,29.938463037963164
space2_time1,2020-03-10 17:00:00,32.75,94.75,2,1,169.87359619140625,129.55411487878158,40.319481312624674,40.319481312624674,1625.6605733190904,130.42727484387538,39.44632134753087,39.44632134753087,1556.0122678526695
space2_time1,2020-03-11 15:00:00,31.0,91.75,2,1,54.228878021240234,129.40887169252898,-75.17999367128874,75.17999367128874,5652.031448415015,130.42727484387538,-76.19839682263515,76.19839682263515,5806.195678339774
space2_time1,2020-03-11 15:00:00,35.0,92.5,2,1,60.76247787475586,129.2565411105206,-68.49406323576474,68.49406323576474,4691.43669854494,130.42727484387538,-69.66479696911952,69.66479696911952,4853.183936748645
space2_time1,2020-03-11 15:00:00,39.0,93.0,2,1,104.53759765625,130.0550669184595,-25.517469262209488,25.517469262209488,651.141237547806,130.42727484387538,-25.88967718762538,25.88967718762538,670.27538487945
space2_time1,2020-03-11 15:00:00,47.5,94.25,2,1,107.15103912353516,136.00280943942107,-28.851770315885915,28.851770315885915,832.4246503606356,130.42727484387538,-23.276235720340225,23.276235720340225,541.7831493088422
space2_time1,2020-03-12 15:00:00,29.0,89.0,2,1,150.92616271972656,136.04708012679203,14.879082592934537,14.879082592934537,221.38709880736755,130.42727484387538,20.49888787585118,20.49888787585118,420.20440414671856
space2_time1,2020-03-12 15:00:00,33.0,89.75,2,1,168.56687927246094,129.11263228159734,39.454246990863595,39.454246990863595,1556.637605616069,130.42727484387538,38.13960442858556,38.13960442858556,1454.629425968983
space2_time1,2020-03-14 17:00:00,48.75,63.0,2,1,121.52495574951172,142.6641701407091,-21.139214391197385,21.139214391197385,446.8663850770066,130.42727484387538,-8.902319094363662,8.902319094363662,79.25128525787186
space2_time1,2020-03-14 17:00:00,53.25,63.5,2,1,134.5921630859375,138.4969870070511,-3.9048239211136035,3.9048239211136035,15.247649854901018,130.42727484387538,4.164888242062119,4.164888242062119,17.34629406886729
space2_time1,2020-03-15 14:00:00,50.0,109.0,2,1,97.35063934326172,135.03623132868418,-37.68559198542246,37.68559198542246,1420.2038432917377,130.42727484387538,-33.07663550061366,33.07663550061366,1094.063816040456
space2_time1,2020-03-15 16:00:00,31.5,82.25,2,1,140.47239685058594,129.2234242960915,11.24897255449443,11.24897255449443,126.53938353176892,130.42727484387538,10.045122006710557,10.045122006710557,100.90447612970073
space2_time1,2020-03-19 18:00:00,47.5,50.5,2,1,155.4996795654297,142.56174530079028,12.93793426463941,12.93793426463941,167.3901430361305,130.42727484387538,25.072404721554307,25.072404721554307,628.6254785214187
space2_time1,2020-03-20 15:00:00,31.75,94.25,2,1,147.65936279296875,131.72208019581603,15.937282597152716,15.937282597152716,253.99697658150683,130.42727484387538,17.23208794909337,17.23208794909337,296.9448550852889
space2_time1,2020-03-20 15:00:00,36.0,95.0,2,1,153.5395965576172,129.18498803541178,24.35460852220541,24.35460852220541,593.1469562698804,130.42727484387538,23.112321713741807,23.112321713741807,534.179414999501
space2_time1,2020-03-20 15:00:00,40.0,95.5,2,1,169.22023010253906,133.34561966918696,35.8746104333521,35.8746104333521,1286.9876737447755,130.42727484387538,38.79295525866368,38.79295525866368,1504.893377700682
space2_time1,2020-03-20 15:00:00,44.25,96.0,2,1,163.9933624267578,143.510613082098,20.482749344659823,20.482749344659823,419.5430207161624,130.42727484387538,33.56608758288243,33.56608758288243,1126.6822356217342
space2_time1,2020-03-20 15:00:00,48.75,96.5,2,1,128.7119140625,135.80404579183093,-7.09213172933093,7.09213172933093,50.29833246618253,130.42727484387538,-1.7153607813753808,1.7153607813753808,2.942462610280757
space2_time1,2020-03-21 15:00:00,30.0,91.5,2,1,179.0206298828125,131.40966451525483,47.61096536755767,47.61096536755767,2266.804023230776,130.42727484387538,48.59335503893712,48.59335503893712,2361.3141539401954
space2_time1,2020-03-21 15:00:00,34.25,92.0,2,1,187.51431274414062,130.3583227680989,57.155989976041724,57.155989976041724,3266.807190141382,130.42727484387538,57.087037900265244,57.087037900265244,3258.9298962263206
space2_time1,2020-03-21 15:00:00,38.25,92.75,2,1,173.14039611816406,141.4058381330899,31.73455798507416,31.73455798507416,1007.0821705080342,130.42727484387538,42.71312127428868,42.71312127428868,1824.4107289920923
space2_time1,2020-03-22 15:00:00,32.25,89.25,2,1,152.23287963867188,129.24216997665232,22.990709662019555,22.990709662019555,528.5727307632793,130.42727484387538,21.805604794796494,21.805604794796494,475.48440046685187
space2_time1,2020-03-23 16:00:00,30.25,86.75,2,1,136.55223083496094,131.68671166460416,4.865519170356777,4.865519170356777,23.673276797109295,130.42727484387538,6.124955991085557,6.124955991085557,37.51508589273485
space2_time1,2020-03-23 16:00:00,34.5,87.5,2,1,158.7664794921875,129.36273356494618,29.403745927241317,29.403745927241317,864.5802745537603,130.42727484387538,28.33920464831212,28.33920464831212,803.1105200989152
space2_time1,2020-03-23 17:00:00,50.0,65.0,2,1,159.41983032226562,139.57133928005663,19.84849104220899,19.84849104220899,393.9625966526506,130.42727484387538,28.992555478390244,28.992555478390244,840.5682731675362
space2_time1,2020-03-24 14:00:00,51.25,111.0,2,1,122.83168029785156,138.71701778789327,-15.885337490041707,15.885337490041707,252.34394717252454,130.42727484387538,-7.595594546023818,7.595594546023818,57.693056507586775
space2_time1,2020-03-24 16:00:00,32.5,84.5,2,1,129.3652801513672,129.94309182092755,-0.5778116695603615,0.5778116695603615,0.33386632548013234,130.42727484387538,-1.0619946925081933,1.0619946925081933,1.1278327269155721
space2_time1,2020-03-25 16:00:00,30.5,82.0,2,1,121.52495574951172,130.02682686215442,-8.501871112642704,8.501871112642704,72.28181241598848,130.42727484387538,-8.902319094363662,8.902319094363662,79.25128525787186
space2_time1,2020-03-25 16:00:00,34.75,82.5,2,1,152.23287963867188,129.14400088288045,23.088878755791427,23.088878755791427,533.0963221996367,130.42727484387538,21.805604794796494,21.805604794796494,475.48440046685187
space2_time1,2020-03-31 15:00:00,28.75,91.25,2,1,173.14039611816406,130.92966375710816,42.2107323610559,42.2107323610559,1781.7459264566921,130.42727484387538,42.71312127428868,42.71312127428868,1824.4107289920923
space2_time1,2020-03-31 15:00:00,32.75,91.75,2,1,169.22023010253906,129.05839654611657,40.16183355642249,40.16183355642249,1612.972874613784,130.42727484387538,38.79295525866368,38.79295525866368,1504.893377700682
space2_time1,2020-03-31 15:00:00,37.25,92.5,2,1,160.7265625,137.15404298437795,23.572519515622048,23.572519515622048,555.6636763143823,130.42727484387538,30.29928765612462,30.29928765612462,918.0468324685858
space2_time1,2020-04-01 15:00:00,31.0,89.0,2,1,147.65936279296875,131.0999535720276,16.55940922094115,16.55940922094115,274.21403374659076,130.42727484387538,17.23208794909337,17.23208794909337,296.9448550852889
space2_time1,2020-04-01 15:00:00,35.0,89.75,2,1,166.60679626464844,130.1289572974456,36.47783896720284,36.47783896720284,1330.6327357171822,130.42727484387538,36.17952142077306,36.17952142077306,1308.9577702361764
space2_time1,2020-04-02 16:00:00,29.0,86.5,2,1,151.5795135498047,129.3370737901905,22.2424397596142,22.2424397596142,494.7261264600666,130.42727484387538,21.152238705929307,21.152238705929307,447.4172022726139
space2_time1,2020-04-02 16:00:00,33.0,87.0,2,1,128.05856323242188,130.6874866340064,-2.6289234015845295,2.6289234015845295,6.911238251398774,130.42727484387538,-2.368711611453506,2.368711611453506,5.610794698234664
space2_time1,2020-04-09 15:00:00,29.5,93.5,2,1,106.4976806640625,134.64842085752377,-28.150740193461274,28.150740193461274,792.4641734397561,130.42727484387538,-23.92959417981288,23.92959417981288,572.6254776105345
space2_time1,2020-04-09 15:00:00,33.5,94.25,2,1,137.20559692382812,131.81865923708807,5.386937686740055,5.386937686740055,29.01909764082029,130.42727484387538,6.778322079952744,6.778322079952744,45.945650219574894
space2_time1,2020-04-09 15:00:00,37.75,94.5,2,1,182.2874298095703,137.09302538473352,45.19440442483679,45.19440442483679,2042.5341913157072,130.42727484387538,51.86015496569493,51.86015496569493,2689.475673065893
space2_time1,2020-04-10 15:00:00,31.5,91.5,2,1,179.6739959716797,130.88133194996863,48.79266402171106,48.79266402171106,2380.724062335577,130.42727484387538,49.24672112780431,49.24672112780431,2425.2395418397273
space2_time1,2020-04-10 15:00:00,35.75,92.0,2,1,176.40719604492188,131.16870387603876,45.23849216888311,45.23849216888311,2046.5211737140987,130.42727484387538,45.979921201046494,45.979921201046494,2114.153153654445
space2_time1,2020-04-11 15:00:00,29.5,88.75,2,1,160.7265625,134.3285698663528,26.397992633647192,26.397992633647192,696.8540150860914,130.42727484387538,30.29928765612462,30.29928765612462,918.0468324685858
space2_time1,2020-04-11 15:00:00,33.5,89.5,2,1,173.14039611816406,130.2874341823884,42.85296193577565,42.85296193577565,1836.376346669037,130.42727484387538,42.71312127428868,42.71312127428868,1824.4107289920923
space2_time1,2020-04-12 15:00:00,35.75,87.25,2,1,167.91351318359375,130.4796475331566,37.433865650437156,37.433865650437156,1401.2942975349788,130.42727484387538,37.48623833971837,37.48623833971837,1405.2180648621713
space2_time1,2020-04-12 16:00:00,31.75,86.75,2,1,177.7139129638672,132.7830353707733,44.930877593093896,44.930877593093896,2018.7837612855872,130.42727484387538,47.28663811999181,47.28663811999181,2236.026144691062
space2_time1,2020-04-14 16:00:00,32.0,81.75,2,1,122.17831420898438,131.04331995177017,-8.865005742785797,8.865005742785797,78.58832681962517,130.42727484387538,-8.248960634891006,8.248960634891006,68.04535155598143
space2_time1,2020-04-15 16:00:00,34.25,79.75,2,1,134.5921630859375,128.514536833608,6.077626252329509,6.077626252329509,36.93754086300483,130.42727484387538,4.164888242062119,4.164888242062119,17.34629406886729
space2_time1,2020-04-21 15:00:00,32.0,88.75,2,1,128.7119140625,137.2699497312581,-8.558035668758095,8.558035668758095,73.23997450773581,130.42727484387538,-1.7153607813753808,1.7153607813753808,2.942462610280757
space2_time1,2020-04-22 15:00:00,34.25,86.75,2,1,141.12576293945312,131.3423182555217,9.783444683931435,9.783444683931435,95.71578988354626,130.42727484387538,10.698488095577744,10.698488095577744,114.45764753121871
space2_time1,2020-04-22 16:00:00,30.25,86.25,2,1,148.96607971191406,130.24673605289,18.719343659024076,18.719343659024076,350.4138270246449,130.42727484387538,18.53880486803868,18.53880486803868,343.68728593521473
space2_time1,2020-04-23 16:00:00,32.25,84.0,2,1,148.96607971191406,134.6719178105143,14.294161901399775,14.294161901399775,204.32306446342884,130.42727484387538,18.53880486803868,18.53880486803868,343.68728593521473
space2_time1,2020-04-24 16:00:00,34.5,81.75,2,1,169.87359619140625,129.81244986612407,40.06114632528218,40.06114632528218,1604.89544489567,130.42727484387538,39.44632134753087,39.44632134753087,1556.0122678526695
space2_time1,2020-04-25 16:00:00,32.5,79.25,2,1,154.8463134765625,130.1420025359764,24.70431094058611,24.70431094058611,610.3029790491627,130.42727484387538,24.41903863268712,24.41903863268712,596.2894477446661
space2_time1,2020-04-30 15:00:00,28.5,90.25,2,1,189.47439575195312,133.97533995278457,55.49905579916856,55.49905579916856,3080.1451945992253,130.42727484387538,59.047120908077744,59.047120908077744,3486.562487533152
space2_time1,2020-04-30 15:00:00,32.75,90.75,2,1,163.33999633789062,127.85880911906075,35.481187218829874,35.481187218829874,1258.9146464576563,130.42727484387538,32.912721494015244,32.912721494015244,1083.247236142613
space2_time1,2020-05-01 15:00:00,30.25,88.5,2,1,135.8988800048828,132.1619894661436,3.7368905387392033,3.7368905387392033,13.964350898518573,130.42727484387538,5.471605161007432,5.471605161007432,29.938463037963164
space2_time1,2020-05-01 15:00:00,34.75,88.75,2,1,124.79175567626953,135.02466382798826,-10.232908151718732,10.232908151718732,104.71240924151168,130.42727484387538,-5.63551916760585,5.63551916760585,31.759076288452928
space2_time1,2020-05-02 15:00:00,29.5,88.0,2,1,108.45775604248047,135.2645358557783,-26.806779813297823,26.806779813297823,718.6034439586316,130.42727484387538,-21.969518801394912,21.969518801394912,482.65975636484455
space2_time1,2020-05-02 15:00:00,33.5,89.0,2,1,156.1530303955078,133.66582336768252,22.487207027825292,22.487207027825292,505.6744799122752,130.42727484387538,25.72575555163243,25.72575555163243,661.8144987023469
space2_time2,2020-05-03 16:00:00,30.25,83.5,2,2,133.9387969970703,127.46408231899157,6.47471467807874,6.47471467807874,41.921930162528284,127.91739874702283,6.021398250047483,6.021398250047483,36.257236885674885
space2_time2,2020-05-04 16:00:00,32.75,81.25,2,2,143.08583068847656,122.1169184064854,20.968912281991166,20.968912281991166,439.69528228983995,127.91739874702283,15.168431941453733,15.168431941453733,230.08132756251385
space2_time2,2020-05-10 15:00:00,30.5,90.5,2,2,156.1530303955078,125.93066922672628,30.222361168781532,30.222361168781532,913.3911146162739,127.91739874702283,28.235631648484983,28.235631648484983,797.2508945889268
space2_time2,2020-05-20 15:00:00,28.5,89.75,2,2,144.39256286621094,137.70136995494735,6.691192911263585,6.691192911263585,44.772062575744044,127.91739874702283,16.475164119188108,16.475164119188108,271.43103275418326
space2_time2,2020-08-11 15:00:00,30.0,83.5,2,2,169.22023010253906,141.63496738447355,27.585262718065508,27.585262718065508,760.9467192246948,127.91739874702283,41.30283135551623,41.30283135551623,1705.923877982215
space2_time2,2020-08-20 15:00:00,31.5,86.5,2,2,156.1530303955078,135.37229827368807,20.78073212181974,20.78073212181974,431.8388275188307,127.91739874702283,28.235631648484983,28.235631648484983,797.2508945889268
space2_time2,2020-08-22 15:00:00,31.0,81.75,2,2,164.64671325683594,134.35653344518195,30.290179811653985,30.290179811653985,917.4949930223306,127.91739874702283,36.72931450981311,36.72931450981311,1349.0425443607676
space2_time2,2020-08-31 15:00:00,32.5,85.0,2,2,155.4996795654297,141.2726110653555,14.227068500074182,14.227068500074182,202.40947810580303,127.91739874702283,27.582280818406858,27.582280818406858,760.7822151454549
space2_time2,2020-09-02 16:00:00,32.0,80.25,2,2,159.41983032226562,142.90317825944848,16.516652062817144,16.516652062817144,272.7997953641618,127.91739874702283,31.502431575242795,31.502431575242795,992.4031951528542
space2_time2,2020-09-09 15:00:00,29.75,87.5,2,2,159.41983032226562,132.89871470342172,26.521115618843908,26.521115618843908,703.3695736680862,127.91739874702283,31.502431575242795,31.502431575242795,992.4031951528542
space2_time2,2020-09-09 15:00:00,34.0,88.25,2,2,165.30007934570312,125.65161339900514,39.64846594669798,39.64846594669798,1572.0008519264695,127.91739874702283,37.382680598680295,37.382680598680295,1397.4648087429482
space2_time2,2020-09-10 15:00:00,31.5,85.5,2,2,169.22023010253906,137.64249200290297,31.577738099636093,31.577738099636093,997.1535434892089,127.91739874702283,41.30283135551623,41.30283135551623,1705.923877982215
space2_time2,2020-09-10 15:00:00,35.5,86.0,2,2,168.56687927246094,130.112487279525,38.45439199293594,38.45439199293594,1478.7402635463757,127.91739874702283,40.64948052543811,40.64948052543811,1652.380266987972
space2_time2,2020-09-11 15:00:00,33.25,83.25,2,2,147.00599670410156,136.55901939973106,10.446977304370506,10.446977304370506,109.13933479803245,127.91739874702283,19.088597957078733,19.088597957078733,364.37457196699035
space2_time2,2020-09-19 15:00:00,28.5,88.0,2,2,141.77911376953125,138.58968449840654,3.189429271124709,3.189429271124709,10.172459075507092,127.91739874702283,13.86171502250842,13.86171502250842,192.14714336523562
space2_time2,2020-09-19 15:00:00,32.75,88.5,2,2,162.0332794189453,137.18209691866906,24.851182500276252,24.851182500276252,617.5812716620367,127.91739874702283,34.11588067192248,34.11588067192248,1163.893314020854
space2_time2,2020-09-20 15:00:00,30.25,86.0,2,2,179.6739959716797,138.19925675320164,41.47473921847805,41.47473921847805,1720.153993240761,127.91739874702283,51.75659722465686,51.75659722465686,2678.745356275358
space2_time2,2020-09-20 15:00:00,34.25,86.75,2,2,152.23287963867188,141.35319637704794,10.879683261623939,10.879683261623939,118.3675078732601,127.91739874702283,24.315480891649045,24.315480891649045,591.2426109921498
space2_time2,2020-09-21 15:00:00,32.25,83.75,2,2,186.8609619140625,135.7673154367897,51.09364647727281,51.09364647727281,2610.5607103445327,127.91739874702283,58.94356316703967,58.94356316703967,3474.3436388267955
space2_time2,2020-09-22 15:00:00,33.75,81.75,2,2,173.79376220703125,139.3213546412428,34.472407565788444,34.472407565788444,1188.3468833818283,127.91739874702283,45.87636346000842,45.87636346000842,2104.6407243147955
space2_time2,2020-09-23 16:00:00,34.0,78.75,2,2,70.56288146972656,137.64408015546655,-67.08119868573999,67.08119868573999,4499.8872171157245,127.91739874702283,-57.35451727729627,57.35451727729627,3289.540652111676
space2_time2,2020-09-30 15:00:00,29.0,86.25,2,2,130.0186309814453,132.88426986120317,-2.865638879757853,2.865638879757853,8.211886189179841,127.91739874702283,2.1012322344224827,2.1012322344224827,4.4151769029761
space2_time2,2020-09-30 15:00:00,33.25,87.0,2,2,152.88623046875,134.0660486430648,18.82018182568521,18.82018182568521,354.1992439518519,127.91739874702283,24.96883172172717,24.96883172172717,623.442557547929
space2_time2,2020-10-01 15:00:00,30.75,84.5,2,2,171.18031311035156,137.8224522429097,33.35786086744187,33.35786086744187,1112.7468816516098,127.91739874702283,43.26291436332873,43.26291436332873,1871.6797592087155
space2_time2,2020-10-01 15:00:00,35.0,85.0,2,2,155.4996795654297,136.11660877697364,19.383070788456052,19.383070788456052,375.7034331902983,127.91739874702283,27.582280818406858,27.582280818406858,760.7822151454549
space2_time2,2020-10-03 16:00:00,34.25,80.25,2,2,169.22023010253906,135.00915778831555,34.211072314223514,34.211072314223514,1170.3974688890307,127.91739874702283,41.30283135551623,41.30283135551623,1705.923877982215
space2_time2,2020-10-11 15:00:00,29.25,84.75,2,2,169.22023010253906,144.1972429390181,25.022987163520952,25.022987163520952,626.1498865857343,127.91739874702283,41.30283135551623,41.30283135551623,1705.923877982215
space2_time2,2020-10-11 15:00:00,33.25,85.5,2,2,172.48703002929688,136.57290582646093,35.91412420283595,35.91412420283595,1289.824317256727,127.91739874702283,44.569631282274045,44.569631282274045,1986.452032637861
space2_time2,2020-10-13 16:00:00,32.5,80.5,2,2,171.83367919921875,136.15273633911917,35.68094286009958,35.68094286009958,1273.129683385691,127.91739874702283,43.91628045219592,43.91628045219592,1928.6396887559256
space2_time2,2020-10-20 15:00:00,29.75,87.75,2,2,167.26016235351562,142.758368009345,24.501794344170634,24.501794344170634,600.337926084032,127.91739874702283,39.342763606492795,39.342763606492795,1547.853048196374
space2_time2,2020-10-20 15:00:00,33.75,88.5,2,2,175.7538299560547,125.83171634094866,49.92211361510603,49.92211361510603,2492.2174277995546,127.91739874702283,47.83643120903186,47.83643120903186,2288.324150816437
space2_time2,2020-10-21 15:00:00,31.75,86.25,2,2,181.6340789794922,139.609131840976,42.02494713851618,42.02494713851618,1766.0961819950794,127.91739874702283,53.71668023246936,53.71668023246936,2885.4817351973643
space2_time2,2020-10-21 15:00:00,35.5,86.5,2,2,190.1277618408203,127.52644180142894,62.60132003939137,62.60132003939137,3918.925270674303,127.91739874702283,62.21036309379748,62.21036309379748,3870.12927626212
space2_time2,2020-10-23 16:00:00,30.75,80.75,2,2,173.14039611816406,128.89642876052233,44.243967357641736,44.243967357641736,1957.5286475440676,127.91739874702283,45.22299737114123,45.22299737114123,2045.119491230247
space2_time2,2020-10-23 16:00:00,34.75,81.5,2,2,180.32736206054688,125.84116616548434,54.48619589506254,54.48619589506254,2968.7455431151297,127.91739874702283,52.409963313524045,52.409963313524045,2746.8042545249364
space2_time2,2020-10-24 16:00:00,32.5,78.75,2,2,179.0206298828125,135.74908143484492,43.271548447967575,43.271548447967575,1872.426905084805,127.91739874702283,51.10323113578967,51.10323113578967,2611.540232517943
space2_time2,2020-10-27 16:00:00,58.25,76.75,2,2,114.33799743652344,127.65334459127925,-13.315347154755813,13.315347154755813,177.29846985166373,127.91739874702283,-13.579401310499392,13.579401310499392,184.40013995159262
space2_time2,2020-10-30 15:00:00,31.75,88.75,2,2,184.2475128173828,129.5115201071022,54.73599271028061,54.73599271028061,2996.0288979798925,127.91739874702283,56.33011407035998,56.33011407035998,3173.0817511797677
space2_time2,2020-10-31 15:00:00,29.5,85.75,2,2,49.655357360839844,129.87517223161572,-80.21981487077588,80.21981487077588,6435.218697901555,127.91739874702283,-78.26204138618299,78.26204138618299,6124.947121932619
space2_time2,2020-10-31 15:00:00,33.5,86.5,2,2,155.4996795654297,133.8127439255152,21.68693563991448,21.68693563991448,470.3231774497929,127.91739874702283,27.582280818406858,27.582280818406858,760.7822151454549
space2_time2,2020-11-01 15:00:00,31.0,83.75,2,2,187.51431274414062,129.6849667837943,57.82934596034633,57.82934596034633,3344.2332542014246,127.91739874702283,59.596913997117795,59.596913997117795,3551.792157979855
space2_time2,2020-11-01 15:00:00,35.25,84.5,2,2,187.51431274414062,126.48703754385807,61.02727520028256,61.02727520028256,3724.3283183710228,127.91739874702283,59.596913997117795,59.596913997117795,3551.792157979855
space2_time2,2020-11-02 17:00:00,51.5,61.5,2,2,169.22023010253906,134.8031681236354,34.41706197890366,34.41706197890366,1184.534155259696,127.91739874702283,41.30283135551623,41.30283135551623,1705.923877982215
space2_time2,2020-11-04 14:00:00,66.75,108.75,2,2,122.17831420898438,125.08561835160938,-2.9073041426250086,2.9073041426250086,8.452417377724537,127.91739874702283,-5.739084538038455,5.739084538038455,32.93709133475206
space2_time2,2020-11-06 16:00:00,56.0,77.25,2,2,151.5795135498047,135.5805210730801,15.998992476724595,15.998992476724595,255.9677602702902,127.91739874702283,23.662114802781858,23.662114802781858,559.8956769400284
space2_time2,2020-11-10 15:00:00,31.25,86.5,2,2,145.04591369628906,136.6780406994013,8.367872996887769,8.367872996887769,70.0212984920435,127.91739874702283,17.128514949266233,17.128514949266233,293.3860243672368
space2_time2,2020-11-10 15:00:00,35.25,87.25,2,2,177.7139129638672,119.39153063080018,58.32238233306701,58.32238233306701,3401.500281004447,127.91739874702283,49.79651421684436,49.79651421684436,2479.6928281483824
space2_time2,2020-11-12 15:00:00,34.5,82.5,2,2,175.10047912597656,119.98978982960354,55.110689296373025,55.110689296373025,3037.188074721364,127.91739874702283,47.18308037895373,47.18308037895373,2226.243074046809
space2_time2,2020-11-14 14:00:00,64.0,108.75,2,2,103.88423919677734,124.00727521529359,-20.123036018516245,20.123036018516245,404.93657860250215,127.91739874702283,-24.033159550245486,24.033159550245486,577.5927579675558
space2_time2,2020-11-15 14:00:00,65.75,107.0,2,2,118.91151428222656,121.76802638430392,-2.8565121020773603,2.8565121020773603,8.159661389314419,127.91739874702283,-9.005884464796267,9.005884464796267,81.10595499325875
space2_time2,2020-11-15 14:00:00,74.25,110.75,2,2,124.79175567626953,119.058385079556,5.733370596713527,5.733370596713527,32.87153839925923,127.91739874702283,-3.1256430707532985,3.1256430707532985,9.769644605748109
space2_time2,2020-11-17 16:00:00,59.0,76.25,2,2,152.88623046875,120.8660474620306,32.02018300671941,32.02018300671941,1025.2921197838023,127.91739874702283,24.96883172172717,24.96883172172717,623.442557547929
space2_time2,2020-11-17 16:00:00,71.75,80.75,2,2,143.08583068847656,121.08412216678349,22.001708521693075,22.001708521693075,484.0751778735417,127.91739874702283,15.168431941453733,15.168431941453733,230.08132756251385
space2_time2,2020-11-20 15:00:00,31.5,83.25,2,2,158.1131134033203,125.4907182785376,32.62239512478271,32.62239512478271,1064.220663677447,127.91739874702283,30.195714656297483,30.195714656297483,911.7811836045386
space2_time2,2020-11-20 15:00:00,28.75,86.5,2,2,154.8463134765625,126.38277352450278,28.46353995205972,28.46353995205972,810.1731066024998,127.91739874702283,26.92891472953967,26.92891472953967,725.1664485108187
space2_time2,2020-11-25 14:00:00,67.0,108.25,2,2,147.00599670410156,126.028996081963,20.97700062213856,20.97700062213856,440.0345551012016,127.91739874702283,19.088597957078733,19.088597957078733,364.37457196699035
space2_time2,2020-11-30 15:00:00,34.0,87.5,2,2,56.18895721435547,119.75507225970743,-63.566115045351964,63.566115045351964,4040.6509819589214,127.91739874702283,-71.72844153266736,71.72844153266736,5144.96932470528
space2_time2,2020-12-02 15:00:00,32.75,82.75,2,2,137.20559692382812,122.75508532501587,14.450511598812255,14.450511598812255,208.81728546740752,127.91739874702283,9.288198176805295,9.288198176805295,86.27062537160921
space2_time2,2020-12-03 15:00:00,34.25,80.75,2,2,142.43247985839844,117.86097727054695,24.571502587851484,24.571502587851484,603.7587394247921,127.91739874702283,14.515081111375608,14.515081111375608,210.68757966981295
space2_time2,2020-12-06 14:00:00,69.25,107.25,2,2,124.79175567626953,123.60365618206517,1.1880994942043657,1.1880994942043657,1.4115804081286696,127.91739874702283,-3.1256430707532985,3.1256430707532985,9.769644605748109
space2_time2,2020-12-07 16:00:00,56.75,76.5,2,2,151.5795135498047,125.24992101471759,26.3295925350871,26.3295925350871,693.2474430637144,127.91739874702283,23.662114802781858,23.662114802781858,559.8956769400284
space2_time2,2020-12-08 16:00:00,75.25,81.75,2,2,135.8988800048828,116.25948821796015,19.63939178692266,19.63939178692266,385.70570976024516,127.91739874702283,7.981481257859983,7.981481257859983,63.704043069570176
space2_time2,2020-12-11 15:00:00,32.0,85.25,2,2,169.87359619140625,119.93847257251778,49.93512361888847,49.93512361888847,2493.516570833673,127.91739874702283,41.95619744438342,41.95619744438342,1760.3225039920858
space2_time2,2020-12-11 15:00:00,36.0,86.25,2,2,139.16567993164062,117.56242243556225,21.60325749607837,21.60325749607837,466.7007344418663,127.91739874702283,11.248281184617795,11.248281184617795,126.5238296082267
space2_time2,2020-12-15 14:00:00,68.25,109.25,2,2,129.3652801513672,122.16560585112116,7.199674300246031,7.199674300246031,51.83531002962317,127.91739874702283,1.4478814043443577,1.4478814043443577,2.0963605610461897
space2_time2,2020-12-18 16:00:00,71.5,79.25,2,2,109.11111450195312,119.40125504366775,-10.29014054171462,10.29014054171462,105.88699236823886,127.91739874702283,-18.806284245069705,18.806284245069705,353.676327106357
space2_time2,2020-12-18 16:00:00,75.75,82.0,2,2,127.40519714355469,114.33192479704533,13.073272346509356,13.073272346509356,170.91044984600623,127.91739874702283,-0.5122016034681423,0.5122016034681423,0.26235048259533605
space2_time2,2020-12-21 15:00:00,32.25,85.5,2,2,167.91351318359375,120.35625034583826,47.55726283775549,47.55726283775549,2261.693248619359,127.91739874702283,39.99611443657092,39.99611443657092,1599.6891700232768
space2_time2,2020-12-23 15:00:00,31.25,80.5,2,2,145.04591369628906,120.01367051529228,25.032243180996787,25.032243180996787,626.6131986725601,127.91739874702283,17.128514949266233,17.128514949266233,293.3860243672368
space2_time2,2020-12-28 16:00:00,76.0,81.25,2,2,131.9787139892578,114.21783065876927,17.76088333048854,17.76088333048854,315.44897667922567,127.91739874702283,4.061315242234983,4.061315242234983,16.494281496810196
