fold_id,hour,latitude,longitude,space_fold,time_fold,observed,predicted,rf_mean_predicted,kriged_residual_factor,kriging_log_variance,residual,abs_error,squared_error,rf_mean_residual,baseline_predicted,baseline_residual,baseline_abs_error,baseline_squared_error
space0_time0,2020-12-01 02:00:00,55.75,-76.25,0,0,134.5921630859375,124.42506629306047,134.60942660185853,0.9243414033779306,0.29573149149466543,10.167096792877032,10.167096792877032,103.36985719573043,-0.017263515921030148,117.31267032773883,17.27949275819867,17.27949275819867,298.58086998064033
space0_time0,2020-12-01 02:00:00,51.5,-77.5,0,0,162.68663024902344,129.36137555911247,139.0715711574016,0.9301784288659609,0.29671649128370914,33.32525468991096,33.32525468991096,1110.5726001474327,23.615059091621845,117.31267032773883,45.37395992128461,45.37395992128461,2058.796238938342
space0_time0,2020-12-01 02:00:00,47.5,-78.5,0,0,164.64671325683594,104.96125160314655,117.46766943878524,0.8935331066378568,0.2975086730744151,59.68546165368939,59.68546165368939,3562.3543328140263,47.1790438180507,117.31267032773883,47.33404292909711,47.33404292909711,2240.511620013608
space0_time0,2020-12-01 02:00:00,43.5,-79.25,0,0,155.4996795654297,92.28310103630709,109.6200008409814,0.8418454691509826,0.29861101210255464,63.2165785291226,63.2165785291226,3996.3358009287244,45.87967872444828,117.31267032773883,38.18700923769086,38.18700923769086,1458.247674519487
space0_time0,2020-12-01 02:00:00,39.5,-80.25,0,0,183.5941619873047,95.12611880838833,114.59044226117159,0.830140079148829,0.3000953208035736,88.46804317891636,88.46804317891636,7826.59466390661,69.0037197261331,117.31267032773883,66.28149165956586,66.28149165956586,4393.236136617098
space0_time0,2020-12-01 02:00:00,35.25,-81.0,0,0,203.8483123779297,91.0298022990353,111.54908030006123,0.8160515716863814,0.30182203531726104,112.81851007889439,112.81851007889439,12728.016216421596,92.29923207786845,117.31267032773883,86.53564205019086,86.53564205019086,7488.417345038761
space0_time0,2020-12-01 02:00:00,31.25,-81.75,0,0,201.8882293701172,80.32994313701654,100.22189640883359,0.8015208853096122,0.30356493900424697,121.55828623310065,121.55828623310065,14776.416951928426,101.6663329612836,117.31267032773883,84.57555904237836,84.57555904237836,7153.025187330828
space0_time0,2020-12-01 02:00:00,27.25,-82.75,0,0,214.3020782470703,94.80726094174838,118.70564463186015,0.798675254540528,0.30532698652803947,119.49481730532193,119.49481730532193,14279.011362832265,95.59643361521016,117.31267032773883,96.98940791933148,96.98940791933148,9406.94524854248
space0_time0,2020-12-01 02:00:00,23.0,-83.5,0,0,202.54159545898438,72.13162128300706,90.64476905722155,0.7957615429244724,0.30726290094158326,130.4099741759773,130.4099741759773,17006.76136457907,111.89682640176282,117.31267032773883,85.22892513124555,85.22892513124555,7263.969679027458
space0_time0,2020-12-01 02:00:00,19.0,-84.25,0,0,232.59616088867188,47.04615036377516,58.96494551973489,0.797866426384289,0.3090896362939566,185.55001052489672,185.55001052489672,34428.806405789284,173.63121536893698,117.31267032773883,115.28349056093305,115.28349056093305,13290.283195912738
space0_time0,2020-12-01 02:00:00,15.0,-85.25,0,0,246.97007751464844,47.13071139772258,58.910031545682074,0.8000455976869547,0.3108636996189391,199.83936611692587,199.83936611692587,39935.77225001474,188.06004596896636,117.31267032773883,129.6574071869096,129.6574071869096,16811.04323843208
space0_time0,2020-12-01 02:00:00,10.75,-86.0,0,0,145.69927978515625,61.49742989087742,76.44235752378393,0.8044941558970551,0.31286842940546683,84.20184989427884,84.20184989427884,7089.951525618665,69.25692226137232,117.31267032773883,28.38660945741742,28.38660945741742,805.7995964879402
space0_time0,2020-12-01 02:00:00,6.75,-87.0,0,0,165.95343017578125,60.47556432872002,76.35164051177428,0.7920663383702151,0.3147556963349015,105.47786584706122,105.47786584706122,11125.580183650645,89.60178966400697,117.31267032773883,48.64075984804242,48.64075984804242,2365.923518594936
space0_time0,2020-12-01 02:00:00,2.75,-88.0,0,0,213.64871215820312,55.507142304774554,71.1401908121988,0.7802501184078415,0.3166433088050413,158.14156985342856,158.14156985342856,25008.756115706827,142.50852134600433,117.31267032773883,96.3360418304643,96.3360418304643,9280.632955560966
space0_time0,2020-12-01 02:00:00,-1.5,-88.75,0,0,222.14239501953125,37.71510781009426,49.09177561266459,0.7682571538594868,0.3187232133289973,184.427287209437,184.427287209437,34013.424267432165,173.05061940686664,117.31267032773883,104.82972469179242,104.82972469179242,10989.271178956993
space0_time0,2020-12-01 02:00:00,-5.75,-90.0,0,0,225.40919494628906,34.847733773261595,46.083873156158944,0.7561806633565114,0.32068312669836324,190.56146117302745,190.56146117302745,36313.67048439925,179.32532179013012,117.31267032773883,108.09652461855023,108.09652461855023,11684.858634608836
space0_time0,2020-12-01 02:00:00,-10.0,-91.0,0,0,203.19496154785156,50.092918408481864,67.09094764873942,0.746641986199804,0.3227000126824977,153.1020431393697,153.1020431393697,23440.23561344942,136.10401389911215,117.31267032773883,85.88229122011273,85.88229122011273,7375.767945216253
space0_time0,2020-12-01 03:00:00,-14.25,-92.5,0,0,209.0751953125,49.343223334799184,67.74558470126945,0.728360727158571,0.32255133388708024,159.73197197770082,159.73197197770082,25514.302871885,141.32961061123055,117.31267032773883,91.76252498476117,91.76252498476117,8420.360991578918
space0_time0,2020-12-01 22:00:00,41.5,-9.5,0,0,149.6194305419922,109.03161636497929,110.86023245639309,0.9835052114640557,0.2509559861193015,40.5878141770129,40.5878141770129,1647.3706596677296,38.759198085599095,117.31267032773883,32.30676021425336,32.30676021425336,1043.7267555412636
space0_time0,2020-12-01 22:00:00,37.25,-10.5,0,0,147.65936279296875,92.84870061043031,109.5683801231952,0.8474041553414788,0.2543734955624234,54.81066218253844,54.81066218253844,3004.208688888349,38.09098266977355,117.31267032773883,30.34669246522992,30.34669246522992,920.9217435792425
space0_time0,2020-12-01 22:00:00,33.25,-11.5,0,0,196.66136169433594,81.35725667701287,96.6242071954117,0.8419966283653626,0.2579295491101452,115.30410501732307,115.30410501732307,13295.036633845866,100.03715449892424,117.31267032773883,79.34869136659711,79.34869136659711,6296.214821591482
space0_time0,2020-12-01 22:00:00,29.25,-12.25,0,0,147.65936279296875,85.69004386230559,103.06254397588467,0.8314373055099044,0.2615790515434514,61.969318930663164,61.969318930663164,3840.196488730248,44.596818817084085,117.31267032773883,30.34669246522992,30.34669246522992,920.9217435792425
space0_time0,2020-12-01 22:00:00,25.25,-13.0,0,0,165.95343017578125,55.45030096487698,68.68454029559969,0.8073185133981224,0.2652499857359879,110.50312921090426,110.50312921090426,12210.941565401803,97.26888988018156,117.31267032773883,48.64075984804242,48.64075984804242,2365.923518594936
space0_time0,2020-12-01 22:00:00,21.0,-13.75,0,0,203.19496154785156,38.7060021455593,49.66106766490607,0.7794033428103606,0.2690253015642992,164.48895940229227,164.48895940229227,27056.617765248953,153.5338938829455,117.31267032773883,85.88229122011273,85.88229122011273,7375.767945216253
space0_time0,2020-12-01 22:00:00,17.0,-14.75,0,0,156.806396484375,49.440014914708506,65.46766247262198,0.7551822235196481,0.2725880982499285,107.36638156966649,107.36638156966649,11527.53989136322,91.33873401175302,117.31267032773883,39.49372615663617,39.49372615663617,1559.754405735368
space0_time0,2020-12-01 22:00:00,13.0,-15.5,0,0,154.19296264648438,53.35648766620974,72.28439058318533,0.738146745593805,0.27603635349037414,100.83647498027463,100.83647498027463,10167.994686447551,81.90857206329905,117.31267032773883,36.880292318745546,36.880292318745546,1360.1559615161218
space0_time0,2020-12-01 22:00:00,8.75,-16.5,0,0,184.90087890625,29.942935971243713,41.817544731992356,0.7160376383440794,0.2796866004969865,154.9579429350063,154.9579429350063,24011.964078648663,143.08333417425763,117.31267032773883,67.58820857851117,67.58820857851117,4568.165938852331
space0_time0,2020-12-01 22:00:00,4.75,-17.25,0,0,138.51231384277344,33.77899020118796,48.461814589217035,0.6970228103820103,0.2830533202176095,104.73332364158549,104.73332364158549,10969.069081013089,90.05049925355641,117.31267032773883,21.19964351503461,21.19964351503461,449.4248851645489
space0_time0,2020-12-01 22:00:00,0.5,-18.25,0,0,148.96607971191406,34.37563264475992,50.63319583035309,0.6789149308279048,0.286637792021767,114.59044706715414,114.59044706715414,13130.970559050256,98.33288388156097,117.31267032773883,31.653409384175234,31.653409384175234,1001.9383256421927
space0_time0,2020-12-01 22:00:00,-3.5,-19.25,0,0,180.980712890625,27.474858126690396,44.38959393944881,0.6189481742988785,0.28816593168068116,153.5058547639346,153.5058547639346,23564.04744680618,136.59111895117618,117.31267032773883,63.66804256288617,63.66804256288617,4053.619643789485
space0_time0,2020-12-01 22:00:00,-7.75,-20.25,0,0,177.7139129638672,21.76173654674561,37.83794753362108,0.5751299413745716,0.28946884373365733,155.95217641712156,155.95217641712156,24321.081329237008,139.8759654302461,117.31267032773883,60.40124263612836,60.40124263612836,3648.3101119884504
space0_time0,2020-12-01 22:00:00,-12.25,-21.5,0,0,194.70127868652344,18.680883892142084,36.9086562357872,0.5061382829220645,0.29158192039606096,176.02039479438136,176.02039479438136,30983.179383569877,157.79262245073625,117.31267032773883,77.38860835878461,77.38860835878461,5988.9967037093475
space0_time0,2020-12-01 22:00:00,-16.5,-23.0,0,0,158.1131134033203,21.166423145049666,42.92450588482513,0.4931081373852812,0.2945060736600118,136.94669025827065,136.94669025827065,18754.39597269472,115.18860751849519,117.31267032773883,40.800443075581484,40.800443075581484,1664.676155163765
space0_time1,2020-12-01 23:00:00,52.25,-31.5,0,1,163.9933624267578,176.0224661649868,150.88413561216905,1.1666068500232059,0.21336067781720733,-12.029103738228997,12.029103738228997,144.69933674507485,13.109226814588766,120.92859968641486,43.06476274034296,43.06476274034296,1854.573789882031
space0_time1,2020-12-01 23:00:00,48.0,-32.25,0,1,150.27279663085938,167.58132600468207,143.504805808936,1.1677750097637976,0.2182018088206573,-17.308529373822694,17.308529373822694,299.58518908448303,6.767990821923377,120.92859968641486,29.34419694444452,29.34419694444452,861.0818943143471
space0_time1,2020-12-01 23:00:00,44.0,-33.25,0,1,179.6739959716797,138.03598193625191,119.91241951763878,1.1511399944352483,0.22476541286821955,41.63801403542777,41.63801403542777,1733.72421281448,59.761576454040906,120.92859968641486,58.74539628526483,58.74539628526483,3451.021584712807
space0_time1,2020-12-01 23:00:00,40.0,-34.0,0,1,197.96807861328125,154.03027687387834,137.42454443234982,1.1208352737141734,0.23158888810832573,43.937801739402914,43.937801739402914,1930.5304216910777,60.54353418093143,120.92859968641486,77.0394789268664,77.0394789268664,5935.081313323091
space0_time1,2020-12-01 23:00:00,35.75,-35.0,0,1,234.5562286376953,148.3072878734779,130.23329077234874,1.1387816970141906,0.2395594825651661,86.24894076421742,86.24894076421742,7438.879782949486,104.32293786534657,120.92859968641486,113.62762895128046,113.62762895128046,12911.238061089869
space0_time1,2020-12-01 23:00:00,31.75,-35.75,0,1,223.44911193847656,130.0643176894313,112.01658843561688,1.1611165766237166,0.24658001143492858,93.38479424904526,93.38479424904526,8720.719796936515,111.43252350285968,120.92859968641486,102.5205122520617,102.5205122520617,10510.455432425135
space0_time1,2020-12-01 23:00:00,27.75,-36.75,0,1,216.2621612548828,128.24608778286833,112.69424463045458,1.138000331812961,0.25374648119092225,88.01607347201448,88.01607347201448,7746.829189431051,103.56791662442824,120.92859968641486,95.33356156846796,95.33356156846796,9088.48796132887
space0_time1,2020-12-01 23:00:00,23.75,-37.75,0,1,239.1297607421875,89.59639000894136,92.26219239955917,0.9711062319105419,0.25974720958678665,149.53337073324616,149.53337073324616,22360.22896284644,146.86756834262832,120.92859968641486,118.20116105577264,118.20116105577264,13971.514474932703
space0_time1,2020-12-01 23:00:00,19.5,-38.5,0,1,232.59616088867188,100.9110661231703,110.82436959488676,0.9105494260156488,0.2652531111762302,131.68509476550156,131.68509476550156,17340.964183399126,121.77179129378511,120.92859968641486,111.66756120225702,111.66756120225702,12469.644224859818
space0_time1,2020-12-01 23:00:00,15.5,-39.25,0,1,227.36927795410156,108.14546611854179,126.4090338921552,0.8555200747029296,0.2698804552354642,119.22381183555977,119.22381183555977,14214.317308600963,100.96024406194637,120.92859968641486,106.4406782676867,106.4406782676867,11329.617990085193
space0_time1,2020-12-01 23:00:00,11.5,-40.0,0,1,193.39456176757812,89.37675818025848,111.25616072459522,0.8033421034678947,0.2739399913945797,104.01780358731965,104.01780358731965,10819.703463130209,82.1384010429829,120.92859968641486,72.46596208116327,72.46596208116327,5251.315660348593
space0_time1,2020-12-01 23:00:00,7.25,-41.0,0,1,162.0332794189453,89.93382889289306,116.49147495036976,0.7720206901939274,0.2783134155155336,72.09945052605225,72.09945052605225,5198.330766158656,45.54180446857555,120.92859968641486,41.10467973253046,41.10467973253046,1689.5946959139
space0_time1,2020-12-01 23:00:00,3.25,-41.75,0,1,148.96607971191406,77.57626231643448,105.47272105080579,0.7355102015341608,0.28157565847798793,71.38981739547958,71.38981739547958,5096.50602775992,43.493358661108275,120.92859968641486,28.037480025499207,28.037480025499207,786.100286180267
space0_time1,2020-12-01 23:00:00,-1.0,-42.75,0,1,194.70127868652344,87.00498189814418,113.30198502725763,0.7679034209084062,0.28239822853718427,107.69629678837926,107.69629678837926,11598.492341930669,81.39929365926581,120.92859968641486,73.77267900010858,73.77267900010858,5442.408166853062
space0_time1,2020-12-01 23:00:00,-5.25,-43.75,0,1,251.54359436035156,48.706633733856755,69.71065110776527,0.6986971568887153,0.28639015970219583,202.8369606264948,202.8369606264948,41142.8325961942,181.8329432525863,120.92859968641486,130.6149946739367,130.6149946739367,17060.276833672513
space0_time1,2020-12-01 23:00:00,-9.5,-45.0,0,1,234.5562286376953,50.34951183417716,71.60670694499754,0.7031396077584124,0.28964790519701983,184.20671680351816,184.20671680351816,33932.11451553154,162.94952169269777,120.92859968641486,113.62762895128046,113.62762895128046,12911.238061089869
space0_time1,2020-12-01 23:00:00,-13.75,-46.25,0,1,220.18231201171875,37.05815085290584,52.84298032733069,0.7012880542193635,0.29424329696109325,183.1241611588129,183.1241611588129,33534.458400118885,167.33933168438807,120.92859968641486,99.2537123253039,99.2537123253039,9851.299410354182
space0_time1,2020-12-02 01:00:00,54.5,-55.0,0,1,139.81903076171875,135.23942565924926,125.24607382552513,1.0797897413346902,0.25262993958763275,4.579605102469486,4.579605102469486,20.972782894564553,14.57295693619362,120.92859968641486,18.890431075303894,18.890431075303894,356.84838621080706
space0_time1,2020-12-02 01:00:00,50.5,-55.75,0,1,130.6719970703125,139.39545549054156,128.54863311471274,1.0843791342856948,0.2571124752125321,-8.723458420229065,8.723458420229065,76.09872680946538,2.123363955599757,120.92859968641486,9.743397383897644,9.743397383897644,94.93379258054345
space0_time1,2020-12-02 01:00:00,46.5,-56.75,0,1,130.0186309814453,151.2151737297135,136.95519136570866,1.1041215175693981,0.2626547483963736,-21.1965427482682,21.1965427482682,449.2934244791612,-6.936560384263345,120.92859968641486,9.090031295030457,9.090031295030457,82.62866894463308
space0_time1,2020-12-02 01:00:00,42.5,-57.5,0,1,126.09848022460938,130.26077092782498,117.49591338140854,1.1086408640016256,0.2684040234041319,-4.162290703215604,4.162290703215604,17.324663898075045,8.602566843200833,120.92859968641486,5.169880538194519,5.169880538194519,26.727664779202453
space0_time1,2020-12-02 01:00:00,38.25,-58.75,0,1,182.9407958984375,120.8153291724109,110.01851092740041,1.0981363786330027,0.2751921784286096,62.1254667260266,62.1254667260266,3859.5736159266385,72.92228497103709,120.92859968641486,62.012196212022644,62.012196212022644,3845.5124790383957
space0_time1,2020-12-02 01:00:00,34.25,-59.5,0,1,199.92816162109375,114.14319664875923,106.04289071021613,1.0763870721015971,0.28120568589343503,85.78496497233452,85.78496497233452,7359.06021530466,93.88527091087762,120.92859968641486,78.9995619346789,78.9995619346789,6240.930785871166
space0_time1,2020-12-02 01:00:00,30.25,-60.25,0,1,212.995361328125,103.54264120417545,94.4336327312725,1.0964593673826384,0.2868068067594807,109.45272012394955,109.45272012394955,11979.89794253163,118.5617285968525,120.92859968641486,92.06676164171014,92.06676164171014,8476.28859919147
space0_time1,2020-12-02 01:00:00,26.25,-61.0,0,1,206.46176147460938,78.72876027911569,72.06648698985083,1.0924462058238407,0.29219002041841075,127.73300119549369,127.73300119549369,16315.71959440799,134.39527448475854,120.92859968641486,85.53316178819452,85.53316178819452,7315.921765485459
space0_time1,2020-12-02 01:00:00,22.25,-62.0,0,1,209.7285614013672,125.48942591395297,135.80232129901694,0.9240595058581031,0.29665023362940923,84.23913548741422,84.23913548741422,7096.231947666929,73.92624010235025,120.92859968641486,88.79996171495233,88.79996171495233,7885.433200577
space0_time1,2020-12-02 01:00:00,18.0,-62.75,0,1,197.96807861328125,131.54444334704112,146.2890584598689,0.899209036765572,0.3009598436087253,66.42363526624013,66.42363526624013,4412.099321982499,51.67902015341235,120.92859968641486,77.0394789268664,77.0394789268664,5935.081313323091
space0_time1,2020-12-02 01:00:00,14.0,-63.75,0,1,155.4996795654297,116.43218513114498,129.02343827619282,0.9024111175979165,0.3044060222642084,39.06749443428471,39.06749443428471,1526.269121372867,26.476241289236867,120.92859968641486,34.57107987901483,34.57107987901483,1195.1595640012242
space0_time1,2020-12-02 01:00:00,10.0,-64.5,0,1,74.48303985595703,78.15715970579296,85.88788205975423,0.9099905345368419,0.30713923254925524,-3.6741198498359324,3.6741198498359324,13.499156670958415,-11.404842203797202,120.92859968641486,-46.445559830457825,46.445559830457825,2157.1900279646375
space0_time1,2020-12-02 01:00:00,5.75,-65.5,0,1,45.08184051513672,45.220675269143854,48.82079564358771,0.926258465742217,0.3098022764170642,-0.13883475400713507,0.13883475400713507,0.019275088920221707,-3.738955128450989,120.92859968641486,-75.84675917127814,75.84675917127814,5752.730876785864
space0_time1,2020-12-02 01:00:00,1.75,-66.5,0,1,5.226880073547363,64.30817468042298,71.80601790979358,0.8955819658626695,0.31212448203038756,-59.081294606875616,59.081294606875616,3490.59937242443,-66.57913783624622,120.92859968641486,-115.70171961286749,115.70171961286749,13386.887921374606
space0_time1,2020-12-02 01:00:00,-2.5,-67.25,0,1,0.6533600091934204,64.52303020711352,74.05335617178503,0.8713046044454279,0.31378777447205886,-63.8696701979201,63.8696701979201,4079.3347711910833,-73.3999961625916,120.92859968641486,-120.27523967722144,120.27523967722144,14466.133279413061
space0_time1,2020-12-02 01:00:00,-6.75,-68.5,0,1,22.867599487304688,68.79929560937401,79.04467630473287,0.8703849370467288,0.3152677006094522,-45.931696122069326,45.931696122069326,2109.7207086501185,-56.17707681742819,120.92859968641486,-98.06100019911017,98.06100019911017,9615.959760049884
space0_time1,2020-12-02 02:00:00,57.25,-78.0,0,1,130.6719970703125,148.0836020841691,137.81298567843635,1.0745257520920233,0.2735113076012317,-17.411605013856587,17.411605013856587,303.1639891585558,-7.140988608123848,120.92859968641486,9.743397383897644,9.743397383897644,94.93379258054345
space0_time1,2020-12-02 02:00:00,53.25,-79.25,0,1,168.56687927246094,151.23922355164783,137.16700657353073,1.1025918501077254,0.2765306491666847,17.327655720813112,17.327655720813112,300.24765277902736,31.39987269893021,120.92859968641486,47.63827958604608,47.63827958604608,2269.4056819182947
space0_time1,2020-12-02 02:00:00,49.0,-80.5,0,1,180.980712890625,151.748142495456,133.47131949438622,1.1369344595550994,0.28023667221620846,29.232570395169006,29.232570395169006,854.5431719085115,47.50939339623878,120.92859968641486,60.052113204210144,60.052113204210144,3606.2563002912702
space0_time1,2020-12-02 02:00:00,45.0,-81.25,0,1,181.6340789794922,161.59590127885008,138.27604772035613,1.16864709357079,0.28379569341363264,20.03817770064211,20.03817770064211,401.52856556251066,43.358031259136055,120.92859968641486,60.70547929307733,60.70547929307733,3685.155216202241
space0_time1,2020-12-02 02:00:00,40.75,-82.0,0,1,179.6739959716797,171.8352097339433,142.81080443175387,1.203236760815667,0.2877711370630147,7.8387862377364,7.8387862377364,61.446569680925585,36.86319153992582,120.92859968641486,58.74539628526483,58.74539628526483,3451.021584712807
space0_time1,2020-12-02 02:00:00,36.75,-83.0,0,1,180.32736206054688,172.47128762225358,138.43856978575212,1.2458326309580534,0.2913950775312736,7.856074438293291,7.856074438293291,61.71790558000525,41.88879227479475,120.92859968641486,59.39876237413202,59.39876237413202,3528.212971578602
space0_time1,2020-12-02 02:00:00,32.75,-84.0,0,1,180.980712890625,174.6305934040675,139.08190144405964,1.2555953836618061,0.29459100099741553,6.350119486557503,6.350119486557503,40.32401749355733,41.89881144656536,120.92859968641486,60.052113204210144,60.052113204210144,3606.2563002912702
space0_time1,2020-12-02 02:00:00,28.75,-84.75,0,1,171.83367919921875,155.32298856848152,120.55970694732575,1.288349088608388,0.29764496887762126,16.51069063073723,16.51069063073723,272.60290510391417,51.273972251893,120.92859968641486,50.905079512803894,50.905079512803894,2591.327120204887
space0_time1,2020-12-02 02:00:00,24.75,-85.5,0,1,210.3819122314453,158.1764479368821,124.90261322536993,1.266398227004859,0.29993524977044833,52.2054642945632,52.2054642945632,2725.410502210913,85.47929900607538,120.92859968641486,89.45331254503046,89.45331254503046,8001.895125278903
space0_time1,2020-12-02 03:00:00,20.75,-86.5,0,1,222.14239501953125,154.8477651184718,124.65007714999115,1.2422596813329196,0.304280041128868,67.29462990105944,67.29462990105944,4528.567213520563,97.4923178695401,120.92859968641486,101.2137953331164,101.2137953331164,10244.232365733975
space0_time1,2020-12-02 03:00:00,16.5,-87.25,0,1,210.3819122314453,151.9535934044406,119.47554426131168,1.2718384699055596,0.30601328781852183,58.428318827004716,58.428318827004716,3413.868440950114,90.90636797013363,120.92859968641486,89.45331254503046,89.45331254503046,8001.895125278903
space0_time1,2020-12-02 03:00:00,12.5,-88.0,0,1,194.04791259765625,122.32241973499012,117.07041017384265,1.0448619728362492,0.3066779364037067,71.72549286266613,71.72549286266613,5144.54632639237,76.9775024238136,120.92859968641486,73.1193129112414,73.1193129112414,5346.433920612032
space0_time1,2020-12-02 03:00:00,8.25,-89.0,0,1,227.36927795410156,127.24238745507495,123.38783742382564,1.0312393029307194,0.3076143936537098,100.12689049902662,100.12689049902662,10025.394201004066,103.98144053027592,120.92859968641486,106.4406782676867,106.4406782676867,11329.617990085193
space0_time1,2020-12-02 03:00:00,4.25,-90.0,0,1,203.8483123779297,106.02255307137065,101.87087844306897,1.0407542831842949,0.3081859879793252,97.82575930655904,97.82575930655904,9569.879183904823,101.97743393486071,120.92859968641486,82.91971269151483,82.91971269151483,6875.678752843366
space0_time1,2020-12-02 03:00:00,0.0,-91.0,0,1,186.2075958251953,99.72655444632721,95.97162087741671,1.0391254574485786,0.30827423673937326,86.4810413788681,86.4810413788681,7478.9705179734965,90.2359749477786,120.92859968641486,65.27899613878046,65.27899613878046,4261.347336886914
space0_time1,2020-12-02 03:00:00,-4.0,-92.0,0,1,212.3419952392578,96.28921768992834,93.36909449013878,1.0312750510833961,0.308343563920043,116.05277754932948,116.05277754932948,13468.247176914152,118.97290074911903,120.92859968641486,91.41339555284296,91.41339555284296,8356.408886500529
space0_time1,2020-12-02 03:00:00,-8.25,-93.0,0,1,199.27479553222656,80.0452087540485,79.14738268393023,1.0113437240711256,0.30844851137080564,119.22958677817806,119.22958677817806,14215.694363295093,120.12741284829633,120.92859968641486,78.3461958458117,78.3461958458117,6138.126403510283
space0_time1,2020-12-02 03:00:00,-12.75,-94.25,0,1,210.3819122314453,62.72971201713534,63.22901330315226,0.9921032883492423,0.3087121380718013,147.65220021430997,147.65220021430997,21801.172228126678,147.15289892829304,120.92859968641486,89.45331254503046,89.45331254503046,8001.895125278903
space0_time1,2020-12-02 03:00:00,-17.0,-95.5,0,1,185.55422973632812,58.023559792358064,58.57029549701439,0.9906653073880397,0.3083401293336152,127.53066994397005,127.53066994397005,16264.071776357827,126.98393423931373,120.92859968641486,64.62563004991327,64.62563004991327,4176.4720593482525
space0_time1,2020-12-02 04:00:00,51.5,-104.0,0,1,128.05856323242188,162.83651542141112,145.25939289983123,1.1210050666651261,0.28584918624629896,-34.77795218898925,34.77795218898925,1209.505958459622,-17.20082966740935,120.92859968641486,7.129963546007019,7.129963546007019,50.83638016738899
space0_time1,2020-12-02 04:00:00,47.5,-105.0,0,1,162.0332794189453,169.0550552382598,147.27523652987833,1.1478851382049073,0.28673977743589835,-7.021775819314485,7.021775819314485,49.3053356567096,14.758042889066985,120.92859968641486,41.10467973253046,41.10467973253046,1689.5946959139
space0_time1,2020-12-02 04:00:00,43.5,-105.75,0,1,180.32736206054688,172.36984914133407,146.31636302425923,1.1780626963284704,0.2877607989200582,7.957512919212803,7.957512919212803,63.32201185943867,34.01099903628764,120.92859968641486,59.39876237413202,59.39876237413202,3528.212971578602
space0_time1,2020-12-02 04:00:00,39.5,-106.75,0,1,152.23287963867188,160.13264040359402,133.7689573412319,1.1970837149841194,0.28864125897250004,-7.899760764922149,7.899760764922149,62.40622014300338,18.46392229743998,120.92859968641486,31.30427995225702,31.30427995225702,979.9579433292807
space0_time1,2020-12-02 04:00:00,35.25,-107.5,0,1,179.0206298828125,160.43838456380132,131.1296810602792,1.223509302139225,0.28841217727435364,18.58224531901118,18.58224531901118,345.2998410959129,47.89094882253329,120.92859968641486,58.092030196397644,58.092030196397644,3374.683972339176
space0_time1,2020-12-02 04:00:00,31.25,-108.5,0,1,191.43447875976562,152.1692877351692,122.60242316127531,1.2411605236790517,0.2889475262463536,39.26519102459642,39.26519102459642,1541.7552261980472,68.83205559849031,120.92859968641486,70.50587907335077,70.50587907335077,4971.078983905962
space0_time1,2020-12-02 04:00:00,27.25,-109.25,0,1,234.5562286376953,131.63393334928472,105.6422948455013,1.2460343988342497,0.29062806770804595,102.9222952884106,102.9222952884106,10592.998867434786,128.91393379219403,120.92859968641486,113.62762895128046,113.62762895128046,12911.238061089869
space0_time1,2020-12-02 04:00:00,23.0,-110.0,0,1,224.75582885742188,134.74887544101665,106.78458763080604,1.2618756922758694,0.2910079533191414,90.00695341640522,90.00695341640522,8101.25166330294,117.97124122661583,120.92859968641486,103.82722917100702,103.82722917100702,10780.09351732881
space0_time1,2020-12-02 04:00:00,19.0,-111.0,0,1,229.9827117919922,188.47696950000002,147.3568438408376,1.2790513462922488,0.28961107289198085,41.50574229199216,41.50574229199216,1722.726643209267,82.62586795115459,120.92859968641486,109.05411210557733,109.05411210557733,11892.799367135829
space0_time1,2020-12-02 04:00:00,15.0,-111.75,0,1,221.48902893066406,141.12495961390613,109.2321955867894,1.291972196070861,0.2895982067420788,80.36406931675793,80.36406931675793,6458.383637148674,112.25683334387466,120.92859968641486,100.5604292442492,100.5604292442492,10112.39992978765
space0_time1,2020-12-02 04:00:00,11.0,-112.5,0,1,200.58151245117188,154.110965355497,115.98655445638833,1.3286968138487443,0.28909028033421225,46.470547095674874,46.470547095674874,2159.5117473713367,84.59495799478354,120.92859968641486,79.65291276475702,79.65291276475702,6344.586511909992
space0_time1,2020-12-02 04:00:00,6.75,-113.5,0,1,159.41983032226562,165.01723673250345,122.58382354207883,1.3461583426287782,0.2889013800717468,-5.597406410237824,5.597406410237824,31.33095852137148,36.83600678018679,120.92859968641486,38.49123063585077,38.49123063585077,1481.5748358622568
space0_time1,2020-12-02 04:00:00,2.75,-114.5,0,1,246.31671142578125,124.83414973852499,94.77561512002178,1.3171547299422715,0.2897604407179466,121.48256168725626,121.48256168725626,14758.012794098024,151.54109630575948,120.92859968641486,125.3881117393664,125.3881117393664,15722.178565563832
space0_time1,2020-12-02 04:00:00,-1.5,-115.25,0,1,240.4364776611328,107.41633713787438,98.65267089709934,1.0888335425800688,0.28902853514163984,133.02014052325842,133.02014052325842,17694.357784827418,141.78380676403347,120.92859968641486,119.50787797471796,119.50787797471796,14282.132898020078
space0_time1,2020-12-02 04:00:00,-5.75,-116.5,0,1,260.6906433105469,120.23509554936207,111.3205100387745,1.080080350938767,0.28909369488803305,140.4555477611848,140.4555477611848,19727.760896894462,149.37013327177237,120.92859968641486,139.76204362413202,139.76204362413202,19533.428837993783
space0_time1,2020-12-02 04:00:00,-10.0,-117.5,0,1,253.50367736816406,92.64152158004248,85.73189104343778,1.0805958022447422,0.28986669127527903,160.86215578812158,160.86215578812158,25876.633164801897,167.7717863247263,120.92859968641486,132.5750776817492,132.5750776817492,17576.151222321838
space0_time1,2020-12-02 04:00:00,-14.25,-119.0,0,1,220.18231201171875,89.74584651169563,82.85404143563377,1.0831800713235682,0.2906836053831071,130.43646550002313,130.43646550002313,17013.671532138724,137.32827057608498,120.92859968641486,99.2537123253039,99.2537123253039,9851.299410354182
space0_time2,2020-12-02 22:00:00,43.0,-11.75,0,2,183.5941619873047,148.3430968892894,163.22095236309062,0.9088483723541514,0.3080722360751946,35.25106509801529,35.25106509801529,1242.6375905445116,20.37320962421407,116.94146993761119,66.6526920496935,66.6526920496935,4442.581357471275
space0_time2,2020-12-02 22:00:00,39.0,-12.5,0,2,182.2874298095703,142.98656044823633,158.2953138786741,0.9032899139252395,0.3084369611672041,39.30086936133398,39.30086936133398,1544.55833255664,23.992115930896205,116.94146993761119,65.34595987195912,65.34595987195912,4270.094471587692
space0_time2,2020-12-02 22:00:00,34.75,-13.5,0,2,169.87359619140625,119.86732099332072,131.9669179521249,0.9083134080376589,0.30891517987149575,50.00627519808553,50.00627519808553,2500.6275591866643,37.90667823928135,116.94146993761119,52.93212625379506,52.93212625379506,2801.8099897477005
space0_time2,2020-12-02 22:00:00,30.75,-14.25,0,2,182.2874298095703,110.50824666377632,121.45094862913444,0.9099002347130855,0.30934181777990305,71.779183145794,71.779183145794,5152.251133077437,60.83648118043587,116.94146993761119,65.34595987195912,65.34595987195912,4270.094471587692
space0_time2,2020-12-02 22:00:00,26.75,-15.0,0,2,157.4597625732422,115.49258881713304,130.91454916100267,0.8821982702250819,0.3095609352269398,41.96717375610915,41.96717375610915,1761.2436730754564,26.54521341223952,116.94146993761119,40.518292635631,40.518292635631,1641.7320381066293
space0_time2,2020-12-02 22:00:00,22.75,-16.0,0,2,185.55422973632812,111.86197196996149,119.39105924137606,0.9369375955012441,0.3075174726586376,73.69225776636664,73.69225776636664,5430.548854704624,66.16317049495207,116.94146993761119,68.61275979871694,68.61275979871694,4707.710807196427
space0_time2,2020-12-02 22:00:00,18.5,-16.75,0,2,191.43447875976562,107.6023862684101,111.15890831812727,0.9680050649693436,0.30718658513741126,83.83209249135552,83.83209249135552,7027.819731479187,80.27557044163835,116.94146993761119,74.49300882215444,74.49300882215444,5549.208363377578
space0_time2,2020-12-02 22:00:00,14.5,-17.75,0,2,147.00599670410156,108.08034027774042,107.14749252770628,1.008706202338733,0.30688426068257524,38.925656426361144,38.925656426361144,1515.2067282231105,39.858504176395286,116.94146993761119,30.064526766490374,30.064526766490374,903.8757696930162
space0_time2,2020-12-02 22:00:00,10.5,-18.5,0,2,156.806396484375,90.91913715177242,85.06609856529289,1.0688057720431017,0.3066817431161893,65.88725933260258,65.88725933260258,4341.130942361626,71.74029791908211,116.94146993761119,39.86492654676381,39.86492654676381,1589.212368578874
space0_time2,2020-12-02 22:00:00,6.25,-19.25,0,2,148.31271362304688,106.20878863191035,92.75300582600677,1.145071123960608,0.3071475679619687,42.10392499113652,42.10392499113652,1772.7404996592506,55.559707797040105,116.94146993761119,31.371243685435687,31.371243685435687,984.1549303709885
space0_time2,2020-12-02 22:00:00,2.25,-20.25,0,2,194.04791259765625,113.68144791971557,99.24425226576703,1.1454713529936928,0.30718604461287935,80.36646467794068,80.36646467794068,6458.768644830688,94.80366033188922,116.94146993761119,77.10644266004506,77.10644266004506,5945.403499686817
space0_time2,2020-12-02 22:00:00,-2.0,-21.25,0,2,196.00799560546875,82.14448783181912,71.63454379883012,1.146716143855175,0.3072258148410185,113.86350777364963,113.86350777364963,12964.89840251997,124.37345180663863,116.94146993761119,79.06652566785756,79.06652566785756,6251.515481185978
space0_time2,2020-12-02 22:00:00,-6.25,-22.5,0,2,160.7265625,85.7067987550285,74.24478301359326,1.1543814295926587,0.3072992940261259,75.0197637449715,75.0197637449715,5627.96495235134,86.48177948640674,116.94146993761119,43.78509256238881,43.78509256238881,1917.134330696956
space0_time2,2020-12-02 22:00:00,-10.5,-23.75,0,2,149.6194305419922,83.8251932766471,83.1033183325243,1.0086864755656852,0.3057893560805226,65.79423726534509,65.79423726534509,4328.881657328525,66.51611220946789,116.94146993761119,32.677960604381,32.677960604381,1067.8491092614765
space0_time2,2020-12-02 22:00:00,-15.0,-25.0,0,2,141.77911376953125,81.18900730153858,80.46335013947177,1.0090184805978004,0.3059093947281953,60.59010646799267,60.59010646799267,3671.161001802687,61.31576363005948,116.94146993761119,24.83764383192006,24.83764383192006,616.9085511213167
space0_time2,2020-12-02 23:00:00,53.75,-33.25,0,2,189.47439575195312,141.00325019568442,136.64991698440042,1.031857562063363,0.3025118546642642,48.47114555626871,48.47114555626871,2349.451951536988,52.824478767552705,116.94146993761119,72.53292581434194,72.53292581434194,5261.0253271888305
space0_time2,2020-12-02 23:00:00,49.5,-34.25,0,2,167.26016235351562,141.76238057414722,142.01194798569722,0.998242630883599,0.3031661547102869,25.49778177936841,25.49778177936841,650.1368756682916,25.248214367818406,116.94146993761119,50.31869241590444,50.31869241590444,2531.9708064463985
space0_time2,2020-12-02 23:00:00,45.5,-35.25,0,2,207.1151123046875,146.31367176468356,149.85286761543742,0.9763821947015628,0.30385279844418633,60.80144054000394,60.80144054000394,3696.8151717396345,57.26224468925008,116.94146993761119,90.17364236707631,90.17364236707631,8131.28577774538
space0_time2,2020-12-02 23:00:00,41.5,-36.25,0,2,163.9933624267578,145.26945822332257,149.096293342093,0.9743331304019082,0.30414936150944244,18.72390420343524,18.72390420343524,350.58458861941983,14.897069084664821,116.94146993761119,47.051892489146624,47.051892489146624,2213.8805868102127
space0_time2,2020-12-02 23:00:00,37.5,-37.25,0,2,202.54159545898438,153.4718691261579,157.01259106686467,0.9774494394580182,0.30461044202292226,49.06972633282646,49.06972633282646,2407.838042378483,45.5290043921197,116.94146993761119,85.60012552137319,85.60012552137319,7327.381489274845
space0_time2,2020-12-02 23:00:00,33.25,-37.75,0,2,212.3419952392578,149.1216163337401,155.42804792120558,0.9594253954044215,0.3053593321131918,63.22037890551772,63.22037890551772,3996.81630895723,56.91394731805224,116.94146993761119,95.40052530164662,95.40052530164662,9101.260227830118
space0_time2,2020-12-02 23:00:00,29.25,-38.75,0,2,225.40919494628906,125.45200966832662,133.1065457319736,0.9424931657451295,0.30575761041252736,99.95718527796244,99.95718527796244,9991.43888869291,92.30264921431547,116.94146993761119,108.46772500867787,108.46772500867787,11765.247368558163
space0_time2,2020-12-02 23:00:00,25.25,-39.5,0,2,228.0226287841797,93.39049688145813,99.78427703713382,0.9359239717365865,0.30597358311900286,134.63213190272154,134.63213190272154,18125.81094067181,128.23835174704587,116.94146993761119,111.0811588465685,111.0811588465685,12339.023850696583
space0_time2,2020-12-02 23:00:00,21.25,-40.25,0,2,235.2095947265625,76.9156871494558,80.84373559547949,0.9514118389372979,0.3055126179408745,158.2939075771067,158.2939075771067,25056.961176029596,154.36585913108303,116.94146993761119,118.26812478895131,118.26812478895131,13987.34934109496
space0_time2,2020-12-02 23:00:00,17.0,-41.25,0,2,203.8483123779297,104.61218962251293,111.06955619629325,0.9418619575433598,0.30544898373811163,99.23612275541676,99.23612275541676,9847.808059528144,92.77875618163644,116.94146993761119,86.9068424403185,86.9068424403185,7552.799262946344
space0_time2,2020-12-02 23:00:00,13.0,-42.0,0,2,149.6194305419922,104.93344005168579,115.46707872213017,0.9087736627009212,0.3054435560642917,44.685990490306395,44.685990490306395,1996.8377460997535,34.15235181986202,116.94146993761119,32.677960604381,32.677960604381,1067.8491092614765
space0_time2,2020-12-02 23:00:00,9.0,-43.0,0,2,169.87359619140625,98.60643418516196,119.01847590812176,0.8284968651529602,0.3052524671903136,71.26716200624429,71.26716200624429,5079.0083804242695,50.85512028328449,116.94146993761119,52.93212625379506,52.93212625379506,2801.8099897477005
space0_time2,2020-12-03 22:00:00,44.5,-13.75,0,2,144.39256286621094,157.6143598521447,166.4810816297884,0.9467403641852765,0.3041986600292774,-13.221796985933764,13.221796985933764,174.81591553724718,-22.08851876357747,116.94146993761119,27.45109292859975,27.45109292859975,753.5625029746192
space0_time2,2020-12-03 22:00:00,40.5,-14.5,0,2,129.3652801513672,149.3472152141827,158.60191694638488,0.941648235340493,0.3047991361572931,-19.981935062815523,19.981935062815523,399.2777288545764,-29.236636795017688,116.94146993761119,12.423810213756,12.423810213756,154.3510602274279
space0_time2,2020-12-03 22:00:00,36.5,-15.5,0,2,71.86959838867188,153.49892121428763,162.70491003006424,0.9434191087775071,0.3053808937446216,-81.62932282561576,81.62932282561576,6663.346344968594,-90.83531164139237,116.94146993761119,-45.07187154893931,45.07187154893931,2031.473604924085
space0_time2,2020-12-03 22:00:00,32.75,-16.5,0,2,23.520959854125977,143.72593335322182,153.31182820654405,0.9374745251853112,0.3059382126270639,-120.20497349909584,120.20497349909584,14449.235653918335,-129.79086835241807,116.94146993761119,-93.42051008348521,93.42051008348521,8727.391704258562
space0_time2,2020-12-03 22:00:00,28.75,-17.5,0,2,9.147039413452148,111.02463961480719,116.80216676253234,0.950535787923598,0.3062769632954577,-101.87760020135504,101.87760020135504,10379.045422787136,-107.65512734908019,116.94146993761119,-107.79443052415904,107.79443052415904,11619.63925202775
space0_time2,2020-12-03 22:00:00,-13.5,-26.25,0,2,222.79576110839844,68.70083379532684,77.12531920261306,0.8907688746784365,0.30457181664564165,154.0949273130716,154.0949273130716,23745.246623620817,145.67044190578537,116.94146993761119,105.85429117078725,105.85429117078725,11205.130959269807
space0_time2,2020-12-03 23:00:00,55.25,-35.25,0,2,175.10047912597656,133.47600068703565,136.1523089818521,0.980343276475956,0.2961594906570385,41.62447843894091,41.62447843894091,1732.5972053138569,38.948170144124475,116.94146993761119,58.159009188365374,58.159009188365374,3382.470349772368
space0_time2,2020-12-03 23:00:00,51.25,-36.25,0,2,126.75183868408203,126.36900897984734,132.46289371467353,0.9539955336627897,0.29701651033151893,0.38282970423469465,0.38282970423469465,0.14655858244442377,-5.7110550305914956,116.94146993761119,9.810368746470843,9.810368746470843,96.2433349417319
space0_time2,2020-12-04 00:00:00,47.0,-37.25,0,2,139.16567993164062,143.4910432463863,149.12671754855342,0.9622088221694266,0.2978604787531985,-4.325363314745687,4.325363314745687,18.708767804547794,-9.96103761691279,116.94146993761119,22.224209994029437,22.224209994029437,493.9155098587179
space0_time2,2020-12-04 00:00:00,43.25,-38.5,0,2,148.31271362304688,141.69579890557543,146.6489647863033,0.9662243379082447,0.2991986579302047,6.616914717471445,6.616914717471445,43.78356037829022,1.663748836743565,116.94146993761119,31.371243685435687,31.371243685435687,984.1549303709885
space0_time2,2020-12-04 00:00:00,39.0,-39.5,0,2,125.44511413574219,148.6936271482488,154.20115082477884,0.9642835111990287,0.3012494569803984,-23.248513012506606,23.248513012506606,540.493357292689,-28.756036689036648,116.94146993761119,8.503644198131,8.503644198131,72.311964648407
space0_time2,2020-12-04 00:00:00,35.0,-40.25,0,2,54.882240295410156,141.2723315344202,147.10908656613523,0.9603236267183872,0.3028521718852314,-86.39009123901005,86.39009123901005,7463.247864284481,-92.22684627072508,116.94146993761119,-62.05922964220103,62.05922964220103,3851.3479837834434
space0_time2,2020-12-04 00:00:00,31.0,-41.25,0,2,1.9600799083709717,128.41405760677821,134.21379051592885,0.9567873548101429,0.3042873989819773,-126.45397769840724,126.45397769840724,15990.608475749277,-132.25371060755788,116.94146993761119,-114.98139002924022,114.98139002924022,13220.720053056262
space0_time2,2020-12-04 00:00:00,10.5,-45.25,0,2,3.2667999267578125,119.72587004787282,118.7780973713094,1.0079793556012322,0.30638574611978714,-116.459070121115,116.459070121115,13562.71501347478,-115.51129744455159,116.94146993761119,-113.67467001085338,113.67467001085338,12921.930602076407
space0_time2,2020-12-04 00:00:00,6.25,-46.0,0,2,13.720560073852539,119.63397827398998,118.96744594237678,1.0056026447095119,0.306184986311009,-105.91341820013744,105.91341820013744,11217.652154837206,-105.24688586852425,116.94146993761119,-103.22090986375865,103.22090986375865,10654.556233102188
space0_time2,2020-12-04 00:00:00,2.25,-47.0,0,2,143.08583068847656,111.84757883997659,113.45186709576663,0.9858593049470417,0.3058636571952871,31.23825184849997,31.23825184849997,975.8283785503119,29.633963592709932,116.94146993761119,26.144360750865374,26.144360750865374,683.5275990713899
space0_time2,2020-12-04 00:00:00,-2.0,-48.0,0,2,190.78111267089844,63.61620116797607,63.597154028532984,1.00029949672645,0.30563564336640203,127.16491150292237,127.16491150292237,16170.914717546077,127.18395864236545,116.94146993761119,73.83964273328725,73.83964273328725,5452.292838979501
space0_time2,2020-12-04 00:00:00,-6.25,-49.25,0,2,227.36927795410156,48.90775390618282,48.20576913549859,1.0145622564119052,0.3054653511781704,178.46152404791874,178.46152404791874,31848.51556550588,179.16350881860296,116.94146993761119,110.42780801649037,110.42780801649037,12194.300783326857
space0_time2,2020-12-04 00:00:00,-10.5,-50.25,0,2,187.51431274414062,43.14899959260335,41.92818339462025,1.0291168397755992,0.30539771612015104,144.36531315153726,144.36531315153726,20841.34364134142,145.58612934952038,116.94146993761119,70.57284280652944,70.57284280652944,4980.526141795113
space0_time2,2020-12-04 00:00:00,-15.0,-51.5,0,2,237.82302856445312,56.909247829175264,54.79564898123893,1.0385723846187127,0.30543642137991445,180.91378073527787,180.91378073527787,32729.796059932196,183.0273795832142,116.94146993761119,120.88155862684194,120.88155862684194,14612.351216054623
space0_time2,2020-12-04 01:00:00,57.75,-58.5,0,2,156.1530303955078,144.10668603139308,140.31902324827047,1.0269932236944164,0.2727688357664656,12.04634436411473,12.04634436411473,145.11441253883874,15.834007147237344,116.94146993761119,39.211560457896624,39.211560457896624,1537.5464735432822
space0_time2,2020-12-04 01:00:00,53.75,-59.75,0,2,169.22023010253906,126.16778616912808,122.11802456348158,1.033162685198378,0.27560185464294906,43.052443933410984,43.052443933410984,1853.5129286394963,47.10220553905748,116.94146993761119,52.278760164927874,52.278760164927874,2733.0687643820497
space0_time2,2020-12-04 01:00:00,49.5,-60.75,0,2,158.1131134033203,154.22941304271626,147.9431169868297,1.0424913046576283,0.2797005714526455,3.8837003606040525,3.8837003606040525,15.083128490956048,10.16999641649062,116.94146993761119,41.171643465709124,41.171643465709124,1695.1042256674689
space0_time2,2020-12-04 01:00:00,45.5,-61.75,0,2,184.2475128173828,137.01852960322165,136.64450177292235,1.0027372329325104,0.2835368310264934,47.22898321416116,47.22898321416116,2230.5768554435167,47.60301104446046,116.94146993761119,67.30604287977162,67.30604287977162,4530.103408133657
space0_time2,2020-12-04 01:00:00,41.5,-62.75,0,2,176.40719604492188,162.54400011922382,166.5962216729586,0.9756763898181937,0.2873359342806422,13.86319592569805,13.86319592569805,192.18820127429103,9.810974371963283,116.94146993761119,59.46572610731069,59.46572610731069,3536.172581469692
space0_time2,2020-12-04 01:00:00,37.5,-63.5,0,2,199.92816162109375,148.0760412712248,155.32232696593005,0.953346786413426,0.29099178121898406,51.852120349868954,51.852120349868954,2688.642384777294,44.605834655163704,116.94146993761119,82.98669168348256,82.98669168348256,6886.790996569393
space0_time2,2020-12-04 01:00:00,33.25,-64.5,0,2,216.91551208496094,134.92434154029655,142.1775963419337,0.9489845447647516,0.29418078364512645,81.99117054466439,81.99117054466439,6722.552047284241,74.73791574302723,116.94146993761119,99.97404214734975,99.97404214734975,9994.809103280064
space0_time2,2020-12-04 01:00:00,29.25,-65.25,0,2,224.10247802734375,122.63529951988396,126.13325057409351,0.9722678117127036,0.29664968279259984,101.46717850745979,101.46717850745979,10295.58831426471,97.96922745325024,116.94146993761119,107.16100808973256,107.16100808973256,11483.481654807727
space0_time2,2020-12-04 01:00:00,25.25,-66.25,0,2,207.7684783935547,112.33608556051452,114.56188853686389,0.9805711741943471,0.29849790935861875,95.43239283304017,95.43239283304017,9107.341601839697,93.2065898566908,116.94146993761119,90.8270084559435,90.8270084559435,8249.545465056031
space0_time2,2020-12-04 01:00:00,21.25,-67.0,0,2,193.39456176757812,115.75469236242955,113.34439772720879,1.0212652295442228,0.3006115603637212,77.63986940514857,77.63986940514857,6027.949321248526,80.05016404036934,116.94146993761119,76.45309182996694,76.45309182996694,5845.075250361358
space0_time2,2020-12-04 01:00:00,17.0,-67.75,0,2,165.95343017578125,105.44041261994857,102.28137713134308,1.0308857347955809,0.3018658191304937,60.513017555832675,60.513017555832675,3661.8252937125135,63.67205304443817,116.94146993761119,49.01196023817006,49.01196023817006,2402.1722463879632
space0_time2,2020-12-04 01:00:00,13.0,-68.75,0,2,90.8170394897461,91.2513113483268,90.81014370082688,1.0048581318068757,0.3028407426569716,-0.4342718585807006,0.4342718585807006,0.18859204715513603,0.006895788919209167,116.94146993761119,-26.124430447865095,26.124430447865095,682.4858662253408
space0_time2,2020-12-04 01:00:00,9.0,-69.5,0,2,25.48103904724121,64.69780668973812,69.95928678162956,0.9247922565546648,0.30307309688886075,-39.216767642496905,39.216767642496905,1537.9548643255923,-44.47824773438835,116.94146993761119,-91.46043089036998,91.46043089036998,8365.010418652142
space0_time3,2020-12-04 03:00:00,56.25,-83.25,0,3,160.7265625,112.40911068452282,134.94804099126637,0.8329806780359099,0.3232000595136682,48.317451815477185,48.317451815477185,2334.5761499409596,25.778521508733633,115.5829805620348,45.143581937965195,45.143581937965195,2037.9429901897774
space0_time3,2020-12-04 03:00:00,52.25,-84.25,0,3,163.33999633789062,110.84581525764655,135.18220367173208,0.819973430280938,0.327648108907735,52.494181080244076,52.494181080244076,2755.639047285455,28.157792666158542,115.5829805620348,47.75701577585582,47.75701577585582,2280.7325558153416
space0_time3,2020-12-04 03:00:00,48.25,-85.5,0,3,165.30007934570312,110.7375926658065,136.57835490416858,0.8107989933215005,0.3328196076437532,54.56248667989662,54.56248667989662,2977.0649526938964,28.721724441534548,115.5829805620348,49.71709878366832,49.71709878366832,2471.789911465034
space0_time3,2020-12-04 03:00:00,44.25,-86.5,0,3,192.08782958984375,110.12164291445305,136.9778926174111,0.8039373420792111,0.3378197643636368,81.9661866753907,81.9661866753907,6718.455758104997,55.10993697243265,115.5829805620348,76.50484902780894,76.50484902780894,5852.991924767839
space0_time3,2020-12-04 03:00:00,40.0,-87.25,0,3,170.52696228027344,116.21355591411836,143.58277755082824,0.8093836732819769,0.3426856265630414,54.31340636615508,54.31340636615508,2949.946111095095,26.944184729445197,115.5829805620348,54.94398171823863,54.94398171823863,3018.841127054141
space0_time3,2020-12-04 03:00:00,36.0,-88.25,0,3,197.96807861328125,88.45452629762573,108.82740035709307,0.8127964649287014,0.3477157122050828,109.51355231565552,109.51355231565552,11993.218140793817,89.14067825618818,115.5829805620348,82.38509805124644,82.38509805124644,6787.304380913491
space0_time3,2020-12-04 03:00:00,32.0,-88.75,0,3,167.91351318359375,72.39429126521345,90.58675181708827,0.7991708479777614,0.3522737816075497,95.5192219183803,95.5192219183803,9123.921755892783,77.32676136650548,115.5829805620348,52.330532621558945,52.330532621558945,2738.484644456045
space0_time3,2020-12-04 03:00:00,27.75,-89.75,0,3,205.155029296875,44.68648157709507,56.75174503230565,0.7874027759262294,0.3576500075505742,160.46854771977993,160.46854771977993,25750.15480729529,148.40328426456935,115.5829805620348,89.5720487348402,89.5720487348402,8023.151914556587
space0_time3,2020-12-04 03:00:00,23.75,-90.5,0,3,133.9387969970703,44.76751768415115,57.56062556031343,0.7777455030825309,0.3624292765443814,89.17127931291915,89.17127931291915,7951.517054302643,76.37817143675687,115.5829805620348,18.355816435035507,18.355816435035507,336.9359969967196
space0_time3,2020-12-04 03:00:00,19.5,-91.5,0,3,187.51431274414062,61.34042194874998,79.71096345137242,0.7695355731858722,0.3676727217000633,126.17389079539065,126.17389079539065,15919.850718447165,107.8033492927682,115.5829805620348,71.93133218210582,71.93133218210582,5174.116549492453
space0_time3,2020-12-04 03:00:00,15.5,-92.25,0,3,226.06256103515625,45.06804541170763,61.40044511580224,0.7340019331571384,0.37216685540703787,180.99451562344862,180.99451562344862,32759.014685766786,164.662115919354,115.5829805620348,110.47958047312144,110.47958047312144,12205.737701516917
space0_time3,2020-12-04 03:00:00,11.5,-93.0,0,3,188.82102966308594,56.39929129180204,95.69837167629825,0.58934431489152,0.3754641371399734,132.4217383712839,132.4217383712839,17535.516793272764,93.12265798678769,115.5829805620348,73.23804910105113,73.23804910105113,5363.811836127977
space0_time3,2020-12-04 03:00:00,7.5,-94.0,0,3,175.7538299560547,48.166821368528986,83.23682099700548,0.57867204431392,0.3801053356869491,127.5870085875257,127.5870085875257,16278.444760313358,92.5170089590492,115.5829805620348,60.17084939401988,60.17084939401988,3620.531116797823
space0_time3,2020-12-04 03:00:00,3.25,-95.0,0,3,218.87559509277344,47.8718646596746,84.65195830739565,0.565513965853431,0.3849218016185445,171.00373043309884,171.00373043309884,29242.275822035932,134.22363678537778,115.5829805620348,103.29261453073863,103.29261453073863,10669.364216595757
space0_time3,2020-12-04 03:00:00,-1.0,-96.0,0,3,209.7285614013672,35.60366944098093,64.01760835536605,0.5561543199699458,0.389682509730858,174.12489196038626,174.12489196038626,30319.47800021619,145.71095304600112,115.5829805620348,94.14558083933238,94.14558083933238,8863.390391575269
space0_time3,2020-12-04 03:00:00,-5.0,-97.0,0,3,209.0751953125,36.19666192406532,65.73187141896958,0.5506714040339845,0.3941632835106412,172.87853338843468,172.87853338843468,29886.987306536124,143.34332389353042,115.5829805620348,93.4922147504652,93.4922147504652,8740.794218947101
space0_time3,2020-12-04 03:00:00,-9.25,-98.0,0,3,225.40919494628906,27.315653099069213,67.76581281107477,0.40308899083410826,0.3886563027725661,198.09354184721985,198.09354184721985,39241.05132157624,157.6433821352143,115.5829805620348,109.82621438425426,109.82621438425426,12061.797365976177
space0_time3,2020-12-04 03:00:00,-13.75,-99.5,0,3,232.59616088867188,26.179781667818844,62.633272331976684,0.4179852128603069,0.38994935442560796,206.41637922085303,206.41637922085303,42607.72161064701,169.9628885566952,115.5829805620348,117.01318032663707,117.01318032663707,13692.084370154085
space0_time3,2020-12-04 22:00:00,46.0,-15.75,0,3,188.1676788330078,117.80853456560514,134.15982204003913,0.8781208321105697,0.37176920812058845,70.35914426740267,70.35914426740267,4950.409182041182,54.00785679296868,115.5829805620348,72.584698270973,72.584698270973,5268.538423088192
space0_time3,2020-12-04 22:00:00,42.0,-16.75,0,3,179.6739959716797,120.09701030101883,135.1235045522236,0.8887943714825929,0.37267136921824184,59.57698567066086,59.57698567066086,3549.4172216021293,44.55049141945608,115.5829805620348,64.09101540964488,64.09101540964488,4107.658256239338
space0_time3,2020-12-04 22:00:00,38.0,-17.5,0,3,177.06056213378906,108.95615517147192,120.3856733308996,0.905059149953734,0.37356806282624233,68.10440696231714,68.10440696231714,4638.210247688911,56.674888802889456,115.5829805620348,61.47758157175426,61.47758157175426,3779.493035911699
space0_time3,2020-12-04 22:00:00,34.0,-18.5,0,3,187.51431274414062,81.09974704095048,91.12736599956872,0.8899603993967551,0.374974665228952,106.41456570319015,106.41456570319015,11324.059793798573,96.3869467445719,115.5829805620348,71.93133218210582,71.93133218210582,5174.116549492453
space0_time3,2020-12-04 22:00:00,29.75,-19.25,0,3,203.19496154785156,77.0479338411642,87.55969743713754,0.8799474655160822,0.3765730956075608,126.14702770668737,126.14702770668737,15913.072599231751,115.63526411071402,115.5829805620348,87.61198098581676,87.61198098581676,7675.859212259117
space0_time3,2020-12-04 22:00:00,25.75,-20.0,0,3,171.83367919921875,51.7835880727944,59.41719737498418,0.871525254649529,0.3782916236911166,120.05009112642435,120.05009112642435,14412.02437946279,112.41648182423458,115.5829805620348,56.250698637183945,56.250698637183945,3164.1410971712876
space0_time3,2020-12-04 22:00:00,21.75,-21.0,0,3,203.8483123779297,58.564895863507985,67.79492169934358,0.8638537282074185,0.3801822980310079,145.2834165144217,145.2834165144217,21107.27111410294,136.0533906785861,115.5829805620348,88.26533181589488,88.26533181589488,7790.768800570026
space0_time3,2020-12-04 22:00:00,17.75,-21.75,0,3,209.7285614013672,47.7806509560178,55.70197867226236,0.8577909096757258,0.3821871862497635,161.94791044534938,161.94791044534938,26227.1256976149,154.02658272910483,115.5829805620348,94.14558083933238,94.14558083933238,8863.390391575269
space0_time3,2020-12-04 22:00:00,13.5,-22.5,0,3,186.2075958251953,59.99132549862719,70.4015973096816,0.852130175892717,0.3844858324781798,126.21627032656812,126.21627032656812,15930.54689514932,115.8059985155137,115.5829805620348,70.6246152631605,70.6246152631605,4987.836281069444
space0_time3,2020-12-04 22:00:00,9.5,-23.5,0,3,148.31271362304688,64.18462146020627,75.66774406962769,0.8482428312009023,0.386867662050269,84.1280921628406,84.1280921628406,7077.535890959402,72.64496955341919,115.5829805620348,32.72973306101207,32.72973306101207,1071.2354262451065
space0_time3,2020-12-04 22:00:00,5.25,-24.5,0,3,90.16368103027344,65.64934025990968,77.63856652791966,0.8455764086821651,0.3895605735752311,24.51434077036376,24.51434077036376,600.9529034055188,12.525114502353773,115.5829805620348,-25.419299531761368,25.419299531761368,646.1407886854037
space0_time3,2020-12-04 22:00:00,1.25,-25.25,0,3,92.1237564086914,58.08992818836668,71.47234469785046,0.8127609138043813,0.3920184862451077,34.03382822032473,34.03382822032473,1158.301463330572,20.651411710840947,115.5829805620348,-23.4592241533434,23.4592241533434,550.3351978768103
space0_time3,2020-12-04 22:00:00,-3.0,-26.25,0,3,86.24351501464844,61.90809734706531,76.30455037297885,0.8113290366623841,0.39504984936033133,24.33541766758313,24.33541766758313,592.2125530557171,9.938964641669585,115.5829805620348,-29.339465547386368,29.339465547386368,860.8042386062716
space0_time3,2020-12-04 22:00:00,-7.25,-27.5,0,3,58.14904022216797,53.46736605407297,65.9585883954705,0.8106202293702314,0.3983537971787199,4.681674168095,4.681674168095,21.918073016208012,-7.809548173302531,115.5829805620348,-57.43394033986684,57.43394033986684,3298.657502963383
space0_time3,2020-12-04 22:00:00,-11.5,-28.75,0,3,38.548240661621094,41.736339979413025,52.85010681738901,0.7897115539164952,0.40170649704785055,-3.188099317791931,3.188099317791931,10.163977260105375,-14.301866155767918,115.5829805620348,-77.03473990041371,77.03473990041371,5934.351151524393
space0_time3,2020-12-04 22:00:00,-15.75,-30.0,0,3,28.094478607177734,36.78302991096033,46.56429185019007,0.7899407131391862,0.4053678134248926,-8.688551303782596,8.688551303782596,75.49092375846224,-18.469813243012332,115.5829805620348,-87.48850195485707,87.48850195485707,7654.23797430503
space1_time0,2020-12-01 05:00:00,48.25,-126.75,1,0,152.23287963867188,170.32231813692928,158.01827638520714,1.0778646751071255,0.30570258457983823,-18.089438498257408,18.089438498257408,327.22778518223726,-5.78539674653527,129.16139134670544,23.071488291966432,23.071488291966432,532.2935720063441
space1_time0,2020-12-01 05:00:00,44.5,-127.5,1,0,153.5395965576172,169.4581910911118,157.45437611308787,1.0762367821990697,0.3054731540595722,-15.918594533494598,15.918594533494598,253.4016519218041,-3.9147795554706875,129.16139134670544,24.378205210911744,24.378205210911744,594.2968893053245
space1_time0,2020-12-01 05:00:00,40.5,-128.25,1,0,159.41983032226562,169.53575804367392,157.21169755855468,1.078391498066033,0.3052426759113881,-10.115927721408298,10.115927721408298,102.33199366475688,2.2081327637109496,129.16139134670544,30.258438975560182,30.258438975560182,915.5731292376995
space1_time0,2020-12-01 06:00:00,36.25,-129.25,1,0,199.27479553222656,158.56455947557978,148.42634140959697,1.0683047090543414,0.3051256515045142,40.71023605664678,40.71023605664678,1657.3233197879033,50.84845412262959,129.16139134670544,70.11340418552112,70.11340418552112,4915.889446482251
space1_time0,2020-12-01 06:00:00,32.25,-130.0,1,0,226.06256103515625,165.803965109811,155.56566059363465,1.0658133965883427,0.30655067306843753,60.25859592534525,60.25859592534525,3631.098382894035,70.4969004415216,129.16139134670544,96.9011696884508,96.9011696884508,9389.836686989938
space1_time0,2020-12-01 06:00:00,28.25,-130.75,1,0,207.7684783935547,132.1806578458275,153.73011380881468,0.8598228061563331,0.3066181071929259,75.58782054772718,75.58782054772718,5713.518615155407,54.03836458474001,129.16139134670544,78.60708704684924,78.60708704684924,6179.074133990935
space1_time0,2020-12-01 06:00:00,24.0,-131.5,1,0,190.1277618408203,159.47735809890406,171.50450677950062,0.9298726960215715,0.3066745096589235,30.65040374191625,30.65040374191625,939.4472495424736,18.623255061319696,129.16139134670544,60.96637049411487,60.96637049411487,3716.89833122568
space1_time0,2020-12-01 06:00:00,20.0,-132.5,1,0,190.1277618408203,147.34420003105453,159.23355170335842,0.9253338787892329,0.3067341281635626,42.783561809765786,42.783561809765786,1830.4331611300495,30.894210137461897,129.16139134670544,60.96637049411487,60.96637049411487,3716.89833122568
space1_time0,2020-12-01 06:00:00,16.0,-133.25,1,0,209.7285614013672,142.52977324033205,152.91451172937718,0.9320879465813968,0.30684319804471816,67.19878816103514,67.19878816103514,4515.677130311677,56.814049671990006,129.16139134670544,80.56717005466174,80.56717005466174,6491.068890616784
space1_time0,2020-12-01 06:00:00,12.0,-134.25,1,0,226.71591186523438,144.71734598793736,153.00954779663843,0.9458059844754133,0.3054797736267758,81.99856587729701,81.99856587729701,6723.764805933418,73.70636406859595,129.16139134670544,97.55452051852893,97.55452051852893,9516.884473600083
space1_time0,2020-12-01 06:00:00,7.75,-135.0,1,0,231.9427947998047,151.344305982006,141.89931946338382,1.0665611826352652,0.30560434344612913,80.59848881779868,80.59848881779868,6496.116399712819,90.04347533642087,129.16139134670544,102.78140345309924,102.78140345309924,10564.016895788762
space1_time0,2020-12-01 06:00:00,3.75,-136.0,1,0,238.4763946533203,161.9569702502922,153.530920895195,1.05488177434205,0.3056266859764292,76.51942440302813,76.51942440302813,5855.2223109707365,84.9454737581253,129.16139134670544,109.31500330661487,109.31500330661487,11949.76994792522
space1_time0,2020-12-01 06:00:00,-0.5,-137.0,1,0,214.95542907714844,188.21024093821592,176.48717037737174,1.0664244915694294,0.3056100312064207,26.74518813893252,26.74518813893252,715.3050885868968,38.4682586997767,129.16139134670544,85.794037730443,85.794037730443,7360.616910092676
space1_time0,2020-12-01 06:00:00,-4.75,-138.0,1,0,235.2095947265625,197.42046324058052,184.41449671741069,1.0705257273949544,0.30566453692413853,37.78913148598198,37.78913148598198,1428.0184584648348,50.795098009151815,129.16139134670544,106.04820337985706,106.04820337985706,11246.221440095525
space1_time0,2020-12-01 06:00:00,-9.0,-139.0,1,0,224.10247802734375,185.37168149088072,174.88318079233443,1.0599743248666147,0.30563558588062734,38.73079653646303,38.73079653646303,1500.0746003488969,49.21929723500932,129.16139134670544,94.9410866806383,94.9410866806383,9013.809940100477
space1_time0,2020-12-01 06:00:00,-13.25,-140.25,1,0,235.2095947265625,169.76420707561783,160.1587916735443,1.059974324866614,0.3056355858806274,65.44538765094467,65.44538765094467,4283.09876478242,75.0508030530182,129.16139134670544,106.04820337985706,106.04820337985706,11246.221440095525
space1_time0,2020-12-01 06:00:00,-17.75,-141.75,1,0,229.9827117919922,127.61055287637878,120.76338928018527,1.0566990015517637,0.30568557993442647,102.37215891561341,102.37215891561341,10480.058921043606,109.21932251180692,129.16139134670544,100.82132044528674,100.82132044528674,10164.938656331195
space1_time0,2020-12-01 07:00:00,55.0,-149.0,1,0,160.0731964111328,153.56403120947917,142.61208441340963,1.0767953630375506,0.30537563221111075,6.509165201653644,6.509165201653644,42.36923162241873,17.46111199772318,129.16139134670544,30.91180506442737,30.91180506442737,955.5396923411575
space1_time0,2020-12-01 07:00:00,51.0,-149.75,1,0,137.20559692382812,152.171331604331,143.16262511081825,1.06292638519683,0.30510210601088195,-14.965734680502862,14.965734680502862,223.97321452720612,-5.957028186990129,129.16139134670544,8.044205577122682,8.044205577122682,64.70924336701167
space1_time0,2020-12-01 07:00:00,47.0,-151.0,1,0,182.2874298095703,143.08281134867562,133.11270420812758,1.0748997415375114,0.3050265202233262,39.20461846089469,39.20461846089469,1537.002108664325,49.17472560144273,129.16139134670544,53.12603846286487,53.12603846286487,2822.3759627577974
space1_time0,2020-12-01 07:00:00,43.0,-152.0,1,0,158.1131134033203,142.56361688734793,132.20309010710224,1.0783682648556265,0.30501048220353544,15.549496515972379,15.549496515972379,241.78684190023716,25.91002329621807,129.16139134670544,28.95172205661487,28.95172205661487,838.2022100434799
space1_time0,2020-12-01 07:00:00,38.75,-152.75,1,0,178.36727905273438,134.3879652684913,123.5532227643813,1.0876929169607503,0.30500805261913067,43.97931378424306,43.97931378424306,1934.1800409329117,54.81405628835307,129.16139134670544,49.20588770602893,49.20588770602893,2421.2193849383293
space1_time0,2020-12-01 07:00:00,34.75,-153.5,1,0,143.73919677734375,142.85048322498392,130.88143895831635,1.0914495161569824,0.3049302108484512,0.8887135523598317,0.8887135523598317,0.7898117781480314,12.857757819027398,129.16139134670544,14.577805430638307,14.577805430638307,212.51241117354772
space1_time0,2020-12-01 07:00:00,30.75,-154.5,1,0,95.39055633544922,185.3608147147291,171.90928221099807,1.0782478545121308,0.30514517787406537,-89.97025837927987,89.97025837927987,8094.647392834379,-76.51872587554885,129.16139134670544,-33.770835011256224,33.770835011256224,1140.4692973574893
space1_time0,2020-12-01 07:00:00,22.75,-156.0,1,0,5.226880073547363,185.37429365823942,187.1091307020678,0.9907282074513465,0.3052713745073486,-180.14741358469206,180.14741358469206,32453.090621254094,-181.88225062852044,129.16139134670544,-123.93451127315808,123.93451127315808,15359.763084516548
space1_time0,2020-12-01 09:00:00,60.5,-173.25,1,0,114.9913558959961,154.23479783370786,146.36720249635968,1.0537524472912152,0.30485383880392986,-39.243441937711765,39.243441937711765,1540.0477351185546,-31.375846600363587,129.16139134670544,-14.17003545070935,14.17003545070935,200.78990467435972
space1_time0,2020-12-01 09:00:00,57.0,-173.75,1,0,125.44511413574219,158.25294060455252,149.79198856641267,1.0564846766446958,0.3048556955062084,-32.80782646881033,32.80782646881033,1076.353477607572,-24.346874430670482,129.16139134670544,-3.7162772109632556,3.7162772109632556,13.810716308724833
space1_time0,2020-12-01 09:00:00,53.25,-174.0,1,0,123.48503875732422,161.1256945146898,151.23561415127938,1.065395181015481,0.3049205830509899,-37.64065575736558,37.64065575736558,1416.8189658444985,-27.75057539395516,129.16139134670544,-5.676352589381224,5.676352589381224,32.22097871897493
space1_time0,2020-12-01 09:00:00,49.5,-174.5,1,0,114.9913558959961,163.55793049674392,152.41387670347981,1.0731170549184625,0.30607029446508194,-48.56657460074783,48.56657460074783,2358.712168450004,-37.42252080748372,129.16139134670544,-14.17003545070935,14.17003545070935,200.78990467435972
space1_time0,2020-12-01 09:00:00,45.5,-175.5,1,0,137.20559692382812,166.59561234813174,155.2445854667644,1.0731170549184625,0.30607029446508194,-29.390015424303613,29.390015424303613,863.7730066408043,-18.038988542936266,129.16139134670544,8.044205577122682,8.044205577122682,64.70924336701167
space1_time0,2020-12-01 09:00:00,41.5,-176.5,1,0,153.5395965576172,170.3955265040392,157.34028327205885,1.082974575617144,0.30621176970235264,-16.85592994642201,16.85592994642201,284.1223743586863,-3.8006867144416674,129.16139134670544,24.378205210911744,24.378205210911744,594.2968893053245
space1_time0,2020-12-01 09:00:00,37.5,-177.5,1,0,81.66999816894531,153.98786376686843,142.1897311662343,1.0829745756171443,0.3062117697023527,-72.31786559792312,72.31786559792312,5229.873684639272,-60.519732997289,129.16139134670544,-47.49139317776013,47.49139317776013,2255.4324259646014
space1_time0,2020-12-01 09:00:00,33.5,-178.25,1,0,18.294078826904297,158.10574837600166,144.87694981278509,1.0913105817061395,0.30498759165197353,-139.81166954909736,139.81166954909736,19547.302942106,-126.58287098588079,129.16139134670544,-110.86731251980115,110.86731251980115,12291.560985363256
space1_time0,2020-12-01 09:00:00,25.25,-179.75,1,0,13.06719970703125,196.43566230316947,182.9436156207255,1.0737497541888281,0.30513934953568544,-183.36846259613822,183.36846259613822,33623.99307487134,-169.87641591369425,129.16139134670544,-116.0941916396742,116.0941916396742,13477.861332469398
space1_time0,2020-12-01 10:00:00,60.25,164.25,1,0,137.20559692382812,131.59854663518936,131.8573737702747,0.9980370674184952,0.302548677158441,5.60705028863876,5.60705028863876,31.439012939324,5.34822315355342,129.16139134670544,8.044205577122682,8.044205577122682,64.70924336701167
space1_time0,2020-12-01 10:00:00,56.25,163.0,1,0,143.73919677734375,137.09748672139472,136.1199087187871,1.0071817415380966,0.30199718469502107,6.641710055949034,6.641710055949034,44.112312467294515,7.619288058556663,129.16139134670544,14.577805430638307,14.577805430638307,212.51241117354772
space1_time0,2020-12-01 10:00:00,52.0,162.0,1,0,145.69927978515625,140.79632638795636,139.602892040603,1.0085487795410875,0.30197106297929854,4.902953397199894,4.902953397199894,24.038952015113985,6.096387744553255,129.16139134670544,16.537888438450807,16.537888438450807,273.5017540026449
space1_time0,2020-12-01 10:00:00,48.0,161.0,1,0,146.35263061523438,141.85057254795635,140.1327458400177,1.012258567386525,0.3022210901016159,4.502058067278028,4.502058067278028,20.268526841143178,6.219884775216684,129.16139134670544,17.191239268528932,17.191239268528932,295.5387075878112
space1_time0,2020-12-01 10:00:00,44.0,160.0,1,0,192.08782958984375,139.68419681950544,139.97643163664773,0.9979122569869417,0.3024449226186188,52.403632770338305,52.403632770338305,2746.1407275284746,52.11139795319602,129.16139134670544,62.92643824313831,62.92643824313831,3959.736629967499
space1_time0,2020-12-01 10:00:00,40.0,159.0,1,0,162.0332794189453,139.9256596423547,141.70370969687613,0.9874523394036407,0.3025314678334651,22.10761977659061,22.10761977659061,488.74685218630026,20.32956972206918,129.16139134670544,32.87188807223987,32.87188807223987,1080.5610254338658
space1_time0,2020-12-01 10:00:00,35.75,158.25,1,0,187.51431274414062,120.2825927319006,117.58010503992341,1.0229842258693302,0.3026368210671708,67.23172001224002,67.23172001224002,4520.104175804235,69.93420770421721,129.16139134670544,58.35292139743518,58.35292139743518,3405.0634356152486
space1_time0,2020-12-01 10:00:00,31.75,157.5,1,0,175.7538299560547,140.63268013563254,135.3957327370942,1.0386788216487384,0.30466497031746925,35.12114982042215,35.12114982042215,1233.4951647085386,40.358097218960495,129.16139134670544,46.592438609349244,46.592438609349244,2170.8553355659783
space1_time0,2020-12-01 10:00:00,27.75,156.5,1,0,184.90087890625,168.37669102735836,162.1065988041298,1.0386788216487386,0.3046649703174693,16.524187878891638,16.524187878891638,273.0487850569093,22.79428010212021,129.16139134670544,55.73948755954456,55.73948755954456,3106.8904734006223
space1_time0,2020-12-01 10:00:00,23.75,155.75,1,0,199.92816162109375,156.25118553234793,150.43262871608746,1.0386788216487384,0.3046649703174692,43.67697608874582,43.67697608874582,1907.678240256874,49.495532905006286,129.16139134670544,70.7667702743883,70.7667702743883,5007.935775068048
space1_time0,2020-12-01 10:00:00,19.5,155.0,1,0,207.1151123046875,159.01040335958584,150.73571213754272,1.05489536026136,0.3048454013345543,48.10470894510166,48.10470894510166,2314.063022692944,56.37940016714478,129.16139134670544,77.95372095798206,77.95372095798206,6076.782611194931
space1_time0,2020-12-01 10:00:00,15.5,154.0,1,0,225.40919494628906,122.02260153085462,115.65027541674195,1.0550999648824886,0.3048391879921591,103.38659341543445,103.38659341543445,10688.787698048354,109.75891952954711,129.16139134670544,96.24780359958362,96.24780359958362,9263.639697744022
space1_time0,2020-12-01 10:00:00,11.5,153.25,1,0,214.95542907714844,127.4889982045556,119.26294303197703,1.0689741084988402,0.30474322198870885,87.46643087259284,87.46643087259284,7650.376529590061,95.6924860451714,129.16139134670544,85.794037730443,85.794037730443,7360.616910092676
space1_time0,2020-12-01 10:00:00,7.25,152.5,1,0,166.60679626464844,115.15927058927143,105.94285439153711,1.0869942220328792,0.3027395628487229,51.44752567537701,51.44752567537701,2646.8478981185763,60.66394187311133,129.16139134670544,37.445404917942994,37.445404917942994,1402.1583494687095
space1_time0,2020-12-01 10:00:00,3.25,151.5,1,0,145.69927978515625,148.75466754608416,136.84954761570455,1.0869942220328792,0.3027395628487229,-3.055387760927914,3.055387760927914,9.335394369628093,8.849732169451698,129.16139134670544,16.537888438450807,16.537888438450807,273.5017540026449
space1_time0,2020-12-01 10:00:00,-1.0,150.5,1,0,143.08583068847656,146.36690891455035,133.93156009507427,1.0928485325687876,0.3025840840674401,-3.281078226073788,3.281078226073788,10.765474325615516,9.154270593402288,129.16139134670544,13.92443934177112,13.92443934177112,193.8900109826633
space1_time0,2020-12-01 11:00:00,-5.25,149.5,1,0,162.68663024902344,126.47169962097617,115.13867983031957,1.0984293011467399,0.3025346663711516,36.21493062804727,36.21493062804727,1311.5212003942763,47.54795041870386,129.16139134670544,33.525238902317994,33.525238902317994,1123.941643457496
space1_time0,2020-12-01 11:00:00,-9.5,148.25,1,0,124.13839721679688,47.85137415061601,43.563453834179455,1.0984293011467396,0.3025346663711516,76.28702306618086,76.28702306618086,5819.709888300012,80.57494338261742,129.16139134670544,-5.022994129908568,5.022994129908568,25.230470029095933
space1_time0,2020-12-01 11:00:00,-13.75,147.0,1,0,100.61743927001953,113.11626535086387,102.98001449230513,1.0984293011467396,0.3025346663711516,-12.498826080844339,12.498826080844339,156.22065339919465,-2.3625752222855994,129.16139134670544,-28.543952076685912,28.543952076685912,814.757200156142
space1_time0,2020-12-01 12:00:00,52.5,137.75,1,0,151.5795135498047,133.2495038024254,133.06743143415932,1.001368271456838,0.3026172063396723,18.33000974737928,18.33000974737928,335.9892573390194,18.51208211564537,129.16139134670544,22.418122203099244,22.418122203099244,502.57220311309135
space1_time0,2020-12-01 12:00:00,48.75,136.5,1,0,152.23287963867188,126.77941958621678,127.00684106871621,0.9982093761203275,0.3027883584478566,25.4534600524551,25.4534600524551,647.8786286419275,25.226038569955662,129.16139134670544,23.071488291966432,23.071488291966432,532.2935720063441
space1_time0,2020-12-01 12:00:00,45.0,135.25,1,0,143.73919677734375,128.38196388990255,129.01578633259925,0.9950872489273316,0.3028762467865305,15.3572328874412,15.3572328874412,235.84460195910555,14.723410444744502,129.16139134670544,14.577805430638307,14.577805430638307,212.51241117354772
space1_time0,2020-12-01 12:00:00,41.25,134.5,1,0,101.92415618896484,147.21525612237963,141.73318359249748,1.0386788216487386,0.3046649703174692,-45.291099933414785,45.291099933414785,2051.2837331785645,-39.80902740353264,129.16139134670544,-27.2372351577406,27.2372351577406,741.8669790380605
space1_time0,2020-12-01 12:00:00,37.5,134.0,1,0,40.50831985473633,139.0785394272822,133.89946586810828,1.0386788216487384,0.30466497031746925,-98.57021957254588,98.57021957254588,9716.088186579907,-93.39114601337195,129.16139134670544,-88.65307149196911,88.65307149196911,7859.367084960187
space1_time0,2020-12-01 12:00:00,34.0,133.5,1,0,24.174320220947266,141.76865872866534,136.48940921278256,1.0386788216487381,0.3046649703174692,-117.59433850771808,117.59433850771808,13828.428449067787,-112.3150889918353,129.16139134670544,-104.98707112575818,104.98707112575818,11022.285103565006
space1_time0,2020-12-01 12:00:00,30.25,132.75,1,0,11.1071195602417,148.1253801470908,142.60941598093362,1.0386788216487377,0.3046649703174693,-137.0182605868491,137.0182605868491,18774.003734245685,-131.50229642069192,129.16139134670544,-118.05427178646374,118.05427178646374,13936.811087032249
space1_time0,2020-12-01 12:00:00,26.25,132.0,1,0,4.573519706726074,140.12694120906554,134.01965266466317,1.0455700967953088,0.3047893572491071,-135.55342150233946,135.55342150233946,18374.730080990907,-129.4461329579371,129.16139134670544,-124.58787163997937,124.58787163997937,15522.137759779975
space1_time0,2020-12-01 12:00:00,14.25,129.25,1,0,1.3067200183868408,107.65855161101807,100.71202918301074,1.06897410849884,0.30474322198870885,-106.35183159263123,106.35183159263123,11310.712083107393,-99.4053091646239,129.16139134670544,-127.8546713283186,127.8546713283186,16346.816980472375
space1_time1,2020-12-02 06:00:00,50.0,-128.5,1,1,173.14039611816406,186.69763285855313,162.45833127708622,1.1492031919257175,0.2721840639969815,-13.557236740389072,13.557236740389072,183.7986680349553,10.682064841077846,126.82816431652196,46.3122318016421,46.3122318016421,2144.82281444903
space1_time1,2020-12-02 06:00:00,46.0,-129.25,1,1,168.56687927246094,185.41980249421007,162.05141652350758,1.1442035279420872,0.27219306386757225,-16.852923221749137,16.852923221749137,284.0210211181713,6.515462748953354,126.82816431652196,41.738714955938974,41.738714955938974,1742.1203261731239
space1_time1,2020-12-02 06:00:00,42.0,-130.25,1,1,197.31471252441406,183.22879251305469,159.25740282428117,1.1505197828400016,0.27219734629267367,14.085920011359377,14.085920011359377,198.41314256641456,38.05730970013289,126.82816431652196,70.4865482078921,70.4865482078921,4968.353478263497
space1_time1,2020-12-02 06:00:00,38.0,-131.25,1,1,203.19496154785156,187.16844988627753,161.20776552533272,1.161038671284512,0.2722392016613705,16.026511661574034,16.026511661574034,256.8490760385685,41.987196022518845,126.82816431652196,76.3667972313296,76.3667972313296,5831.8877193710105
space1_time1,2020-12-02 06:00:00,33.75,-132.0,1,1,186.2075958251953,161.56641734040846,137.53929191407605,1.1746928102650318,0.2722403827249967,24.64117848478685,24.64117848478685,607.1876771191223,48.66830391111927,126.82816431652196,59.37943150867335,59.37943150867335,3525.9168862932293
space1_time1,2020-12-02 06:00:00,29.75,-133.0,1,1,196.00799560546875,162.09013469313982,136.9124409754256,1.1838963175175097,0.27225611315031506,33.91786091232893,33.91786091232893,1150.4212888680909,59.095554630043154,126.82816431652196,69.17983128894679,69.17983128894679,4785.849057167141
space1_time1,2020-12-02 06:00:00,25.75,-133.75,1,1,180.32736206054688,162.48886227700115,137.21660761461172,1.184177812742386,0.27197100386814604,17.83849978354573,17.83849978354573,318.212074527561,43.11075444593516,126.82816431652196,53.49919774402491,53.49919774402491,2862.16415925428
space1_time1,2020-12-02 06:00:00,21.75,-134.5,1,1,180.980712890625,166.1054228614857,145.02120256156908,1.145387156688107,0.272018364569552,14.875290029139308,14.875290029139308,221.2742534510113,35.95951032905592,126.82816431652196,54.15254857410304,54.15254857410304,2932.4985170705886
space1_time1,2020-12-02 06:00:00,17.5,-135.5,1,1,131.9787139892578,191.6616309572135,167.02682546838142,1.1474901137571794,0.2720204242586659,-59.68291696795569,59.68291696795569,3562.0505778038932,-35.048111479123605,126.82816431652196,5.150549672735849,5.150549672735849,26.528161931319364
space1_time1,2020-12-02 06:00:00,13.5,-136.25,1,1,121.52495574951172,194.66117727241718,169.64083170620646,1.1474901137571787,0.27202042425866596,-73.13622152290546,73.13622152290546,5348.9068986474995,-48.11587595669474,126.82816431652196,-5.303208567010245,5.303208567010245,28.124021105210854
space1_time1,2020-12-02 06:00:00,9.5,-137.0,1,1,23.520959854125977,169.65991617051168,147.85305262021075,1.1474901137571787,0.2720204242586659,-146.1389563163857,146.1389563163857,21356.59455324249,-124.33209276608477,126.82816431652196,-103.30720446239599,103.30720446239599,10672.37849383529
space1_time1,2020-12-02 06:00:00,1.0,-139.0,1,1,2.6134400367736816,175.34138588473064,151.2315254375671,1.1594235089370757,0.27203314387815586,-172.72794584795696,172.72794584795696,29834.943276854752,-148.6180854007934,126.82816431652196,-124.21472427974828,124.21472427974828,15429.297727893887
space1_time1,2020-12-02 06:00:00,-11.75,-142.25,1,1,7.186959743499756,173.78054879839925,140.46395284371525,1.2371896510114102,0.2714247961867682,-166.5935890548995,166.5935890548995,27753.42391419273,-133.2769931002155,126.82816431652196,-119.64120457302221,119.64120457302221,14314.01783168375
space1_time1,2020-12-02 06:00:00,-16.0,-143.5,1,1,2.6134400367736816,142.47288662099257,113.37586639693293,1.2566420980827606,0.27150151044381776,-139.8594465842189,139.8594465842189,19560.664798843976,-110.76242636015925,126.82816431652196,-124.21472427974828,124.21472427974828,15429.297727893887
space1_time1,2020-12-02 07:00:00,56.75,-151.0,1,1,131.9787139892578,159.56059673621547,145.77285859816007,1.0945837124321123,0.27186052200609223,-27.58188274695766,27.58188274695766,760.7602558669206,-13.794144608902258,126.82816431652196,5.150549672735849,5.150549672735849,26.528161931319364
space1_time1,2020-12-02 07:00:00,52.5,-152.0,1,1,158.1131134033203,162.3136440473437,146.4227589852679,1.108527425464471,0.27208981813582445,-4.200530644023388,4.200530644023388,17.64445769137954,11.690354418052408,126.82816431652196,31.28494908679835,31.28494908679835,978.7480393635649
space1_time1,2020-12-02 07:00:00,48.5,-153.0,1,1,177.06056213378906,168.3072919625012,149.96755547490935,1.1222913611515144,0.2721000892268981,8.753270171287852,8.753270171287852,76.61973869155766,27.093006658879716,126.82816431652196,50.2323978172671,50.2323978172671,2523.2937904721803
space1_time1,2020-12-02 07:00:00,44.5,-153.75,1,1,179.6739959716797,173.1636879771221,153.66402067425784,1.126898067727906,0.2721055986414004,6.510307994557593,6.510307994557593,42.384110184000505,26.009975297421846,126.82816431652196,52.845831655157724,52.845831655157724,2792.68192332527
space1_time1,2020-12-02 07:00:00,40.5,-155.0,1,1,199.92816162109375,164.97839356493532,145.91931142323008,1.1306138437456401,0.2721532850518139,34.94976805615843,34.94976805615843,1221.4862871792725,54.008850197863666,126.82816431652196,73.09999730457179,73.09999730457179,5343.609605928403
space1_time1,2020-12-02 07:00:00,36.5,-155.75,1,1,203.19496154785156,155.94862357578222,136.51619446854562,1.1423452300504464,0.27215780080218915,47.24633797206934,47.24633797206934,2232.216451771001,66.67876707930594,126.82816431652196,76.3667972313296,76.3667972313296,5831.8877193710105
space1_time1,2020-12-02 07:00:00,32.25,-156.5,1,1,167.91351318359375,160.34304237918067,139.64109293970904,1.148251127255283,0.27216246932466653,7.570470804413077,7.570470804413077,57.31202820047078,28.27242024388471,126.82816431652196,41.08534886707179,41.08534886707179,1688.005891528997
space1_time1,2020-12-02 07:00:00,28.25,-157.25,1,1,173.14039611816406,162.74366180807138,142.18151122122342,1.1446190183958225,0.27190084144853677,10.396734310092683,10.396734310092683,108.09208431465836,30.958884896940646,126.82816431652196,46.3122318016421,46.3122318016421,2144.82281444903
space1_time1,2020-12-02 07:00:00,24.25,-158.25,1,1,228.67599487304688,180.20511552658255,162.51730643921377,1.1088364647120488,0.2719572705928881,48.47087934646433,48.47087934646433,2349.4261446195023,66.1586884338331,126.82816431652196,101.84783055652491,101.84783055652491,10372.98058907061
space1_time1,2020-12-02 07:00:00,20.0,-159.0,1,1,224.10247802734375,185.8727449110709,167.33274079486262,1.1107972296882231,0.2719608344854784,38.229733116272854,38.229733116272854,1461.5124941414495,56.769737232481134,126.82816431652196,97.27431371082179,97.27431371082179,9462.292107911371
space1_time1,2020-12-02 07:00:00,16.0,-159.75,1,1,252.85031127929688,176.2005489818592,156.21830695091532,1.1279122941539903,0.27173054146740905,76.64976229743766,76.64976229743766,5875.186060253696,96.63200432838156,126.82816431652196,126.02214696277491,126.02214696277491,15881.581525107238
space1_time1,2020-12-02 07:00:00,12.0,-160.75,1,1,245.00999450683594,186.93362797438323,165.73418779391517,1.127912294153991,0.27173054146740916,58.07636653245271,58.07636653245271,3372.8643496117934,79.27580671292077,126.82816431652196,118.18183019031397,118.18183019031397,13966.944987132207
space1_time1,2020-12-02 07:00:00,7.75,-161.5,1,1,228.67599487304688,149.94603625938493,133.49570433730506,1.1232274252099872,0.2717986167178529,78.72995861366195,78.72995861366195,6198.406383308923,95.18029053574182,126.82816431652196,101.84783055652491,101.84783055652491,10372.98058907061
space1_time1,2020-12-02 07:00:00,3.75,-162.5,1,1,251.54359436035156,133.99321281070553,118.49370207786113,1.130804510797205,0.27180135996318167,117.55038154964603,117.55038154964603,13818.092202467362,133.04989228249042,126.82816431652196,124.7154300438296,124.7154300438296,15553.938491017354
space1_time1,2020-12-02 07:00:00,-0.5,-163.5,1,1,221.48902893066406,184.3025179042004,162.9835361854624,1.130804510797205,0.27180135996318167,37.18651102646365,37.18651102646365,1382.8366023213025,58.50549274520165,126.82816431652196,94.6608646141421,94.6608646141421,8960.67928949694
space1_time1,2020-12-02 07:00:00,-4.75,-164.5,1,1,203.19496154785156,169.9354174697948,149.0371993273665,1.1402214899149072,0.2717938892460937,33.25954407805676,33.25954407805676,1106.1972722802007,54.15776222048507,126.82816431652196,76.3667972313296,76.3667972313296,5831.8877193710105
space1_time1,2020-12-02 07:00:00,-9.0,-165.75,1,1,211.68862915039062,130.95033119978135,112.49334861781156,1.1640717678755936,0.2715443640483771,80.73829795060928,80.73829795060928,6518.672755961358,99.19528053257906,126.82816431652196,84.86046483386866,84.86046483386866,7201.29849182026
space1_time1,2020-12-02 07:00:00,-13.25,-166.75,1,1,191.43447875976562,129.6438033015084,109.57762577316704,1.1831229449146827,0.271588093626756,61.790675458257226,61.790675458257226,3818.087573587672,81.85685298659858,126.82816431652196,64.60631444324366,64.60631444324366,4173.975865939275
space1_time1,2020-12-02 07:00:00,-17.75,-168.25,1,1,139.81903076171875,94.8155231327221,79.51722062493069,1.192389804215504,0.27158391438585955,45.003507628996644,45.003507628996644,2025.3156989131592,60.30181013678806,126.82816431652196,12.990866445196787,12.990866445196787,168.7626109969398
space1_time1,2020-12-02 09:00:00,59.25,-174.5,1,1,162.0332794189453,149.8081067151547,135.14136854915458,1.108528856289223,0.27208973387199886,12.225172703790605,12.225172703790605,149.4548476375069,26.891910869790735,126.82816431652196,35.20511510242335,35.20511510242335,1239.4001293748765
space1_time1,2020-12-02 09:00:00,55.25,-175.25,1,1,158.1131134033203,154.24312350480318,139.14218166690648,1.108528856289223,0.27208973387199886,3.869989898517133,3.869989898517133,14.97682181462465,18.97093173641383,126.82816431652196,31.28494908679835,31.28494908679835,978.7480393635649
space1_time1,2020-12-02 09:00:00,51.25,-176.5,1,1,154.8463134765625,164.51223307467006,147.507308211751,1.1152819142934125,0.27212997341901546,-9.665919598107564,9.665919598107564,93.43000167707989,7.3390052648115045,126.82816431652196,28.018149160040537,28.018149160040537,785.0166823542802
space1_time1,2020-12-02 09:00:00,47.0,-177.5,1,1,147.00599670410156,168.0540135615336,148.63962129172504,1.1306138437456403,0.2721532850518139,-21.04801685743203,21.04801685743203,443.01901363074296,-1.6336245876234727,126.82816431652196,20.1778323875796,20.1778323875796,407.1449198612562
space1_time1,2020-12-02 09:00:00,43.0,-178.5,1,1,165.95343017578125,172.09784710539085,150.8777274352152,1.1406444810039131,0.27216786280152533,-6.144416929609605,6.144416929609605,37.753859404873126,15.075702740566044,126.82816431652196,39.12526585925929,39.12526585925929,1530.7864285577202
space1_time1,2020-12-02 09:00:00,39.0,-179.25,1,1,152.88623046875,164.57447486339183,143.32620361260317,1.148251127255283,0.2721624693246665,-11.688244394641828,11.688244394641828,136.6150570288761,9.560026856146834,126.82816431652196,26.058066152228037,26.058066152228037,679.0228115938925
space1_time1,2020-12-02 09:00:00,35.0,179.75,1,1,133.28543090820312,130.8834852216256,131.53050729733852,0.9950808212557846,0.2714027379599268,2.401945686577534,2.401945686577534,5.7693430812684205,1.7549236108646085,126.82816431652196,6.457266591681162,6.457266591681162,41.696291836041645
space1_time1,2020-12-02 09:00:00,30.75,179.0,1,1,116.29808044433594,117.55424475560173,117.52201917609057,1.0002742088651735,0.271444813366832,-1.2561643112657919,1.2561643112657919,1.5779487768978613,-1.2239387317546289,126.82816431652196,-10.530083872186026,10.530083872186026,110.88266635527225
space1_time1,2020-12-02 09:00:00,26.75,178.25,1,1,34.62807846069336,166.99720809499382,166.48904193669543,1.003052249880155,0.27146584495661163,-132.36912963430046,132.36912963430046,17521.58648014224,-131.86096347600207,126.82816431652196,-92.2000858558286,92.2000858558286,8500.855831822166
space1_time1,2020-12-02 09:00:00,22.75,177.25,1,1,3.9201598167419434,164.7917729140994,166.2633264523447,0.9911492596133811,0.271227646493552,-160.87161309735745,160.87161309735745,25879.67590054587,-162.34316663560276,126.82816431652196,-122.90800449978002,122.90800449978002,15106.377570117946
space1_time1,2020-12-02 09:00:00,19.0,176.75,1,1,10.453760147094727,170.2051489418187,174.56988069577113,0.9749972232520516,0.2712781121131227,-159.75138879472397,159.75138879472397,25520.506221843058,-164.1161205486764,126.82816431652196,-116.37440416942724,116.37440416942724,13543.001945789203
space1_time1,2020-12-02 09:00:00,14.5,175.75,1,1,7.840319633483887,151.59767522485208,160.54464994692498,0.944271112584376,0.2715571742463957,-143.7573555913682,143.7573555913682,20666.177286623082,-152.7043303134411,126.82816431652196,-118.98784468303808,118.98784468303808,14158.107182314792
space1_time1,2020-12-02 09:00:00,-6.25,170.75,1,1,3.9201598167419434,113.77683732745098,127.25324366517464,0.8940977381041666,0.27112005628532476,-109.85667751070903,109.85667751070903,12068.489593691924,-123.3330838484327,126.82816431652196,-122.90800449978002,122.90800449978002,15106.377570117946
space1_time1,2020-12-02 09:00:00,-10.5,169.5,1,1,1.9600799083709717,88.17853569656906,98.5709265626683,0.8945694107938398,0.27110602778298953,-86.21845578819809,86.21845578819809,7433.622118501468,-96.61084665429733,126.82816431652196,-124.86808440815099,124.86808440815099,15592.038503761121
space1_time1,2020-12-02 10:00:00,57.75,161.0,1,1,147.65936279296875,127.32118412787933,125.6356813955413,1.0134157964808708,0.2716237560899592,20.338178665089416,20.338178665089416,413.64151141309827,22.023681397427453,126.82816431652196,20.831198476446787,20.831198476446787,433.93882996511894
space1_time1,2020-12-02 10:00:00,53.75,160.0,1,1,150.27279663085938,135.43168036156808,133.63880929413207,1.0134157964808708,0.27162375608995915,14.841116269291291,14.841116269291291,220.25873211862265,16.6339873367273,126.82816431652196,23.44463231433741,23.44463231433741,549.650784354474
space1_time1,2020-12-02 10:00:00,49.5,159.0,1,1,153.5395965576172,141.82889270730016,136.72333343417492,1.0373422673722568,0.2716467063894261,11.710703850317032,11.710703850317032,137.14058466983016,16.81626312344227,126.82816431652196,26.711432241095224,26.711432241095224,713.5006123706214
space1_time1,2020-12-02 10:00:00,45.5,158.0,1,1,167.91351318359375,146.6181003691154,140.99218937761532,1.0399022883206135,0.2716585018345734,21.29541281447834,21.29541281447834,453.49460693904825,26.92132380597843,126.82816431652196,41.08534886707179,41.08534886707179,1688.005891528997
space1_time1,2020-12-02 10:00:00,41.5,157.25,1,1,172.48703002929688,158.31544988873375,151.9194389363009,1.0421013334252414,0.2716012903369542,14.171580140563123,14.171580140563123,200.83368368040308,20.56759109299597,126.82816431652196,45.65886571277491,45.65886571277491,2084.7320181772125
space1_time1,2020-12-02 11:00:00,37.5,156.25,1,1,188.1676788330078,129.02501709590115,126.39404257848426,1.0208156528879375,0.2717663589044837,59.142661737106664,59.142661737106664,3497.8544373498207,61.77363625452355,126.82816431652196,61.33951451648585,61.33951451648585,3762.536041118178
space1_time1,2020-12-02 11:00:00,33.25,155.25,1,1,166.60679626464844,121.64691417665094,117.55556158883468,1.034803564650784,0.27150839394113424,44.9598820879975,44.9598820879975,2021.3909973666384,49.05123467581376,126.82816431652196,39.778631948126474,39.778631948126474,1582.3395596645082
space1_time1,2020-12-02 11:00:00,29.25,154.5,1,1,164.64671325683594,121.425007094141,116.40973540868454,1.0430829231580088,0.271537946997605,43.22170616269494,43.22170616269494,1868.115883614342,48.2369778481514,126.82816431652196,37.818548940313974,37.818548940313974,1430.2426439509231
space1_time1,2020-12-02 11:00:00,25.25,153.75,1,1,130.6719970703125,139.76268657253013,133.95950149690594,1.043320443945951,0.27158336277027745,-9.090689502217629,9.090689502217629,82.6406356257298,-3.2875044265934434,126.82816431652196,3.8438327537905366,3.8438327537905366,14.77505023911294
space1_time1,2020-12-02 11:00:00,21.0,153.0,1,1,95.39055633544922,130.1383919193708,123.47399130148936,1.0539741248147454,0.27158869585634204,-34.747835583921585,34.747835583921585,1207.4120777672472,-28.083434966040144,126.82816431652196,-31.437607981072745,31.437607981072745,988.3231955716087
space1_time1,2020-12-02 11:00:00,17.0,152.0,1,1,9.800399780273438,120.09280122261474,113.47256554012141,1.0583421697657183,0.27154339602493965,-110.2924014423413,110.2924014423413,12164.41381591857,-103.67216575984797,126.82816431652196,-117.02776453624853,117.02776453624853,13695.497672351628
space1_time1,2020-12-02 11:00:00,0.5,148.25,1,1,4.573519706726074,93.86105232750946,104.47856216125493,0.8983761872855973,0.2713875249693416,-89.28753262078338,89.28753262078338,7972.263481507456,-99.90504245452885,126.82816431652196,-122.25464460979589,122.25464460979589,14946.198128667495
space1_time1,2020-12-02 11:00:00,-7.75,146.25,1,1,19.600799560546875,70.38551396682969,78.34733687339413,0.8983778744205383,0.2712080631534477,-50.784714406282816,50.784714406282816,2579.0872173277094,-58.74653731284725,126.82816431652196,-107.22736475597509,107.22736475597509,11497.707752510929
space1_time1,2020-12-02 11:00:00,-12.25,145.0,1,1,16.333999633789062,86.97832687676515,94.99257006718761,0.915632947032025,0.2712052521342305,-70.64432724297609,70.64432724297609,4990.620971612694,-78.65857043339855,126.82816431652196,-110.4941646827329,110.4941646827329,12208.960428934899
space1_time1,2020-12-02 11:00:00,-16.75,143.5,1,1,19.600799560546875,68.0568577168438,76.87034118818603,0.8853461122311661,0.27070395115822055,-48.45605815629692,48.45605815629692,2347.989572046429,-57.26954162763916,126.82816431652196,-107.22736475597509,107.22736475597509,11497.707752510929
space1_time1,2020-12-02 12:00:00,52.0,135.5,1,1,132.632080078125,132.5259703358,130.7622644742317,1.0134878809927292,0.27196414995189977,0.10610974232500325,0.10610974232500325,0.011259277416278586,1.8698156038933007,126.82816431652196,5.803915761603037,5.803915761603037,33.685438167784156
space1_time1,2020-12-02 12:00:00,48.0,134.5,1,1,160.0731964111328,143.68166741444352,137.3829964576256,1.045847529310228,0.2717142072446915,16.39152899668929,16.39152899668929,268.68222284930573,22.690199953507204,126.82816431652196,33.24503209461085,33.24503209461085,1105.2321589717055
space1_time1,2020-12-02 12:00:00,44.0,133.5,1,1,153.5395965576172,139.94342517985228,132.87822010323768,1.0531705276540082,0.271960270115729,13.596171377764904,13.596171377764904,184.8558761335536,20.661376454379507,126.82816431652196,26.711432241095224,26.711432241095224,713.5006123706214
space1_time1,2020-12-02 12:00:00,40.0,132.5,1,1,156.1530303955078,153.4512457680572,150.00220775280596,1.0229932483456181,0.2718592229158012,2.701784627450621,2.701784627450621,7.299640173128492,6.150822642701854,126.82816431652196,29.32486607898585,29.32486607898585,859.9477705504548
space1_time1,2020-12-02 12:00:00,35.75,131.75,1,1,151.5795135498047,144.1926311161347,139.9448299739058,1.0303533981428319,0.2719231636822245,7.386882433669996,7.386882433669996,54.56603208886236,11.63468357589889,126.82816431652196,24.751349233282724,24.751349233282724,612.6292888679253
space1_time1,2020-12-02 12:00:00,31.75,130.75,1,1,165.30007934570312,123.20633330050008,119.14542877692085,1.0340835948576979,0.27197961379345553,42.09374604520305,42.09374604520305,1771.8834561180472,46.15465056878227,126.82816431652196,38.47191502918116,38.47191502918116,1480.0882460125354
space1_time1,2020-12-02 12:00:00,27.75,130.0,1,1,152.88623046875,164.4752479193416,155.9513970059511,1.0546570987951152,0.27205707240017274,-11.589017450591598,11.589017450591598,134.30532547011657,-3.065166537201094,126.82816431652196,26.058066152228037,26.058066152228037,679.0228115938925
space1_time1,2020-12-02 12:00:00,23.75,129.25,1,1,121.52495574951172,129.1387348433024,121.98705478239876,1.058626549133929,0.27207171908490446,-7.613779093790669,7.613779093790669,57.969632089043856,-0.46209903288703913,126.82816431652196,-5.303208567010245,5.303208567010245,28.124021105210854
space1_time1,2020-12-02 12:00:00,19.5,128.25,1,1,25.48103904724121,116.96925482750657,108.70199869558846,1.0760543157543034,0.2720843202553855,-91.48821578026536,91.48821578026536,8370.093626656397,-83.22095964834725,126.82816431652196,-101.34712526928075,101.34712526928075,10271.239800347284
space1_time3,2020-12-04 08:00:00,39.5,-160.0,1,3,318.1863098144531,127.10032525923496,140.95456883101588,0.9017112840918969,0.30613444746901486,191.08598455521815,191.08598455521815,36513.85349343707,177.23174098343725,130.35848839637754,187.8278214180756,187.8278214180756,35279.29049866049
space1_time3,2020-12-04 08:00:00,35.25,-160.5,1,3,158.1131134033203,121.23794787287103,134.05565607558393,0.9043851742034223,0.30597687770213666,36.87516553044928,36.87516553044928,1359.7778328980348,24.057457327736387,130.35848839637754,27.754625006942774,27.754625006942774,770.3192092760132
space1_time3,2020-12-04 08:00:00,31.25,-161.5,1,3,150.92616271972656,97.71501459247337,106.56090509446844,0.9169874683951582,0.30594397153128566,53.211148127253196,53.211148127253196,2831.4262850204814,44.365257625258124,130.35848839637754,20.567674323349024,20.567674323349024,423.02922707135076
space1_time3,2020-12-04 08:00:00,27.25,-162.25,1,3,181.6340789794922,122.05473690739116,130.29814575849798,0.9367342581652267,0.3050051490411826,59.57934207210103,59.57934207210103,3549.6980017444275,51.33593322099421,130.35848839637754,51.27559058311465,51.27559058311465,2629.1861896471955
space1_time3,2020-12-04 08:00:00,23.25,-163.25,1,3,197.31471252441406,128.85367403337693,138.16722650749284,0.9325921731981002,0.30323584489340577,68.46103849103713,68.46103849103713,4686.913791271268,59.14748601692122,130.35848839637754,66.95622412803652,66.95622412803652,4483.135949483861
space1_time3,2020-12-04 08:00:00,19.25,-164.0,1,3,205.8083953857422,130.38776396475535,138.05281121818868,0.944477427255582,0.30304926650048475,75.42063142098684,75.42063142098684,5688.271643940347,67.75558416755351,130.35848839637754,75.44990698936465,75.44990698936465,5692.688464703777
space1_time3,2020-12-04 08:00:00,15.0,-164.75,1,3,177.06056213378906,120.42293811718973,128.51958686948467,0.9370006630933434,0.30290761257475984,56.63762401659933,56.63762401659933,3207.8204542456697,48.54097526430439,130.35848839637754,46.702073737411524,46.702073737411524,2181.0836913746234
space1_time3,2020-12-04 08:00:00,11.0,-165.75,1,3,187.51431274414062,125.40637726624541,132.2567233047828,0.9482041754296993,0.30290994928520015,62.10793547789521,62.10793547789521,3857.3956493263945,55.257589439357815,130.35848839637754,57.15582434776309,57.15582434776309,3266.7882568723476
space1_time3,2020-12-04 08:00:00,6.75,-166.5,1,3,141.12576293945312,104.15414113943788,110.0515296647616,0.9464124801964288,0.3028453854923498,36.97162180001524,36.97162180001524,1366.9008185233622,31.074233274691522,130.35848839637754,10.767274543075587,10.767274543075587,115.93420108596358
space1_time3,2020-12-04 08:00:00,2.75,-167.5,1,3,85.59015655517578,98.59379339025585,104.17634536031544,0.9464124801964288,0.3028453854923498,-13.003636835080073,13.003636835080073,169.0945709386513,-18.586188805139656,130.35848839637754,-44.76833184120176,44.76833184120176,2004.2035358439591
space1_time3,2020-12-04 08:00:00,-1.5,-168.5,1,3,64.6826400756836,129.55599841206921,134.39342672659112,0.9640054693719278,0.3024759357179656,-64.87335833638562,64.87335833638562,4208.552621841094,-69.71078665090752,130.35848839637754,-65.67584832069394,65.67584832069394,4313.3170526427975
space1_time3,2020-12-04 08:00:00,-5.75,-169.5,1,3,86.89688110351562,131.12347344383562,134.30000598316056,0.9763474877303938,0.3025116535024267,-44.226592340319996,44.226592340319996,1955.9914700368513,-47.403124879644935,130.35848839637754,-43.46160729286191,43.46160729286191,1888.9113084789478
space1_time3,2020-12-04 08:00:00,-10.0,-170.75,1,3,81.01663970947266,96.318280548795,97.83722366852541,0.9844747933069256,0.3025056292204532,-15.301640839322346,15.301640839322346,234.14021237561747,-16.820583959052755,130.35848839637754,-49.34184868690488,49.34184868690488,2434.618031841417
space1_time3,2020-12-04 08:00:00,-14.25,-172.0,1,3,91.47039794921875,107.84683786672336,110.66602009489431,0.9745253129573689,0.3026382509954543,-16.376439917504612,16.376439917504612,268.1877843716385,-19.195622145675557,130.35848839637754,-38.88809044715879,38.88809044715879,1512.2835786264027
space1_time3,2020-12-04 09:00:00,58.25,-179.25,1,3,168.56687927246094,135.34240592568204,144.86222377731858,0.9342836413565598,0.30750007772871724,33.22447334677889,33.22447334677889,1103.865629170821,23.70465549514236,130.35848839637754,38.2083908760834,38.2083908760834,1459.8811333395731
space1_time3,2020-12-04 09:00:00,54.25,179.5,1,3,189.47439575195312,130.64965320086984,137.88965125375452,0.9474942609031543,0.30842466614140185,58.82474255108329,58.82474255108329,3460.350336201229,51.5847444981986,130.35848839637754,59.11590735557559,59.11590735557559,3494.690502472996
space1_time3,2020-12-04 09:00:00,50.0,178.5,1,3,178.36727905273438,132.00007529008369,139.31490747422663,0.947494260903154,0.30842466614140185,46.36720376265069,46.36720376265069,2149.917584767168,39.052371578507746,130.35848839637754,48.00879065635684,48.00879065635684,2304.8439802858957
space1_time3,2020-12-04 09:00:00,46.0,177.5,1,3,139.81903076171875,126.49999691568136,135.15894624698333,0.9359350633329219,0.3086069255051349,13.319033846037385,13.319033846037385,177.39666259188942,4.660084514735416,130.35848839637754,9.460542365341212,9.460542365341212,89.50186184641589
space1_time3,2020-12-04 09:00:00,42.0,176.75,1,3,155.4996795654297,110.13171120500145,115.11312421894173,0.9567259333135135,0.3085287799254007,45.367968360428236,45.367968360428236,2058.2525531528177,40.38655534648795,130.35848839637754,25.14119116905215,25.14119116905215,632.0794933988258
space1_time3,2020-12-04 09:00:00,38.0,175.75,1,3,114.9913558959961,78.80507261785347,84.39021215155816,0.9338176858274252,0.30856946223282455,36.186283278142625,36.186283278142625,1309.4470974859846,30.601143744437934,130.35848839637754,-15.367132500381445,15.367132500381445,236.14876128427966
space1_time3,2020-12-04 09:00:00,33.75,175.0,1,3,158.1131134033203,65.04892743465285,80.29069571899112,0.8101676894458256,0.3084294332970985,93.06418596866746,93.06418596866746,8660.94271001072,77.8224176843292,130.35848839637754,27.754625006942774,27.754625006942774,770.3192092760132
space1_time3,2020-12-04 09:00:00,29.75,174.0,1,3,208.4218292236328,90.73316446752696,111.99306717550115,0.8101676894458258,0.30842943329709843,117.68866475610585,117.68866475610585,13850.621812075071,96.42876204813166,130.35848839637754,78.06334082725527,78.06334082725527,6093.88518111222
space1_time3,2020-12-04 09:00:00,25.75,173.25,1,3,159.41983032226562,101.87001403446554,125.73941834701793,0.8101676894458256,0.3084294332970985,57.549816287800084,57.549816287800084,3311.98135475954,33.680411975247694,130.35848839637754,29.061341925888087,29.061341925888087,844.5615945333807
space1_time3,2020-12-04 09:00:00,21.75,172.5,1,3,146.35263061523438,107.75608616725462,133.00466998500315,0.8101676894458262,0.30842943329709843,38.59654444797975,38.59654444797975,1489.6932433248767,13.347960630231228,130.35848839637754,15.994142218856837,15.994142218856837,255.8125853170187
space1_time3,2020-12-04 09:00:00,17.5,171.5,1,3,113.68463897705078,99.15508296184422,122.18945738682498,0.8114864005651571,0.3084035599478206,14.529556015206566,14.529556015206566,211.10799799902532,-8.504818409774202,130.35848839637754,-16.673849419326757,16.673849419326757,278.0172544583832
space1_time3,2020-12-04 09:00:00,13.5,170.75,1,3,58.14904022216797,108.47162581056236,124.85567367658871,0.8687761045728235,0.3075437518801496,-50.32258558839439,50.32258558839439,2532.3626203012786,-66.70663345442074,130.35848839637754,-72.20944817420957,72.20944817420957,5214.204405623857
space1_time3,2020-12-04 09:00:00,9.5,169.75,1,3,7.840319633483887,103.04450016015161,115.03513157777743,0.8957654826558897,0.3072816968297509,-95.20418052666773,95.20418052666773,9063.835989754338,-107.19481194429355,130.35848839637754,-122.51816876289365,122.51816876289365,15010.70167701289
space1_time3,2020-12-04 09:00:00,-3.0,167.0,1,3,4.573519706726074,117.77675514371145,127.57503074091017,0.9231959769847294,0.30618595765130463,-113.20323543698538,113.20323543698538,12814.972513401543,-123.00151103418409,130.35848839637754,-125.78496868965146,125.78496868965146,15821.8583482566
space1_time3,2020-12-04 09:00:00,-11.75,164.5,1,3,16.333999633789062,77.95457182001493,78.4701352358995,0.9934298135929714,0.3071832775736118,-61.62057218622587,61.62057218622587,3797.0949165578736,-62.13613560211044,130.35848839637754,-114.02448876258848,114.02448876258848,13001.584037569666
space1_time3,2020-12-04 09:00:00,-16.25,163.0,1,3,7.840319633483887,109.04178539166973,105.65798530761377,1.0320259758332924,0.30679112889354365,-101.20146575818585,101.20146575818585,10241.736671605262,-97.81766567412988,130.35848839637754,-122.51816876289365,122.51816876289365,15010.70167701289
space1_time3,2020-12-04 11:00:00,56.75,156.0,1,3,137.8589630126953,123.28057745046624,132.27108845409722,0.9320296588717417,0.30981913314932985,14.578385562229073,14.578385562229073,212.52932560100908,5.587874558598088,130.35848839637754,7.500474616317774,7.500474616317774,56.25711947002726
space1_time3,2020-12-04 11:00:00,52.5,155.0,1,3,160.7265625,123.62287376262758,134.0647133886914,0.9221134378903271,0.3098151366227347,37.10368873737242,37.10368873737242,1376.6837179198171,26.661849111308612,130.35848839637754,30.36807410362246,30.36807410362246,922.2199247631052
space1_time3,2020-12-04 11:00:00,48.75,154.0,1,3,147.65936279296875,123.96836058984752,134.1569936366009,0.9240544024536508,0.309769428589191,23.69100220312123,23.69100220312123,561.2635853882949,13.502369156367848,130.35848839637754,17.30087439659121,17.30087439659121,299.3202548866253
space1_time3,2020-12-04 11:00:00,44.5,153.0,1,3,173.79376220703125,128.64071664352656,138.34315992989227,0.9298668377151234,0.30954408675957357,45.15304556350469,45.15304556350469,2038.7975236599307,35.450602277138984,130.35848839637754,43.43527381065371,43.43527381065371,1886.6230110064603
space1_time3,2020-12-04 11:00:00,40.5,152.25,1,3,177.06056213378906,131.47639199186958,139.03116695985483,0.9456612849249358,0.3094392972079227,45.584170141919486,45.584170141919486,2077.916567527464,38.02939517393423,130.35848839637754,46.702073737411524,46.702073737411524,2181.0836913746234
space1_time3,2020-12-04 11:00:00,36.5,151.25,1,3,183.5941619873047,119.16502445443135,128.6281530539511,0.9264303468965258,0.3108258461793865,64.42913753287334,64.42913753287334,4151.113763229908,54.96600893335358,130.35848839637754,53.23567359092715,53.23567359092715,2834.0369426797383
space1_time3,2020-12-04 11:00:00,32.5,150.5,1,3,210.3819122314453,84.19157524065238,90.160320641009,0.9337985340122924,0.3109616968052822,126.19033699079293,126.19033699079293,15924.001149849882,120.22159159043632,130.35848839637754,80.02342383506777,80.02342383506777,6403.748362286893
space1_time3,2020-12-04 11:00:00,28.25,149.5,1,3,212.3419952392578,82.80207385752995,100.63691165785409,0.8227803545784562,0.31053316838394374,129.53992138172788,129.53992138172788,16780.59123158424,111.70508358140373,130.35848839637754,81.98350684288027,81.98350684288027,6721.295394256596
space1_time3,2020-12-04 11:00:00,24.25,148.75,1,3,182.2874298095703,83.69387594718532,100.78801223711689,0.8303951441197648,0.31078937396375095,98.593553862385,98.593553862385,9720.688863215011,81.49941757245342,130.35848839637754,51.928941413192774,51.928941413192774,2696.6149562948076
space1_time3,2020-12-04 11:00:00,20.25,148.0,1,3,140.47239685058594,86.25748224952531,101.01727315464166,0.8538884445779745,0.3106074477432937,54.21491460106063,54.21491460106063,2939.2569652002967,39.45512369594428,130.35848839637754,10.1139084542084,10.1139084542084,102.29114422010814
space1_time3,2020-12-04 11:00:00,14.0,142.5,1,3,139.16567993164062,77.55981203609483,85.0479152684051,0.9119543000121944,0.31018935310259127,61.6058678955458,61.6058678955458,3795.2829591634404,54.11776466323552,130.35848839637754,8.807191535263087,8.807191535263087,77.56662273880977
space1_time3,2020-12-04 11:00:00,12.25,146.25,1,3,80.36328125,79.46119212420777,87.74759965023007,0.905565422198981,0.310148939452101,0.9020891257922301,0.9020891257922301,0.8137647908725899,-7.384318400230072,130.35848839637754,-49.99520714637754,49.99520714637754,2499.5207376092
space1_time3,2020-12-04 11:00:00,7.75,145.25,1,3,189.47439575195312,76.85619468855548,85.4581102863523,0.8993434845566608,0.3099875059243774,112.61820106339765,112.61820106339765,12682.85921075586,104.01628546560083,130.35848839637754,59.11590735557559,59.11590735557559,3494.690502472996
space1_time3,2020-12-04 11:00:00,3.75,144.25,1,3,179.6739959716797,80.43633646542287,87.44502855150388,0.9198503082201749,0.3097788252922238,99.23765950625682,99.23765950625682,9848.113064279763,92.2289674201758,130.35848839637754,49.31550757530215,49.31550757530215,2432.019287409684
space1_time3,2020-12-04 11:00:00,-0.5,143.5,1,3,138.51231384277344,81.19617919402005,86.80098162039288,0.9354292737047104,0.30964363885632756,57.31613464875339,57.31613464875339,3285.1392910740287,51.71133222238056,130.35848839637754,8.1538254463959,8.1538254463959,66.48486941029329
space1_time3,2020-12-04 11:00:00,-4.75,142.25,1,3,147.00599670410156,57.445650405974284,59.15463028055737,0.9711099559497244,0.30736400246863005,89.56034629812729,89.56034629812729,8021.055629040482,87.85136642354419,130.35848839637754,16.647508307724024,16.647508307724024,277.1395328557404
space1_time3,2020-12-04 11:00:00,-9.0,141.25,1,3,144.39256286621094,49.68544267977299,53.09506901122707,0.9357826179539742,0.30713148844779126,94.70712018643795,94.70712018643795,8969.438614008403,91.29749385498387,130.35848839637754,14.0340744698334,14.0340744698334,196.9552462248296
space1_time3,2020-12-04 11:00:00,-13.25,140.0,1,3,75.78975677490234,114.42561822924408,116.82034376006635,0.9795007833931673,0.3070359806668741,-38.635861454341736,38.635861454341736,1492.7297903190895,-41.03058698516401,130.35848839637754,-54.568731621475195,54.568731621475195,2977.7464707765866
space1_time3,2020-12-04 12:00:00,47.0,129.5,1,3,133.9387969970703,128.2621088579844,135.114052840904,0.9492877029527955,0.3126101290906094,5.676688139085911,5.676688139085911,32.22478822843866,-1.1752558438336962,130.35848839637754,3.5803086006927742,3.5803086006927742,12.81860967619465
space1_time3,2020-12-04 12:00:00,43.0,128.5,1,3,137.20559692382812,133.716946620749,137.03397236930357,0.9757941356351016,0.3138715978843543,3.488650303079112,3.488650303079112,12.170680937173978,0.1716245545245556,130.35848839637754,6.847108527450587,6.847108527450587,46.88289518668654
space1_time3,2020-12-04 12:00:00,38.75,120.25,1,3,166.60679626464844,140.52411405823574,144.01000059994698,0.9757941356351019,0.3138715978843545,26.0826822064127,26.0826822064127,680.3063110807176,22.59679566470146,130.35848839637754,36.2483078682709,36.2483078682709,1313.93982331295
space1_time3,2020-12-04 12:00:00,34.75,121.75,1,3,161.37991333007812,134.90669177307473,138.25323072398857,0.9757941356351014,0.3138715978843545,26.4732215570034,26.4732215570034,700.8314596061895,23.12668260608956,130.35848839637754,31.021424933700587,31.021424933700587,962.3288049172204
space1_time3,2020-12-04 12:00:00,30.25,122.25,1,3,182.9407958984375,109.23719251998828,111.94696558500073,0.9757941356351015,0.31387159788435454,73.70360337844922,73.70360337844922,5432.221150967751,70.99383031343677,130.35848839637754,52.58230750205996,52.58230750205996,2764.899062241191
space1_time3,2020-12-04 12:00:00,26.5,122.5,1,3,220.18231201171875,103.59950516166364,105.03058655499066,0.9863746224764937,0.3136622958733178,116.5828068500551,116.5828068500551,13591.550853037255,115.15172545672809,130.35848839637754,89.82382361534121,89.82382361534121,8068.319288879929
space1_time3,2020-12-04 12:00:00,22.5,123.0,1,3,203.19496154785156,113.93189744070966,113.2211199380938,1.0062777819456699,0.3134353564076771,89.2630641071419,89.2630641071419,7967.894613795725,89.97384160975776,130.35848839637754,72.83647315147402,72.83647315147402,5305.151821145397
space1_time3,2020-12-04 12:00:00,18.5,123.25,1,3,188.1676788330078,87.29053239659493,84.59430021364777,1.0318725041301562,0.3128835582741685,100.87714643641289,100.87714643641289,10176.198673153489,103.57337861936004,130.35848839637754,57.809190436630274,57.809190436630274,3341.9024989385853
space1_time3,2020-12-04 13:00:00,14.5,122.5,1,3,175.10047912597656,87.21745277246579,84.52347787480588,1.0318725041301557,0.31288355827416847,87.88302635351077,87.88302635351077,7723.426321051868,90.57700125117069,130.35848839637754,44.741990729599024,44.741990729599024,2001.845734447525
space1_time3,2020-12-04 13:00:00,10.5,121.75,1,3,189.47439575195312,90.82017375910628,84.72555974587452,1.071933593965173,0.3123766725364426,98.65422199284684,98.65422199284684,9732.655517013905,104.7488360060786,130.35848839637754,59.11590735557559,59.11590735557559,3494.690502472996
space1_time3,2020-12-04 13:00:00,6.25,120.75,1,3,150.92616271972656,90.18431193299882,83.46881083888731,1.0804552146678337,0.3125112070296968,60.74185078672774,60.74185078672774,3689.572436997097,67.45735188083925,130.35848839637754,20.567674323349024,20.567674323349024,423.02922707135076
space1_time3,2020-12-04 13:00:00,2.25,120.0,1,3,194.04791259765625,95.67348654886933,88.54923855245814,1.0804552146678332,0.3125112070296969,98.37442604878692,98.37442604878692,9677.527700428245,105.49867404519811,130.35848839637754,63.68942420127871,63.68942420127871,4056.3427550904266
space1_time3,2020-12-04 13:00:00,-2.0,119.0,1,3,188.82102966308594,91.75232975222033,84.92006749250405,1.0804552146678332,0.31251120702969687,97.0686999108656,97.0686999108656,9422.33250238568,103.90096217058189,130.35848839637754,58.4625412667084,58.4625412667084,3417.8687313615824
space1_time3,2020-12-04 13:00:00,-6.25,118.0,1,3,183.5941619873047,68.04401046364461,82.6508395646865,0.823270650631324,0.30854485745607285,115.55015152366008,115.55015152366008,13351.837517140802,100.94332242261818,130.35848839637754,53.23567359092715,53.23567359092715,2834.0369426797383
space1_time3,2020-12-04 13:00:00,-10.5,116.75,1,3,109.11111450195312,60.18899125497254,85.19029047192048,0.7065240759428022,0.3079054948447445,48.92212324698058,48.92212324698058,2393.374142992758,23.920824030032648,130.35848839637754,-21.247373894424413,21.247373894424413,451.45089740946804
space1_time3,2020-12-04 13:00:00,-15.0,115.25,1,3,88.8569564819336,56.970300505236345,78.10674246548882,0.729390302385335,0.30775126975777356,31.88665597669725,31.88665597669725,1016.7588293762424,10.750214016444772,130.35848839637754,-41.501531914443945,41.501531914443945,1722.3771512456092
space2_time0,2020-12-01 02:00:00,81.25,-62.25,2,0,112.37791442871094,149.4504220644153,140.15550040382368,1.0663186363275834,0.5164892076092582,-37.07250763570437,37.07250763570437,1374.3708223993588,-27.777585975112743,117.55961429453318,-5.181699865822239,5.181699865822239,26.850013499462207
space2_time0,2020-12-01 02:00:00,76.75,-67.0,2,0,135.24551391601562,144.6933280399854,135.69426915233453,1.066318636327583,0.5164892076092583,-9.447814123969778,9.447814123969778,89.26119172108282,-0.44875523631890246,117.55961429453318,17.68589962148245,17.68589962148245,312.791045421153
space2_time0,2020-12-01 02:00:00,72.5,-70.0,2,0,116.9514389038086,143.21020386727392,134.929350055507,1.0613717757356746,0.5164914845041929,-26.258764963465325,26.258764963465325,689.5227374065141,-17.977911151698407,117.55961429453318,-0.6081753907245826,0.6081753907245826,0.3698773058829987
space2_time0,2020-12-01 02:00:00,68.25,-72.0,2,0,125.44511413574219,144.95941275674147,136.57741431485204,1.0613717757356753,0.5164914845041928,-19.514298620999284,19.514298620999284,380.80785066953456,-11.132300179109848,117.55961429453318,7.885499841209011,7.885499841209011,62.18110774570734
space2_time0,2020-12-01 02:00:00,64.0,-73.75,2,0,135.24551391601562,162.26684848445666,152.85554923027058,1.0615698893601067,0.5164906674273998,-27.021334568441034,27.021334568441034,730.1525218596264,-17.610035314254958,117.55961429453318,17.68589962148245,17.68589962148245,312.791045421153
space2_time0,2020-12-01 02:00:00,59.75,-75.0,2,0,146.35263061523438,150.80149160083437,142.05517047185143,1.0615698893601067,0.5164906674273997,-4.4488609855999925,4.4488609855999925,19.792364069193738,4.297460143382949,117.55961429453318,28.7930163207012,28.7930163207012,829.0377888441656
space2_time0,2020-12-01 05:00:00,78.0,-114.5,2,0,102.5775146484375,157.83238791650444,143.54542396591364,1.0995292190852664,0.516302802080874,-55.254873268066945,55.254873268066945,3053.101019870139,-40.96790931747614,117.55961429453318,-14.982099646095676,14.982099646095676,224.46330980554018
space2_time0,2020-12-01 05:00:00,73.5,-117.75,2,0,118.91151428222656,152.38510668477608,138.18226029172976,1.1027834279382986,0.5164031584858053,-33.473592402549514,33.473592402549514,1120.4813883320205,-19.2707460095032,117.55961429453318,1.3518999876933862,1.3518999876933862,1.8276335767253775
space2_time0,2020-12-01 05:00:00,69.25,-120.0,2,0,128.05856323242188,134.92684297395564,121.94281326731226,1.1064763831401936,0.51640353664813,-6.868279741533769,6.868279741533769,47.17326660796317,6.1157499651096145,117.55961429453318,10.498948937888699,10.498948937888699,110.22792880039424
space2_time0,2020-12-01 05:00:00,62.75,-124.25,2,0,131.9787139892578,130.6118834854615,118.00695426327928,1.1068151389964693,0.5164028824155354,1.366830503796308,1.366830503796308,1.8682256261080692,13.97175972597853,117.55961429453318,14.419099694724636,14.419099694724636,207.9104360064081
space2_time0,2020-12-01 05:00:00,59.0,-125.25,2,0,131.9787139892578,134.64445278977124,129.5432642191125,1.0393782617831098,0.516370571548733,-2.6657388005134237,2.6657388005134237,7.1061633525627474,2.4354497701453113,117.55961429453318,14.419099694724636,14.419099694724636,207.9104360064081
space2_time0,2020-12-01 05:00:00,55.5,-126.0,2,0,147.65936279296875,149.16068434942088,142.94570475129996,1.0434779037882524,0.5163699019625722,-1.501321556452126,1.501321556452126,2.2539664158678345,4.713658041668793,117.55961429453318,30.099748498435574,30.099748498435574,905.9948596690746
space2_time0,2020-12-01 05:00:00,52.0,-126.5,2,0,131.9787139892578,149.4506216014361,142.44113296620068,1.0492097225658734,0.516363564678642,-17.471907612178285,17.471907612178285,305.26755560849347,-10.462418976942871,117.55961429453318,14.419099694724636,14.419099694724636,207.9104360064081
space2_time0,2020-12-01 07:00:00,80.5,-135.5,2,0,118.91151428222656,135.1956777325605,129.9964068547609,1.0399954968263743,0.5163717615171317,-16.28416345033395,16.28416345033395,265.1739792771921,-11.08489257253433,117.55961429453318,1.3518999876933862,1.3518999876933862,1.8276335767253775
space2_time0,2020-12-01 07:00:00,76.25,-139.75,2,0,120.2182388305664,138.89344546170787,132.3980548706813,1.0490595620711416,0.5163692943931819,-18.675206631141464,18.675206631141464,348.7633427158301,-12.1798160401149,117.55961429453318,2.65862453603323,2.65862453603323,7.068284423597907
space2_time0,2020-12-01 07:00:00,72.0,-142.75,2,0,116.29808044433594,138.79594408351738,132.04769842338294,1.0511046064468135,0.5163673419967203,-22.497863639181446,22.497863639181446,506.15386832720264,-15.749617979047002,117.55961429453318,-1.2615338501972388,1.2615338501972388,1.5914676551934694
space2_time0,2020-12-01 07:00:00,67.75,-144.75,2,0,143.73919677734375,135.84831793385135,127.06663531719427,1.069110845618407,0.5163929549583609,7.890878843492402,7.890878843492402,62.26596892267599,16.67256146014948,117.55961429453318,26.179582482810574,26.179582482810574,685.3705389742822
space2_time0,2020-12-01 07:00:00,63.5,-146.5,2,0,111.07119750976562,143.23476302336897,133.37483082593903,1.0739264832530337,0.5164579685979739,-32.163565513603345,32.163565513603345,1034.4949465478544,-22.303633316173404,117.55961429453318,-6.488416784767551,6.488416784767551,42.09955237285329
space2_time0,2020-12-01 07:00:00,59.25,-147.75,2,0,135.8988800048828,159.9451826824099,155.64011991041542,1.027660366584608,0.5164028293924354,-24.04630267752708,24.04630267752708,578.224672459246,-19.74123990553261,117.55961429453318,18.339265710349636,18.339265710349636,336.32866679480594
space2_time0,2020-12-01 09:00:00,79.0,-161.75,2,0,114.33799743652344,139.5269584306488,135.18799341354028,1.0320957868191412,0.5164009096808919,-25.188960994125352,25.188960994125352,634.4837559635685,-20.849995977016846,117.55961429453318,-3.221616858009739,3.221616858009739,10.378815179812541
space2_time0,2020-12-01 09:00:00,74.75,-165.5,2,0,124.13839721679688,140.7004894137914,136.325030303071,1.0320957868191416,0.5164009096808921,-16.562092196994513,16.562092196994513,274.30289794174655,-12.186633086274128,117.55961429453318,6.578782922263699,6.578782922263699,43.28038473826849
space2_time0,2020-12-01 09:00:00,67.75,-170.75,2,0,151.5795135498047,154.50564994414557,156.9193678920584,0.9846181004911188,0.5163720431720158,-2.9261363943408867,2.9261363943408867,8.562274198286286,-5.339854342253716,117.55961429453318,34.01989925527151,34.01989925527151,1157.353545338823
space2_time0,2020-12-01 09:00:00,64.25,-172.0,2,0,128.7119140625,152.4179743721047,154.79907823762346,0.9846181004911179,0.5163720431720158,-23.70606030960471,23.70606030960471,561.9772954026157,-26.087164175123462,117.55961429453318,11.152299767966824,11.152299767966824,124.37379011459286
space2_time0,2020-12-01 10:00:00,77.25,172.5,2,0,131.3253631591797,106.53108933521668,124.92787672446985,0.852740734321231,0.5159193369439734,24.79427382396301,24.79427382396301,614.7560144576573,6.397486434709833,117.55961429453318,13.765748864646511,13.765748864646511,189.49584180451672
space2_time0,2020-12-01 10:00:00,73.0,169.5,2,0,154.8463134765625,107.53703335511165,126.10753658989857,0.852740734321231,0.5159193369439735,47.309280121450854,47.309280121450854,2238.167985609905,28.738776886663928,117.55961429453318,37.286699182029324,37.286699182029324,1390.2979358911462
space2_time0,2020-12-01 10:00:00,68.75,167.25,2,0,133.28543090820312,87.8691015871336,102.41354633615204,0.8579831939294514,0.515979903842094,45.416329321069526,45.416329321069526,2062.6429689998395,30.871884572051087,117.55961429453318,15.725816613669949,15.725816613669949,247.30130816677777
space2_time0,2020-12-01 10:00:00,64.5,165.75,2,0,142.43247985839844,85.06458000192318,99.14480913354303,0.857983193929452,0.515979903842094,57.36789985647526,57.36789985647526,3291.0759339425745,43.2876707248554,117.55961429453318,24.87286556386526,24.87286556386526,618.6594413581143
space2_time0,2020-12-01 12:00:00,80.0,151.25,2,0,107.80439758300781,114.87387616347876,134.711374207914,0.852740734321231,0.5159193369439734,-7.069478580470943,7.069478580470943,49.977527399737454,-26.90697662490618,117.55961429453318,-9.755216711525364,9.755216711525364,95.16425308882373
space2_time0,2020-12-01 12:00:00,75.75,147.25,2,0,122.83168029785156,115.49109575300204,135.4351810634814,0.8527407343212313,0.5159193369439735,7.34058454484952,7.34058454484952,53.88418146008363,-12.603500765629832,117.55961429453318,5.272066003318386,5.272066003318386,27.7946799433455
space2_time0,2020-12-01 12:00:00,71.5,144.25,2,0,129.3652801513672,116.40860886734531,135.6770268823204,0.8579831939294514,0.5159799038420941,12.95667128402188,12.95667128402188,167.8753307621972,-6.311746730953217,117.55961429453318,11.805665856834011,11.805665856834011,139.37374632321632
space2_time0,2020-12-01 12:00:00,67.25,142.5,2,0,128.05856323242188,98.99571234046952,115.38187815437506,0.8579831939294515,0.515979903842094,29.06285089195235,29.06285089195235,844.6493019678555,12.676685078046816,117.55961429453318,10.498948937888699,10.498948937888699,110.22792880039424
space2_time0,2020-12-01 12:00:00,63.0,141.0,2,0,120.2182388305664,107.935780529871,125.80174214781428,0.8579831939294513,0.5159799038420941,12.28245830069541,12.28245830069541,150.8587819083216,-5.5835033172478745,117.55961429453318,2.65862453603323,2.65862453603323,7.068284423597907
space2_time0,2020-12-01 12:00:00,58.75,139.5,2,0,148.96607971191406,108.62573178578833,125.50938720000643,0.8654789431222939,0.5159761752863935,40.34034792612573,40.34034792612573,1627.3436708008765,23.456692511907633,117.55961429453318,31.406465417380886,31.406465417380886,986.3660700131416
space2_time0,2020-12-01 17:00:00,79.5,78.25,2,0,105.84431457519531,148.04446596811522,144.3874298443025,1.025327939750408,0.5159985755490964,-42.200151392919906,42.200151392919906,1780.85277758536,-38.543115269107176,117.55961429453318,-11.715299719337864,11.715299719337864,137.24824751391782
space2_time0,2020-12-01 17:00:00,75.25,74.0,2,0,120.87159729003906,158.2999364551055,146.4541088547086,1.0808842284660556,0.5161446119462013,-37.42833916506643,37.42833916506643,1400.880572655246,-25.582511564669545,117.55961429453318,3.311982995505886,3.311982995505886,10.969231362520143
space2_time0,2020-12-01 17:00:00,70.75,71.75,2,0,116.29808044433594,144.18084951767517,133.3915748981651,1.080884228466055,0.5161446119462012,-27.882769073339233,27.882769073339233,777.4488111971627,-17.093494453829152,117.55961429453318,-1.2615338501972388,1.2615338501972388,1.5914676551934694
space2_time0,2020-12-01 17:00:00,66.5,69.75,2,0,125.44511413574219,158.87718783748812,146.9881636287356,1.080884228466055,0.5161446119462012,-33.432073701745935,33.432073701745935,1117.7035519989722,-21.54304949299342,117.55961429453318,7.885499841209011,7.885499841209011,62.18110774570734
space2_time0,2020-12-01 17:00:00,62.25,68.25,2,0,134.5921630859375,143.98915062212913,133.21422112567265,1.0808842284660551,0.5161446119462012,-9.39698753619163,9.39698753619163,88.30337475534085,1.3779419602648488,117.55961429453318,17.032548791404324,17.032548791404324,290.1077183315689
space2_time0,2020-12-01 17:00:00,58.25,67.0,2,0,173.14039611816406,147.0864319355526,136.12518266205936,1.0805233025890983,0.5162099569795254,26.053964182611452,26.053964182611452,678.8090496288004,37.0152134561047,117.55961429453318,55.580781823630886,55.580781823630886,3089.2233081260574
space2_time0,2020-12-01 17:00:00,54.25,66.0,2,0,174.44711303710938,155.18946294830488,143.62435551037848,1.0805233025890986,0.5162099569795253,19.257650088804496,19.257650088804496,370.8570869428318,30.822757526730896,117.55961429453318,56.8874987425762,56.8874987425762,3236.1875131866086
space2_time0,2020-12-01 18:00:00,78.0,52.25,2,0,122.17831420898438,161.9161678540308,146.07906591650578,1.1084145893058834,0.516130334368321,-39.737853645046414,39.737853645046414,1579.0970123151285,-23.900751707521408,117.55961429453318,4.618699914451199,4.618699914451199,21.33238889975151
space2_time0,2020-12-01 18:00:00,73.5,49.0,2,0,142.43247985839844,162.38661572374377,146.5034990431101,1.1084145893058834,0.516130334368321,-19.954135865345336,19.954135865345336,398.16753813266104,-4.071019184711673,117.55961429453318,24.87286556386526,24.87286556386526,618.6594413581143
space2_time0,2020-12-01 18:00:00,69.25,46.75,2,0,159.41983032226562,169.72530033198012,153.1243832132039,1.1084145893058837,0.516130334368321,-10.305470009714497,10.305470009714497,106.20271212112492,6.295447109061712,117.55961429453318,41.86021602773245,41.86021602773245,1752.2776858884286
space2_time0,2020-12-01 18:00:00,65.0,45.0,2,0,147.00599670410156,165.5461553668445,145.78566072872883,1.1355448439808156,0.5161247986257052,-18.540158662742925,18.540158662742925,343.7374832396815,1.220335975372734,117.55961429453318,29.446382409568386,29.446382409568386,867.0894370105385
space2_time0,2020-12-01 18:00:00,60.75,43.75,2,0,163.33999633789062,159.0227152695072,139.5077428400653,1.1398845112978013,0.5161234710420743,4.317281068383437,4.317281068383437,18.638915823422032,23.83225349782532,117.55961429453318,45.78038204335745,45.78038204335745,2095.843380035765
space2_time0,2020-12-01 18:00:00,56.75,42.5,2,0,169.22023010253906,164.74572119672735,143.4000498334004,1.1488540024088274,0.5161170177030444,4.474508905811717,4.474508905811717,20.02122994818837,25.82018026913866,117.55961429453318,51.660615808005886,51.660615808005886,2668.8192256623875
space2_time0,2020-12-01 20:00:00,80.75,31.25,2,0,98.00399780273438,149.27276356185632,133.13167148289526,1.1212415640784232,0.5161415978616197,-51.26876575912195,51.26876575912195,2628.486342463715,-35.12767368016088,117.55961429453318,-19.5556164917988,19.5556164917988,382.42213637431325
space2_time0,2020-12-01 20:00:00,76.25,26.75,2,0,110.41783905029297,153.8581166477113,132.97803829291848,1.1570189981957708,0.5161514813246193,-43.440277597418344,43.440277597418344,1887.057717740766,-22.560199242625515,117.55961429453318,-7.141775244240208,7.141775244240208,51.004953639242274
space2_time0,2020-12-01 20:00:00,72.0,23.75,2,0,129.3652801513672,164.93033985365207,139.17081820799177,1.1850928375456022,0.516242453212693,-35.565059702284884,35.565059702284884,1264.873471627088,-9.805538056624584,117.55961429453318,11.805665856834011,11.805665856834011,139.37374632321632
space2_time0,2020-12-01 20:00:00,67.75,22.0,2,0,151.5795135498047,144.40267541593656,120.98267408123662,1.193581448852536,0.5162421474652596,7.176838133868131,7.176838133868131,51.50700559974379,30.596839468568064,117.55961429453318,34.01989925527151,34.01989925527151,1157.353545338823
space2_time0,2020-12-01 20:00:00,63.5,20.25,2,0,135.24551391601562,169.3372573289052,141.87323160199884,1.193581448852536,0.5162421474652598,-34.09174341288957,34.09174341288957,1162.2469689302995,-6.627717685983214,117.55961429453318,17.68589962148245,17.68589962148245,312.791045421153
space2_time0,2020-12-01 20:00:00,59.25,19.0,2,0,154.8463134765625,172.7474970911399,143.07141180903926,1.2074214890792436,0.516239105801937,-17.901183614577405,17.901183614577405,320.4523748028146,11.774901667523238,117.55961429453318,37.286699182029324,37.286699182029324,1390.2979358911462
space2_time0,2020-12-01 20:00:00,55.0,17.75,2,0,180.980712890625,177.1438302540536,144.87685998322178,1.222719972496427,0.5162369318734839,3.836882636571403,3.836882636571403,14.72166836682312,36.10385290740322,117.55961429453318,63.421098596091824,63.421098596091824,4022.2357471352
space2_time0,2020-12-01 20:00:00,51.0,17.0,2,0,179.0206298828125,158.38274540315334,129.53313020624287,1.222719972496427,0.5162369318734839,20.637884479659164,20.637884479659164,425.9222757957566,49.48749967656963,117.55961429453318,61.461015588279324,61.461015588279324,3777.456437142714
space2_time0,2020-12-01 21:00:00,79.0,5.0,2,0,124.79175567626953,160.06072968121418,137.78361649195497,1.1616818730444631,0.5161482367924246,-35.26897400494465,35.26897400494465,1243.9005273614616,-12.991860815685442,117.55961429453318,7.232141381736355,7.232141381736355,52.30386896542343
space2_time0,2020-12-01 21:00:00,74.75,1.5,2,0,133.28543090820312,152.0160956880301,129.99971662149608,1.169357131220804,0.5162363188565469,-18.73066477982698,18.73066477982698,350.83780309425094,3.285714286707048,117.55961429453318,15.725816613669949,15.725816613669949,247.30130816677777
space2_time0,2020-12-01 21:00:00,70.25,-1.0,2,0,143.08583068847656,152.95990595921222,131.11003731879123,1.16665290535532,0.5162422582018943,-9.87407527073566,9.87407527073566,97.49736245215348,11.975793369685334,117.55961429453318,25.526216393943386,25.526216393943386,651.5877233904241
space2_time0,2020-12-01 21:00:00,66.0,-3.0,2,0,123.48503875732422,150.16439064987165,130.2456314622572,1.1529322631706584,0.5162674655045034,-26.67935189254743,26.67935189254743,711.7878174063742,-6.760592704932975,117.55961429453318,5.925424462791042,5.925424462791042,35.110655064242515
space2_time0,2020-12-01 22:00:00,62.0,-4.25,2,0,167.91351318359375,147.44255444787146,129.1740833921909,1.1414252036936452,0.5163307832977946,20.47095873572229,20.47095873572229,419.0601515596448,38.73942979140284,117.55961429453318,50.353898889060574,50.353898889060574,2535.515133329736
space2_time0,2020-12-01 22:00:00,57.75,-5.75,2,0,175.10047912597656,130.41222718609407,114.2538527834158,1.1414252036936452,0.5163307832977946,44.68825193988249,44.68825193988249,1997.0398614424112,60.84662634256077,117.55961429453318,57.540864831443386,57.540864831443386,3310.9511255504385
space2_time0,2020-12-01 22:00:00,53.75,-6.75,2,0,163.33999633789062,116.92676021039337,107.08973375793715,1.091857791659951,0.5164239708899144,46.41323612749726,46.41323612749726,2154.1884878268165,56.25026257995347,117.55961429453318,45.78038204335745,45.78038204335745,2095.843380035765
space2_time0,2020-12-01 22:00:00,49.5,-7.75,2,0,184.90087890625,140.7725889371972,128.38906504540884,1.096453104377764,0.5164212789509895,44.12828996905279,44.12828996905279,1947.3059755928048,56.51181386084116,117.55961429453318,67.34126461171682,67.34126461171682,4534.845919505265
space2_time0,2020-12-01 22:00:00,45.5,-8.5,2,0,178.36727905273438,126.51712241787908,114.81487274909146,1.1019227682667985,0.5164209018053213,51.850156634855296,51.850156634855296,2688.4387430590286,63.55240630364291,117.55961429453318,60.8076647582012,60.8076647582012,3697.572093345784
space2_time1,2020-12-01 23:00:00,77.25,-20.75,2,1,112.37791442871094,160.7935460029918,141.2659924258789,1.1382325161334137,0.47594875160244315,-48.415631574280866,48.415631574280866,2344.0733807365023,-28.888077997167954,119.78399244611354,-7.406078017402606,7.406078017402606,54.84999159985412
space2_time1,2020-12-01 23:00:00,73.0,-23.75,2,1,120.2182388305664,159.34339261305482,139.99195274647914,1.1382325161334135,0.4759487516024432,-39.12515378248841,39.12515378248841,1530.7776585033673,-19.773713915912737,119.78399244611354,0.43424638445286234,0.43424638445286234,0.18856992241038312
space2_time1,2020-12-01 23:00:00,68.75,-26.0,2,1,130.6719970703125,162.33117650617538,141.97288149446754,1.14339565977254,0.47595006667837636,-31.65917943586288,31.65917943586288,1002.3036425521632,-11.300884424155043,119.78399244611354,10.888004624198956,10.888004624198956,118.54864469657785
space2_time1,2020-12-01 23:00:00,64.5,-27.5,2,1,124.13839721679688,168.47755749358123,147.40020710934866,1.142994035066697,0.47594914295255986,-44.339160276784355,44.339160276784355,1965.9611340503716,-23.26180989255178,119.78399244611354,4.354404770683331,4.354404770683331,18.960840906949752
space2_time1,2020-12-01 23:00:00,60.25,-29.0,2,1,140.47239685058594,170.18272139202023,150.49085040524378,1.1308509516276233,0.47594932986305044,-29.71032454143429,29.71032454143429,882.7033843573527,-10.018453554657839,119.78399244611354,20.688404404472394,20.688404404472394,428.0100768029927
space2_time1,2020-12-01 23:00:00,56.25,-30.25,2,1,160.7265625,176.93444650924496,155.3784136685965,1.1387324811194488,0.4759455126290881,-16.207884009244964,16.207884009244964,262.6955040571386,5.348148831403506,119.78399244611354,40.942570053886456,40.942570053886456,1676.2940426174
space2_time1,2020-12-02 01:00:00,80.0,-41.75,2,1,105.19095611572266,148.11698934572348,130.16109608203348,1.1379513065284377,0.47588103722438413,-42.926033230000826,42.926033230000826,1842.6443288631351,-24.970139966310825,119.78399244611354,-14.593036330390888,14.593036330390888,212.95670934010835
space2_time1,2020-12-02 01:00:00,75.75,-46.25,2,1,118.91151428222656,147.19535397413938,126.837293573346,1.1605053200620448,0.4759468019897971,-28.283839691912817,28.283839691912817,799.9755877178229,-7.92577929111944,119.78399244611354,-0.8724781638869814,0.8724781638869814,0.7612181464595984
space2_time1,2020-12-02 01:00:00,71.5,-48.75,2,1,111.72455596923828,150.8841665307934,130.50376784615253,1.1561671285128472,0.47594407714164993,-39.15961056155513,39.15961056155513,1533.4750993326597,-18.779211876914246,119.78399244611354,-8.059436476875263,8.059436476875263,64.95451632478755
space2_time1,2020-12-02 01:00:00,67.25,-50.75,2,1,134.5921630859375,175.25277030359467,151.01590735052446,1.1604921188654242,0.47601561221146166,-40.66060721765717,40.66060721765717,1653.2849793085945,-16.423744264586958,119.78399244611354,14.808170639823956,14.808170639823956,219.28191769814424
space2_time1,2020-12-02 01:00:00,63.0,-52.25,2,1,148.96607971191406,156.2871174253803,134.7133922447142,1.160145363584018,0.4760143272431416,-7.321037713466239,7.321037713466239,53.59759320199498,14.252687467199848,119.78399244611354,29.18208726580052,29.18208726580052,851.5942171887967
space2_time1,2020-12-02 01:00:00,58.75,-53.75,2,1,140.47239685058594,165.22353159186494,138.37377993055796,1.194037856556216,0.47601134633839987,-24.751134741279003,24.751134741279003,612.6186709809484,2.098616920027979,119.78399244611354,20.688404404472394,20.688404404472394,428.0100768029927
space2_time1,2020-12-02 02:00:00,78.5,-68.25,2,1,114.9913558959961,177.20876655590354,148.34654477214718,1.1945594474619359,0.47565460752401656,-62.21741065990744,62.21741065990744,3871.0061892235644,-33.35518887615109,119.78399244611354,-4.79263655011745,4.79263655011745,22.969365101521696
space2_time1,2020-12-02 02:00:00,74.0,-71.5,2,1,114.33799743652344,178.186211507008,149.36622804185234,1.1929484585838257,0.475778351240478,-63.84821407048457,63.84821407048457,4076.5944399904242,-35.0282306053289,119.78399244611354,-5.445995009590106,5.445995009590106,29.658861644480343
space2_time1,2020-12-02 02:00:00,69.75,-73.75,2,1,126.75183868408203,178.61673729681604,148.80582893737432,1.2003342783835966,0.47585579873437767,-51.86489861273401,51.86489861273401,2689.967708109178,-22.053990253292284,119.78399244611354,6.967846237968487,6.967846237968487,48.5508811959716
space2_time1,2020-12-02 02:00:00,65.5,-75.75,2,1,122.83168029785156,178.87669988805362,147.6846125571794,1.2112074290664339,0.4759103561237429,-56.04501959020206,56.04501959020206,3141.0442208661325,-24.852932259327844,119.78399244611354,3.0476878517380186,3.0476878517380186,9.2884012416315
space2_time1,2020-12-02 02:00:00,61.25,-77.0,2,1,114.33799743652344,187.42967205229633,154.6640162813722,1.211850542606596,0.4759111577426911,-73.09167461577289,73.09167461577289,5342.392898138019,-40.32601884484876,119.78399244611354,-5.445995009590106,5.445995009590106,29.658861644480343
space2_time1,2020-12-02 04:00:00,81.25,-88.75,2,1,123.48503875732422,161.6634899582055,138.23055360561332,1.1695206721044389,0.475796402923123,-38.178451200881284,38.178451200881284,1457.5941360980735,-14.745514848289105,119.78399244611354,3.701046311210675,3.701046311210675,13.697743797726144
space2_time1,2020-12-02 04:00:00,76.75,-93.75,2,1,126.09848022460938,165.60986534945656,150.36183334318673,1.1014089258373672,0.47577252199812614,-39.51138512484718,39.51138512484718,1561.149554483995,-24.263353118577356,119.78399244611354,6.314487778495831,6.314487778495831,39.872755904773214
space2_time1,2020-12-02 04:00:00,72.5,-96.75,2,1,120.2182388305664,167.0729112283212,151.17017335150675,1.1051975897377375,0.4758386337539612,-46.8546723977548,46.8546723977548,2195.3603255009252,-30.95193452094034,119.78399244611354,0.43424638445286234,0.43424638445286234,0.18856992241038312
space2_time1,2020-12-02 04:00:00,68.25,-98.75,2,1,128.05856323242188,158.02306989730275,144.17303582989598,1.0960653563801481,0.4758969261906474,-29.964506664880872,29.964506664880872,897.8716596696902,-16.114472597474105,119.78399244611354,8.274570786308331,8.274570786308331,68.46852169762727
space2_time1,2020-12-02 04:00:00,64.0,-100.25,2,1,128.05856323242188,153.97123616609798,143.20744050232892,1.075162265494117,0.4759037604666508,-25.912672933676106,25.912672933676106,671.4666185676703,-15.148877269907047,119.78399244611354,8.274570786308331,8.274570786308331,68.46852169762727
space2_time1,2020-12-02 04:00:00,59.75,-101.75,2,1,132.632080078125,160.71801352551554,149.38570496221482,1.0758593907373335,0.47595834472087767,-28.085933447390545,28.085933447390545,788.8196576112509,-16.753624884089817,119.78399244611354,12.848087632011456,12.848087632011456,165.07335579984576
space2_time1,2020-12-02 04:00:00,55.75,-102.75,2,1,156.806396484375,160.70256698855334,149.2647942192506,1.0766273978343626,0.4759569663084052,-3.896170504178343,3.896170504178343,15.180144597629326,7.541602265124396,119.78399244611354,37.022404038261456,37.022404038261456,1370.6584007722781
space2_time1,2020-12-02 05:00:00,79.5,-115.25,2,1,119.56488037109375,157.6926133672008,152.62292533560782,1.0332170807265357,0.4758584738443844,-38.127732996107056,38.127732996107056,1453.7240234224307,-33.05804496451407,119.78399244611354,-0.2191120750197939,0.2191120750197939,0.04801010141947979
space2_time1,2020-12-02 06:00:00,75.25,-119.25,2,1,100.61743927001953,154.33916962361968,149.07902342051065,1.035284281332268,0.4758565887060865,-53.72173035360015,53.72173035360015,2886.024312184924,-48.46158415049112,119.78399244611354,-19.166553176094013,19.166553176094013,367.3567606520395
space2_time1,2020-12-02 06:00:00,70.75,-121.5,2,1,128.05856323242188,145.27285245095288,139.94792323375123,1.038049362178155,0.4759216210318028,-17.214289218531007,17.214289218531007,296.3317532992329,-11.88936000132935,119.78399244611354,8.274570786308331,8.274570786308331,68.46852169762727
space2_time1,2020-12-02 06:00:00,66.75,-123.5,2,1,137.8589630126953,133.90656885110891,128.6241751603374,1.0410684358845192,0.4759128800415329,3.9523941615863976,3.9523941615863976,15.621419608542242,9.234787852357925,119.78399244611354,18.07497056658177,18.07497056658177,326.70456098279726
space2_time1,2020-12-02 06:00:00,62.25,-125.0,2,1,152.88623046875,135.80060594206714,131.47285480323868,1.0329174501101792,0.4759130931149596,17.085624526682864,17.085624526682864,291.918565466787,21.413375665511325,119.78399244611354,33.102238022636456,33.102238022636456,1095.7581621072786
space2_time1,2020-12-02 06:00:00,58.25,-126.25,2,1,141.12576293945312,149.90226731389532,143.9394562876276,1.0414258270807448,0.4759059913801292,-8.776504374442197,8.776504374442197,77.02702903460303,-2.8136933481744677,119.78399244611354,21.34177049333958,21.34177049333958,455.47116779038
space2_time1,2020-12-02 06:00:00,54.25,-127.25,2,1,139.81903076171875,146.3904784766019,140.08965872737204,1.0449770511718628,0.4758924944783716,-6.571447714883163,6.571447714883163,43.18392506944315,-0.27062796565328995,119.78399244611354,20.035038315605206,20.035038315605206,401.4027603077687
space2_time1,2020-12-02 07:00:00,78.0,-141.0,2,1,108.45775604248047,143.71451961827975,136.8883397980522,1.0498667733884277,0.47585475431546714,-35.25676357579928,35.25676357579928,1243.039377839807,-28.430583755571718,119.78399244611354,-11.326236403633075,11.326236403633075,128.2836310709831
space2_time1,2020-12-02 07:00:00,73.5,-144.25,2,1,116.29808044433594,142.88201276733867,136.09537551720902,1.049866773388428,0.475854754315467,-26.583932323002728,26.583932323002728,706.7054577539892,-19.797295072873084,119.78399244611354,-3.4859120017776064,3.4859120017776064,12.151582484137158
space2_time1,2020-12-02 07:00:00,69.25,-146.5,2,1,127.40519714355469,130.20589364280926,123.69791529753162,1.0526118676262566,0.47585297326851544,-2.8006964992545704,2.8006964992545704,7.843900880936806,3.707281846023065,119.78399244611354,7.621204697441144,7.621204697441144,58.082761040298955
space2_time1,2020-12-02 07:00:00,65.0,-148.25,2,1,150.92616271972656,140.6572762108185,133.6269146651505,1.0526118676262564,0.47585297326851533,10.268886508908054,10.268886508908054,105.45003013283383,17.299248054576054,119.78399244611354,31.14217027361302,31.14217027361302,969.8347693507063
space2_time1,2020-12-02 07:00:00,61.0,-149.5,2,1,126.09848022460938,141.2974783059708,134.5120842248755,1.050444494412499,0.4758531317573672,-15.198998081361424,15.198998081361424,231.00954267722824,-8.413604000266133,119.78399244611354,6.314487778495831,6.314487778495831,39.872755904773214
space2_time1,2020-12-02 09:00:00,80.75,-162.0,2,1,101.92415618896484,147.02038918862158,140.01863264102667,1.0500058914697852,0.47585221479355466,-45.096232999656735,45.096232999656735,2033.6702307593291,-38.094476452061826,119.78399244611354,-17.8598362571487,17.8598362571487,318.9737511321633
space2_time1,2020-12-02 09:00:00,76.25,-166.5,2,1,116.9514389038086,143.30390892407874,138.46148458294593,1.0349730782947941,0.47585170263076987,-26.352470020270147,26.352470020270147,694.4526761692368,-21.510045679137335,119.78399244611354,-2.83255354230495,2.83255354230495,8.02335957002432
space2_time1,2020-12-02 09:00:00,72.0,-169.25,2,1,142.43247985839844,136.01959482760995,131.4233168767189,1.0349730782947941,0.4758517026307699,6.4128850307884875,6.4128850307884875,41.12509441811106,11.009162981679538,119.78399244611354,22.648487412284894,22.648487412284894,512.9539820644272
space2_time1,2020-12-02 09:00:00,67.75,-171.25,2,1,147.00599670410156,138.3945683995025,134.29393753047623,1.0305347430005598,0.4758470970341187,8.611428304599059,8.611428304599059,74.15669744524982,12.712059173625335,119.78399244611354,27.22200425798802,27.22200425798802,741.0375158219179
space2_time1,2020-12-02 09:00:00,63.25,-173.0,2,1,158.7664794921875,137.93662284869438,133.74685732503016,1.0313260857672515,0.4758428549388649,20.829856643493116,20.829856643493116,433.8829277884743,25.019622167157337,119.78399244611354,38.982487046073956,38.982487046073956,1519.6342962973238
space2_time1,2020-12-02 10:00:00,79.0,171.75,2,1,124.79175567626953,132.22936990291308,139.3274895912416,0.9490544205658701,0.47572181308082134,-7.4376142266435465,7.4376142266435465,55.31810538437048,-14.53573391497207,119.78399244611354,5.007763230155987,5.007763230155987,25.07769256930233
space2_time1,2020-12-02 10:00:00,74.75,168.0,2,1,127.40519714355469,132.7193002088938,138.00367356977722,0.9617084587374297,0.4757702350515592,-5.314103065339111,5.314103065339111,28.239691389046538,-10.598476426222533,119.78399244611354,7.621204697441144,7.621204697441144,58.082761040298955
space2_time1,2020-12-02 10:00:00,70.25,165.75,2,1,150.92616271972656,130.14518103107898,135.32706284182936,0.9617084587374295,0.4757702350515593,20.780981688647586,20.780981688647586,431.8491999439063,15.599099877897203,119.78399244611354,31.14217027361302,31.14217027361302,969.8347693507063
space2_time1,2020-12-02 10:00:00,66.0,163.75,2,1,137.20559692382812,109.42023662543818,113.85072291248015,0.9610851281950328,0.47571564539796213,27.785360298389946,27.785360298389946,772.0262469113443,23.354874011347974,119.78399244611354,17.42160447771458,17.42160447771458,303.51230257792474
space2_time1,2020-12-02 10:00:00,61.75,162.25,2,1,139.16567993164062,123.96406394132367,128.98343789184898,0.9610851281950327,0.47571564539796213,15.201615990316952,15.201615990316952,231.08912871706005,10.182242039791646,119.78399244611354,19.38168748552708,19.38168748552708,375.6498097866371
space2_time1,2020-12-02 12:00:00,77.25,146.0,2,1,137.8589630126953,135.40279370631083,137.7014585463801,0.9833068954800136,0.4757091833573927,2.4561693063844814,2.4561693063844814,6.032767661625225,0.15750446631520276,119.78399244611354,18.07497056658177,18.07497056658177,326.70456098279726
space2_time1,2020-12-02 12:00:00,73.0,143.0,2,1,141.77911376953125,136.99774486731766,141.119954638294,0.9707893204646929,0.47570530288690716,4.781368902213586,4.781368902213586,22.861488579055155,0.65915913123726,119.78399244611354,21.995121323417706,21.995121323417706,483.7853620318643
space2_time1,2020-12-02 12:00:00,68.75,140.75,2,1,128.7119140625,131.60010177780381,136.08269881635246,0.9670597579447039,0.47571286135574564,-2.8881877153038147,2.8881877153038147,8.34162827883187,-7.370784753852462,119.78399244611354,8.927921616386456,8.927921616386456,79.70778438834056
space2_time1,2020-12-02 12:00:00,64.5,139.25,2,1,120.2182388305664,119.16481046168707,122.01448968034319,0.9766447474712076,0.4756565399153627,1.053428368879338,1.053428368879338,1.1097113283597826,-1.7962508497767828,119.78399244611354,0.43424638445286234,0.43424638445286234,0.18856992241038312
space2_time1,2020-12-02 12:00:00,60.25,137.75,2,1,122.83168029785156,117.56048682570314,120.79276518170408,0.9732411262285551,0.47565204545634326,5.2711934721484255,5.2711934721484255,27.785480620820174,2.0389151161474786,119.78399244611354,3.0476878517380186,3.0476878517380186,9.2884012416315
space2_time1,2020-12-02 12:00:00,56.0,136.5,2,1,138.51231384277344,121.77319047114646,127.58208270363228,0.9544693728979197,0.47560766338342636,16.739123371626974,16.739123371626974,280.19825125054837,10.930231139141156,119.78399244611354,18.728321396659894,18.728321396659894,350.7500223365888
space2_time1,2020-12-02 14:00:00,80.5,123.75,2,1,133.9387969970703,125.62775456621561,136.32694591867036,0.9215181468318258,0.4755464282690328,8.311042430854698,8.311042430854698,69.07342628746717,-2.388148921600049,119.78399244611354,14.154804550956769,14.154804550956769,200.35849187578646
space2_time1,2020-12-02 14:00:00,75.75,120.25,2,1,108.45775604248047,128.7127377628281,139.4439515437974,0.9230428163992553,0.4755503206011418,-20.254981720347644,20.254981720347644,410.2642844916172,-30.986195501316928,119.78399244611354,-11.326236403633075,11.326236403633075,128.2836310709831
space2_time1,2020-12-02 14:00:00,71.25,117.75,2,1,134.5921630859375,119.12994266742152,127.96989084655596,0.930921655706231,0.47554845103568355,15.462220418515983,15.462220418515983,239.08026027077258,6.6222722393815445,119.78399244611354,14.808170639823956,14.808170639823956,219.28191769814424
space2_time1,2020-12-02 14:00:00,67.0,116.0,2,1,147.65936279296875,124.94275863613085,132.6543636824817,0.9418669327395126,0.47561765118016364,22.716604156837903,22.716604156837903,516.044104418465,15.004999110487063,119.78399244611354,27.875370346855206,27.875370346855206,777.0362719743346
space2_time1,2020-12-02 14:00:00,63.0,114.25,2,1,145.69927978515625,125.6896221175621,133.63405496323074,0.9405508360286265,0.4756617463493542,20.009657667594155,20.009657667594155,400.38639997430954,12.065224821925511,119.78399244611354,25.915287339042706,25.915287339042706,671.6021178651472
space2_time1,2020-12-02 14:00:00,58.75,113.25,2,1,128.05856323242188,124.3638811541957,131.49510167400294,0.9457681660455566,0.4756687597678144,3.6946820782261796,3.6946820782261796,13.65067565916572,-3.436538441581064,119.78399244611354,8.274570786308331,8.274570786308331,68.46852169762727
space2_time1,2020-12-02 14:00:00,54.75,112.25,2,1,143.73919677734375,125.7603430083996,132.6894887296435,0.9477792416898813,0.4757254785507514,17.97885376894415,17.97885376894415,323.2391828450772,11.04970804770025,119.78399244611354,23.955204331230206,23.955204331230206,573.8518145509904
space2_time1,2020-12-02 14:00:00,50.5,111.0,2,1,114.33799743652344,127.98969539343062,135.04167401390453,0.9477792416898814,0.47572547855075153,-13.651697956907185,13.651697956907185,186.3688571066238,-20.70367657738109,119.78399244611354,-5.445995009590106,5.445995009590106,29.658861644480343
space2_time1,2020-12-02 14:00:00,46.5,110.0,2,1,118.2581558227539,135.2606544348061,142.68974414370996,0.9479353631651224,0.4757208150834529,-17.002498612052193,17.002498612052193,289.0849590528367,-24.431588320956052,119.78399244611354,-1.5258366233596377,1.5258366233596377,2.328177401185541
space2_time1,2020-12-02 14:00:00,40.75,109.25,2,1,141.12576293945312,136.26910743855146,142.256525555274,0.9579111180077562,0.4757763570296993,4.856655500901667,4.856655500901667,23.587102654438418,-1.1307626158208848,119.78399244611354,21.34177049333958,21.34177049333958,455.47116779038
space2_time1,2020-12-02 14:00:00,36.75,107.75,2,1,146.35263061523438,137.47514198912373,142.4185128224773,0.9652898297041239,0.4757804595383509,8.877488626110647,8.877488626110647,78.8098043067239,3.934117792757064,119.78399244611354,26.56863816912083,26.56863816912083,705.8925341616643
space2_time1,2020-12-02 15:00:00,78.5,98.75,2,1,122.83168029785156,127.055229010189,136.86962330953568,0.9282938459094674,0.4756613443246002,-4.223548712337433,4.223548712337433,17.838363725487184,-14.03794301168412,119.78399244611354,3.0476878517380186,3.0476878517380186,9.2884012416315
space2_time1,2020-12-02 15:00:00,74.25,95.5,2,1,130.0186309814453,123.5776327179347,134.63719591803877,0.9178565542405043,0.4756042805640808,6.440998263510608,6.440998263510608,41.486458630546664,-4.618564936593458,119.78399244611354,10.234638535331769,10.234638535331769,104.74782594889801
space2_time1,2020-12-02 15:00:00,69.75,92.75,2,1,126.09848022460938,125.10214938898059,134.76456728328884,0.928301495793053,0.4756662073567528,0.9963308356287826,0.9963308356287826,0.9926751340247482,-8.666087058679466,119.78399244611354,6.314487778495831,6.314487778495831,39.872755904773214
space2_time1,2020-12-02 15:00:00,65.5,91.25,2,1,133.9387969970703,136.14217114661963,147.05440766088574,0.9257945634691194,0.475662996951547,-2.203374149549319,2.203374149549319,4.854857642902184,-13.115610663815431,119.78399244611354,14.154804550956769,14.154804550956769,200.35849187578646
space2_time1,2020-12-02 15:00:00,61.5,89.75,2,1,137.20559692382812,129.55175501222735,139.57180459675843,0.9282086406098968,0.47566825304632476,7.653841911600779,7.653841911600779,58.581296007776665,-2.366207672930301,119.78399244611354,17.42160447771458,17.42160447771458,303.51230257792474
space2_time1,2020-12-02 15:00:00,57.25,88.5,2,1,143.73919677734375,138.76692275934326,138.0951295546666,1.0048647132367596,0.47571350893665754,4.9722740180004905,4.9722740180004905,24.723508910082742,5.644067222677137,119.78399244611354,23.955204331230206,23.955204331230206,573.8518145509904
space2_time1,2020-12-02 15:00:00,53.25,87.5,2,1,167.91351318359375,137.91569863994647,136.86393920568608,1.007684708188033,0.4757691483672757,29.99781454364728,29.99781454364728,899.8688773950563,31.04957397790767,119.78399244611354,48.129520737480206,48.129520737480206,2316.450766419537
space2_time1,2020-12-02 15:00:00,49.0,86.5,2,1,134.5921630859375,128.98660505291215,128.02831273658077,1.0074850030891456,0.47577249681147904,5.605558033025346,5.605558033025346,31.42228086161499,6.563850349356727,119.78399244611354,14.808170639823956,14.808170639823956,219.28191769814424
space2_time2,2020-12-02 17:00:00,81.25,78.0,2,2,115.64471435546875,157.13489250248068,150.2613445340029,1.0457439535749817,0.40731915672872226,-41.49017814701193,41.49017814701193,1721.4348826707865,-34.61663017853414,120.97463743225711,-5.329923076788361,5.329923076788361,28.408080004481114
space2_time2,2020-12-02 17:00:00,76.75,73.0,2,2,117.60479736328125,157.43832289679858,150.3989359731061,1.046804765460251,0.40715460495072864,-39.83352553351733,39.83352553351733,1586.7097564293772,-32.79413860982484,120.97463743225711,-3.3698400689758614,3.3698400689758614,11.355822090475238
space2_time2,2020-12-02 17:00:00,72.5,70.0,2,2,141.12576293945312,146.7219276590644,141.20242567388044,1.0390892858875649,0.4068990041480214,-5.5961647196112665,5.5961647196112665,31.317059569021843,-0.07666273442731608,120.97463743225711,20.151125507196014,20.151125507196014,406.0678592067658
space2_time2,2020-12-02 17:00:00,68.25,68.0,2,2,147.00599670410156,146.2176752774083,140.45735271585878,1.0410111856030955,0.40679519599532243,0.7883214266932725,0.7883214266932725,0.6214506717837167,6.548643988242787,120.97463743225711,26.03135927184445,26.03135927184445,677.6316655398421
space2_time2,2020-12-02 17:00:00,64.0,66.5,2,2,137.8589630126953,148.5652102840759,142.74526514934917,1.0407715459328024,0.4054157905147258,-10.70624727138059,10.70624727138059,114.62373063594434,-4.886302136653853,120.97463743225711,16.8843255804382,16.8843255804382,285.0804503062398
space2_time2,2020-12-02 17:00:00,60.0,65.0,2,2,138.51231384277344,141.59614464647754,136.18305790780488,1.0397486061910672,0.40415436421765216,-3.083830803704103,3.083830803704103,9.510012425874294,2.3292559349685575,120.97463743225711,17.537676410516326,17.537676410516326,307.5700938799808
space2_time2,2020-12-02 17:00:00,55.75,64.0,2,2,164.64671325683594,111.96339861391989,107.49235957297584,1.0415940170883369,0.40195973226563436,52.683314642916045,52.683314642916045,2775.531641764492,57.154353683860094,120.97463743225711,43.672075824578826,43.672075824578826,1907.2502068277624
space2_time2,2020-12-02 20:00:00,78.0,25.75,2,2,130.6719970703125,151.3202838552473,145.46650179105993,1.0402414438521075,0.4083369866018992,-20.64828678493481,20.64828678493481,426.35174715291356,-14.794504720747426,120.97463743225711,9.697359638055389,9.697359638055389,94.03878394978574
space2_time2,2020-12-02 20:00:00,73.5,22.5,2,2,125.44511413574219,164.53145466783778,151.6216360676011,1.0851449630478913,0.40873266202289055,-39.08634053209559,39.08634053209559,1527.7420161909386,-26.1765219318589,120.97463743225711,4.470476703485076,4.470476703485076,19.98516195640279
space2_time2,2020-12-02 20:00:00,69.25,20.25,2,2,157.4597625732422,122.73111992455361,115.0732214162417,1.0665480501376754,0.40872763228556813,34.72864264868858,34.72864264868858,1206.0786202203112,42.386541157000494,120.97463743225711,36.485125140985076,36.485125140985076,1331.1643565533413
space2_time2,2020-12-02 20:00:00,65.0,18.5,2,2,124.13839721679688,144.94555461282982,135.7033630676417,1.0681058400931547,0.4087874728680278,-20.80715739603295,20.80715739603295,432.93779890328864,-11.564965850844828,120.97463743225711,3.1637597845397636,3.1637597845397636,10.00937597427109
space2_time2,2020-12-02 20:00:00,61.0,17.0,2,2,175.7538299560547,142.6907837768757,134.78551718865577,1.0586507122805717,0.4087593856955867,33.063046179179,33.063046179179,1093.1650226465229,40.96831276739891,120.97463743225711,54.779192523797576,54.779192523797576,3000.7599335592804
space2_time2,2020-12-02 20:00:00,54.5,14.75,2,2,154.19296264648438,156.9407303588564,151.1547483839603,1.0382785326743331,0.4088564978739347,-2.747767712372024,2.747767712372024,7.550227401154187,3.0382142625240647,120.97463743225711,33.218325214227264,33.218325214227264,1103.4571300381667
space2_time2,2020-12-02 20:00:00,50.75,13.25,2,2,150.27279663085938,134.85970057298317,130.64082194533353,1.0322937238516077,0.4092480025436557,15.413096057876203,15.413096057876203,237.56353008931893,19.631974685525847,120.97463743225711,29.298159198602264,29.298159198602264,858.3821324266424
space2_time2,2020-12-02 22:00:00,80.75,4.75,2,2,115.64471435546875,149.30386113575946,138.90053661389584,1.0748976553689056,0.4085328864819602,-33.65914678029071,33.65914678029071,1132.9381619771546,-23.255822258427088,120.97463743225711,-5.329923076788361,5.329923076788361,28.408080004481114
space2_time2,2020-12-02 22:00:00,76.25,0.25,2,2,141.12576293945312,154.05611710228789,145.88906431035076,1.0559812541847775,0.4084917934608314,-12.93035416283476,12.93035416283476,167.1940587763382,-4.763301370897636,120.97463743225711,20.151125507196014,20.151125507196014,406.0678592067658
space2_time2,2020-12-02 22:00:00,72.0,-2.75,2,2,131.3253631591797,150.84591867722355,142.79227554084915,1.0564011120760548,0.40866024439523496,-19.520555518043864,19.520555518043864,381.05208773303275,-11.46691238166946,120.97463743225711,10.350725726922576,10.350725726922576,107.1375230739769
space2_time2,2020-12-02 22:00:00,67.75,-4.5,2,2,150.27279663085938,155.45632488110695,149.63109703257533,1.0389305964071327,0.41019319741322,-5.183528250247576,5.183528250247576,26.8689651211147,0.641699598284049,120.97463743225711,29.298159198602264,29.298159198602264,858.3821324266424
space2_time2,2020-12-02 22:00:00,63.5,-6.25,2,2,185.55422973632812,159.18227764535533,150.26597743778444,1.059336786407705,0.4101907879570986,26.371952090972798,26.371952090972798,695.4798570885645,35.28825229854368,120.97463743225711,64.57959230407101,64.57959230407101,4170.523742160028
space2_time2,2020-12-02 22:00:00,59.25,-7.5,2,2,181.6340789794922,159.51633592509174,154.11792802222902,1.0350277736804512,0.4101432423533782,22.11774305440045,22.11774305440045,489.1945578204793,27.516150957263164,120.97463743225711,60.659441547235076,60.659441547235076,3679.567848822429
space2_time2,2020-12-02 22:00:00,55.25,-8.75,2,2,178.36727905273438,160.85856656551698,155.41473442159008,1.0350277736804512,0.41014324235337807,17.508712487217394,17.508712487217394,306.55501296004235,22.952544631144292,120.97463743225711,57.392641620477264,57.392641620477264,3293.915312176539
space2_time2,2020-12-02 22:00:00,51.0,-9.75,2,2,134.5921630859375,157.6600136479976,146.7273667868909,1.0745099370384354,0.4100794074405285,-23.0678505620601,23.0678505620601,532.1257295535365,-12.135203700953411,120.97463743225711,13.617525653680389,13.617525653680389,185.4370049286435
space2_time2,2020-12-02 22:00:00,47.0,-10.75,2,2,114.9913558959961,154.59059865876674,147.20165452110348,1.0501960671685517,0.4101054134247461,-39.59924276277064,39.59924276277064,1568.100027384843,-32.210298625107384,120.97463743225711,-5.983281536261018,5.983281536261018,35.79965794216201
space2_time2,2020-12-02 23:00:00,79.0,-21.5,2,2,128.7119140625,158.5307106191201,145.16928753231457,1.0920402883690623,0.40865535274691556,-29.8187965566201,29.8187965566201,889.1606280850988,-16.45737346981457,120.97463743225711,7.737276630242889,7.737276630242889,59.86544965290275
space2_time2,2020-12-02 23:00:00,74.75,-25.25,2,2,109.11111450195312,158.02955414996026,145.05592550230108,1.0894388050866168,0.4084343136223449,-48.91843964800714,48.91843964800714,2393.0137375957165,-35.944811000347954,120.97463743225711,-11.863522930303986,11.863522930303986,140.74317631784848
space2_time2,2020-12-02 23:00:00,70.25,-27.5,2,2,128.7119140625,160.25338038296627,145.8221576384027,1.0989645399456294,0.4090881986728636,-31.54146632046627,31.54146632046627,994.864097645108,-17.1102435759027,120.97463743225711,7.737276630242889,7.737276630242889,59.86544965290275
space2_time2,2020-12-02 23:00:00,66.25,-29.5,2,2,113.68463897705078,170.59541141092876,154.98303167563063,1.1007360584349248,0.40909469923141906,-56.91077243387798,56.91077243387798,3238.836019020646,-41.298392698579846,120.97463743225711,-7.28999845520633,7.28999845520633,53.14407747691068
space2_time2,2020-12-02 23:00:00,62.0,-31.0,2,2,147.65936279296875,180.5290937845891,161.8187470723654,1.1156253342133244,0.40907774866040914,-32.869730991620344,32.869730991620344,1080.4192154614868,-14.159384279396647,120.97463743225711,26.68472536071164,26.68472536071164,712.0745675766069
space2_time2,2020-12-02 23:00:00,57.75,-32.25,2,2,172.48703002929688,169.16633822219518,157.70845449341275,1.072652311289126,0.40918476232516027,3.3206918071016958,3.3206918071016958,11.026994077752326,14.77857553588413,120.97463743225711,51.512392597039764,51.512392597039764,2653.526591071557
space2_time2,2020-12-03 14:00:00,77.25,119.25,2,2,137.20559692382812,137.25646118027848,137.2617671247626,0.9999613443379368,0.40758954639671385,-0.050864256450353196,0.050864256450353196,0.002587172584247297,-0.056170200934474224,120.97463743225711,16.230959491571014,16.230959491571014,263.44404601701916
space2_time2,2020-12-03 14:00:00,73.0,116.25,2,2,122.17831420898438,122.6522656400581,123.6994368956514,0.9915345511517838,0.4075327437168657,-0.47395143107372917,0.47395143107372917,0.22462995901683586,-1.5211226866670273,120.97463743225711,1.2036767767272636,1.2036767767272636,1.4488377828325347
space2_time2,2020-12-03 14:00:00,68.75,114.25,2,2,139.81903076171875,124.0961190714637,126.86400774179505,0.9781822384488693,0.40750827953830554,15.722911690255046,15.722911690255046,247.20995201955878,12.9550230199237,120.97463743225711,18.84439332946164,18.84439332946164,355.1111599554583
space2_time2,2020-12-03 14:00:00,64.5,112.75,2,2,139.16567993164062,130.21741829464375,131.92239624167155,0.9870759022303959,0.40743420292153043,8.948261636996875,8.948261636996875,80.07138632415,7.243283689969076,120.97463743225711,18.191042499383514,18.191042499383514,330.9140272143772
space2_time2,2020-12-03 14:00:00,60.5,111.25,2,2,127.40519714355469,127.89808615967662,129.5208427789893,0.9874710773610258,0.4074871022268064,-0.4928890161219357,0.4928890161219357,0.24293958221364978,-2.1156456354346176,120.97463743225711,6.430559711297576,6.430559711297576,41.35209820056357
space2_time2,2020-12-03 14:00:00,56.25,109.75,2,2,126.09848022460938,114.07361562174209,111.56999196554301,1.0224399375861954,0.4073649585633989,12.024864602867282,12.024864602867282,144.59736871729052,14.528488259066364,120.97463743225711,5.123842792352264,5.123842792352264,26.25376496074024
space2_time2,2020-12-03 14:00:00,52.0,109.0,2,2,107.15103912353516,137.32389109827298,132.28025555378508,1.038128407927343,0.40767443096480094,-30.172851974737824,30.172851974737824,910.4009962894402,-25.129216430249926,120.97463743225711,-13.823598308721955,13.823598308721955,191.0918702009005
space2_time2,2020-12-03 14:00:00,48.0,108.0,2,2,107.15103912353516,123.63935090133539,125.40409776780298,0.985927518335683,0.40782190192523465,-16.488311777800234,16.488311777800234,271.8644252819459,-18.253058644267824,120.97463743225711,-13.823598308721955,13.823598308721955,191.0918702009005
space2_time2,2020-12-03 14:00:00,44.0,107.0,2,2,117.60479736328125,134.4718757263163,137.47331386076627,0.9781671216750488,0.40773719595386226,-16.867078363035063,16.867078363035063,284.4983325047656,-19.868516497485018,120.97463743225711,-3.3698400689758614,3.3698400689758614,11.355822090475238
space2_time2,2020-12-03 14:00:00,40.0,106.0,2,2,150.27279663085938,135.664435025958,138.69249131338745,0.9781671216750492,0.40773719595386215,14.608361604901376,14.608361604901376,213.4042287795567,11.580305317471925,120.97463743225711,29.298159198602264,29.298159198602264,858.3821324266424
space2_time2,2020-12-03 15:00:00,80.0,98.5,2,2,123.48503875732422,137.8078077484423,134.51459274637844,1.0244822136753076,0.40727725059683684,-14.322768991118068,14.322768991118068,205.14171157293327,-11.029553989054222,120.97463743225711,2.5104013250671073,2.5104013250671073,6.302114812898688
space2_time2,2020-12-03 15:00:00,75.75,94.0,2,2,127.40519714355469,140.43425527863707,135.9279103755714,1.033152462144195,0.40740808330983896,-13.02905813508238,13.02905813508238,169.75635588735634,-8.522713232016713,120.97463743225711,6.430559711297576,6.430559711297576,41.35209820056357
space2_time2,2020-12-03 15:00:00,71.5,91.5,2,2,147.00599670410156,148.27730613434895,140.34299438690488,1.0565351464966637,0.407443798934467,-1.2713094302473849,1.2713094302473849,1.6162276674359304,6.6630023171966855,120.97463743225711,26.03135927184445,26.03135927184445,677.6316655398421
space2_time2,2020-12-03 15:00:00,67.25,89.5,2,2,145.69927978515625,145.58257505699893,136.74086990321368,1.0646602962233855,0.4073849228729654,0.11670472815731614,0.11670472815731614,0.013619993574273058,8.958409881942572,120.97463743225711,24.72464235289914,24.72464235289914,611.3079394787738
space2_time2,2020-12-03 15:00:00,63.0,87.75,2,2,152.88623046875,137.44910880341078,130.21746237267047,1.0555351509618887,0.40730647126621183,15.43712166533922,15.43712166533922,238.3047253104855,22.668768096079532,120.97463743225711,31.91159303649289,31.91159303649289,1018.3497701267414
space2_time2,2020-12-03 15:00:00,58.75,86.5,2,2,134.5921630859375,132.34125924111333,132.83928649873926,0.9962509038496629,0.4070405213876255,2.2509038448241654,2.2509038448241654,5.06656811864421,1.7528765871982444,120.97463743225711,13.617525653680389,13.617525653680389,185.4370049286435
space2_time2,2020-12-03 15:00:00,54.5,85.5,2,2,125.44511413574219,131.69152258852026,131.181433265951,1.0038884262038448,0.40716359472881447,-6.24640845277807,6.24640845277807,39.01761855893732,-5.736319130208813,120.97463743225711,4.470476703485076,4.470476703485076,19.98516195640279
space2_time2,2020-12-03 15:00:00,50.5,84.25,2,2,156.1530303955078,113.21657903560909,111.95308251476844,1.0112859466881936,0.4077801345404276,42.936451359898726,42.936451359898726,1843.5388553809491,44.19994788073937,120.97463743225711,35.1783929632507,35.1783929632507,1237.5193314768865
space2_time2,2020-12-03 17:00:00,78.5,72.25,2,2,120.2182388305664,143.464420998753,144.71347838186904,0.9913687557158984,0.40709269165617723,-23.246182168186607,23.246182168186607,540.384985396517,-24.49523955130263,120.97463743225711,-0.7563986016907052,0.7563986016907052,0.572138844639654
space2_time2,2020-12-03 17:00:00,74.0,68.5,2,2,142.43247985839844,155.13258643068065,156.41717301654458,0.9917874325364006,0.4077353561580046,-12.700106572282209,12.700106572282209,161.29270694732577,-13.984693158146143,120.97463743225711,21.457842426141326,21.457842426141326,460.43900158511065
space2_time2,2020-12-03 17:00:00,69.75,66.5,2,2,146.35263061523438,147.86458435682147,150.57824962466378,0.9819783715469763,0.40829019005954215,-1.5119537415870923,1.5119537415870923,2.2860041166992078,-4.225619009429408,120.97463743225711,25.377993182977264,25.377993182977264,644.0425379952404
space2_time2,2020-12-03 17:00:00,65.5,64.75,2,2,137.8589630126953,122.13463033502968,124.37609001776973,0.9819783715469764,0.4082901900595419,15.724332677665629,15.724332677665629,247.25463815790312,13.482872994925586,120.97463743225711,16.8843255804382,16.8843255804382,285.0804503062398
space2_time2,2020-12-03 17:00:00,61.25,63.0,2,2,133.9387969970703,129.45940476736754,140.35424080162983,0.922376153566599,0.40801284482251765,4.479392229702768,4.479392229702768,20.064954747521533,-6.415443804559516,120.97463743225711,12.964159564813201,12.964159564813201,168.0694332219376
space2_time2,2020-12-03 17:00:00,57.25,61.75,2,2,157.4597625732422,129.05457806249711,139.91534534308502,0.9223761535665992,0.40801284482251765,28.405184510745073,28.405184510745073,806.8545070894718,17.544417230157165,120.97463743225711,36.485125140985076,36.485125140985076,1331.1643565533413
space2_time2,2020-12-03 17:00:00,53.0,60.75,2,2,161.37991333007812,126.38272136911522,137.439621576224,0.9195508538200052,0.40797689376488727,34.99719196096291,34.99719196096291,1224.8034451524868,23.940291753854126,120.97463743225711,40.405275897821014,40.405275897821014,1632.5863203790357
space2_time2,2020-12-03 19:00:00,81.25,51.75,2,2,125.44511413574219,135.78673781087105,141.8245926160557,0.9574273072546019,0.40796206112474276,-10.341623675128858,10.341623675128858,106.9491802379857,-16.37947848031351,120.97463743225711,4.470476703485076,4.470476703485076,19.98516195640279
space2_time2,2020-12-03 19:00:00,76.75,46.25,2,2,135.8988800048828,140.38687101372602,136.74973976892915,1.0265969884179869,0.40788860445499675,-4.48799100884321,4.48799100884321,20.142063295457493,-0.8508597640463336,120.97463743225711,14.924242572625701,14.924242572625701,222.7330163665734
space2_time2,2020-12-03 19:00:00,72.5,43.75,2,2,133.9387969970703,147.79411523413992,145.47953157945733,1.0159100296072814,0.4080292398631745,-13.85531823706961,13.85531823706961,191.96984345047375,-11.540734582387017,120.97463743225711,12.964159564813201,12.964159564813201,168.0694332219376
space2_time2,2020-12-03 19:00:00,68.25,41.5,2,2,165.95343017578125,150.92491778277883,147.78342708883594,1.0212573950667316,0.40828752406253754,15.028512393002416,15.028512393002416,225.85618474662718,18.170003086945314,120.97463743225711,44.97879274352414,44.97879274352414,2023.0917966648997
space2_time2,2020-12-03 19:00:00,64.0,40.0,2,2,157.4597625732422,134.0683445435697,131.65649973260867,1.018319223250348,0.40835235167976736,23.39141802967248,23.39141802967248,547.1584374388867,25.803262840633522,120.97463743225711,36.485125140985076,36.485125140985076,1331.1643565533413
space2_time2,2020-12-03 19:00:00,60.0,38.5,2,2,169.87359619140625,130.26547861286156,129.82566081830927,1.0033877570256913,0.408606704368729,39.60811757854469,39.60811757854469,1568.8029781158211,40.047935373096976,120.97463743225711,48.89895875914914,48.89895875914914,2391.108167728968
space2_time2,2020-12-03 19:00:00,55.75,37.25,2,2,171.18031311035156,133.80503465531189,139.7379718540552,0.9575424122733098,0.4082594410018767,37.37527845503968,37.37527845503968,1396.9114395917532,31.442341256296373,120.97463743225711,50.20567567809445,50.20567567809445,2520.609870294005
space2_time2,2020-12-03 20:00:00,79.5,25.25,2,2,123.48503875732422,132.9398556006414,137.71046346481822,0.9653576950934042,0.40815937689702303,-9.45481684331719,9.45481684331719,89.39356154067443,-14.225424707494,120.97463743225711,2.5104013250671073,2.5104013250671073,6.302114812898688
space2_time2,2020-12-03 20:00:00,75.25,21.0,2,2,126.75183868408203,144.69216778457962,146.89046559930654,0.9850344417811057,0.408068819211851,-17.940329100497593,17.940329100497593,321.85540823416073,-20.138626915224506,120.97463743225711,5.77720125182492,5.77720125182492,33.37605430408742
space2_time2,2020-12-03 20:00:00,70.75,18.75,2,2,135.24551391601562,138.41234862479246,140.76562256248906,0.9832823249394436,0.4079000186455289,-3.1668347087768325,3.1668347087768325,10.028842072713646,-5.520108646473432,120.97463743225711,14.270876483758514,14.270876483758514,203.65791561469175
space2_time2,2020-12-03 20:00:00,66.75,16.75,2,2,138.51231384277344,117.23587247026093,116.65598762184909,1.0049708965671922,0.4078616316480762,21.276441372512508,21.276441372512508,452.6869574779619,21.856326220924345,120.97463743225711,17.537676410516326,17.537676410516326,307.5700938799808
space2_time2,2020-12-03 20:00:00,60.5,16.25,2,2,144.39256286621094,142.1468536553799,140.7138624073864,1.010183724783595,0.40823812988221675,2.2457092108310235,2.2457092108310235,5.043209859611299,3.678700458824551,120.97463743225711,23.417925433953826,23.417925433953826,548.3992316302215
space2_time2,2020-12-03 20:00:00,58.25,13.75,2,2,132.632080078125,139.98795173227987,139.01992230601903,1.006963242463407,0.40770113680306075,-7.355871654154868,7.355871654154868,54.10884779239907,-6.387842227894026,120.97463743225711,11.657442645867889,11.657442645867889,135.89596904169932
space2_time2,2020-12-03 20:00:00,54.25,12.75,2,2,111.72455596923828,146.9278141938162,148.2955012819943,0.9907772853771383,0.40826168577742805,-35.20325822457792,35.20325822457792,1239.2693896263131,-36.57094531275601,120.97463743225711,-9.25008146301883,9.25008146301883,85.56400707248459
space2_time2,2020-12-03 20:00:00,50.0,11.75,2,2,148.96607971191406,120.54743257165829,123.46561593126181,0.9763644044733213,0.4083137711993921,28.41864714025577,28.41864714025577,807.6195052823675,25.500463780652254,120.97463743225711,27.99144227965695,27.99144227965695,783.5208408953667
space2_time2,2020-12-03 22:00:00,78.0,-1.5,2,2,127.40519714355469,147.22824372423327,147.49782401097946,0.9981723100760717,0.40736374262634,-19.82304658067858,19.82304658067858,392.9531757397527,-20.09262686742477,120.97463743225711,6.430559711297576,6.430559711297576,41.35209820056357
space2_time2,2020-12-03 22:00:00,73.5,-4.25,2,2,118.91151428222656,147.74578264464188,148.0163105640368,0.9981723100760718,0.40736374262634,-28.834268362415315,28.834268362415315,831.4150319957848,-29.104796281810223,120.97463743225711,-2.063123150030549,2.063123150030549,4.256477132191975
space2_time2,2020-12-03 22:00:00,69.25,-6.25,2,2,118.2581558227539,145.55328934935193,147.14044726031406,0.9892133132628432,0.40777947536243575,-27.295133526598022,27.295133526598022,745.0243142348154,-28.882291437560156,120.97463743225711,-2.716481609503205,2.716481609503205,7.379272334769124
space2_time2,2020-12-03 22:00:00,65.0,-8.25,2,2,121.52495574951172,147.57099662474127,149.81270074286402,0.9850366216815595,0.4077078947281424,-26.04604087522955,26.04604087522955,678.3962452741285,-28.287744993352305,120.97463743225711,0.5503183172546073,0.5503183172546073,0.30285025030594265
space2_time2,2020-12-03 22:00:00,60.75,-9.5,2,2,117.60479736328125,148.0974011404005,153.77281757908614,0.9630921997266083,0.4076219735560172,-30.492603777119257,30.492603777119257,929.7988851083876,-36.16802021580489,120.97463743225711,-3.3698400689758614,3.3698400689758614,11.355822090475238
space2_time2,2020-12-03 22:00:00,56.75,-10.5,2,2,150.27279663085938,149.69661919976494,155.79493042410502,0.9608568057526692,0.4075119183038135,0.5761774310944361,0.5761774310944361,0.33198043210258366,-5.522133793245644,120.97463743225711,29.298159198602264,29.298159198602264,858.3821324266424
space2_time2,2020-12-03 22:00:00,52.75,-11.75,2,2,154.8463134765625,151.78435682320182,157.01076762993696,0.9667130421331781,0.40749902787539855,3.0619566533606815,3.0619566533606815,9.375578547059744,-2.1644541533744643,120.97463743225711,33.87167604430539,33.87167604430539,1147.2904380503714
space2_time2,2020-12-03 22:00:00,48.5,-12.75,2,2,145.04591369628906,156.47298998684823,162.15204006119285,0.9649770050860818,0.4075484291658932,-11.427076290559171,11.427076290559171,130.57807255025955,-17.106126364903787,120.97463743225711,24.07127626403195,24.07127626403195,579.426340979348
space2_time2,2020-12-03 23:00:00,80.75,-21.5,2,2,118.2581558227539,107.21369076246175,108.6438808746435,0.9868359809989492,0.40660984571394226,11.044465060292154,11.044465060292154,121.98020846801417,9.614274948110406,120.97463743225711,-2.716481609503205,2.716481609503205,7.379272334769124
space2_time2,2020-12-03 23:00:00,76.5,-25.75,2,2,127.40519714355469,136.86598363821616,141.65582688895455,0.9661867545025652,0.40684476842318956,-9.460786494661477,9.460786494661477,89.506481097569,-14.250629745399863,120.97463743225711,6.430559711297576,6.430559711297576,41.35209820056357
space2_time2,2020-12-03 23:00:00,71.75,-28.5,2,2,162.68663024902344,135.71750728330292,140.75669792389402,0.9641992834805225,0.4068211673071278,26.969122965720516,26.969122965720516,727.3335935401537,21.929932325129414,120.97463743225711,41.711992816766326,41.711992816766326,1739.8903447459656
space2_time2,2020-12-03 23:00:00,67.5,-31.0,2,2,175.10047912597656,144.25709710606918,149.52180804295995,0.9647896784703268,0.4067605133362748,30.84338201990738,30.84338201990738,951.3142144259459,25.578671083016616,120.97463743225711,54.12584169371945,54.12584169371945,2929.606739053579
space2_time2,2020-12-03 23:00:00,63.25,-32.75,2,2,188.82102966308594,147.86166641252262,153.25792731008195,0.9647896784703267,0.40676051333627494,40.959363250563314,40.959363250563314,1677.6694378915965,35.563102353003984,120.97463743225711,67.84639223082883,67.84639223082883,4603.13293873947
space2_time2,2020-12-03 23:00:00,59.25,-34.0,2,2,141.12576293945312,136.0959197401492,144.4200556313547,0.9423616349210279,0.4065448666043233,5.029843199303912,5.029843199303912,25.29932260958381,-3.2942926919015747,120.97463743225711,20.151125507196014,20.151125507196014,406.0678592067658
space2_time2,2020-12-04 01:00:00,79.0,-48.0,2,2,103.88423919677734,135.3766335764774,134.12713440163887,1.0093157822271586,0.4066034945527521,-31.492394379700045,31.492394379700045,991.7709037665629,-30.242895204861526,120.97463743225711,-17.090398235479768,17.090398235479768,292.08171184728997
space2_time2,2020-12-04 01:00:00,74.75,-51.75,2,2,121.52495574951172,136.1566697681417,136.0866948104062,1.0005141939690212,0.4067562095441406,-14.631714018629992,14.631714018629992,214.08705512297345,-14.561739060894467,120.97463743225711,0.5503183172546073,0.5503183172546073,0.30285025030594265
space2_time2,2020-12-04 01:00:00,70.25,-54.5,2,2,122.17831420898438,149.32032164416552,145.99028805893593,1.022809966536166,0.4056343675137667,-27.142007435181142,27.142007435181142,736.6885676114284,-23.811973849951556,120.97463743225711,1.2036767767272636,1.2036767767272636,1.4488377828325347
space2_time2,2020-12-04 01:00:00,66.0,-56.25,2,2,114.9913558959961,157.97269773572572,155.81423627322684,1.0138527872300058,0.4044764445401055,-42.98134183972962,42.98134183972962,1847.3957463436923,-40.822880377230746,120.97463743225711,-5.983281536261018,5.983281536261018,35.79965794216201
space2_time2,2020-12-04 01:00:00,62.0,-57.5,2,2,141.12576293945312,153.50323353813775,151.19827732418517,1.0152445930915635,0.40274874529147603,-12.377470598684624,12.377470598684624,153.20177842130232,-10.072514384732045,120.97463743225711,20.151125507196014,20.151125507196014,406.0678592067658
space2_time3,2020-12-04 03:00:00,77.25,-73.75,2,3,108.45775604248047,134.45853174591102,135.07577178439453,0.9954304163483239,0.5662710928932955,-26.00077570343055,26.00077570343055,676.0403371801043,-26.618015741914064,117.45919325552616,-9.00143721304569,9.00143721304569,81.02587190040377
space2_time3,2020-12-04 03:00:00,73.0,-77.0,2,3,131.3253631591797,135.36019403211503,132.53703750746345,1.021300887493374,0.5614210143844252,-4.034830872935345,4.034830872935345,16.279860173192198,-1.2116743482837649,117.45919325552616,13.866169903653528,13.866169903653528,192.27066779698688
space2_time3,2020-12-04 03:00:00,68.75,-79.0,2,3,156.806396484375,137.83754242785938,133.25471430470563,1.0343914896149524,0.5555441754577392,18.968854056515625,18.968854056515625,359.81742421738926,23.55168217966937,117.45919325552616,39.34720322884884,39.34720322884884,1548.2024019323326
space2_time3,2020-12-04 03:00:00,64.5,-80.75,2,3,165.30007934570312,150.1356879354842,139.63952984231554,1.0751660944792725,0.550754119301504,15.164391410218911,15.164391410218911,229.9587668423211,25.660549503387585,117.45919325552616,47.840886090176966,47.840886090176966,2288.750381893288
space2_time3,2020-12-04 03:00:00,60.25,-82.0,2,3,155.4996795654297,157.29077715250804,140.01512980382356,1.1233841469339032,0.5460906686647363,-1.7910975870783545,1.7910975870783545,3.2080305664379036,15.484549761606132,117.45919325552616,38.04048630990353,38.04048630990353,1447.0785986939577
space2_time3,2020-12-04 09:00:00,79.5,-168.0,2,3,100.61743927001953,144.4430283496312,127.98870424885352,1.1285607522737704,0.5929812087367297,-43.82558907961166,43.82558907961166,1920.6822581749768,-27.37126497883399,117.45919325552616,-16.841753985506628,16.841753985506628,283.64467730832837
space2_time3,2020-12-04 09:00:00,75.25,-172.25,2,3,138.51231384277344,141.9157383777927,130.1069914071041,1.0907618172011917,0.5953855597577006,-3.403424535019269,3.403424535019269,11.583298565571129,8.405322435669348,117.45919325552616,21.053120587247278,21.053120587247278,443.2338864611752
space2_time3,2020-12-04 09:00:00,71.0,-174.5,2,3,117.60479736328125,145.83987731774278,133.70460444971965,1.0907618172011921,0.5953855597577007,-28.235079954461526,28.235079954461526,797.219740034835,-16.099807086438403,117.45919325552616,0.1456041077550907,0.1456041077550907,0.021200556195156064
space2_time3,2020-12-04 09:00:00,66.5,-176.5,2,3,145.69927978515625,95.95050931080246,89.07774762503637,1.0771546415239002,0.5951876512465295,49.74877047435379,49.74877047435379,2474.9401637099354,56.621532160119884,117.45919325552616,28.24008652963009,28.24008652963009,797.5024872009949
space2_time3,2020-12-04 09:00:00,62.5,-178.0,2,3,112.37791442871094,142.72748498638245,133.2893255823935,1.0708095668032678,0.5950136890778275,-30.349570557671512,30.349570557671512,921.0964330350815,-20.911411153682565,117.45919325552616,-5.081278826815222,5.081278826815222,25.819394515840678
space2_time3,2020-12-04 11:00:00,78.0,166.0,2,3,120.87159729003906,94.00392103742678,110.42010318642403,0.8513297698945134,0.5939265374589715,26.867676252612284,26.867676252612284,721.8720272151861,10.451494103615033,117.45919325552616,3.412404034512903,3.412404034512903,11.64450129475994
space2_time3,2020-12-04 11:00:00,73.5,162.5,2,3,143.08583068847656,104.99980713207837,118.42469520799303,0.8866377654395807,0.5938541700816353,38.08602355639819,38.08602355639819,1450.5451903385178,24.661135480483537,117.45919325552616,25.626637432950403,25.626637432950403,656.7245461198949
space2_time3,2020-12-04 11:00:00,69.25,160.25,2,3,130.0186309814453,80.37214965582805,87.32003154781344,0.9204319814270683,0.5937079475393412,49.64648132561726,49.64648132561726,2464.7731080148633,42.69859943363187,117.45919325552616,12.559437725919153,12.559437725919153,157.73947599124128
space2_time3,2020-12-04 11:00:00,65.0,158.75,2,3,146.35263061523438,81.34299703441559,88.37480517386923,0.9204319814270681,0.5937079475393412,65.00963358081879,65.00963358081879,4226.252458312321,57.97782544136514,117.45919325552616,28.893437359708216,28.893437359708216,834.8307224593825
space2_time3,2020-12-04 11:00:00,60.75,157.25,2,3,133.9387969970703,124.31908456827105,124.96853420612035,0.9948030946991978,0.5935484458220738,9.61971242879926,9.61971242879926,92.53886721279497,8.97026279094996,117.45919325552616,16.479603741544153,16.479603741544153,271.57733947831605
space2_time3,2020-12-04 12:00:00,80.75,145.25,2,3,111.72455596923828,130.81793098419303,122.47540710927157,1.068115910547481,0.5924426704331683,-19.093375014954745,19.093375014954745,364.5569694616981,-10.75085114003329,117.45919325552616,-5.734637286287878,5.734637286287878,32.8860648052832
space2_time3,2020-12-04 12:00:00,76.25,140.5,2,3,128.7119140625,131.66068446316373,121.59552062459284,1.0827757781443739,0.5921636319237712,-2.948770400663733,2.948770400663733,8.695246875830552,7.116393437907163,117.45919325552616,11.25272080697384,11.25272080697384,126.62372555970201
space2_time3,2020-12-04 12:00:00,72.0,137.5,2,3,136.55223083496094,117.89684117043953,121.54827667700032,0.9699589693380518,0.5918037843742765,18.655389664521408,18.655389664521408,348.02356353513215,15.00395415796062,117.45919325552616,19.093037579434778,19.093037579434778,364.5440840097086
space2_time3,2020-12-04 12:00:00,67.75,135.5,2,3,134.5921630859375,84.79378417513458,86.45607022739372,0.9807730556352255,0.5918059565864348,49.798378910802924,49.798378910802924,2479.8785421439015,48.136092858543776,117.45919325552616,17.13296983041134,17.13296983041134,293.5386552097852
space2_time3,2020-12-04 12:00:00,63.5,134.0,2,3,142.43247985839844,110.2302781678679,109.63992104458754,1.0053845088326927,0.5924351512606241,32.20220169053054,32.20220169053054,1036.9817937176083,32.7925588138109,117.45919325552616,24.973286602872278,24.973286602872278,623.6650437492
space2_time3,2020-12-04 12:00:00,59.25,132.75,2,3,128.05856323242188,121.09000743049903,120.07447138269954,1.00845755168526,0.5927101183078209,6.968555801922847,6.968555801922847,48.560769964512566,7.984091849722333,117.45919325552616,10.599369976895716,10.599369976895716,112.34664390711828
space2_time3,2020-12-04 12:00:00,55.25,131.5,2,3,130.6719970703125,125.13430920568642,124.08485513006596,1.0084575516852596,0.5927101183078209,5.537687864626079,5.537687864626079,30.665986886026946,6.587141940246539,117.45919325552616,13.21280381478634,13.21280381478634,174.57818464803248
space2_time3,2020-12-04 12:00:00,51.0,130.5,2,3,154.8463134765625,119.85472269472747,118.8495465123298,1.0084575516852596,0.5927101183078212,34.99159078183503,34.99159078183503,1224.411425443402,35.996766964232705,117.45919325552616,37.38712022103634,37.38712022103634,1397.7967584222245
space2_time3,2020-12-04 14:00:00,79.0,119.0,2,3,133.9387969970703,116.74949979635605,121.57460506700286,0.9603115694434083,0.5915329771294104,17.189297200714265,17.189297200714265,295.47193825448323,12.364191930067449,117.45919325552616,16.479603741544153,16.479603741544153,271.57733947831605
space2_time3,2020-12-04 14:00:00,74.75,115.0,2,3,137.20559692382812,118.7001992769596,122.8410368243595,0.9662910892447076,0.5915941762464363,18.50539764686853,18.50539764686853,342.44974206872735,14.36456009946862,117.45919325552616,19.746403668301966,19.746403668301966,389.92045783152935
space2_time3,2020-12-04 14:00:00,70.25,112.5,2,3,128.05856323242188,115.53906176791112,119.56962353675542,0.9662910892447081,0.5915941762464362,12.519501464510753,12.519501464510753,156.7379169198869,8.48893969566646,117.45919325552616,10.599369976895716,10.599369976895716,112.34664390711828
space2_time3,2020-12-04 14:00:00,63.5,108.5,2,3,140.47239685058594,100.81839971782851,115.7992830852182,0.8706306035041244,0.5928362019884066,39.653997132757425,39.653997132757425,1572.4394886047342,24.67311376536773,117.45919325552616,23.013203595059778,23.013203595059778,529.6075397076723
space2_time3,2020-12-04 14:00:00,60.0,107.0,2,3,120.87159729003906,103.39651135332015,118.76048342106135,0.870630603504124,0.5928362019884066,17.475085936718912,17.475085936718912,305.3786284957111,2.1111138689777107,117.45919325552616,3.412404034512903,3.412404034512903,11.64450129475994
space2_time3,2020-12-04 14:00:00,56.25,106.0,2,3,120.87159729003906,106.98876240700073,120.77153120801073,0.8858773366276921,0.5922798689571787,13.882834883038328,13.882834883038328,192.73310438970583,0.10006608202833434,117.45919325552616,3.412404034512903,3.412404034512903,11.64450129475994
space2_time3,2020-12-04 14:00:00,52.5,105.5,2,3,128.05856323242188,104.74748064527314,118.24151754916764,0.885877336627692,0.5922798689571784,23.311082587148732,23.311082587148732,543.4065713848688,9.817045683254236,117.45919325552616,10.599369976895716,10.599369976895716,112.34664390711828
space2_time3,2020-12-04 14:00:00,49.0,105.25,2,3,112.37791442871094,109.80098631983526,123.94603832830792,0.8858773366276921,0.5922798689571787,2.576928108875677,2.576928108875677,6.640558478313573,-11.568123899596984,117.45919325552616,-5.081278826815222,5.081278826815222,25.819394515840678
space2_time3,2020-12-04 14:00:00,45.5,104.5,2,3,148.31271362304688,109.79188473970515,123.93576424209553,0.8858773366276922,0.5922798689571784,38.52082888334172,38.52082888334172,1483.854257859694,24.376949380951345,117.45919325552616,30.853520367520716,30.853520367520716,951.9397190690156
space2_time3,2020-12-04 14:00:00,41.5,104.0,2,3,149.6194305419922,114.92368281847126,121.81524553116306,0.9434261066203842,0.592415451670087,34.695747723520924,34.695747723520924,1203.7949100942074,27.80418501082913,117.45919325552616,32.16023728646603,32.16023728646603,1034.2808623217998
space2_time3,2020-12-04 15:00:00,81.75,98.5,2,3,116.9514389038086,115.73593008640509,122.4867253265364,0.9448854949617238,0.592520526232048,1.215508817403503,1.215508817403503,1.4774616851856621,-5.535286422727808,117.45919325552616,-0.5077543517175656,0.5077543517175656,0.25781448168812526
space2_time3,2020-12-04 15:00:00,77.25,93.0,2,3,130.0186309814453,115.87727396374798,124.73136954014173,0.9290146848460257,0.5926178287585366,14.141357017697331,14.141357017697331,199.97797830197754,5.287261441303585,117.45919325552616,12.559437725919153,12.559437725919153,157.73947599124128
space2_time3,2020-12-04 15:00:00,73.0,90.0,2,3,144.39256286621094,103.00098689379045,119.77624211279918,0.85994505318333,0.5927243442617935,41.39157597242048,41.39157597242048,1713.2625614806566,24.616320753411756,117.45919325552616,26.933369610684778,26.933369610684778,725.4063985857583
space2_time3,2020-12-04 16:00:00,68.75,87.75,2,3,133.28543090820312,101.10395324136935,117.57024808399606,0.8599450531833301,0.5927243442617933,32.18147766683377,32.18147766683377,1035.6475048209209,15.715182824207062,117.45919325552616,15.826237652676966,15.826237652676966,250.46979823901012
space2_time3,2020-12-04 16:00:00,64.5,86.0,2,3,115.64471435546875,98.48105973798361,114.52017704320542,0.8599450531833299,0.5927243442617935,17.163654617485136,17.163654617485136,294.59103982831886,1.1245373122633282,117.45919325552616,-1.8144789000574093,1.8144789000574093,3.292333678753546
space2_time3,2020-12-04 16:00:00,60.5,84.75,2,3,145.69927978515625,103.78394335441831,120.68671477349943,0.8599450531833298,0.5927243442617933,41.91533643073794,41.91533643073794,1756.895428101947,25.012565011656818,117.45919325552616,28.24008652963009,28.24008652963009,797.5024872009949
space2_time3,2020-12-04 16:00:00,56.25,83.5,2,3,142.43247985839844,116.66718610445193,126.70791310533195,0.9207569065356386,0.591965934875651,25.76529375394651,25.76529375394651,663.850362227155,15.724566753066483,117.45919325552616,24.973286602872278,24.973286602872278,623.6650437492
space2_time3,2020-12-04 16:00:00,52.25,82.25,2,3,154.19296264648438,108.78920901004986,123.57137287397505,0.8803754986278187,0.5916454345667645,45.403753636434516,45.403753636434516,2061.5008442780404,30.621589772509324,117.45919325552616,36.733769390958216,36.733769390958216,1349.3698136680987
space2_time3,2020-12-04 17:00:00,80.0,71.75,2,3,100.61743927001953,108.73440584219946,124.2470609649766,0.8751467036540208,0.5932967439100849,-8.116966572179933,8.116966572179933,65.88514633388645,-23.629621694957066,117.45919325552616,-16.841753985506628,16.841753985506628,283.64467730832837
space2_time3,2020-12-04 17:00:00,75.75,67.5,2,3,126.09848022460938,96.06985985895764,125.76407584012416,0.7638895226414663,0.5950092324084569,30.028620365651733,30.028620365651733,901.718041064434,0.3344043844852109,117.45919325552616,8.639286969083216,8.639286969083216,74.63727933417105
space2_time3,2020-12-04 17:00:00,71.5,64.75,2,3,139.81903076171875,95.91465361745055,125.56089692889837,0.7638895226414664,0.5950092324084569,43.904377144268196,43.904377144268196,1927.5943324261395,14.258133832820377,117.45919325552616,22.35983750619259,22.35983750619259,499.9623333033369
space2_time3,2020-12-04 17:00:00,67.25,62.75,2,3,159.41983032226562,99.22415121564556,129.89332655399775,0.7638895226414669,0.595009232408457,60.19567910662006,60.19567910662006,3623.519783107175,29.526503768267872,117.45919325552616,41.960637066739466,41.960637066739466,1760.69506304663
space2_time3,2020-12-04 17:00:00,63.0,61.5,2,3,166.60679626464844,103.9344828739311,126.5721622164918,0.8211480396152141,0.5941036174597616,62.672313390717335,62.672313390717335,3927.8188657442875,40.03463404815663,117.45919325552616,49.14760300912228,49.14760300912228,2415.486881542285
space2_time3,2020-12-04 17:00:00,59.0,60.0,2,3,181.6340789794922,102.54705792696583,124.88254611801655,0.8211480396152139,0.5941036174597614,79.08702105252635,79.08702105252635,6254.756898962746,56.75153286147564,117.45919325552616,64.17488572396603,64.17488572396603,4118.415957684098
space2_time3,2020-12-04 17:00:00,54.75,58.75,2,3,161.37991333007812,98.9775307704985,122.53923503649598,0.8077211412411702,0.5938023371674603,62.40238255957962,62.40238255957962,3894.0573491121268,38.840678293582144,117.45919325552616,43.920720074551966,43.920720074551966,1929.029651867152
space2_time3,2020-12-04 19:00:00,78.5,45.5,2,3,141.12576293945312,99.84178711754939,117.86571842642081,0.847080800511787,0.5959388387965472,41.28397582190374,41.28397582190374,1704.3666596635323,23.260044513032312,117.45919325552616,23.666569683926966,23.666569683926966,560.1065206041709
space2_time3,2020-12-04 19:00:00,74.0,42.25,2,3,137.20559692382812,101.45203438006448,119.76665545809728,0.847080800511787,0.5959388387965472,35.75356254376365,35.75356254376365,1278.317234570819,17.43894146573085,117.45919325552616,19.746403668301966,19.746403668301966,389.92045783152935
space2_time3,2020-12-04 19:00:00,69.75,40.0,2,3,158.7664794921875,105.0027169167732,123.95832469976061,0.8470808005117864,0.5959388387965472,53.763762575414304,53.763762575414304,2890.54216626552,34.80815479242689,117.45919325552616,41.30728623666134,41.30728623666134,1706.2918962374715
space2_time3,2020-12-04 19:00:00,65.5,38.0,2,3,156.1530303955078,94.64287565977858,123.8960253473714,0.7638895226414663,0.595009232408457,61.51015473572923,61.51015473572923,3783.4991356133532,32.257005048136406,117.45919325552616,38.69383713998165,38.69383713998165,1497.2130326154236
space2_time3,2020-12-04 19:00:00,61.5,36.75,2,3,168.56687927246094,93.09284324417932,121.60002005147396,0.7655660188606268,0.5950704125482402,75.47403602828162,75.47403602828162,5696.330114398352,46.966859220986976,117.45919325552616,51.10768601693478,51.10768601693478,2611.9955700055907
space2_time3,2020-12-04 19:00:00,57.25,35.5,2,3,147.65936279296875,92.00384637649294,121.69989977224856,0.7559894999804488,0.5946184042029723,55.655516416475805,55.655516416475805,3097.536507584608,25.959463020720193,117.45919325552616,30.20016953744259,30.20016953744259,912.0502400902755
space2_time3,2020-12-04 19:00:00,53.25,34.5,2,3,152.23287963867188,93.09541744368704,123.14379689942072,0.755989499980449,0.5946184042029723,59.137462194984835,59.137462194984835,3497.2394348632606,29.089082739251154,117.45919325552616,34.773686383145716,34.773686383145716,1209.2092646733738
space2_time3,2020-12-04 20:00:00,81.25,25.0,2,3,115.64471435546875,90.22975788883741,115.20218784347115,0.7832295512602192,0.5962779646581816,25.414956466631338,25.414956466631338,645.9200122007661,0.44252651199759896,117.45919325552616,-1.8144789000574093,1.8144789000574093,3.292333678753546
space2_time3,2020-12-04 20:00:00,76.75,20.0,2,3,145.69927978515625,94.91563647928031,119.37279977592361,0.7951194632064239,0.5960613832559853,50.78364330587594,50.78364330587594,2578.978427418438,26.32648000923264,117.45919325552616,28.24008652963009,28.24008652963009,797.5024872009949
space2_time3,2020-12-04 20:00:00,72.5,17.25,2,3,133.9387969970703,103.10444950040565,119.07099151809972,0.8659073732894293,0.5958141234271119,30.834347496664662,30.834347496664662,950.7569855450704,14.867805478970595,117.45919325552616,16.479603741544153,16.479603741544153,271.57733947831605
space2_time3,2020-12-04 20:00:00,68.25,15.0,2,3,126.09848022460938,96.43525365101462,109.30646839284768,0.8822465410228617,0.5955789500994159,29.663226573594756,29.663226573594756,879.9070107564181,16.792011831761698,117.45919325552616,8.639286969083216,8.639286969083216,74.63727933417105
space2_time3,2020-12-04 20:00:00,64.0,13.5,2,3,133.28543090820312,95.5946598912777,101.84210970401122,0.9386555342294967,0.595327965237018,37.690771016925424,37.690771016925424,1420.5942198503055,31.443321204191903,117.45919325552616,15.826237652676966,15.826237652676966,250.46979823901012
space2_time3,2020-12-04 20:00:00,59.75,12.0,2,3,175.10047912597656,110.42557549973903,110.33255271755439,1.000843112752252,0.5960739645827073,64.67490362623754,64.67490362623754,4182.8431590631135,64.76792640842217,117.45919325552616,57.6412858704504,57.6412858704504,3322.517836798985
space2_time3,2020-12-04 20:00:00,55.75,10.75,2,3,139.81903076171875,117.5114596730174,113.13833598822698,1.0386528902568044,0.5959431215971972,22.30757108870135,22.30757108870135,497.6277278774644,26.680694773491766,117.45919325552616,22.35983750619259,22.35983750619259,499.9623333033369
space2_time3,2020-12-04 20:00:00,49.75,10.5,2,3,156.1530303955078,111.2067316195227,107.06823488646636,1.0386528902568044,0.5959431215971971,44.94629877598511,44.94629877598511,2020.1697736601209,49.084795509041456,117.45919325552616,38.69383713998165,38.69383713998165,1497.2130326154236
space2_time3,2020-12-04 22:00:00,79.5,-1.5,2,3,102.5775146484375,107.91369864001695,111.04393607560543,0.9718108205975581,0.5961820995289105,-5.336183991579446,5.336183991579446,28.47485959198875,-8.46642142716793,117.45919325552616,-14.88167860708866,14.88167860708866,221.46435816468025
space2_time3,2020-12-04 22:00:00,75.25,-5.25,2,3,127.40519714355469,111.41538921368078,114.64719969383792,0.9718108205975585,0.5961820995289104,15.989807929873905,15.989807929873905,255.67395763425841,12.757997449716768,117.45919325552616,9.946003888028528,9.946003888028528,98.9229933406786
space2_time3,2020-12-04 22:00:00,71.0,-8.0,2,3,134.5921630859375,119.78677894308524,119.12434123831501,1.005560892911424,0.5960124378248755,14.805384142852262,14.805384142852262,219.1993996174212,15.467821847622488,117.45919325552616,17.13296983041134,17.13296983041134,293.5386552097852
space2_time3,2020-12-04 22:00:00,66.5,-9.75,2,3,130.0186309814453,125.31604448236534,123.17022812869907,1.017421550534307,0.5957826221376175,4.70258649907997,4.70258649907997,22.11431978132921,6.848402852746247,117.45919325552616,12.559437725919153,12.559437725919153,157.73947599124128
space2_time3,2020-12-04 22:00:00,62.5,-11.25,2,3,146.35263061523438,123.48918907443898,121.3746543992386,1.0174215505343067,0.5957826221376175,22.863441540795392,22.863441540795392,522.7369590893684,24.97797621599578,117.45919325552616,28.893437359708216,28.893437359708216,834.8307224593825
space2_time3,2020-12-04 22:00:00,58.25,-12.5,2,3,130.0186309814453,124.6475941656759,120.4724006348007,1.0346568467871065,0.5955872097368775,5.371036815769415,5.371036815769415,28.848036476350455,9.546230346644606,117.45919325552616,12.559437725919153,12.559437725919153,157.73947599124128
space2_time3,2020-12-04 22:00:00,54.25,-13.75,2,3,167.91351318359375,125.1307184114429,120.93934215968137,1.034656846787107,0.5955872097368775,42.78279477215085,42.78279477215085,1830.3675285159782,46.974171023912376,117.45919325552616,50.45431992806759,50.45431992806759,2545.6383994037983
space2_time3,2020-12-04 22:00:00,50.0,-14.75,2,3,173.79376220703125,123.47425135063779,117.34971178630249,1.0521904951542471,0.5955864306804743,50.319510856393464,50.319510856393464,2532.0531728266997,56.44405042072876,117.45919325552616,56.33456895150509,56.33456895150509,3173.5836589518813
space3_time0,2020-12-01 17:00:00,50.0,64.75,3,0,155.4996795654297,135.70967997763594,137.31153110100303,0.9883341835130448,0.2526440983199968,19.789999587793744,19.789999587793744,391.6440836848766,18.18814846442666,128.26541743480172,27.234262130627968,27.234262130627968,741.7050337997566
space3_time0,2020-12-01 17:00:00,46.0,63.75,3,0,184.2475128173828,140.59818218649545,141.99489398906303,0.990163647696549,0.25264978615386025,43.64933063088736,43.64933063088736,1905.2640645245217,42.25261882831978,128.26541743480172,55.98209538258109,55.98209538258109,3133.9950034244075
space3_time0,2020-12-01 17:00:00,41.75,63.0,3,0,160.7265625,136.88724531002185,137.66329959237822,0.9943626639441717,0.25259010143283167,23.839317189978146,23.839317189978146,568.3130440843876,23.063262907621777,128.26541743480172,32.46114506519828,32.46114506519828,1053.7259389438466
space3_time0,2020-12-01 17:00:00,37.75,62.25,3,0,175.7538299560547,139.9372895784493,139.99154988193328,0.9996124030091125,0.25263753023222496,35.81654037760538,35.81654037760538,1282.8245646206365,35.762280074121406,128.26541743480172,47.48841252125297,47.48841252125297,2255.1493237886957
space3_time0,2020-12-01 17:00:00,33.75,61.25,3,0,179.0206298828125,138.75398682133655,140.99533437075524,0.9841033920773226,0.25264505361559714,40.266643061475946,40.266643061475946,1621.402543440309,38.025295512057255,128.26541743480172,50.75521244801078,50.75521244801078,2576.0915906427085
space3_time0,2020-12-01 17:00:00,30.25,60.75,3,0,189.47439575195312,136.66389733197357,138.87148284642402,0.9841033920773223,0.2526450536155971,52.81049841997955,52.81049841997955,2788.9487433666627,50.60291290552911,128.26541743480172,61.208978317151406,61.208978317151406,3746.5390266295108
space3_time0,2020-12-01 17:00:00,25.75,59.5,3,0,207.7684783935547,128.12636758716297,134.11479872244257,0.9553484686826174,0.252509998902172,79.64211080639171,79.64211080639171,6342.8658136975755,73.65367967111212,128.26541743480172,79.50306095875297,79.50306095875297,6320.736701811191
space3_time0,2020-12-01 17:00:00,21.5,58.75,3,0,211.68862915039062,105.60686167760053,110.07818649133515,0.9593804644112068,0.25246059360808787,106.08176747279009,106.08176747279009,11253.341390151105,101.61044265905548,128.26541743480172,83.4232117155889,83.4232117155889,6959.43225294397
space3_time0,2020-12-01 17:00:00,17.75,58.0,3,0,226.71591186523438,112.43224382982487,117.22467938680485,0.9591175204568786,0.25241222931663887,114.2836680354095,114.2836680354095,13060.75677962768,109.49123247842952,128.26541743480172,98.45049443043266,98.45049443043266,9692.499853596652
space3_time0,2020-12-01 17:00:00,13.5,57.0,3,0,246.31671142578125,114.36205705996056,118.18447379521056,0.9676572005399505,0.25224510673411515,131.9546543658207,131.9546543658207,17412.0308088032,128.13223763057067,128.26541743480172,118.05129399097953,118.05129399097953,13936.10801294468
space3_time0,2020-12-01 17:00:00,9.5,56.25,3,0,243.70327758789062,80.35577504678393,80.56112080995548,0.9974510562774321,0.2522462857313603,163.34750254110668,163.34750254110668,26682.40658641685,163.14215677793516,128.26541743480172,115.4378601530889,115.4378601530889,13325.89955672411
space3_time0,2020-12-01 17:00:00,4.75,54.25,3,0,243.04991149902344,81.38357379182943,80.6253921364541,1.0094037577403927,0.25221656462721487,161.666337707194,161.666337707194,26136.004747656498,162.42451936256936,128.26541743480172,114.78449406422172,114.78449406422172,13175.48007757935
space3_time0,2020-12-01 17:00:00,1.25,54.5,3,0,227.36927795410156,65.37791227890514,64.59547378782226,1.0121128996383395,0.2522390637420029,161.99136567519642,161.99136567519642,26241.202553315205,162.77380416627932,128.26541743480172,99.10386051929984,99.10386051929984,9821.575169828839
space3_time0,2020-12-01 17:00:00,-3.0,53.25,3,0,233.9028778076172,60.25824957781768,59.48506724563628,1.012997923142436,0.25223447451069225,173.6446282297995,173.6446282297995,30152.456913065285,174.4178105619809,128.26541743480172,105.63746037281547,105.63746037281547,11159.273034018159
space3_time0,2020-12-01 17:00:00,-7.25,52.0,3,0,220.18231201171875,67.32925037756455,73.94014354962756,0.910591285671147,0.2520997164005782,152.8530616341542,152.8530616341542,23364.05845093454,146.24216846209117,128.26541743480172,91.91689457691703,91.91689457691703,8448.71550866408
space3_time0,2020-12-01 17:00:00,-11.5,51.0,3,0,227.36927795410156,53.78640475460924,58.49870741128545,0.919446037951821,0.25209482222204105,173.58287319949233,173.58287319949233,30131.013868191032,168.8705705428161,128.26541743480172,99.10386051929984,99.10386051929984,9821.575169828839
space3_time0,2020-12-01 17:00:00,-15.5,50.0,3,0,226.06256103515625,67.58478339604741,73.58959613687364,0.9184013358402247,0.25209451620193923,158.47777763910884,158.47777763910884,25115.206005430824,152.4729648982826,128.26541743480172,97.79714360035453,97.79714360035453,9564.281296388364
space3_time0,2020-12-01 18:00:00,52.5,41.25,3,0,137.8589630126953,151.7886345219023,147.96166649415136,1.0258645912717008,0.2526392491267264,-13.929671509206997,13.929671509206997,194.03574835441316,-10.102703481456047,128.26541743480172,9.593545577893593,9.593545577893593,92.03611675512171
space3_time0,2020-12-01 18:00:00,48.5,40.5,3,0,137.20559692382812,153.79160602675086,149.28688500261106,1.030174928119513,0.25263419144904453,-16.58600910292273,16.58600910292273,275.0956979622357,-12.081288078782933,128.26541743480172,8.940179489026406,8.940179489026406,79.92680929600844
space3_time0,2020-12-01 18:00:00,44.5,39.25,3,0,177.06056213378906,144.19282183569538,138.92259626905252,1.0379364171717322,0.25261027285908577,32.86774029809368,32.86774029809368,1080.2883523029311,38.13796586473654,128.26541743480172,48.79514469898734,48.79514469898734,2380.9661461951127
space3_time0,2020-12-01 18:00:00,40.5,38.5,3,0,182.2874298095703,135.19953684945938,128.95115767292145,1.0484553941918582,0.2525660655262907,47.087892960110935,47.087892960110935,2217.269663422865,53.33627213664886,128.26541743480172,54.02201237476859,54.02201237476859,2918.377821019651
space3_time0,2020-12-01 18:00:00,36.25,37.75,3,0,165.95343017578125,145.90982335694403,135.68522811094206,1.0753552570781089,0.25259121062685624,20.04360681883722,20.04360681883722,401.7461743081379,30.268202064839187,128.26541743480172,37.68801274097953,37.68801274097953,1420.3863043642355
space3_time0,2020-12-01 18:00:00,32.25,36.75,3,0,179.0206298828125,156.85857560736687,142.4018780821113,1.101520413353815,0.2526070425090265,22.162054275445627,22.162054275445627,491.1566497077978,36.618751800701205,128.26541743480172,50.75521244801078,50.75521244801078,2576.0915906427085
space3_time0,2020-12-01 18:00:00,28.25,35.75,3,0,180.980712890625,157.50988344829824,141.99617536549533,1.1092544080350824,0.252610767304344,23.47082944232676,23.47082944232676,550.8798347107927,38.98453752512967,128.26541743480172,52.71529545582328,52.71529545582328,2778.902374994743
space3_time0,2020-12-01 18:00:00,24.25,35.0,3,0,165.30007934570312,161.77482565620957,141.57944241965302,1.1426434720423304,0.25258849356780044,3.525253689493553,3.525253689493553,12.42741357528791,23.720636926050105,128.26541743480172,37.034661910901406,37.034661910901406,1371.5661828547713
space3_time0,2020-12-01 18:00:00,20.0,34.25,3,0,138.51231384277344,159.87706078274405,139.15728775093942,1.148894631152113,0.2526080917323106,-21.364746939970615,21.364746939970615,456.45241180898375,-0.64497390816598,128.26541743480172,10.246896407971718,10.246896407971718,104.9988859957037
space3_time0,2020-12-01 18:00:00,16.0,33.5,3,0,81.66999816894531,160.60847089608663,140.30825556080026,1.144682971462714,0.25260434291114087,-78.93847272714132,78.93847272714132,6231.282476493633,-58.63825739185495,128.26541743480172,-46.59541926585641,46.59541926585641,2171.1330965609422
space3_time0,2020-12-01 19:00:00,12.0,32.5,3,0,21.56087875366211,103.42600694028657,100.93174086425209,1.0247124051827181,0.25258846830415055,-81.86512818662446,81.86512818662446,6701.899213012454,-79.37086211058998,128.26541743480172,-106.70453868113961,106.70453868113961,11385.85857515482
space3_time0,2020-12-01 19:00:00,7.75,31.75,3,0,16.98736000061035,100.29167047419278,96.21704274648538,1.0423482951813778,0.2526041881434101,-83.30431047358243,83.30431047358243,6939.608143479016,-79.22968274587502,128.26541743480172,-111.27805743419137,111.27805743419137,12382.806066327194
space3_time0,2020-12-01 19:00:00,3.75,30.75,3,0,16.98736000061035,109.13121095197974,104.56997873409419,1.0436189456391118,0.2526080995798828,-92.14385095136939,92.14385095136939,8490.489268148178,-87.58261873348384,128.26541743480172,-111.27805743419137,111.27805743419137,12382.806066327194
space3_time0,2020-12-01 19:00:00,-4.75,28.75,3,0,15.0272798538208,98.74386212992808,92.96247417364253,1.0621905560031306,0.2525424029411954,-83.71658227610727,83.71658227610727,7008.466147992239,-77.93519431982173,128.26541743480172,-113.23813758098092,113.23813758098092,12822.875802809163
space3_time0,2020-12-01 19:00:00,-13.25,26.5,3,0,5.880239963531494,92.99767892378749,85.96949960536544,1.0817520091507362,0.2524778195235472,-87.117438960256,87.117438960256,7589.448170993929,-80.08925964183395,128.26541743480172,-122.38517747127023,122.38517747127023,14978.131664674309
space3_time0,2020-12-01 19:00:00,-17.75,25.0,3,0,13.720560073852539,91.39061779256647,83.67598923273881,1.0921964428573403,0.25294401073269895,-77.67005771871393,77.67005771871393,6032.637866028354,-69.95542915888628,128.26541743480172,-114.54485736094918,114.54485736094918,13120.524347840194
space3_time0,2020-12-01 20:00:00,47.0,16.0,3,0,169.87359619140625,166.2719262172288,151.40405369699658,1.0981999633245432,0.2528401455108257,3.6016699741774403,3.6016699741774403,12.972026602891324,18.469542494409666,128.26541743480172,41.60817875660453,41.60817875660453,1731.2405394415566
space3_time0,2020-12-01 20:00:00,43.0,14.75,3,0,184.90087890625,171.59519079188166,151.86399018327353,1.1299267889958382,0.2530045396872844,13.305688114368337,13.305688114368337,177.04133619684282,33.03688872297647,128.26541743480172,56.63546147144828,56.63546147144828,3207.5754960839026
space3_time0,2020-12-01 20:00:00,39.0,14.0,3,0,166.60679626464844,184.0224726528154,163.12453656260698,1.1281103170042588,0.25299295403433797,-17.415676388166958,17.415676388166958,303.3057840573561,3.4822597020414605,128.26541743480172,38.34137882984672,38.34137882984672,1470.0613305738182
space3_time0,2020-12-01 20:00:00,34.75,13.0,3,0,154.8463134765625,179.74015778339177,158.030809519213,1.1373741508394877,0.25300603972734165,-24.893844306829266,24.893844306829266,619.7034843726558,-3.184496042650494,128.26541743480172,26.58089604176078,26.58089604176078,706.544034382894
space3_time0,2020-12-01 20:00:00,30.75,12.25,3,0,148.96607971191406,165.88087572417868,150.57939899686616,1.1016173316486069,0.2530599909270574,-16.914796012264617,16.914796012264617,286.110324136523,-1.613319284952098,128.26541743480172,20.700662277112343,20.700662277112343,428.51741871106196
space3_time0,2020-12-01 20:00:00,26.75,11.5,3,0,184.90087890625,159.22757122298503,155.91173790221555,1.021267374511912,0.25307101883461924,25.673307683264966,25.673307683264966,659.1187273995919,28.98914100403445,128.26541743480172,56.63546147144828,56.63546147144828,3207.5754960839026
space3_time0,2020-12-01 20:00:00,22.75,10.5,3,0,177.7139129638672,159.12564154851648,153.04850219525687,1.0397072775368068,0.25324155574896356,18.588271415350704,18.588271415350704,345.52383421074404,24.665410768610315,128.26541743480172,49.44849552906547,49.44849552906547,2445.1537100880078
space3_time0,2020-12-01 20:00:00,18.5,9.75,3,0,128.7119140625,159.97309835187392,152.38568169598472,1.049790876488162,0.25307275750004365,-31.261184289373915,31.261184289373915,977.2616431741985,-23.673767633484715,128.26541743480172,0.4464966276982807,0.4464966276982807,0.19935923854593707
space3_time0,2020-12-01 20:00:00,14.5,8.75,3,0,91.47039794921875,142.4335591843379,135.306328236259,1.0526747790807978,0.253076855070183,-50.963161235119145,50.963161235119145,2597.2438030767507,-43.83593028704024,128.26541743480172,-36.79501948558297,36.79501948558297,1353.8734589444305
space3_time0,2020-12-01 20:00:00,10.5,8.0,3,0,98.00399780273438,149.35017441367359,140.8882356433531,1.0600613580806078,0.2530948284211367,-51.34617661093921,51.34617661093921,2636.429852561761,-42.88423784061874,128.26541743480172,-30.261419632067344,30.261419632067344,915.7535181480708
space3_time0,2020-12-01 20:00:00,6.25,7.25,3,0,97.35063934326172,87.75325281153255,82.2541791268815,1.0668546418312486,0.25312156113767015,9.597386531729171,9.597386531729171,92.10982823941649,15.096460216380223,128.26541743480172,-30.91477809154,30.91477809154,955.7235044491616
space3_time0,2020-12-01 20:00:00,2.25,6.25,3,0,71.21623992919922,125.61546420882453,114.28757872070885,1.099117381039267,0.25299114937002215,-54.399224279625315,54.399224279625315,2959.2756022249764,-43.07133879150963,128.26541743480172,-57.0491775056025,57.0491775056025,3254.6086540657425
space3_time0,2020-12-01 20:00:00,-2.0,5.25,3,0,23.520959854125977,101.90261270920368,90.87557208524392,1.121342186584708,0.2532079717889184,-78.3816528550777,78.3816528550777,6143.683504293911,-67.35461223111794,128.26541743480172,-104.74445758067574,104.74445758067574,10971.40139386998
space3_time0,2020-12-01 20:00:00,-6.25,4.0,3,0,16.98736000061035,118.41032441264414,106.26409067898672,1.114302335398983,0.2531777872993636,-101.42296441203379,101.42296441203379,10286.617710124674,-89.27673067837637,128.26541743480172,-111.27805743419137,111.27805743419137,12382.806066327194
space3_time0,2020-12-01 20:00:00,-10.5,3.0,3,0,26.1343994140625,128.55397771787057,114.9480670695681,1.118365719364972,0.25317442753488345,-102.41957830380807,102.41957830380807,10489.770019929872,-88.8136676555056,128.26541743480172,-102.13101802073922,102.13101802073922,10430.744841952559
space3_time0,2020-12-01 20:00:00,-15.0,1.75,3,0,43.77511978149414,146.5091608824766,131.00290749761817,1.1183657193649719,0.2531744275348834,-102.73404110098247,102.73404110098247,10554.283200938355,-87.22778771612403,128.26541743480172,-84.49029765330758,84.49029765330758,7138.610397544512
space3_time1,2020-12-02 14:00:00,33.0,106.75,3,1,148.96607971191406,122.23208005104787,141.3005426714,0.8650503228094698,0.225512776717034,26.73399966086619,26.73399966086619,714.7067378671935,7.665537040514067,133.9550940540379,15.010985657876176,15.010985657876176,225.32969042096425
space3_time1,2020-12-02 14:00:00,29.25,106.0,3,1,30.0545597076416,129.22655836451813,147.34157905214423,0.8770542517315147,0.22547323922990872,-99.17199865687653,99.17199865687653,9835.08531759952,-117.28701934450262,133.9550940540379,-103.90053434639628,103.90053434639628,10795.321037466674
space3_time1,2020-12-02 14:00:00,25.5,105.0,3,1,6.533599853515625,123.17759663874024,141.13435632703354,0.872768331144797,0.22540698603282902,-116.64399678522462,116.64399678522462,13605.821986031491,-134.60075647351792,133.9550940540379,-127.42149420052226,127.42149420052226,16236.237184293728
space3_time1,2020-12-02 15:00:00,45.0,85.25,3,1,159.41983032226562,126.44717553318581,138.17226262131226,0.9151415279326988,0.21185315169221974,32.97265478907981,32.97265478907981,1087.1959638398278,21.24756770095337,133.9550940540379,25.46473626822774,25.46473626822774,648.4527932103932
space3_time1,2020-12-02 15:00:00,41.0,84.25,3,1,141.12576293945312,127.44241716898925,139.9587046061474,0.9105715684324185,0.21573636128343152,13.683345770463873,13.683345770463873,187.23395147407157,1.1670583333057323,133.9550940540379,7.170668885415239,7.170668885415239,51.41849226426223
space3_time1,2020-12-02 15:00:00,36.75,83.75,3,1,172.48703002929688,109.14778873549717,133.0780210769398,0.8201789285128668,0.2193719044398788,63.3392412937997,63.3392412937997,4011.8594876741813,39.409008952357084,133.9550940540379,38.53193597525899,38.53193597525899,1484.710090001458
space3_time1,2020-12-02 15:00:00,32.75,82.75,3,1,137.20559692382812,104.79779193009132,129.74798527172842,0.8077026530363112,0.22178099543965246,32.407804993736804,32.407804993736804,1050.2658245120722,7.4576116520997004,133.9550940540379,3.250502869790239,3.250502869790239,10.56576890651458
space3_time1,2020-12-02 15:00:00,28.75,82.0,3,1,170.52696228027344,115.14509211629061,143.9573394027344,0.7998556558075943,0.22336794101802523,55.381870163982825,55.381870163982825,3067.151542860251,26.569622877539047,133.9550940540379,36.57186822623555,36.57186822623555,1337.5015455571374
space3_time1,2020-12-02 15:00:00,24.75,81.25,3,1,228.0226287841797,117.35816994042253,147.591408962676,0.7951558343758404,0.22414663456579975,110.66445884375716,110.66445884375716,12246.622451181622,80.43121982150367,133.9550940540379,94.0675347301418,94.0675347301418,8848.701090206434
space3_time1,2020-12-02 15:00:00,20.75,80.25,3,1,226.06256103515625,114.95658981920464,145.10511331538697,0.7922297649797198,0.2244223063757631,111.10597121595161,111.10597121595161,12344.536839839868,80.95744771976928,133.9550940540379,92.10746698111836,92.10746698111836,8483.78547367781
space3_time1,2020-12-02 15:00:00,16.5,79.5,3,1,208.4218292236328,121.30304273003415,136.8029258926252,0.8866991837970135,0.2236263104093045,87.11878649359866,87.11878649359866,7589.6829601172285,71.6189033310076,133.9550940540379,74.46673516959493,74.46673516959493,5545.2946468185855
space3_time1,2020-12-02 15:00:00,12.5,78.5,3,1,177.06056213378906,135.41868689590459,151.26179700109182,0.8952603339422655,0.22347069356347993,41.64187523788448,41.64187523788448,1734.0457733275364,25.79876513269724,133.9550940540379,43.105468079751176,43.105468079751176,1858.0813783744475
space3_time1,2020-12-02 15:00:00,8.5,77.75,3,1,110.41783905029297,122.7616215771089,133.97720814754962,0.9162873542036423,0.22342371741807104,-12.343782526815929,12.343782526815929,152.36896706932623,-23.55936909725665,133.9550940540379,-23.537255003744917,23.537255003744917,554.0023731113151
space3_time1,2020-12-02 15:00:00,4.25,76.75,3,1,145.04591369628906,96.26884942790586,101.96055441764196,0.9441773828884625,0.22289097904239139,48.7770642683832,48.7770642683832,2379.201998641985,43.085359278647104,133.9550940540379,11.090819642251176,11.090819642251176,123.00628033694451
space3_time1,2020-12-02 15:00:00,0.0,75.75,3,1,179.6739959716797,81.6712113692566,87.98894785960978,0.9281985221549256,0.22292771992455684,98.00278460242309,98.00278460242309,9604.545789828937,91.68504811206991,133.9550940540379,45.7189019176418,45.7189019176418,2090.2179925549513
space3_time1,2020-12-02 16:00:00,-4.25,74.75,3,1,163.9933624267578,107.30170592611657,114.9790521759762,0.9332283045949151,0.22296443419694356,56.691656500641244,56.691656500641244,3213.9439167866985,49.01431025078162,133.9550940540379,30.038268372719926,30.038268372719926,902.2975668315462
space3_time1,2020-12-02 16:00:00,-8.25,73.75,3,1,126.75183868408203,82.07077801331054,86.70072251525592,0.9465985476518871,0.2224369687270107,44.68106067077149,44.68106067077149,1996.3971826651625,40.05111616882611,133.9550940540379,-7.203255369955855,7.203255369955855,51.88688792479786
space3_time1,2020-12-02 16:00:00,-12.75,72.5,3,1,128.7119140625,72.09053989142527,75.94289203050454,0.9492730387785092,0.22261411907926595,56.621374171074734,56.621374171074734,3205.980013020849,52.76902203199546,133.9550940540379,-5.243179991537886,5.243179991537886,27.49093642366323
space3_time1,2020-12-02 16:00:00,-17.0,71.25,3,1,189.47439575195312,104.85620205660474,111.05694562187442,0.9441660894728554,0.22252825784383745,84.61819369534838,84.61819369534838,7160.238704263496,78.4174501300787,133.9550940540379,55.51930169791524,55.51930169791524,3082.3928610241337
space3_time2,2020-12-02 17:00:00,51.75,62.75,3,2,150.27279663085938,143.12555214023453,144.04922078584298,0.9935878261571324,0.25509888987287876,7.147244490624843,7.147244490624843,51.08310380876717,6.2235758450163985,128.90210118777347,21.370695443085907,21.370695443085907,456.70662372113276
space3_time2,2020-12-02 17:00:00,47.5,61.75,3,2,376.98870849609375,140.1960144197919,141.87013116586107,0.9881996532158562,0.25692370595104097,236.79269407630184,236.79269407630184,56070.77996791308,235.11857733023268,128.90210118777347,248.08660730832028,248.08660730832028,61546.96472575272
space3_time2,2020-12-02 17:00:00,23.25,56.75,3,2,381.5622253417969,136.3730280073217,134.2846984075063,1.0155515082848687,0.26238751693442885,245.18919733447518,245.18919733447518,60117.742489524215,247.27752693429056,128.90210118777347,252.6601241540234,252.6601241540234,63837.13833752652
space3_time2,2020-12-02 17:00:00,19.0,55.75,3,2,258.7305603027344,119.2565561741378,115.39963751476911,1.0334222770749613,0.2623410793859243,139.47400412859656,139.47400412859656,19452.99782766377,143.33092278796528,128.90210118777347,129.8284591149609,129.8284591149609,16855.428796165077
space3_time2,2020-12-02 17:00:00,15.0,55.0,3,2,248.93016052246094,114.27059468405847,121.50096364087695,0.9404912624545972,0.2617100476664089,134.65956583840247,134.65956583840247,18133.19867178705,127.42919688158399,128.90210118777347,120.02805933468747,120.02805933468747,14406.735027651255
space3_time2,2020-12-02 17:00:00,11.0,54.0,3,2,250.89022827148438,76.87739490926923,85.18866198449581,0.9024369337231847,0.26147284558102596,174.01283336221513,174.01283336221513,30280.466174746052,165.70156628698857,128.90210118777347,121.9881270837109,121.9881270837109,14881.103149391603
space3_time2,2020-12-02 17:00:00,6.75,53.25,3,2,213.64871215820312,91.00645984429669,98.77990831364409,0.9213053686518385,0.2614442928759438,122.64225231390644,122.64225231390644,15041.12205262789,114.86880384455904,128.90210118777347,84.74661097042966,84.74661097042966,7181.988070973348
space3_time2,2020-12-02 17:00:00,2.75,52.25,3,2,231.2894287109375,81.75696751068195,89.16176909678838,0.9169509346761809,0.2613562862125547,149.53246120025557,149.53246120025557,22359.95695260594,142.12765961414914,128.90210118777347,102.38732752316403,102.38732752316403,10483.164837335664
space3_time2,2020-12-02 17:00:00,-1.5,51.25,3,2,223.44911193847656,61.26077565558861,64.98395173128542,0.9427062224363871,0.26145674169943744,162.18833628288795,162.18833628288795,26305.056426211147,158.46516020719116,128.90210118777347,94.5470107507031,94.5470107507031,8939.137241893566
space3_time2,2020-12-02 17:00:00,-5.75,50.25,3,2,221.48902893066406,48.106211519062064,50.892434342369704,0.945252710755319,0.26143705638580084,173.382817411602,173.382817411602,30061.601373584916,170.59659458829435,128.90210118777347,92.5869277428906,92.5869277428906,8572.339188867245
space3_time2,2020-12-02 17:00:00,-10.0,49.25,3,2,218.87559509277344,62.40496480923518,64.36347288096977,0.9695711249864263,0.26144189322549305,156.47063028353824,156.47063028353824,24483.058141327714,154.51212221180367,128.90210118777347,89.97349390499997,89.97349390499997,8095.229605473067
space3_time2,2020-12-02 17:00:00,-14.25,47.75,3,2,213.64871215820312,48.65199920962994,57.362176793430336,0.8481546888437126,0.2611340042777732,164.9967129485732,164.9967129485732,27223.91528383386,156.2865353647728,128.90210118777347,84.74661097042966,84.74661097042966,7181.988070973348
space3_time2,2020-12-02 20:00:00,47.0,12.5,3,2,135.24551391601562,148.70357832144364,141.9885921449348,1.0472924343784924,0.2632637295397263,-13.458064405428019,13.458064405428019,181.1194975406486,-6.743078228919188,128.90210118777347,6.343412728242157,6.343412728242157,40.238885040824606
space3_time2,2020-12-02 20:00:00,43.25,11.5,3,2,120.2182388305664,159.23774340317746,151.577063127329,1.050539838401627,0.2632871110991044,-39.019504572611055,39.019504572611055,1522.521737092015,-31.358824296762606,128.90210118777347,-8.683862357207062,8.683862357207062,75.40946543891779
space3_time2,2020-12-02 20:00:00,39.75,11.25,3,2,97.35063934326172,161.14012552196004,152.23972637097984,1.0584630527336316,0.26329868537467604,-63.789486178698326,63.789486178698326,4069.098546942345,-54.88908702771812,128.90210118777347,-31.55146184451175,31.55146184451175,995.4947445256807
space3_time2,2020-12-02 20:00:00,36.25,10.75,3,2,80.36328125,168.946459854541,157.5357972462841,1.0724321887959087,0.26331699058139735,-88.58317860454099,88.58317860454099,7846.979531684008,-77.17251599628409,128.90210118777347,-48.53881993777347,48.53881993777347,2356.017040951595
space3_time2,2020-12-02 20:00:00,32.5,10.25,3,2,52.268798828125,170.1807893899532,155.36809627417014,1.095339348753066,0.2633197822342166,-117.91199056182819,117.91199056182819,13903.237518252661,-103.09929744604514,128.90210118777347,-76.63330235964847,76.63330235964847,5872.663030545304
space3_time2,2020-12-02 20:00:00,28.5,9.25,3,2,21.56087875366211,181.27814460713347,160.7521519177387,1.1276872032164056,0.26337971922841735,-159.71726585347136,159.71726585347136,25509.60501170845,-139.1912731640766,128.90210118777347,-107.34122243411136,107.34122243411136,11522.138033649371
space3_time2,2020-12-02 20:00:00,24.5,8.25,3,2,8.493680000305176,176.0073623900148,155.65291919318264,1.1307681430090621,0.26359260666854867,-167.51368238970963,167.51368238970963,28060.833787760515,-147.15923919287746,128.90210118777347,-120.40842118746829,120.40842118746829,14498.187892858763
space3_time2,2020-12-02 20:00:00,-17.5,-1.5,3,2,0.6533600091934204,153.01688101140147,145.8177548542288,1.0493707104760284,0.2641895098427249,-152.36352100220805,152.36352100220805,23214.642532190293,-145.1643948450354,128.90210118777347,-128.24874117858005,128.24874117858005,16447.739613890415
space3_time2,2020-12-03 14:00:00,35.75,105.25,3,2,145.69927978515625,157.7854831578908,147.9412169237294,1.0665417416380765,0.26288067331058285,-12.086203372734559,12.086203372734559,146.07631196710022,-2.2419371385731495,128.90210118777347,16.797178597382782,16.797178597382782,282.1452088323742
space3_time2,2020-12-03 14:00:00,31.75,104.25,3,2,160.7265625,166.93367792099102,150.87812947155422,1.106414021075625,0.2629254020875349,-6.207115420991016,6.207115420991016,38.52828184950448,9.848433028445783,128.90210118777347,31.824461312226532,31.824461312226532,1012.7963378134033
space3_time2,2020-12-03 14:00:00,27.75,103.5,3,2,143.08583068847656,167.71658064924696,151.30123567332257,1.1084944541455508,0.2628874487355175,-24.6307499607704,24.6307499607704,606.6738436299911,-8.215404984846003,128.90210118777347,14.183729500703095,14.183729500703095,201.17818254911526
space3_time2,2020-12-03 14:00:00,23.75,102.75,3,2,86.89688110351562,165.36297772941393,146.73178053110428,1.126974518613984,0.2628924821909381,-78.4660966258983,78.4660966258983,6156.928319704809,-59.83489942758865,128.90210118777347,-42.00522008425784,42.00522008425784,1764.4385143269385
space3_time2,2020-12-03 15:00:00,46.5,83.25,3,2,150.92616271972656,150.93720123134423,144.32133228812214,1.0458412407807753,0.26271152228656913,-0.01103851161767011,0.01103851161767011,0.00012184873873343799,6.604830431604427,128.90210118777347,22.024061531953095,22.024061531953095,485.0592863632561
space3_time2,2020-12-03 15:00:00,42.5,82.5,3,2,155.4996795654297,145.5502661323843,137.67108423231812,1.0572319303214766,0.26267800554984266,9.949413433045379,9.949413433045379,98.99082766166383,17.828595333111565,128.90210118777347,26.59757837765622,26.59757837765622,707.4311755555657
space3_time2,2020-12-03 15:00:00,38.5,81.5,3,2,170.52696228027344,161.35968434876776,148.32746944186871,1.0878611018979634,0.2625031451069132,9.16727793150568,9.16727793150568,84.03898467347106,22.199492838404723,128.90210118777347,41.62486109249997,41.62486109249997,1732.6290609699179
space3_time2,2020-12-03 15:00:00,34.25,80.75,3,2,142.43247985839844,140.52821073856197,128.115813333072,1.0968841947185755,0.26224493329958143,1.9042691198364707,1.9042691198364707,3.626240880762767,14.31666652532644,128.90210118777347,13.53037867062497,13.53037867062497,183.07114697050312
space3_time2,2020-12-03 16:00:00,30.25,79.75,3,2,130.0186309814453,156.82404485421543,139.2007150263334,1.126603730624143,0.2622988604553288,-26.805413872770117,26.805413872770117,718.5302128904966,-9.182084044888086,128.90210118777347,1.1165297936718446,1.1165297936718446,1.246638780156892
space3_time2,2020-12-03 16:00:00,26.25,79.0,3,2,114.33799743652344,177.95992480387227,161.4446769400809,1.1022966391757894,0.2623582299563989,-63.62192736734883,63.62192736734883,4047.74964193621,-47.10667950355747,128.90210118777347,-14.56410375125003,14.56410375125003,212.11311807717522
space3_time2,2020-12-03 16:00:00,22.25,78.25,3,2,30.70792007446289,175.22314178246418,155.09405822052335,1.1297862973791033,0.2624079715680771,-144.5152217080013,144.5152217080013,20884.649305312767,-124.38613814606046,128.90210118777347,-98.19418111331058,98.19418111331058,9642.09720451364
space3_time2,2020-12-03 16:00:00,14.0,76.5,3,2,19.600799560546875,157.43386106411984,140.0680672790001,1.1239811052045792,0.262229812710963,-137.83306150357296,137.83306150357296,18997.95284344773,-120.46726771845323,128.90210118777347,-109.3013016272266,109.3013016272266,11946.774537405967
space3_time2,2020-12-03 17:00:00,49.25,60.0,3,2,153.5395965576172,144.5237101886741,141.55697583705265,1.0209578816874163,0.26253339521924957,9.015886368943086,9.015886368943086,81.28620701769374,11.98262072056454,128.90210118777347,24.63749536984372,24.63749536984372,607.0061780990707
space3_time2,2020-12-03 17:00:00,45.0,58.75,3,2,141.77911376953125,147.70943604825345,143.99974098356694,1.0257618176209766,0.2625277801612889,-5.930322278722201,5.930322278722201,35.16872232950888,-2.2206272140356873,128.90210118777347,12.877012581757782,12.877012581757782,165.81745303074823
space3_time2,2020-12-03 17:00:00,41.0,58.0,3,2,165.95343017578125,163.0817985578675,156.17253023215548,1.044241252385686,0.2624432099049545,2.8716316179137493,2.8716316179137493,8.246268149001937,9.78089994362577,128.90210118777347,37.05132898800778,37.05132898800778,1372.8009797775858
space3_time2,2020-12-03 17:00:00,36.75,57.25,3,2,159.41983032226562,164.3890361012112,156.0400811220463,1.0535051950699437,0.26241435880448194,-4.969205778945565,4.969205778945565,24.693006073505995,3.3797492002193223,128.90210118777347,30.517729134492157,30.517729134492157,931.3317915262314
space3_time2,2020-12-03 17:00:00,32.75,56.25,3,2,148.96607971191406,162.9657962012908,150.57880594891395,1.0822625081552268,0.2623006346597221,-13.999716489376738,13.999716489376738,195.99206178292692,-1.6127262369998903,128.90210118777347,20.063978524140595,20.063978524140595,402.56323421717497
space3_time2,2020-12-03 17:00:00,28.5,54.75,3,2,156.806396484375,162.53209908472235,150.47297577843128,1.0801414555929827,0.2622929271510802,-5.725702600347347,5.725702600347347,32.78367026762437,6.333420705943723,128.90210118777347,27.904295296601532,27.904295296601532,778.6496959999383
space3_time2,2020-12-03 17:00:00,25.0,54.5,3,2,209.0751953125,116.00499255373472,107.39796343623308,1.0801414555929827,0.2622929271510802,93.07020275876528,93.07020275876528,8662.062641557679,101.67723187626692,128.90210118777347,80.17309412472653,80.17309412472653,6427.72502153226
space3_time2,2020-12-03 17:00:00,20.5,53.75,3,2,169.22023010253906,139.84907599907322,128.54051299004502,1.0879766444521966,0.26214600535488897,29.37115410346584,29.37115410346584,862.6646933695383,40.679717112494046,128.90210118777347,40.318128914765595,40.318128914765595,1625.5515191876575
space3_time2,2020-12-03 17:00:00,16.5,53.0,3,2,71.21623992919922,139.33173693478923,125.52841586578548,1.10996172439364,0.2621416761040781,-68.11549700559002,68.11549700559002,4639.7209323185425,-54.31217593658626,128.90210118777347,-57.68586125857425,57.68586125857425,3327.6585891434775
space3_time2,2020-12-03 19:00:00,51.5,36.25,3,2,159.41983032226562,157.61594730655617,153.86320202704152,1.0243901415678007,0.26237023604277915,1.8038830157094594,1.8038830157094594,3.2539939343650537,5.556628295224101,128.90210118777347,30.517729134492157,30.517729134492157,931.3317915262314
space3_time2,2020-12-03 19:00:00,47.5,35.25,3,2,163.33999633789062,157.3633975145005,152.76280286308872,1.0301159350652593,0.26235173039426346,5.976598823390134,5.976598823390134,35.719733495748336,10.577193474801902,128.90210118777347,34.43789515011716,34.43789515011716,1185.9686223704628
space3_time2,2020-12-03 19:00:00,43.5,34.5,3,2,194.70127868652344,171.1911039675494,165.83177207635694,1.0323178835037998,0.26235149853027584,23.510174718974042,23.510174718974042,552.7283153166862,28.869506610166496,128.90210118777347,65.79917749874997,65.79917749874997,4329.531759512004
space3_time2,2020-12-03 19:00:00,39.5,33.5,3,2,197.31471252441406,156.42826814452573,151.72262974147463,1.031014743226302,0.26231957868638517,40.88644437988833,40.88644437988833,1671.7013340297021,45.59208278293943,128.90210118777347,68.4126113366406,68.4126113366406,4680.285389898245
space3_time2,2020-12-03 19:00:00,35.5,32.75,3,2,204.50167846679688,159.60037064712998,155.20737180885916,1.0283040604777514,0.2623461030353901,44.9013078196669,44.9013078196669,2016.1274439164797,49.29430665793771,128.90210118777347,75.5995772790234,75.5995772790234,5715.296084767032
space3_time2,2020-12-03 19:00:00,31.25,31.75,3,2,162.0332794189453,128.4780278900051,125.41433181391147,1.0244285962519777,0.2623304079405736,33.555251528940204,33.555251528940204,1125.954905170444,36.61894760503384,128.90210118777347,33.131178231171845,33.131178231171845,1097.6749709856751
space3_time2,2020-12-03 19:00:00,27.25,31.0,3,2,214.95542907714844,150.34778139839335,146.07101517832206,1.0292786780104883,0.2622379408285024,64.60764767875509,64.60764767875509,4174.148138582147,68.88441389882638,128.90210118777347,86.05332788937497,86.05332788937497,7405.17524083628
space3_time2,2020-12-03 19:00:00,23.25,30.0,3,2,228.67599487304688,159.19077824201966,156.54964239845734,1.0168709158519824,0.26218939192637525,69.48521663102721,69.48521663102721,4828.195330260781,72.12635247458954,128.90210118777347,99.7738936852734,99.7738936852734,9954.82986112024
space3_time2,2020-12-03 19:00:00,19.25,29.25,3,2,209.0751953125,158.57780987746912,153.5596474806586,1.0326789132375582,0.26193172552398974,50.49738543503088,50.49738543503088,2549.985935774069,55.51554783184139,128.90210118777347,80.17309412472653,80.17309412472653,6427.72502153226
space3_time2,2020-12-03 19:00:00,15.0,28.5,3,2,212.995361328125,165.64339432228186,156.39409407101007,1.059140981673337,0.2617170400811313,47.351967005843136,47.351967005843136,2242.208779322457,56.60126725711493,128.90210118777347,84.09326014035153,84.09326014035153,7071.676401032836
space3_time2,2020-12-03 19:00:00,11.0,27.5,3,2,230.63607788085938,116.72387884088558,110.45186510924853,1.0567850413882403,0.26173418691459854,113.9121990399738,113.9121990399738,12975.989090122608,120.18421277161085,128.90210118777347,101.7339766930859,101.7339766930859,10349.802013789347
space3_time2,2020-12-03 19:00:00,6.75,26.75,3,2,209.0751953125,112.2816242536341,106.08541700660949,1.0584077191932848,0.2617741220814996,96.7935710588659,96.7935710588659,9368.995398327721,102.98977830589051,128.90210118777347,80.17309412472653,80.17309412472653,6427.72502153226
space3_time2,2020-12-03 19:00:00,2.75,25.75,3,2,196.00799560546875,104.76684169861761,99.25119575247372,1.0555725893711103,0.261808446371284,91.24115390685114,91.24115390685114,8324.948166253696,96.75679985299503,128.90210118777347,67.10589441769528,67.10589441769528,4503.201065598867
space3_time2,2020-12-03 19:00:00,-1.5,24.75,3,2,179.6739959716797,72.25289886703716,68.29006933057258,1.0580293675978223,0.2617838352794443,107.42109710464253,107.42109710464253,11539.292103165038,111.38392664110711,128.90210118777347,50.77189478390622,50.77189478390622,2577.7852999480438
space3_time2,2020-12-03 19:00:00,-5.75,23.75,3,2,129.3652801513672,103.5272213146215,95.91871689455486,1.079322416587691,0.2610108027969433,25.838058836745688,25.838058836745688,667.605284451132,33.446563256812325,128.90210118777347,0.4631789635937196,0.4631789635937196,0.2145347523157522
space3_time2,2020-12-03 19:00:00,-10.0,22.5,3,2,121.52495574951172,105.4547619489003,93.66313827358833,1.1258939631177938,0.26061152095334617,16.07019380061142,16.07019380061142,258.2511287892097,27.861817475923388,128.90210118777347,-7.377145438261749,7.377145438261749,54.422274817266135
space3_time2,2020-12-03 19:00:00,-14.25,21.25,3,2,129.3652801513672,102.4154626067423,90.81679038084836,1.1277150643317597,0.26072509962418794,26.949817544624892,26.949817544624892,726.2926656885717,38.54848977051883,128.90210118777347,0.4631789635937196,0.4631789635937196,0.2145347523157522
space3_time2,2020-12-03 20:00:00,46.0,11.0,3,2,149.6194305419922,157.62618298708253,153.60424375248644,1.0261837768042197,0.26211658830237355,-8.006752445090342,8.006752445090342,64.10808471696016,-3.984813210494252,128.90210118777347,20.71732935421872,20.71732935421872,429.20773557117263
space3_time2,2020-12-03 20:00:00,42.0,9.75,3,2,135.24551391601562,163.33700769446165,161.22355965541652,1.0131088039710956,0.2623560484875188,-28.091493778446022,28.091493778446022,789.1320227044715,-25.978045739400898,128.90210118777347,6.343412728242157,6.343412728242157,40.238885040824606
space3_time2,2020-12-03 20:00:00,38.0,9.0,3,2,111.07119750976562,158.54074350288835,157.05570029003576,1.0094555193482957,0.2623174571556135,-47.46954599312272,47.46954599312272,2253.3577967931933,-45.984502780270134,128.90210118777347,-17.830903678007843,17.830903678007843,317.94112597439363
space3_time2,2020-12-03 20:00:00,34.25,8.0,3,2,98.65735626220703,151.9739156759753,153.9785573729207,0.9869810333909652,0.2622428569173355,-53.31655941376826,53.31655941376826,2842.655507721881,-55.32120111071367,128.90210118777347,-30.244744925566437,30.244744925566437,914.7445956125767
space3_time2,2020-12-03 20:00:00,30.25,7.0,3,2,47.69527816772461,158.86058056074623,158.4777023045091,1.0024159755641926,0.2621764200338889,-111.16530239302162,111.16530239302162,12357.724456131938,-110.7824241367845,128.90210118777347,-81.20682302004886,81.20682302004886,6594.548105009537
space3_time2,2020-12-03 20:00:00,26.0,6.25,3,2,2.6134400367736816,159.50709485817714,158.04762985730298,1.0092343365236915,0.262196795569127,-156.89365482140346,156.89365482140346,24615.6189232177,-155.4341898205293,128.90210118777347,-126.28866115099979,126.28866115099979,15948.825935312043
space3_time2,2020-12-03 20:00:00,22.0,5.5,3,2,0.6533600091934204,133.602161678563,130.94338202064426,1.0203048036249713,0.26217412090686176,-132.94880166936957,132.94880166936957,17675.383865321364,-130.29002201145084,128.90210118777347,-128.24874117858005,128.24874117858005,16447.739613890415
space3_time2,2020-12-03 20:00:00,-7.25,-1.0,3,2,3.2667999267578125,126.63541075647697,115.05961454583249,1.1006069441162032,0.26141535585191744,-123.36861082971916,123.36861082971916,15219.8141380547,-111.79281461907468,128.90210118777347,-125.63530126101566,125.63530126101566,15784.228922946162
space3_time2,2020-12-03 21:00:00,-11.5,-2.25,3,2,9.800399780273438,149.46943464969323,134.94994279876778,1.1075916858488513,0.26147138364168465,-139.6690348694198,139.6690348694198,19507.4393013552,-125.14954301849434,128.90210118777347,-119.10170140750003,119.10170140750003,14185.215278161295
space3_time3,2020-12-04 14:00:00,37.5,103.0,3,3,131.3253631591797,118.30788085824823,129.18855091447557,0.9157768240358196,0.324701792794707,13.017482300931462,13.017482300931462,169.45484545506386,2.1368122447041173,127.8433398804361,3.4820232787435828,3.4820232787435828,12.12448611371221
space3_time3,2020-12-04 14:00:00,33.75,102.0,3,3,101.27079772949219,121.41425760960252,132.580618359101,0.9157768240358193,0.324701792794707,-20.143459880110328,20.143459880110328,405.7589759416144,-31.309820629608822,127.8433398804361,-26.572542150943917,26.572542150943917,706.0999963636912
space3_time3,2020-12-04 14:00:00,29.5,101.25,3,3,28.094478607177734,106.8312720930029,124.72575005026393,0.8565294019073874,0.3231180259451608,-78.73679348582516,78.73679348582516,6199.482648429479,-96.63127144308619,127.8433398804361,-99.74886127325837,99.74886127325837,9949.835325311744
space3_time3,2020-12-04 14:00:00,25.25,100.5,3,3,12.413839340209961,112.58940508396729,131.4483832466746,0.8565294019073875,0.3231180259451609,-100.17556574375733,100.17556574375733,10035.143972081847,-119.03454390646465,127.8433398804361,-115.42950054022614,115.42950054022614,13323.969594966067
space3_time3,2020-12-04 14:00:00,21.25,99.75,3,3,6.533599853515625,94.2379479343553,123.21021206578402,0.7648550096159243,0.32279939259911256,-87.70434808083968,87.70434808083968,7692.052672285086,-116.6766122122684,127.8433398804361,-121.30974002692048,121.30974002692048,14716.053025399033
space3_time3,2020-12-04 14:00:00,0.5,95.25,3,3,11.1071195602417,41.91018606051685,48.73438477060493,0.859971583878407,0.3222737970084518,-30.80306650027515,30.80306650027515,948.8289058203732,-37.627265210363234,127.8433398804361,-116.7362203201944,116.7362203201944,13627.34513464497
space3_time3,2020-12-04 14:00:00,-16.5,90.5,3,3,15.0272798538208,78.56133121911783,91.4184941048198,0.8593592794149499,0.32230832819308264,-63.53405136529703,63.53405136529703,4036.5756828882018,-76.391214250999,127.8433398804361,-112.8160600266153,112.8160600266153,12727.463399928867
space3_time3,2020-12-04 16:00:00,48.0,81.25,3,3,163.33999633789062,122.09101642631798,133.3196180792871,0.9157768240358198,0.32470179279470707,41.24897991157265,41.24897991157265,1701.4783437453239,30.02037825860353,127.8433398804361,35.49665645745452,35.49665645745452,1260.0126196585477
space3_time3,2020-12-04 16:00:00,44.0,80.25,3,3,147.65936279296875,128.4339493227327,140.24590484472574,0.9157768240358196,0.324701792794707,19.22541347023605,19.22541347023605,369.6165231015337,7.413457948243007,127.8433398804361,19.816022912532645,19.816022912532645,392.6747640700188
space3_time3,2020-12-04 16:00:00,40.0,79.25,3,3,199.27479553222656,124.02524878319859,135.43174005716875,0.9157768240358192,0.324701792794707,75.24954674902797,75.24954674902797,5662.494285934146,63.84305547505781,127.8433398804361,71.43145565179046,71.43145565179046,5102.452856533707
space3_time3,2020-12-04 16:00:00,36.0,78.75,3,3,177.06056213378906,113.48058104333437,125.17641833285775,0.9065651706184553,0.3246118790534238,63.579981090454694,63.579981090454694,4042.4139954625766,51.88414380093131,127.8433398804361,49.21722225335296,49.21722225335296,2422.3349663359418
space3_time3,2020-12-04 16:00:00,31.75,77.75,3,3,156.806396484375,103.8921823135657,127.48374580389748,0.8149445378972344,0.32475226482386477,52.9142141708093,52.9142141708093,2799.914061314276,29.322650680477523,127.8433398804361,28.963056603938895,28.963056603938895,838.8586478429685
space3_time3,2020-12-04 16:00:00,27.75,77.0,3,3,171.18031311035156,105.9284188230006,124.16231527767732,0.8531446807036555,0.32343571313825015,65.25189428735096,65.25189428735096,4257.809708087625,47.01799783267424,127.8433398804361,43.33697322991546,43.33697322991546,1878.093248730409
space3_time3,2020-12-04 16:00:00,23.75,76.25,3,3,207.7684783935547,102.04620077006439,133.41901339092684,0.7648550096159239,0.3227993925991126,105.7222776234903,105.7222776234903,11177.199985898358,74.34946500262785,127.8433398804361,79.92513851311858,79.92513851311858,6388.027766341192
space3_time3,2020-12-04 16:00:00,19.75,75.25,3,3,214.95542907714844,96.32640684855691,125.99191424854962,0.7645443552713209,0.32258432067485804,118.62902222859152,118.62902222859152,14072.844914911662,88.96351482859882,127.8433398804361,87.11208919671233,87.11208919671233,7588.516084215966
space3_time3,2020-12-04 16:00:00,15.5,74.5,3,3,244.35662841796875,102.70224606874292,126.26913077285653,0.8133598880433596,0.32247551669032204,141.65438234922584,141.65438234922584,20065.964038740665,118.08749764511222,127.8433398804361,116.51328853753265,116.51328853753265,13575.346405830336
space3_time3,2020-12-04 16:00:00,11.5,73.75,3,3,220.83567810058594,40.09209504087371,47.94141330218007,0.8362726978482835,0.3224014806171147,180.74358305971222,180.74358305971222,32668.24281726309,172.89426479840586,127.8433398804361,92.99233822014983,92.99233822014983,8647.574967650738
space3_time3,2020-12-04 16:00:00,7.5,72.75,3,3,190.1277618408203,36.74565921971846,42.81316943360488,0.8582793496917818,0.3224124255687807,153.38210262110186,153.38210262110186,23526.069404470225,147.31459240721543,127.8433398804361,62.28442196038421,62.28442196038421,3879.3492189391905
space3_time3,2020-12-04 16:00:00,3.25,71.75,3,3,156.1530303955078,67.83954294288257,79.11299381535049,0.8575019054546194,0.32239005586984987,88.31348745262524,88.31348745262524,7799.272066044996,77.04003658015732,127.8433398804361,28.309690515071708,28.309690515071708,801.438577059141
space3_time3,2020-12-04 16:00:00,-1.0,70.75,3,3,210.3819122314453,73.52592151380715,85.95911868357851,0.8553591828280741,0.32246010822742766,136.85599071763818,136.85599071763818,18729.562195306265,124.4227935478668,127.8433398804361,82.53857235100921,82.53857235100921,6812.615925742782
space3_time3,2020-12-04 16:00:00,-5.25,69.75,3,3,195.35462951660156,63.19668768015866,73.70701630230938,0.8574039603089808,0.3225785536309878,132.1579418364429,132.1579418364429,17465.72159044462,121.64761321429218,127.8433398804361,67.51128963616546,67.51128963616546,4557.774228338221
space3_time3,2020-12-04 16:00:00,-9.5,68.75,3,3,200.58151245117188,54.09964284979222,63.0970293515981,0.8574039603089809,0.3225785536309878,146.48186960137966,146.48186960137966,21456.938121915595,137.48448309957377,127.8433398804361,72.73817257073577,72.73817257073577,5290.841748930137
space3_time3,2020-12-04 16:00:00,-13.75,67.5,3,3,165.30007934570312,76.49823676619982,89.51693474088457,0.8545672054972772,0.3220388256932353,88.8018425795033,88.8018425795033,7885.767245514886,75.78314460481856,127.8433398804361,37.45673946526702,37.45673946526702,1403.007331368892
space3_time3,2020-12-04 17:00:00,50.5,58.0,3,3,162.0332794189453,126.68553036980148,140.3160578141168,0.9028583922848495,0.3248277857056344,35.34774904914383,35.34774904914383,1249.4633628412485,21.717221604828524,127.8433398804361,34.18993953850921,34.18993953850921,1168.9519656469151
space3_time3,2020-12-04 17:00:00,46.5,56.75,3,3,163.33999633789062,122.00262610733819,135.12930394166028,0.9028583922848495,0.32482778570563453,41.33737023055244,41.33737023055244,1708.7781775777628,28.210692396230343,127.8433398804361,35.49665645745452,35.49665645745452,1260.0126196585477
space3_time3,2020-12-04 17:00:00,42.5,55.75,3,3,162.68663024902344,111.66444006704876,137.0487297136921,0.8147790957298654,0.3248356301010358,51.02219018197468,51.02219018197468,2603.2638909655934,25.63790053533134,127.8433398804361,34.84329036858733,34.84329036858733,1214.0548837096908
space3_time3,2020-12-04 17:00:00,38.5,55.0,3,3,161.37991333007812,112.56412757846546,138.15294006485578,0.8147790957298654,0.3248356301010359,48.815785751612665,48.815785751612665,2382.98093854735,23.22697326522234,127.8433398804361,33.53657344964202,33.53657344964202,1124.701758743234
space3_time3,2020-12-04 17:00:00,33.0,50.75,3,3,173.14039611816406,98.08532726482125,127.36955384589923,0.7700845634074517,0.322731659537295,75.05506885334282,75.05506885334282,5633.263360580031,45.77084227226483,127.8433398804361,45.29705623772796,45.29705623772796,2051.8233038038893
space3_time3,2020-12-04 17:00:00,30.75,53.5,3,3,173.79376220703125,97.19479647363089,126.30319263338586,0.7695355473376946,0.3229579786497797,76.59896573340036,76.59896573340036,5867.401551426643,47.49056957364539,127.8433398804361,45.950422326595145,45.950422326595145,2111.4413119924534
space3_time3,2020-12-04 17:00:00,26.25,52.5,3,3,214.3020782470703,98.34392336201907,120.71548073551155,0.814675323850893,0.32268007133578924,115.95815488505124,115.95815488505124,13446.293684345534,93.58659751155876,127.8433398804361,86.45873836663421,86.45873836663421,7475.113439950106
space3_time3,2020-12-04 17:00:00,22.25,51.75,3,3,173.14039611816406,96.33237256639465,114.89527184291757,0.8384363518291537,0.3226708256117283,76.80802355176941,76.80802355176941,5899.472481929164,58.245124275246496,127.8433398804361,45.29705623772796,45.29705623772796,2051.8233038038893
space3_time3,2020-12-04 17:00:00,18.0,50.75,3,3,199.92816162109375,98.19274376450075,113.91229359274351,0.8620030434604109,0.3226431783120557,101.735417856593,101.735417856593,10350.095246455583,86.01586802835024,127.8433398804361,72.08482174065765,72.08482174065765,5196.221525382389
space3_time3,2020-12-04 17:00:00,14.0,50.0,3,3,167.91351318359375,84.20457793888421,97.94939321900189,0.8596743192743823,0.32259540868827274,83.70893524470954,83.70893524470954,7007.185839802974,69.96411996459186,127.8433398804361,40.070173303157645,40.070173303157645,1605.6187885450877
space3_time3,2020-12-04 17:00:00,10.0,49.25,3,3,171.18031311035156,108.38318107290372,126.07469903763764,0.8596743192743819,0.3225954086882728,62.79713203744784,62.79713203744784,3943.4797921286577,45.10561407271392,127.8433398804361,43.33697322991546,43.33697322991546,1878.093248730409
space3_time3,2020-12-04 17:00:00,5.75,48.25,3,3,152.23287963867188,88.28185678999107,94.2796229062154,0.9363832190738542,0.32196304231811435,63.95102284868081,63.95102284868081,4089.7333233924946,57.95325673245648,127.8433398804361,24.38953975823577,24.38953975823577,594.8496496185634
space3_time3,2020-12-04 17:00:00,1.75,47.5,3,3,139.81903076171875,76.34911452498766,82.91845079639293,0.9207735285897178,0.3220522360675014,63.469916236731095,63.469916236731095,4028.4302670976613,56.90057996532582,127.8433398804361,11.975690881282645,11.975690881282645,143.4171720840363
space3_time3,2020-12-04 17:00:00,-2.5,46.25,3,3,150.92616271972656,72.2571496026057,77.5644582111972,0.9315755085384541,0.32210460998534163,78.66901311712087,78.66901311712087,6188.813624821735,73.36170450852936,127.8433398804361,23.082822839290458,23.082822839290458,532.8167102300691
space3_time3,2020-12-04 17:00:00,-6.75,45.25,3,3,105.84431457519531,51.79201292344713,55.67115652497525,0.9303204056882158,0.32213495591269337,54.05230165174818,54.05230165174818,2921.6513138515793,50.17315805022006,127.8433398804361,-21.999025305240792,21.999025305240792,483.9571143806247
space3_time3,2020-12-04 17:00:00,-11.0,44.0,3,3,79.05655670166016,73.9070017205237,79.44252460618665,0.9303204056882164,0.32213495591269353,5.149554981136461,5.149554981136461,26.51791650374734,-0.38596790452649543,127.8433398804361,-48.78678317877595,48.78678317877595,2380.150212932896
space3_time3,2020-12-04 17:00:00,-15.5,42.5,3,3,64.6826400756836,54.15693458173891,58.09571215647548,0.9322019228522783,0.32212581599676177,10.525705493944685,10.525705493944685,110.79047614525732,6.586927919208115,127.8433398804361,-63.16069980475251,63.16069980475251,3989.273999826064
space3_time3,2020-12-04 19:00:00,49.25,33.25,3,3,164.64671325683594,104.76977534098113,143.1378057986328,0.7319504079053155,0.324227790867478,59.87693791585481,59.87693791585481,3585.2476941791315,21.50890745820314,127.8433398804361,36.80337337639983,36.80337337639983,1354.488291882696
space3_time3,2020-12-04 19:00:00,45.0,32.5,3,3,204.50167846679688,106.92427029333811,145.17328362008817,0.7365285652224692,0.3238270218395425,97.57740817345876,97.57740817345876,9521.350585849777,59.328394846708704,127.8433398804361,76.65833858636077,76.65833858636077,5876.5008748211285
space3_time3,2020-12-04 19:00:00,41.0,31.25,3,3,188.1676788330078,105.74682501461085,141.4764208381498,0.7474519385501427,0.32378122290203043,82.42085381839696,82.42085381839696,6793.197144153562,46.691257994858006,127.8433398804361,60.32433895257171,60.32433895257171,3639.02587006476
space3_time3,2020-12-04 19:00:00,37.0,30.5,3,3,183.5941619873047,117.04220350780271,136.48719100198272,0.8575325101833363,0.32274640190844717,66.55195847950198,66.55195847950198,4429.163177457355,47.106970985321965,127.8433398804361,55.75082210686858,55.75082210686858,3108.1541655917067
space3_time3,2020-12-04 19:00:00,33.0,29.75,3,3,163.9933624267578,103.29088543627067,112.70689500870023,0.9164557805296406,0.3228040824619781,60.70247699048714,60.70247699048714,3684.790712780621,51.28646741805758,127.8433398804361,36.15002254632171,36.15002254632171,1306.8241300995678
space3_time3,2020-12-04 19:00:00,28.75,29.0,3,3,156.1530303955078,128.0308192420143,135.1179035288744,0.9475488880321064,0.3228987704148836,28.12221115349351,28.12221115349351,790.8587601616747,21.03512686663342,127.8433398804361,28.309690515071708,28.309690515071708,801.438577059141
space3_time3,2020-12-04 19:00:00,24.75,28.0,3,3,116.9514389038086,129.54875724301272,134.49793598998394,0.9632025673067596,0.32346934930441446,-12.597318339204122,12.597318339204122,158.6924293392485,-17.54649708617535,127.8433398804361,-10.891900976627511,10.891900976627511,118.63350688465933
space3_time3,2020-12-04 19:00:00,20.75,27.25,3,3,13.06719970703125,124.8497134942925,133.56130436075836,0.9347745897798716,0.32355655110272025,-111.78251378726125,111.78251378726125,12495.330388599252,-120.4941046537271,127.8433398804361,-114.77614017340485,114.77614017340485,13173.56235310508
space3_time3,2020-12-04 19:00:00,-8.5,20.5,3,3,5.880239963531494,87.61360485247013,93.97777746618385,0.9322800263498066,0.32304145572053183,-81.73336488893864,81.73336488893864,6680.342936068388,-88.09753750265236,127.8433398804361,-121.96309991690461,121.96309991690461,14874.997741340858
space3_time3,2020-12-04 19:00:00,-12.75,19.25,3,3,8.493680000305176,86.44867738595727,92.72823072744917,0.9322800263498069,0.3230414557205319,-77.95499738565209,77.95499738565209,6076.981617397025,-84.234550727144,127.8433398804361,-119.34965988013093,119.34965988013093,14244.341313502935
space3_time3,2020-12-04 20:00:00,46.25,9.25,3,3,142.43247985839844,127.76985365128434,142.11996665061181,0.8990281707945664,0.3242421538717485,14.662626207114101,14.662626207114101,214.99260728954926,0.3125132077866226,127.8433398804361,14.589139977962333,14.589139977962333,212.84300529657878
space3_time3,2020-12-04 20:00:00,42.5,8.25,3,3,124.79175567626953,119.87654818913632,132.9180178890131,0.9018833570722783,0.32425974702297233,4.915207487133216,4.915207487133216,24.159264641570424,-8.126262212743569,127.8433398804361,-3.0515842041665735,3.0515842041665735,9.31216615511894
space3_time3,2020-12-04 20:00:00,38.75,7.0,3,3,156.806396484375,115.59034379315084,127.80597162575917,0.9044205237265591,0.32438345688290227,41.216052691224164,41.216052691224164,1698.7629994457666,29.00042485861583,127.8433398804361,28.963056603938895,28.963056603938895,838.8586478429685
space3_time3,2020-12-04 20:00:00,35.25,6.0,3,3,126.09848022460938,107.66734638983696,117.1167296218116,0.9193165377611875,0.3244280216546326,18.43113383477241,18.43113383477241,339.7066944352923,8.981750602797774,127.8433398804361,-1.7448596558267297,1.7448596558267297,3.044535218531774
space3_time3,2020-12-04 21:00:00,31.25,5.25,3,3,42.46839904785156,126.2433524420283,136.5560462846155,0.9244801374734217,0.32436165548370927,-83.77495339417673,83.77495339417673,7018.242816196484,-94.08764723676393,127.8433398804361,-85.37494083258454,85.37494083258454,7288.880522167311
