fold_id,hour,latitude,longitude,space_fold,time_fold,observed,predicted,rf_mean_predicted,kriged_residual_factor,rf_log_variance,kriging_log_variance,predicted_log_variance,rf_radiance_variance,kriging_radiance_variance,predicted_radiance_variance,residual,abs_error,squared_error,rf_mean_residual,baseline_predicted,baseline_residual,baseline_abs_error,baseline_squared_error
space0_time0,2020-01-01 02:00:00,74.25,-56.5,0,0,97.35063934326172,105.89103681066764,130.52037862067024,0.8112988786097337,0.014778128270005486,0.058701740202885634,0.07347986847289112,179.6646832976217,740.4719523435783,920.1366356412,-8.540397467405924,8.540397467405924,72.93838890127353,-33.169739277408524,141.6668981967569,-44.316258853495185,44.316258853495185,1963.9307987699904
space0_time0,2020-01-01 02:00:00,78.75,-51.0,0,0,103.88423919677734,101.73761579262217,127.41916788417355,0.7984482827976369,0.01983010726059998,0.05568793008456356,0.07551803734516355,223.56221848256519,652.0515868370871,875.6138053196523,2.1466234041551786,2.1466234041551786,4.607992039266767,-23.534928687396203,141.6668981967569,-37.78265899997956,37.78265899997956,1427.5293211087364
space0_time0,2020-01-01 06:00:00,79.75,-97.0,0,0,101.92415618896484,124.27763884769195,128.62043094224953,0.9662355967652801,0.0387267118234819,0.0676401734156896,0.10636688523917151,678.3091874209528,1249.610635013086,1927.919822434039,-22.353482658727103,22.353482658727103,499.67818697401333,-26.696274753284683,141.6668981967569,-39.74274200779206,39.74274200779206,1579.4855422979197
space0_time0,2020-01-01 07:00:00,61.25,-136.75,0,0,148.31271362304688,142.69018263448925,132.65297486905646,1.0756651539503024,0.028543843054065467,0.06402161873650124,0.09256546179056671,646.7169769820863,1519.4563421505834,2166.17331913267,5.622530988557628,5.622530988557628,31.61285471729082,15.65973875399041,141.6668981967569,6.645815426289971,6.645815426289971,44.16686268031375
space0_time0,2020-01-01 07:00:00,65.25,-135.25,0,0,133.28543090820312,134.73256000964082,126.13739441794668,1.0681412964914647,0.03123791487038846,0.06229913506140124,0.0935370499317897,632.4856402474944,1321.9484947398935,1954.434134987388,-1.447129101437696,1.447129101437696,2.094182636227873,7.148036490256445,141.6668981967569,-8.381467288553779,8.381467288553779,70.24899390909704
space0_time0,2020-01-01 07:00:00,78.25,-124.0,0,0,96.69728088378906,128.14408590592734,122.38534225691853,1.0470541940955622,0.03483961651306217,0.06375643175690708,0.09859604826996926,642.5064789940718,1235.3488011142347,1877.8552801083065,-31.446805022138278,31.446805022138278,988.9015461003812,-25.68806137312947,141.6668981967569,-44.96961731296784,44.96961731296784,2022.266481274777
space0_time0,2020-01-01 07:00:00,82.5,-113.25,0,0,94.73719787597656,121.06472580040511,119.5120325813194,1.0129919405230532,0.03894376097598772,0.06726254601663953,0.10620630699262726,647.2647015885823,1179.0552690594034,1826.3199706479857,-26.32752792442855,26.32752792442855,693.1387266115652,-24.77483470534284,141.6668981967569,-46.92970032078034,46.92970032078034,2202.3967721982503
space0_time0,2020-01-02 02:00:00,76.75,-56.25,0,0,98.00399780273438,102.36763131438596,126.99719162678208,0.8060621656518424,0.022126854853426272,0.059538172074879214,0.08166502692830549,254.4048058319882,713.1645383929649,967.569344224953,-4.363633511651585,4.363633511651585,19.041297424008746,-28.993193824047708,141.6668981967569,-43.66290039402253,43.66290039402253,1906.4488708183328
space0_time0,2020-01-02 04:00:00,75.25,-82.25,0,0,94.73719787597656,116.72839223013256,125.05058865805994,0.9334493622362411,0.03977561643933198,0.06409743083867533,0.10387304727800731,613.4048589900964,1041.2916242113374,1654.6964832014337,-21.991194354155994,21.991194354155994,483.61262912226243,-30.313390782083374,141.6668981967569,-46.92970032078034,46.92970032078034,2202.3967721982503
space0_time0,2020-01-02 04:00:00,79.5,-76.0,0,0,84.28343963623047,118.56650996102888,127.75511517182217,0.9280764202792564,0.039137575818541374,0.06305950220239143,0.10219707802093281,621.48114348854,1053.9514920234726,1675.4326355120127,-34.283070324798416,34.283070324798416,1175.3289108950737,-43.4716755355917,141.6668981967569,-57.383458560526435,57.383458560526435,3292.8613163676546
space0_time0,2020-01-02 06:00:00,82.0,-92.75,0,0,33.32135772705078,121.92457687616668,127.23714603365696,0.9582467123548578,0.042340108376630554,0.06775231672482401,0.11009242510145456,717.7504760298812,1213.6754397508387,1931.4259157807198,-88.6032191491159,88.6032191491159,7850.530443586259,-93.91578830660617,141.6668981967569,-108.34554046970612,108.34554046970612,11738.756139672727
space0_time0,2020-01-02 07:00:00,63.75,-138.25,0,0,154.8463134765625,137.09021853187517,127.62983270673281,1.0741236247396828,0.026580164882890108,0.06200912502820567,0.08858928991109578,553.1323282523247,1349.027142066346,1902.1594703186706,17.756094944687334,17.756094944687334,315.27890768475106,27.216480769829687,141.6668981967569,13.179415279805596,13.179415279805596,173.69698711757323
space0_time0,2020-01-02 07:00:00,80.75,-121.75,0,0,70.56288146972656,128.68304238656899,124.70250787617275,1.0319202442532176,0.03565540961352733,0.06475900853419261,0.10041441814771995,664.5734342067672,1269.3323020280695,1933.9057362348367,-58.12016091684242,58.12016091684242,3377.9531049996576,-54.13962640644618,141.6668981967569,-71.10401672703034,71.10401672703034,5055.781194717811
space0_time0,2020-01-02 09:00:00,62.0,-163.0,0,0,145.04591369628906,146.45941594326052,129.60859324478113,1.130013159441169,0.03328782150868683,0.056752318369963695,0.09004013987865053,794.4605115065866,1416.970298331612,2211.4308098381985,-1.4135022469714613,1.4135022469714613,1.99798860219337,15.43732045150793,141.6668981967569,3.3790154995321586,3.3790154995321586,11.417745746078564
space0_time0,2020-01-02 09:00:00,66.25,-161.25,0,0,150.27279663085938,143.35416525371832,126.47056041750126,1.1334983001615657,0.017623210211479556,0.05188633420416047,0.06950954441564003,391.6748782245597,1194.072195214163,1585.7470734387227,6.918631377141054,6.918631377141054,47.86746013276072,23.802236213358114,141.6668981967569,8.605898434102471,8.605898434102471,74.06148785808736
space0_time0,2020-01-02 09:00:00,70.5,-158.75,0,0,126.75183868408203,146.08220375273453,128.90879238594644,1.1332214122010527,0.016959808618692805,0.04818741082094122,0.06514721943963403,389.57997862669913,1143.6486603620203,1533.2286389887195,-19.330365068652497,19.330365068652497,373.66301368738067,-2.15695370186441,141.6668981967569,-14.915059512674873,14.915059512674873,222.4590002666332
space0_time0,2020-01-03 03:00:00,79.25,-55.25,0,0,111.72455596923828,105.7561494627607,129.7879628280741,0.8148378875693766,0.024259237555847586,0.0588200637701255,0.08307930132597308,298.43363256017597,754.3771165952285,1052.8107491554044,5.968406506477578,5.968406506477578,35.621876226563884,-18.063406858835805,141.6668981967569,-29.942342227518623,29.942342227518623,896.5438580698449
space0_time0,2020-01-04 03:00:00,77.25,-60.5,0,0,130.0186309814453,114.21706275780267,126.47369768082025,0.9030894553747494,0.023821165655920087,0.055026198699503225,0.0788473643554233,340.29136448449634,817.7554371234443,1158.0468016079406,15.801568223642647,15.801568223642647,249.68955832643303,3.544933300625061,141.6668981967569,-11.648267215311591,11.648267215311591,135.68212911930286
space0_time0,2020-01-04 04:00:00,80.0,-80.0,0,0,109.76448059082031,113.43162548064302,121.50448353333792,0.9335591756128088,0.04360313641356108,0.06440925717168329,0.10801239358524437,638.8485765684745,996.1477312190191,1634.9963077874936,-3.6671448898227084,3.6671448898227084,13.447951642952804,-11.740002942517606,141.6668981967569,-31.90241760593659,31.90241760593659,1017.764249103573
space0_time0,2020-01-04 06:00:00,57.25,-121.5,0,0,146.35263061523438,127.01328093283536,124.84074653767773,1.0174024463599465,0.05298921205934485,0.06881664206596008,0.12180585412530492,991.6139118624897,1368.778943468728,2360.3928553312176,19.339349682399018,19.339349682399018,374.010446138107,21.511884077556644,141.6668981967569,4.685732418477471,4.685732418477471,21.95608829757073
space0_time0,2020-01-04 06:00:00,61.5,-120.0,0,0,141.77911376953125,125.89488294624299,122.25570017076875,1.0297669783117758,0.036346062883706266,0.06726872303255244,0.1036147859162587,650.7125938383298,1268.5356101230693,1919.2482039613992,15.884230823288263,15.884230823288263,252.30878884750092,19.523413598762502,141.6668981967569,0.11221557277434613,0.11221557277434613,0.012592334773074572
space0_time0,2020-01-04 06:00:00,65.75,-118.25,0,0,143.73919677734375,132.44599250315483,129.32097591609406,1.0241648082604047,0.040969098371104136,0.06624553934818266,0.1072146377192868,816.6265118533458,1393.3303869890992,2209.9568988424453,11.293204274188923,11.293204274188923,127.53646277855897,14.418220861249694,141.6668981967569,2.072298580586846,2.072298580586846,4.2944214071022575
space0_time0,2020-01-04 06:00:00,69.75,-115.75,0,0,126.09848022460938,129.21967841387934,126.69506921741063,1.0199266570677379,0.03794600202145352,0.06594511399679498,0.10389111601824849,716.4874717330792,1311.7090137360592,2028.1964854691385,-3.121198189269961,3.121198189269961,9.741878136702084,-0.5965889928012587,141.6668981967569,-15.568417972147529,15.568417972147529,242.37563815548617
space0_time0,2020-01-04 06:00:00,74.25,-112.5,0,0,93.43048095703125,125.54602165164779,123.55954926819197,1.016077044592839,0.037125251521680155,0.0662082779579998,0.10333352947967996,661.0572661217976,1241.5806653600177,1902.6379314818155,-32.11554069461654,32.11554069461654,1031.4079541075712,-30.129068311160722,141.6668981967569,-48.236417239725654,48.236417239725654,2326.7519481249024
space0_time0,2020-01-04 06:00:00,78.5,-107.25,0,0,118.91151428222656,120.96423678597179,121.3913387989285,0.9964816104906445,0.03760432824860244,0.06717663879313523,0.10478096704173767,622.6569996409297,1172.2986801698942,1794.9556798108238,-2.0527225037452297,2.0527225037452297,4.213669677382084,-2.479824516701939,141.6668981967569,-22.75538391453034,22.75538391453034,517.8074970976662
space0_time0,2020-01-04 08:00:00,68.25,-141.0,0,0,133.28543090820312,138.95621475202384,128.4060609843197,1.082162428212734,0.025160022776571603,0.05835827578260731,0.08351829855917892,534.8270948630975,1293.572464457526,1828.3995593206234,-5.670783843820715,5.670783843820715,32.15778940333804,4.8793699238834165,141.6668981967569,-8.381467288553779,8.381467288553779,70.24899390909704
space0_time0,2020-01-04 08:00:00,81.25,-125.75,0,0,113.03128051757812,125.25517015165578,119.2105694605862,1.0507052413088933,0.03396843941833009,0.06338954258116472,0.0973579819994948,597.5111090647139,1170.7949885013788,1768.3060975660928,-12.22388963407765,12.22388963407765,149.42347778611105,-6.179288943008075,141.6668981967569,-28.63561767917878,28.63561767917878,819.9985998680962
space0_time0,2020-01-04 09:00:00,79.75,-153.25,0,0,100.61743927001953,137.56148655033854,122.2392876388865,1.1253459440692766,0.01661718602221873,0.04758633470955184,0.06420352073177057,338.10205462427984,999.8852916294638,1337.9873462537437,-36.94404728031901,36.94404728031901,1364.8626294504465,-21.621848368866964,141.6668981967569,-41.04945892673737,41.04945892673737,1685.0580781778986
space0_time0,2020-01-05 03:00:00,79.75,-59.25,0,0,129.3652801513672,113.56552049456648,126.2648777499348,0.8994228840064362,0.030140227564898644,0.05520903339049163,0.08534926095539028,429.8011144589017,821.6809653647647,1251.4820798236665,15.799759656800703,15.799759656800703,249.63240521266707,3.1004024014323903,141.6668981967569,-12.301618045389716,12.301618045389716,151.3298065346579
space0_time0,2020-01-05 05:00:00,82.5,-75.75,0,0,113.03128051757812,108.45568475724775,117.09362176893937,0.9262305078517697,0.04039926632996981,0.06378678639474211,0.10418605272471193,538.1801433704413,895.2672940939156,1433.4474374643569,4.575595760330373,4.575595760330373,20.936076561953282,-4.0623412513612465,141.6668981967569,-28.63561767917878,28.63561767917878,819.9985998680962
space0_time0,2020-01-05 06:00:00,59.5,-123.25,0,0,147.65936279296875,125.85079200453808,123.08389319145132,1.0224797797773835,0.036278405434577436,0.06770777047431198,0.10398617590888942,649.2654453194268,1276.591833273157,1925.8572785925837,21.80857078843067,21.80857078843067,475.6137598339916,24.575469601517426,141.6668981967569,5.992464596211846,5.992464596211846,35.909631936852406
space0_time0,2020-01-05 06:00:00,63.75,-121.5,0,0,140.47239685058594,128.07887905617704,124.49843033441353,1.0287589868574738,0.03903313028436243,0.06623015867102333,0.10526328895538575,725.4495056380108,1297.5946271374914,2023.0441327755022,12.393517794408893,12.393517794408893,153.59928332032987,15.97396651617241,141.6668981967569,-1.1945013461709664,1.1945013461709664,1.4268334660042508
space0_time0,2020-01-05 06:00:00,68.0,-119.5,0,0,137.8589630126953,127.5528433114764,124.08954994141163,1.0279096295514005,0.03590966272526695,0.06548583009825035,0.1013954928235173,658.3368050092323,1263.153593902553,1921.4903989117852,10.306119701218918,10.306119701218918,106.21610329585272,13.76941307128368,141.6668981967569,-3.8079351840615914,3.8079351840615914,14.500370366014186
space0_time0,2020-01-05 06:00:00,72.25,-116.75,0,0,125.44511413574219,121.84546374448256,119.17306671330813,1.0224245050066838,0.03834693343439681,0.06549446141011925,0.10384139484451606,643.8736534227389,1158.442473488409,1802.3161269111479,3.5996503912596296,3.5996503912596296,12.957482939295604,6.272047422434056,141.6668981967569,-16.221784061014716,16.221784061014716,263.1462781221911
space0_time0,2020-01-05 06:00:00,76.75,-112.25,0,0,122.83168029785156,119.21746153095616,118.48927256444624,1.0061456109126994,0.03714054936395727,0.06633206801831737,0.10347261738227465,596.4246434082257,1121.900244300364,1718.3248877085898,3.614218766895405,3.614218766895405,13.062577294978942,4.342407733405324,141.6668981967569,-18.83521789890534,18.83521789890534,354.76543329924414
space0_time0,2020-01-05 06:00:00,81.0,-104.75,0,0,116.9514389038086,118.76559957877205,121.09063862568804,0.9807991842036354,0.03643562129111656,0.067737829965231,0.10417345125634757,580.8786078336352,1137.8118824017668,1718.690490235402,-1.8141606749634605,1.8141606749634605,3.2911789545838785,-4.13919972187945,141.6668981967569,-24.71545929294831,24.71545929294831,610.853928061385
space0_time0,2020-01-05 09:00:00,52.5,-173.75,0,0,151.5795135498047,155.2460315237807,136.83020672880014,1.134588883808975,0.011274607050652377,0.07000396160495091,0.08127856865560329,296.4092913927759,1917.117837797797,2213.527129190573,-3.666517973975999,3.666517973975999,13.443354053489067,14.749306821004552,141.6668981967569,9.912615353047784,9.912615353047784,98.25994313747863
space0_time0,2020-01-06 05:00:00,80.5,-84.0,0,0,116.9514389038086,117.05759492646993,124.60801241990143,0.9394066453127569,0.03195850643106038,0.06553905506263533,0.0974975614936957,490.55364196168796,1056.405794112225,1546.959436073913,-0.10615602266133806,0.10615602266133806,0.011269101147274519,-7.656573516092834,141.6668981967569,-24.71545929294831,24.71545929294831,610.853928061385
space0_time0,2020-01-06 06:00:00,62.0,-124.75,0,0,130.6719970703125,131.61684336792095,125.79848859662368,1.0462513885198892,0.03435651013449969,0.06638814309848637,0.10074465323298606,669.6788940061866,1361.0776608552346,2030.7565548614211,-0.94484629760845,0.94484629760845,0.8927345261043956,4.8735084736888155,141.6668981967569,-10.994901126444404,10.994901126444404,120.88785078028842
space0_time0,2020-01-06 06:00:00,66.0,-123.25,0,0,136.55223083496094,132.4677906904023,128.40748336135454,1.0316204883294968,0.0390642013669332,0.06515246016765966,0.10421666153459286,775.8371200334965,1363.3331067215297,2139.1702267550263,4.084440144558641,4.084440144558641,16.682651294482216,8.144747473606401,141.6668981967569,-5.114667361795966,5.114667361795966,26.15982222182091
space0_time0,2020-01-06 06:00:00,70.25,-120.25,0,0,133.9387969970703,125.31754589913068,121.6770231466515,1.0299195580096618,0.03477023432523784,0.06490064817443837,0.0996708824996762,613.8892551129593,1204.5616900603711,1818.4509451733304,8.621251097939634,8.621251097939634,74.32597049372535,12.261773850418805,141.6668981967569,-7.728101199686591,7.728101199686591,59.72354815259733
space0_time0,2020-01-06 06:00:00,74.75,-117.0,0,0,130.0186309814453,124.45542799269627,121.8906654499832,1.0210415008667375,0.035888822789913,0.06532704726412333,0.10121587005403633,626.268918058454,1199.298626296252,1825.5675443547061,5.56320298874904,5.56320298874904,30.949227494026257,8.12796553146211,141.6668981967569,-11.648267215311591,11.648267215311591,135.68212911930286
space0_time0,2020-01-06 06:00:00,79.0,-111.5,0,0,129.3652801513672,122.2134658187757,121.59706363022282,1.005069219355719,0.03660898369689701,0.06665885637713216,0.10326784007402917,617.5160328985155,1184.1286844856256,1801.6447173841411,7.151814332591485,7.151814332591485,51.14844824786098,7.7682165211443674,141.6668981967569,-12.301618045389716,12.301618045389716,151.3298065346579
space0_time0,2020-01-06 08:00:00,60.25,-149.5,0,0,130.0186309814453,142.94053929604414,130.3937280211864,1.096222505984484,0.02049567886983639,0.060909832120075,0.08140551098991139,458.971042962542,1420.8456248348577,1879.8166677973998,-12.921908314598824,12.921908314598824,166.9757144908982,-0.37509703974109243,141.6668981967569,-11.648267215311591,11.648267215311591,135.68212911930286
space0_time0,2020-01-07 06:00:00,81.5,-108.5,0,0,104.53759765625,123.41108091690488,123.5413162830614,0.9989458152942278,0.03680211147799828,0.06746129869064271,0.10426341016864099,633.6917569448577,1223.9350525232817,1857.6268094681395,-18.87348326065488,18.87348326065488,356.20837039021995,-19.003718626811406,141.6668981967569,-37.129300540506904,37.129300540506904,1378.5849586272864
space0_time0,2020-01-07 07:00:00,64.25,-126.25,0,0,137.20559692382812,130.75997501153506,124.55147817286097,1.049846833853369,0.03723189273143477,0.06514644366927388,0.10237833640070865,718.5169305648029,1323.413282672876,2041.9302132376788,6.445621912293063,6.445621912293063,41.54604183623249,12.654118750967157,141.6668981967569,-4.461301272928779,4.461301272928779,19.903209047835944
space0_time0,2020-01-07 07:00:00,68.5,-124.25,0,0,126.75183868408203,128.14665509999153,123.51209417834873,1.0375231344952394,0.03396512849377678,0.06420771801823058,0.09817284651200736,625.8641076103784,1242.8127658349604,1868.6768734453387,-1.394816415909503,1.394816415909503,1.9455128340906314,3.2397445057332988,141.6668981967569,-14.915059512674873,14.915059512674873,222.4590002666332
space0_time0,2020-01-07 07:00:00,72.75,-121.25,0,0,126.09848022460938,125.96695955627315,121.97506085426629,1.0327271712270454,0.03545876847661776,0.06432732238256848,0.09978609085918624,632.8430517191099,1206.9471181396868,1839.7901698587966,0.131520668336222,0.131520668336222,0.017297686199606508,4.123419370343086,141.6668981967569,-15.568417972147529,15.568417972147529,242.37563815548617
space0_time0,2020-01-07 07:00:00,77.25,-116.75,0,0,110.41783905029297,128.15336383793417,126.95250076015549,1.009459152601077,0.03687496610610228,0.06543177877833455,0.10230674488443683,683.3682665857848,1276.3811945928123,1959.7494611785971,-17.735524787641197,17.735524787641197,314.5488394930353,-16.53466170986252,141.6668981967569,-31.249059146463935,31.249059146463935,976.5036975392013
space0_time0,2020-01-07 08:00:00,58.5,-152.75,0,0,166.60679626464844,154.41287658127285,139.5892163633252,1.1061948809810946,0.022910412453506772,0.06183409235394118,0.08474450480744795,601.4346383455584,1693.7341419450358,2295.1687802905944,12.193919683375583,12.193919683375583,148.69167724461448,27.017579901323245,141.6668981967569,24.939898067891534,24.939898067891534,621.9985156368199
space0_time0,2020-01-07 08:00:00,62.75,-151.25,0,0,153.5395965576172,133.6335008411987,121.14955209665978,1.1030457688739825,0.02014303264913288,0.05805376354018269,0.07819679618931558,392.91384451382714,1177.7055342510841,1570.6193787649113,19.90609571641849,19.90609571641849,396.2526466712146,32.39004446095741,141.6668981967569,11.872698360860284,11.872698360860284,140.96096636797446
space0_time0,2020-01-07 08:00:00,67.0,-149.25,0,0,146.35263061523438,138.04443122640632,125.12680247291065,1.1032363050777416,0.021303730421063732,0.05519781668126547,0.0765015471023292,442.94713801426417,1192.5515504694113,1635.4986884836753,8.308199388828058,8.308199388828058,69.02617708452291,21.22582814232372,141.6668981967569,4.685732418477471,4.685732418477471,21.95608829757073
space0_time0,2020-01-07 08:00:00,80.0,-136.75,0,0,105.19095611572266,127.79297269639923,118.80242634867781,1.0756764539583956,0.025986293624679635,0.05815309503577823,0.08413938866045786,467.68628102926397,1091.6985493069567,1559.3848303362206,-22.602016580676576,22.602016580676576,510.8511535131789,-13.611470232955156,141.6668981967569,-36.47594208103425,36.47594208103425,1330.494350698965
space0_time0,2020-01-09 05:00:00,58.0,-109.5,0,0,128.05856323242188,125.3988865770289,126.51827327662296,0.9911523713483936,0.05689650549168536,0.068787889313433,0.12568439480511837,1043.9278652755415,1344.0516035388853,2387.9794688144266,2.659676655392971,2.659676655392971,7.073879911242342,1.5402899557989116,141.6668981967569,-13.608334964335029,13.608334964335029,185.18678050154324
space0_time0,2020-01-09 05:00:00,75.0,-100.25,0,0,122.17831420898438,120.40855375354538,124.4788402487424,0.9673013783944046,0.03600451220827546,0.06669303673890341,0.10269754894717886,588.9986893138098,1148.6703393664318,1737.6690286802416,1.7697604554389983,1.7697604554389983,3.132052069635651,-2.300526039758026,141.6668981967569,-19.48858398777253,19.48858398777253,379.8049058484638
space0_time0,2020-01-09 05:00:00,79.25,-94.5,0,0,111.72455596923828,113.62570141264172,118.77232593754036,0.9566681507306244,0.037496398056337345,0.06693781295267784,0.10443421100901518,547.6027090031905,1030.1033322391158,1577.7060412423064,-1.9011454434034363,1.9011454434034363,3.6143539969736485,-7.047769968302077,141.6668981967569,-29.942342227518623,29.942342227518623,896.5438580698449
space0_time0,2020-01-09 07:00:00,64.75,-131.0,0,0,137.8589630126953,132.3589100435906,125.6448882417411,1.053436489902651,0.03518389730449333,0.06356058397492613,0.09874448127941945,692.463646961256,1314.4186333618538,2006.8822803231099,5.500052969104701,5.500052969104701,30.250582662957434,12.214074770954213,141.6668981967569,-3.8079351840615914,3.8079351840615914,14.500370366014186
space0_time0,2020-01-09 07:00:00,69.0,-128.75,0,0,123.48503875732422,133.98530589408514,127.8441458129223,1.0480363026567476,0.03511583557890856,0.06278788251641022,0.09790371809531878,707.5937956891006,1328.8176594327158,2036.4114551218163,-10.500267136760925,10.500267136760925,110.25560994334148,-4.359107055598088,141.6668981967569,-18.181859439432685,18.181859439432685,330.58001267528743
space0_time0,2020-01-09 07:00:00,82.0,-112.25,0,0,84.28343963623047,124.29455862423336,123.47418893284687,1.0066440581507499,0.03766058970426271,0.06696200657580936,0.10462259628007207,658.3122301427445,1233.522983112072,1891.8352132548166,-40.01111898800289,40.01111898800289,1600.8896426721255,-39.1907492966164,141.6668981967569,-57.383458560526435,57.383458560526435,3292.8613163676546
space0_time0,2020-01-09 08:00:00,59.25,-157.75,0,0,157.4597625732422,138.66644665432852,124.68245889698932,1.1121568172544032,0.03194776854123602,0.06013403674577735,0.09208180528701337,684.4311421340846,1349.1239919784405,2033.5551341125251,18.793315918913663,18.793315918913663,353.1887232280937,32.77730367625287,141.6668981967569,15.792864376485284,15.792864376485284,249.41456521405792
space0_time0,2020-01-09 08:00:00,63.25,-156.25,0,0,147.65936279296875,140.58430618952355,126.10630047454431,1.1148079490120457,0.02121062613018593,0.056012531463523973,0.0772231575937099,457.6977040890142,1256.399839339016,1714.0975434280301,7.075056603445205,7.075056603445205,50.0564259419536,21.553062318424438,141.6668981967569,5.992464596211846,5.992464596211846,35.909631936852406
space0_time0,2020-01-09 08:00:00,67.5,-154.25,0,0,133.9387969970703,140.33082994823448,125.73349388888774,1.1160974344055579,0.02318777781958731,0.05245887133114356,0.07564664915073087,498.26815490406676,1170.8182195022698,1669.0863744063365,-6.392032951164168,6.392032951164168,40.858085248768504,8.205303108182576,141.6668981967569,-7.728101199686591,7.728101199686591,59.72354815259733
space0_time0,2020-01-09 08:00:00,80.5,-140.75,0,0,92.77711486816406,133.63572419153573,122.98744158275402,1.0865802432487939,0.024516750276005066,0.05586114179895009,0.08037789207495516,480.341757533445,1139.4536761031072,1619.7954336365522,-40.85860932337167,40.85860932337167,1669.4259558399142,-30.210326714589954,141.6668981967569,-48.88978332859284,48.88978332859284,2390.2109139167546
space0_time0,2020-01-10 02:00:00,76.25,-53.25,0,0,107.15103912353516,101.78632149690928,126.13279882989207,0.8069774272921874,0.014247800960427113,0.05554083156001212,0.06978863252043924,159.41641578087376,643.582362942138,802.9987787230118,5.364717626625875,5.364717626625875,28.780195213430364,-18.98175970635691,141.6668981967569,-34.51585907322175,34.51585907322175,1191.344527562504
space0_time0,2020-01-10 05:00:00,77.5,-100.25,0,0,102.5775146484375,118.2016266159159,122.28675645532682,0.9665938490984243,0.035753337525947455,0.06695417046329173,0.1027075079892392,563.58012485221,1111.1619248187621,1674.7420496709722,-15.624111967478399,15.624111967478399,244.11287477230172,-19.709241806889324,141.6668981967569,-39.089383548319404,39.089383548319404,1527.9799061876236
space0_time0,2020-01-10 05:00:00,81.75,-91.75,0,0,94.0838394165039,118.05036402360996,124.00925425090267,0.9519480198208732,0.03269695340207463,0.06716592778938825,0.09986288119146289,511.8364926402912,1105.40191081905,1617.2384034593413,-23.966524607106052,23.966524607106052,574.3943017430199,-29.925414834398765,141.6668981967569,-47.583058780253,47.583058780253,2264.147482885012
space0_time0,2020-01-10 07:00:00,63.0,-134.75,0,0,138.51231384277344,135.5524243999173,127.73681039332979,1.0611852917144362,0.03219576466778718,0.06321780400970546,0.09541356867749265,661.3949708157936,1362.3035935656726,2023.6985643814662,2.959889442856138,2.959889442856138,8.760945513931219,10.775503449443647,141.6668981967569,-3.1545843539834664,3.1545843539834664,9.951402446397283
space0_time0,2020-01-10 09:00:00,61.5,-159.0,0,0,148.96607971191406,141.33148479852255,126.42593205402125,1.117899488675569,0.030596227393679454,0.05733949339432451,0.08793572078800396,677.6361206039636,1327.1501850222953,2004.786305626259,7.63459491339151,7.63459491339151,58.28703949158351,22.540147657892817,141.6668981967569,7.299181515157159,7.299181515157159,53.27805079121195
space0_time0,2020-01-10 09:00:00,65.75,-157.25,0,0,144.39256286621094,142.62380117452045,127.27334611015564,1.1206101319209363,0.016517203187341584,0.05300364494255756,0.06952084812989914,363.16555283922924,1206.7464574687485,1569.9120103079777,1.7687616916904858,1.7687616916904858,3.128517921991789,17.119216756055295,141.6668981967569,2.7256646694540336,2.7256646694540336,7.429247890309966
space0_time0,2020-01-10 09:00:00,70.0,-154.75,0,0,129.3652801513672,140.85909689339363,125.85805902765887,1.1191901256195127,0.017860557452010296,0.049985767587081814,0.0678463250390921,382.66103052612476,1107.9946790529434,1490.6557095790681,-11.49381674202644,11.49381674202644,132.10782329928728,3.5072211237083195,141.6668981967569,-12.301618045389716,12.301618045389716,151.3298065346579
space0_time0,2020-01-11 02:00:00,74.25,-57.75,0,0,127.40519714355469,103.19588265712919,128.2594771607563,0.8045868027965433,0.015502384309759499,0.059038568387378546,0.07454095269713805,179.25307406251173,708.6781060397677,887.9311801022794,24.209314486425498,24.209314486425498,586.0909079026515,-0.854280017201603,141.6668981967569,-14.261701053202216,14.261701053202216,203.39611693090922
space0_time0,2020-01-11 02:00:00,78.75,-52.5,0,0,125.44511413574219,108.21110563606409,132.80250803861964,0.8148272742303614,0.021150501526179602,0.055149511706575796,0.0763000132327554,270.1480776406144,731.8771046862181,1002.0251823268325,17.234008499678097,17.234008499678097,297.0110489669769,-7.3573939028774475,141.6668981967569,-16.221784061014716,16.221784061014716,263.1462781221911
space0_time0,2020-01-11 06:00:00,79.75,-99.0,0,0,103.88423919677734,119.79608614690052,124.17568261099821,0.9647306431339098,0.03618322878277199,0.06726809648980141,0.10345132527257339,586.4104434634662,1148.222029103356,1734.6324725668221,-15.911846950123177,15.911846950123177,253.18687336414425,-20.291443414220865,141.6668981967569,-37.78265899997956,37.78265899997956,1427.5293211087364
space0_time0,2020-01-11 09:00:00,59.75,-162.25,0,0,143.73919677734375,150.565352394338,134.25373141361806,1.1214984552680032,0.031125751372083118,0.05905820604615496,0.09018395741823808,784.3551115222173,1557.0477005730377,2341.402812095255,-6.826155616994242,6.826155616994242,46.59640050742205,9.485465363725694,141.6668981967569,2.072298580586846,2.072298580586846,4.2944214071022575
space0_time0,2020-01-11 09:00:00,63.75,-160.75,0,0,139.81903076171875,150.92004684752362,134.14603956100154,1.125042881186919,0.016714041369983473,0.054359838558363974,0.07107387992834745,412.170393098947,1389.1699835993384,1801.3403766982854,-11.101016085804872,11.101016085804872,123.23255813729853,5.672991200717206,141.6668981967569,-1.8478674350381539,1.8478674350381539,3.414614057474486
space0_time0,2020-01-11 09:00:00,68.0,-158.75,0,0,151.5795135498047,144.8948834843471,128.50921413575028,1.1275057937191015,0.016670328046182337,0.05002822928807216,0.06669855733425449,377.2610820086151,1170.6758506362294,1547.9369326448445,6.684630065457583,6.684630065457583,44.684279112019446,23.070299414054404,141.6668981967569,9.912615353047784,9.912615353047784,98.25994313747863
space0_time0,2020-01-12 02:00:00,76.75,-57.75,0,0,114.9913558959961,102.61760539704774,126.34221463251517,0.812219460419671,0.015831337052271893,0.05901130654045364,0.07484264359272554,181.09537582780328,700.8665730985782,881.9619489263815,12.373750498948354,12.373750498948354,153.10970141022463,-11.350858736519072,141.6668981967569,-26.67554230076081,26.67554230076081,711.5845570396793
space0_time0,2020-01-12 04:00:00,75.25,-83.5,0,0,113.68463897705078,113.26171878226351,121.91117353254401,0.9290511730824121,0.03249661939625219,0.06393636261634394,0.09643298201259613,466.61688730408616,963.5299309258219,1430.1468182299081,0.4229201947872667,0.4229201947872667,0.17886149115889963,-8.226534555493231,141.6668981967569,-27.982259219706123,27.982259219706123,783.0068310388283
space0_time0,2020-01-12 04:00:00,79.5,-78.0,0,0,105.84431457519531,114.65958267909569,123.87044514769654,0.9256411611533464,0.03126407803733846,0.06319666617677931,0.09446074421411776,458.8774487841512,972.5495302011133,1431.4269789852644,-8.81526810390038,8.81526810390038,77.7089517436434,-18.02613057250123,141.6668981967569,-35.82258362156159,35.82258362156159,1283.2574973237727
space0_time0,2020-01-14 03:00:00,77.25,-62.25,0,0,99.96408081054688,116.74305329482033,129.81184028542387,0.8993251543012672,0.018650717015584562,0.055354278928863736,0.0740049959444483,276.28279164020057,850.9981817461179,1127.2809733863185,-16.778972484273453,16.778972484273453,281.53391762800567,-29.847759474876995,141.6668981967569,-41.70281738621003,41.70281738621003,1739.1249779475816
space0_time0,2020-01-14 04:00:00,80.25,-82.25,0,0,110.41783905029297,117.55339622173442,126.15102188089655,0.931846563500061,0.029941699336657315,0.06462023749354999,0.0945619368302073,461.6709138830791,1044.7630880611894,1506.4340019442684,-7.135557171441448,7.135557171441448,50.91617614690948,-15.733182830603582,141.6668981967569,-31.249059146463935,31.249059146463935,976.5036975392013
space0_time0,2020-01-14 06:00:00,57.25,-122.25,0,0,116.9514389038086,129.47898624751645,127.45658081406089,1.0158674069282143,0.03718742214268195,0.0686188744716613,0.10580629661434325,706.0670028972569,1373.8178475647026,2079.8848504619596,-12.527547343707852,12.527547343707852,156.93944244884165,-10.505141910252291,141.6668981967569,-24.71545929294831,24.71545929294831,610.853928061385
space0_time0,2020-01-14 06:00:00,61.25,-120.75,0,0,131.3253631591797,129.94949924213677,125.79764000914503,1.0330042696563295,0.03822607103122264,0.06709117192106152,0.10531724295228417,731.0965052872855,1352.7102473287346,2083.8067526160203,1.3758639170429205,1.3758639170429205,1.8930015182206885,5.52772315003466,141.6668981967569,-10.341535037577216,10.341535037577216,106.9473469334372
space0_time0,2020-01-14 06:00:00,65.5,-119.0,0,0,131.3253631591797,126.31679685600741,125.7905368797426,1.0041836213543465,0.041649784556032375,0.06603352772005133,0.10768331227608371,755.7475744959353,1264.6173848636743,2020.3649593596097,5.008566303172273,5.008566303172273,25.08573641327277,5.534826279437084,141.6668981967569,-10.341535037577216,10.341535037577216,106.9473469334372
space0_time0,2020-01-14 06:00:00,69.75,-116.75,0,0,130.0186309814453,128.61190193936721,126.61193214458976,1.0157960609312358,0.03766531928942859,0.06543126724634597,0.10309658653577455,703.8544245924847,1287.5540231715515,1991.4084477640363,1.4067290420780978,1.4067290420780978,1.9788865978259627,3.406698836855554,141.6668981967569,-11.648267215311591,11.648267215311591,135.68212911930286
space0_time0,2020-01-14 06:00:00,74.25,-113.75,0,0,133.28543090820312,125.19207323755194,124.08711934630036,1.0089046622814084,0.03695823891035719,0.06564202310614406,0.10260026201650124,653.8434172670114,1222.5793634622457,1876.4227807292573,8.093357670651187,8.093357670651187,65.50243838508841,9.19831156190277,141.6668981967569,-8.381467288553779,8.381467288553779,70.24899390909704
space0_time0,2020-01-14 09:00:00,79.75,-155.5,0,0,82.97671508789062,137.7577165390099,121.99573775881116,1.1292010611990437,0.015512777619673276,0.04511500493032085,0.060627782549994125,315.22790840626936,945.0477105330561,1260.2756189393256,-54.781001451119266,54.781001451119266,3000.958119987531,-39.019022670920535,141.6668981967569,-58.69018310886628,58.69018310886628,3444.5375933522528
space0_time0,2020-01-15 03:00:00,79.75,-61.25,0,0,92.77711486816406,112.57203708325676,125.57218835752961,0.8964726867922478,0.01895530712822572,0.055674970587728224,0.07463027771595394,261.29192471845266,796.7287799179777,1058.0207046364303,-19.794922215092697,19.794922215092697,391.8389455015704,-32.79507348936555,141.6668981967569,-48.88978332859284,48.88978332859284,2390.2109139167546
space0_time0,2020-01-15 06:00:00,59.5,-123.75,0,0,124.79175567626953,129.03996082376943,124.22535007624089,1.0387570712787182,0.03899485637473444,0.06730472641125164,0.10629958278598609,736.4041607872307,1340.5764497223302,2076.980610509561,-4.2482051474999025,4.2482051474999025,18.04724697524467,0.566405600028645,141.6668981967569,-16.875142520487373,16.875142520487373,284.7704350867609
space0_time0,2020-01-15 06:00:00,63.75,-122.25,0,0,129.3652801513672,128.79927113679463,124.27133673734815,1.036435871040934,0.03974914084706926,0.06594408578421347,0.10569322663128272,747.6813517010675,1307.8735131496821,2055.5548648507497,0.5660090145725576,0.5660090145725576,0.32036620457739773,5.093943414019037,141.6668981967569,-12.301618045389716,12.301618045389716,151.3298065346579
space0_time0,2020-01-15 06:00:00,68.0,-120.25,0,0,131.9787139892578,130.43597398427593,127.48386456463318,1.0231567299102868,0.0352999956187216,0.06520640812834415,0.10050640374706575,675.9376603546506,1313.1107230674504,1989.0483834221009,1.54274000498188,1.54274000498188,2.3800467229714912,4.494849424624633,141.6668981967569,-9.688184207499091,9.688184207499091,93.86091323843479
space0_time0,2020-01-15 06:00:00,72.25,-117.75,0,0,125.44511413574219,128.8354803273318,126.79173059945212,1.016118951277163,0.036315831765536835,0.0649551426604674,0.10127097442600423,679.2945502634706,1278.2590297762542,1957.5535800397247,-3.3903661915896066,3.3903661915896066,11.494582913073813,-1.3466164637099354,141.6668981967569,-16.221784061014716,16.221784061014716,263.1462781221911
space0_time0,2020-01-15 06:00:00,76.75,-114.0,0,0,121.52495574951172,125.55116571430267,125.80712913788561,0.997965429897837,0.03645646534223584,0.06565778456481816,0.102114249907054,648.1927723288578,1228.6937056913894,1876.886478020247,-4.026209964790951,4.026209964790951,16.21036668058195,-4.2821733883738915,141.6668981967569,-20.141942447245185,20.141942447245185,405.69784554813737
space0_time0,2020-01-15 06:00:00,81.0,-107.25,0,0,128.05856323242188,121.50764934935691,122.50152644354708,0.9918868186948824,0.03715043529800695,0.06717287011955264,0.10432330541755959,620.254994595576,1181.708772441551,1801.9637670371271,6.550913883064965,6.550913883064965,42.914472703333296,5.557036788874797,141.6668981967569,-13.608334964335029,13.608334964335029,185.18678050154324
space0_time0,2020-01-15 09:00:00,52.5,-174.25,0,0,137.8589630126953,155.5732727825528,137.4513761861279,1.1318422346814874,0.011427146000993357,0.06981130321514198,0.08123844921613534,301.69832475235523,1919.9388534129318,2221.637178165287,-17.714309769857493,17.714309769857493,313.7967706224686,0.4075868265674103,141.6668981967569,-3.8079351840615914,3.8079351840615914,14.500370366014186
space0_time0,2020-01-16 03:00:00,77.75,-66.75,0,0,108.45775604248047,113.05262849254281,125.04690306972509,0.90408179424888,0.020229254431773445,0.05778181299430438,0.07801106742607783,282.3716640417721,838.7360279725689,1121.107692014341,-4.59487245006234,4.59487245006234,21.11285283234189,-16.58914702724462,141.6668981967569,-33.209142154276435,33.209142154276435,1102.84712262294
space0_time0,2020-01-16 06:00:00,61.75,-125.5,0,0,142.43247985839844,126.48928248000163,121.28947939274356,1.0428710149741907,0.05277508975091573,0.06601313459965566,0.11878822435057139,976.4182159065944,1296.1648418197274,2272.583057726322,15.943197378396803,15.943197378396803,254.1855426465187,21.14300046565488,141.6668981967569,0.7655816616415336,0.7655816616415336,0.5861152806418117
space0_time0,2020-01-16 06:00:00,66.0,-123.75,0,0,150.92616271972656,131.45635507773,127.56077083411077,1.030539045963318,0.03996051759496598,0.06488517637450804,0.10484569396947402,782.410005223056,1338.9458674423938,2121.35587266545,19.469807641996567,19.469807641996567,379.07340961634793,23.365391885615793,141.6668981967569,9.259264522969659,9.259264522969659,85.73397950632454
space0_time0,2020-01-16 06:00:00,70.25,-121.5,0,0,116.9514389038086,130.93665227994288,127.54608839602096,1.0265830487360335,0.034556894578472865,0.06446832423159474,0.0990252188100676,665.5624680377913,1304.8396540803767,1970.4021221181679,-13.985213376134283,13.985213376134283,195.58619317600525,-10.594649492212369,141.6668981967569,-24.71545929294831,24.71545929294831,610.853928061385
space0_time0,2020-01-16 06:00:00,74.75,-118.5,0,0,100.61743927001953,127.38288033158652,125.03888805575707,1.0187461062096477,0.03493210199905057,0.06466273181838134,0.09959483381743191,637.2470393270638,1239.9879864383493,1877.235025765413,-26.76544106156699,26.76544106156699,716.3888352202163,-24.42144878573754,141.6668981967569,-41.04945892673737,41.04945892673737,1685.0580781778986
space0_time0,2020-01-18 03:00:00,78.5,-71.25,0,0,111.72455596923828,120.24548660369592,131.91779282274143,0.9115183329762827,0.02338946497710731,0.06000516640378671,0.08339463138089402,371.93285298733457,994.9404009630977,1366.8732539504322,-8.520930634457642,8.520930634457642,72.60625887723872,-20.19323685350315,141.6668981967569,-29.942342227518623,29.942342227518623,896.5438580698449
space0_time0,2020-01-18 05:00:00,51.5,-110.0,0,0,150.92616271972656,130.1831646419652,132.25379855231958,0.9843434825084797,0.03869746703493206,0.07068769529984657,0.10938516233477863,745.9808976067283,1439.477873841908,2185.458771448636,20.74299807776137,20.74299807776137,430.27196925401194,18.672364167406982,141.6668981967569,9.259264522969659,9.259264522969659,85.73397950632454
space0_time0,2020-01-18 05:00:00,55.5,-108.5,0,0,150.92616271972656,127.76001157178557,130.23050879994352,0.981029812054616,0.041110285426694405,0.06924340457050204,0.11035368999719644,764.9339609661206,1361.6673989700846,2126.601359936205,23.166151147940994,23.166151147940994,536.6705590092479,20.69565391978304,141.6668981967569,9.259264522969659,9.259264522969659,85.73397950632454
space0_time0,2020-01-18 05:00:00,59.75,-107.0,0,0,131.9787139892578,123.47530723915199,126.29309457339804,0.977688508277003,0.058377523744998105,0.06804766452167077,0.12642518826666888,1040.0395312068445,1291.4940333252218,2331.5335645320665,8.503406750105825,8.503406750105825,72.3079263577453,5.685619415859776,141.6668981967569,-9.688184207499091,9.688184207499091,93.86091323843479
space0_time0,2020-01-18 05:00:00,76.75,-97.5,0,0,99.96408081054688,116.92315627902744,122.31265318514697,0.95593671819087,0.03537158479057571,0.06640579810953784,0.10177738290011354,544.9547182438205,1076.6380664436974,1621.592784687518,-16.959075468480563,16.959075468480563,287.61024074561925,-22.348572374600096,141.6668981967569,-41.70281738621003,41.70281738621003,1739.1249779475816
space0_time0,2020-01-18 07:00:00,66.5,-128.5,0,0,134.5921630859375,133.08827485667493,127.75684190526775,1.0417310953519063,0.03647526875080072,0.06338897064044036,0.09986423939124107,727.0983493123266,1328.4408914200415,2055.539240732368,1.5038882292625715,1.5038882292625715,2.261679806114513,6.835321180669752,141.6668981967569,-7.074735110819404,7.074735110819404,50.05187688826084
space0_time0,2020-01-18 07:00:00,70.75,-126.5,0,0,141.12576293945312,131.08924745588703,126.20544228152049,1.0386972628602853,0.032964744655939744,0.06287344360473632,0.09583818826067605,633.8459507153125,1268.423024531436,1902.2689752467486,10.036515483566092,10.036515483566092,100.7316430518619,14.920320657932635,141.6668981967569,-0.5411352573037789,0.5411352573037789,0.292827366697227
space0_time0,2020-01-18 07:00:00,75.25,-123.0,0,0,105.19095611572266,131.87352689569215,127.8606376001783,1.031384868485188,0.03493805669943972,0.06352091837211338,0.0984589750715531,682.311935999238,1303.2628319319622,1985.5747679312003,-26.682570779969495,26.682570779969495,711.9595834280819,-22.669681484455637,141.6668981967569,-36.47594208103425,36.47594208103425,1330.494350698965
space0_time0,2020-01-18 08:00:00,61.0,-155.0,0,0,154.8463134765625,139.0047731875617,125.80475445121495,1.1049246413136597,0.034571474742591805,0.05843602474948546,0.09300749949207726,745.931082708475,1320.985187629613,2066.916270338088,15.84154028900079,15.84154028900079,250.95439872803522,29.041559025347553,141.6668981967569,13.179415279805596,13.179415279805596,173.69698711757323
space0_time0,2020-01-18 08:00:00,65.0,-153.5,0,0,135.8988800048828,142.88450970138967,129.0628137784987,1.107092783104916,0.018892152784637926,0.054805050494213706,0.07369720327885163,419.1474931557166,1261.7027290399333,1680.8502221956498,-6.985629696506862,6.985629696506862,48.79902225671856,6.836066226384105,141.6668981967569,-5.768018191874091,5.768018191874091,33.27003386179046
space0_time0,2020-01-18 08:00:00,69.25,-151.5,0,0,156.1530303955078,137.22682972537876,124.05712398470153,1.1061583995958293,0.018623351634124576,0.05201579237771437,0.07063914401183895,379.8957016567382,1099.3184915894312,1479.2141932461695,18.92620067012905,18.92620067012905,358.20107180599325,32.09590641080628,141.6668981967569,14.486132198750909,14.486132198750909,209.84802607968783
space0_time1,2020-01-19 05:00:00,75.0,-101.75,0,1,118.2581558227539,108.69062324415032,118.35491565192457,0.9183448160598887,0.008243010833851924,0.05972589375684701,0.06796890459069893,104.65975784424192,784.6556228677457,889.3153807119876,9.56753257860359,9.56753257860359,91.53767964264105,-0.09675982917066506,139.62729640382207,-21.369140581068166,21.369140581068166,456.6401691734543
space0_time1,2020-01-19 05:00:00,79.5,-97.0,0,1,87.55023956298828,107.9492021953933,118.00263671617978,0.9148033060908034,0.0083327782181699,0.059023720501620955,0.06735649871979085,104.30183496579359,764.2171302462787,868.5189652120722,-20.398962632405016,20.398962632405016,416.1176764782562,-30.452397153191498,139.62729640382207,-52.07705684083379,52.07705684083379,2712.0198492034338
space0_time1,2020-01-19 08:00:00,59.0,-158.0,0,1,139.16567993164062,123.27410733418888,140.80741736837072,0.8754802100495004,0.021772481446649106,0.06150640652127992,0.08327888796792902,363.54287352128244,1070.8082728016298,1434.3511463229122,15.891572597451741,15.891572597451741,252.54207962007908,-1.6417374367300965,139.62729640382207,-0.4616164721814471,0.4616164721814471,0.2130897673892447
space0_time1,2020-01-19 08:00:00,63.25,-156.5,0,1,177.7139129638672,117.75193235556617,134.1835361485905,0.8775438159952167,0.008785853850298843,0.05667132254146903,0.06545717639176787,130.63422451396386,870.7769173358893,1001.4111418498532,59.96198060830102,59.96198060830102,3595.4391184702677,43.530376815276696,139.62729640382207,38.086616560045115,38.086616560045115,1450.5903609919028
space0_time1,2020-01-19 08:00:00,67.5,-154.75,0,1,125.44511413574219,115.3891915774749,133.23730070195927,0.866042699525945,0.008617668746820779,0.05210572492297773,0.06072339366979851,122.45162118233718,763.2975835852284,885.7492047675655,10.055922558267284,10.055922558267284,101.12157849786884,-7.792186566217083,139.62729640382207,-14.182182268079885,14.182182268079885,201.1342938850395
space0_time1,2020-01-19 09:00:00,54.75,-159.5,0,1,153.5395965576172,117.49061411851841,134.50183103956243,0.8735242725726137,0.007481754514397297,0.06641264658710691,0.0738944011015042,111.61623988777396,1028.2518126134132,1139.868052501187,36.04898243909878,36.04898243909878,1299.5291348944522,19.037765518054755,139.62729640382207,13.912300153795115,13.912300153795115,193.5520955692876
space0_time1,2020-01-20 07:00:00,62.75,-135.25,0,1,135.8988800048828,114.86932625884276,133.80904744167628,0.8584570958022189,0.008909671105827261,0.06058568603620941,0.06949535714203667,126.58650734305441,891.356597676661,1017.9431050197154,21.02955374604005,21.02955374604005,442.2421307575871,2.089832563206528,139.62729640382207,-3.7284163989392596,3.7284163989392596,13.901088843879196
space0_time1,2020-01-20 07:00:00,67.25,-133.25,0,1,144.39256286621094,116.42603352451583,134.37537968328448,0.8664238478724726,0.014873461396970261,0.057789649803438585,0.07266311120040884,218.42541867561738,880.1895561211642,1098.6149747967816,27.966529341695107,27.966529341695107,782.1267634198933,10.017183182926459,139.62729640382207,4.765266462388865,4.765266462388865,22.707764457568093
space0_time1,2020-01-20 09:00:00,61.25,-159.75,0,1,131.9787139892578,122.07277850937321,139.36534317535722,0.8759191900081964,0.02116061214718563,0.05892319190656392,0.08008380405374955,345.26210330115134,1000.8100299279679,1346.0721332291191,9.905935479884604,9.905935479884604,98.12755773163663,-7.386629186099412,139.62729640382207,-7.64858241456426,7.64858241456426,58.50081295238164
space0_time1,2020-01-20 09:00:00,65.5,-158.25,0,1,136.55223083496094,119.16560740190133,135.74178391096908,0.8778844948734444,0.008016461727906802,0.053972140540279046,0.061988602268185845,121.60398547151497,844.5919349519297,966.1959204234447,17.38662343305961,17.38662343305961,302.2946744030176,0.8104469239918615,139.62729640382207,-3.0750655688611346,3.0750655688611346,9.456028252795253
space0_time1,2020-01-20 09:00:00,69.75,-156.0,0,1,108.45775604248047,115.48991416203498,133.11600422594074,0.8675884979691202,0.0066018863403080295,0.04947302325682484,0.05607490959713286,93.44230741992416,720.2180051164075,813.6603125363317,-7.032158119554509,7.032158119554509,49.45124781841641,-24.658248183460273,139.62729640382207,-31.169540361341603,31.169540361341603,971.5402463373033
space0_time1,2020-01-21 07:00:00,61.0,-138.25,0,1,148.96607971191406,118.66995049674392,137.6479884249966,0.8621262966106206,0.009217336027773878,0.061532416969053955,0.07074975299682783,139.96396166412435,968.1549469812924,1108.1189086454167,30.29612921517014,30.29612921517014,917.8554454222857,11.31809128691745,139.62729640382207,9.33878330809199,9.33878330809199,87.21287367549758
space0_time1,2020-01-21 07:00:00,65.25,-136.75,0,1,145.69927978515625,114.53875266359984,131.76776703105492,0.8692471250317649,0.009997688389261917,0.058389402786392285,0.0683870911756542,141.14887158228814,853.1429352500193,994.2918068323074,31.160527121556413,31.160527121556413,970.9784504932528,13.931512754101334,139.62729640382207,6.071983381334178,6.071983381334178,36.86898218319843
space0_time1,2020-01-21 09:00:00,63.75,-161.5,0,1,130.0186309814453,111.03069854802847,126.69996083606631,0.8763278048024669,0.005235055471794751,0.055980060407917004,0.061215115879711755,68.79075770844733,758.5619798209896,827.3527375294369,18.987932433416844,18.987932433416844,360.5415780960033,3.318670145379002,139.62729640382207,-9.60866542237676,9.60866542237676,92.32645119917875
space0_time1,2020-01-21 09:00:00,68.0,-159.75,0,1,132.632080078125,117.90490758587156,136.44311019342314,0.8641323656337674,0.007983678208276486,0.050969033815117956,0.058952712023394443,118.19644458770077,777.2398583956322,895.4363029833329,14.727172492253445,14.727172492253445,216.88960961658654,-3.811030115298138,139.62729640382207,-6.995216325697072,6.995216325697072,48.933051443298844
space0_time1,2020-01-22 02:00:00,77.0,-59.75,0,1,107.15103912353516,112.42109051511423,122.25840275707948,0.9195367187847906,0.009252070372297475,0.044575210485693725,0.0538272808579912,123.97154581716649,613.6197687956828,737.5913146128494,-5.270051391579074,5.270051391579074,27.77344166988453,-15.107363633544324,139.62729640382207,-32.476257280286916,32.476257280286916,1054.707286935389
space0_time1,2020-01-22 07:00:00,63.5,-140.0,0,1,152.23287963867188,118.3290440157622,136.82791539886526,0.8648019205059344,0.010815630015218592,0.05913707010761392,0.06995270012283251,163.2921497991197,924.7503180967256,1088.0424678958452,33.90383562290968,33.90383562290968,1149.4700699452796,15.404964239806617,139.62729640382207,12.605583234849803,12.605583234849803,158.90072869072642
space0_time1,2020-01-22 07:00:00,67.75,-138.25,0,1,133.9387969970703,112.81881628953388,129.4494896881364,0.8715277021279237,0.010006067901526722,0.056137288394311424,0.06614335629583815,136.7498377144435,793.1089767174891,929.8588144319326,21.119980707536428,21.119980707536428,446.0535850867109,4.489307308933917,139.62729640382207,-5.68849940675176,5.68849940675176,32.35902550061512
space0_time1,2020-01-22 09:00:00,53.5,-167.25,0,1,167.91351318359375,123.08731028714821,141.2872383230857,0.8711849120136446,0.010103984276019823,0.06884538837923596,0.07894937265525578,166.49546219889066,1180.3536549398168,1346.8491171387075,44.82620289644554,44.82620289644554,2009.3884661133022,26.62627486050806,139.62729640382207,28.286216779771678,28.286216779771678,800.1100597122369
space0_time1,2020-01-22 09:00:00,61.75,-164.75,0,1,103.88423919677734,120.3804330823278,137.61019348031448,0.8747929934387347,0.007647428868116183,0.05861900610344931,0.0662664349715655,118.86885307444534,941.9801913066464,1060.8490443810917,-16.496193885550454,16.496193885550454,272.1244127096722,-33.725954283537135,139.62729640382207,-35.74305720704473,35.74305720704473,1277.566138506072
space0_time1,2020-01-22 09:00:00,66.25,-162.75,0,1,120.87159729003906,109.86406369436075,125.31280756337604,0.8767185559927525,0.0066702261632094004,0.05298909032835434,0.05965931649156374,85.74539699691933,701.87791809686,787.6233150937793,11.00753359567831,11.00753359567831,121.16579585998667,-4.441210273336978,139.62729640382207,-18.75569911378301,18.75569911378301,351.77624924676076
space0_time1,2020-01-22 09:00:00,70.5,-160.75,0,1,134.5921630859375,113.59190284424332,130.89053410894263,0.8678389435686664,0.007566445288623418,0.047994019568479325,0.05556046485710274,103.60013410721946,675.711005474836,779.3111395820555,21.00026024169418,21.00026024169418,441.01093021888124,3.7016289769948685,139.62729640382207,-5.035133317884572,5.035133317884572,25.352567528871297
space0_time1,2020-01-24 03:00:00,77.5,-64.5,0,1,116.9514389038086,116.48566584080395,127.96363853647975,0.9103028576949722,0.007509919294280204,0.047201152361995485,0.05471107165627569,108.0370552499125,697.9265550627855,805.9636103126979,0.46577306300464727,0.46577306300464727,0.21694454622073112,-11.012199632671155,139.62729640382207,-22.67585750001348,22.67585750001348,514.1945133609175
space0_time1,2020-01-24 06:00:00,57.0,-122.75,0,1,149.6194305419922,115.63552455624564,135.73516111363818,0.8519201922885329,0.010711577825364822,0.0662221638331623,0.07693374165852712,155.51631695916834,999.3304227571389,1154.8467397163072,33.983905985746546,33.983905985746546,1154.9058660480598,13.884269428354003,139.62729640382207,9.992134138170115,9.992134138170115,99.84274463518463
space0_time1,2020-01-24 06:00:00,61.25,-121.5,0,1,143.73919677734375,113.31651069714687,132.21644836657242,0.857053052756151,0.010707935662172315,0.06373677181323542,0.07444470747540774,148.9190778694342,920.1773630069426,1069.0964408763768,30.422686080196883,30.422686080196883,925.5398283342051,11.522748410771328,139.62729640382207,4.111900373521678,4.111900373521678,16.907724681767714
space0_time1,2020-01-24 06:00:00,65.5,-120.0,0,1,123.48503875732422,112.3396051049277,131.01968336691914,0.8574254052371801,0.017123575137779,0.061615076571763114,0.07873865170954211,235.81945676086866,882.7413176518677,1118.5607744127365,11.14543365239652,11.14543365239652,124.22069129997283,-7.53464460959492,139.62729640382207,-16.142257646497853,16.142257646497853,260.5724819259184
space0_time1,2020-01-24 06:00:00,69.75,-118.0,0,1,122.83168029785156,104.59450282650691,120.77389739417961,0.8660356673357433,0.008790844026465761,0.060087421757300176,0.06887826578376594,103.48372449551822,732.2269432699622,835.7106677654805,18.23717747134465,18.23717747134465,332.5946421213209,2.0577829036719493,139.62729640382207,-16.79561610597051,16.79561610597051,282.092720379136
space0_time1,2020-01-25 06:00:00,59.5,-124.75,0,1,141.12576293945312,114.30405868015937,133.80454980156043,0.8542613748910527,0.010170853897442208,0.06450888666677332,0.07467974056421553,143.92099829471886,947.7116551708007,1091.6326534655195,26.821704259293753,26.821704259293753,719.4038193730166,7.321213137892698,139.62729640382207,1.498466535631053,1.498466535631053,2.2454019584061298
space0_time1,2020-01-25 06:00:00,63.75,-123.0,0,1,121.52495574951172,114.86000884306844,134.28913077420842,0.8553187304205002,0.013345868691033231,0.06215012534489764,0.07549599403593087,191.14954717529216,924.546700709312,1115.6962478846042,6.6649469064432765,6.6649469064432765,44.4215172657078,-12.764175024696698,139.62729640382207,-18.102340654310353,18.102340654310353,327.6947371646974
space0_time1,2020-01-25 06:00:00,68.0,-121.5,0,1,138.51231384277344,115.50081722459657,133.609161228232,0.8644677966902088,0.009816536507096976,0.0602470749599809,0.07006361146707787,141.15296904663361,897.3167072275627,1038.4696762741962,23.011496618176864,23.011496618176864,529.5289766083653,4.903152614541426,139.62729640382207,-1.1149825610486346,1.1149825610486346,1.2431861114425722
space0_time1,2020-01-25 06:00:00,72.25,-119.25,0,1,128.7119140625,110.5522811433024,127.64358736402289,0.8661013328309376,0.011278262910794734,0.05902316995869371,0.07030143286948844,148.71696049189646,806.2455222691265,954.9624827610229,18.159632919197605,18.159632919197605,329.7722677600053,1.068326698477108,139.62729640382207,-10.915382341322072,10.915382341322072,119.14557165724572
space0_time1,2020-01-25 06:00:00,76.75,-116.0,0,1,109.11111450195312,119.11707228401052,128.62038426489926,0.9261134847699085,0.01172792113502984,0.05865529299320536,0.0703832141282352,179.5912917427619,930.4964761476223,1110.0877678903842,-10.005957782057394,10.005957782057394,100.11919113631491,-19.509269762946133,139.62729640382207,-30.516181901868947,30.516181901868947,931.2373578679538
space0_time1,2020-01-25 09:00:00,52.25,-175.0,0,1,171.18031311035156,118.53484980498695,136.14262616204059,0.8706666908562763,0.006641125259984093,0.07214323193190643,0.07878435719189052,101.29599876039467,1144.8468626346034,1246.1428613949981,52.645463305364615,52.645463305364615,2771.544806636492,35.03768694831098,139.62729640382207,31.55301670652949,31.55301670652949,995.5928632825292
space0_time1,2020-01-26 03:00:00,78.0,-69.25,0,1,118.2581558227539,115.11461156908437,125.28474472684145,0.9188238505818803,0.0098973076741777,0.04986444535301414,0.05976175302719184,139.92107116988518,726.4025549081013,866.3236260779864,3.143544253669532,3.143544253669532,9.881870474778735,-7.026588904087546,139.62729640382207,-21.369140581068166,21.369140581068166,456.6401691734543
space0_time1,2020-01-26 06:00:00,61.75,-126.25,0,1,122.17831420898438,115.76626509239696,135.16494238496378,0.856481444446465,0.011262126384087218,0.06293803259827647,0.07420015898236369,163.47712649567342,948.2688929117792,1111.7460194074526,6.412049116587411,6.412049116587411,41.1143738735294,-12.986628175979405,139.62729640382207,-17.448982194837697,17.448982194837697,304.466979635763
space0_time1,2020-01-26 06:00:00,66.0,-124.75,0,1,163.9933624267578,116.69527857647638,136.3009828238774,0.856158746318545,0.015935767506110077,0.06065993182993326,0.07659569933604334,236.16179878004456,934.1854813772708,1170.3472801573153,47.29808385028143,47.29808385028143,2237.108735908253,27.692379602880408,139.62729640382207,24.36606602293574,24.36606602293574,593.7051734340636
space0_time1,2020-01-26 06:00:00,70.25,-122.75,0,1,133.28543090820312,105.45122701464497,121.94163585245141,0.8647680201882834,0.0090271371318413,0.05904732824504614,0.06807446537688744,107.9392440269473,730.5894247806167,838.528668807564,27.834203893558154,27.834203893558154,774.7429063881679,11.343795055751713,139.62729640382207,-6.341865495618947,6.341865495618947,40.21925796452215
space0_time1,2020-01-26 06:00:00,74.75,-120.5,0,1,127.40519714355469,105.26928540904274,122.48896662058304,0.8594185118331569,0.009385266965055223,0.05808172462300453,0.06746699158805976,111.78669113619658,715.6368488933305,827.4235400295271,22.13591173451195,22.13591173451195,489.9985883181038,4.916230522971645,139.62729640382207,-12.222099260267385,12.222099260267385,149.37971032782855
space0_time1,2020-01-29 08:00:00,54.75,-160.25,0,1,152.88623046875,113.70234023973751,130.204529012633,0.8732594872234104,0.016395588414047417,0.06679793155234108,0.08319351996638849,232.25304803804664,986.5941752778137,1218.8472233158604,39.18389022901249,39.18389022901249,1535.3772534793006,22.681701456116997,139.62729640382207,13.258934064927928,13.258934064927928,175.79933253810623
space0_time1,2020-01-29 08:00:00,59.0,-158.75,0,1,147.65936279296875,119.20381237055567,136.1528597616188,0.8755145692808944,0.022946845860419507,0.06194630075514313,0.08489314661556263,359.0577346633008,1011.4650619539447,1370.5227966172454,28.455550422413083,28.455550422413083,809.7183498424934,11.50650303134995,139.62729640382207,8.032066389146678,8.032066389146678,64.51409047965976
space0_time1,2020-01-29 08:00:00,63.0,-157.5,0,1,124.13839721679688,117.99638233020504,134.4890970117428,0.8773676450508273,0.024829593098888648,0.05745325248813616,0.08228284558702481,380.0535615918731,916.4439118077247,1296.4974733995978,6.142014886591838,6.142014886591838,37.72434686711575,-10.350699794945939,139.62729640382207,-15.488899187025197,15.488899187025197,239.9059980258298
space0_time1,2020-01-29 08:00:00,67.5,-156.0,0,1,131.9787139892578,112.500331969943,130.2739187853885,0.8635675737618249,0.01572804868501802,0.052654399840849755,0.06838244852586778,214.83268262660525,744.311837546283,959.1445201728882,19.478382019314807,19.478382019314807,379.4073660903664,1.7047952038693097,139.62729640382207,-7.64858241456426,7.64858241456426,58.50081295238164
space0_time1,2020-01-30 02:00:00,76.5,-57.75,0,1,94.73719787597656,117.13053624001525,126.29555928515227,0.927431945374706,0.007187559397209477,0.044772109116316086,0.05195966851352556,104.24355187885482,666.4898564071932,770.733408286048,-22.393338364038684,22.393338364038684,501.4616030863267,-31.558361409175703,139.62729640382207,-44.89009852784551,44.89009852784551,2015.1209458396777
space0_time1,2020-01-30 07:00:00,67.0,-134.5,0,1,119.56488037109375,116.45855514106296,133.96346838971266,0.8693306954570169,0.014614990423143456,0.058118048294372206,0.07273303871751566,214.7367410931078,885.6658060510488,1100.4025471441566,3.106325230030791,3.106325230030791,9.649256434725846,-14.39858801861891,139.62729640382207,-20.062416032728322,20.062416032728322,402.50053707027445
space0_time1,2020-01-30 09:00:00,61.25,-160.5,0,1,144.39256286621094,117.6054955308794,134.27027469398226,0.875886310644081,0.025396248389342638,0.05947766505906917,0.0848739134484118,387.267870067179,946.4077540247343,1333.6756240919133,26.787067335331542,26.787067335331542,717.5469764275861,10.122288172228679,139.62729640382207,4.765266462388865,4.765266462388865,22.707764457568093
space0_time1,2020-01-30 09:00:00,65.5,-159.25,0,1,107.80439758300781,118.45206810249418,134.95671512835526,0.8777041438051918,0.00978879361496193,0.05462148554658282,0.06441027916154475,147.20238263165376,848.375157017043,995.5775396486968,-10.647670519486368,10.647670519486368,113.3728874915391,-27.152317545347444,139.62729640382207,-31.82289882081426,31.82289882081426,1012.6968893597816
space0_time1,2020-01-30 09:00:00,69.75,-157.5,0,1,129.3652801513672,112.34117711415088,129.50166616828935,0.8674882759281399,0.014541604141673834,0.050122320357799885,0.06466392449947372,197.21272743719385,702.1615038174878,899.3742312546816,17.024103037216307,17.024103037216307,289.8200842217575,-0.13638601692215957,139.62729640382207,-10.262016252454885,10.262016252454885,105.30897756564819
space0_time1,2020-02-08 07:00:00,69.0,-132.75,0,1,110.41783905029297,113.09967051668085,130.15268998735135,0.8689768189014938,0.016760842330766513,0.0580071746117794,0.07476801694254591,232.98851403421693,837.1665272097646,1070.1550412439815,-2.6818314663878766,2.6818314663878766,7.192220014108148,-19.734850937058383,139.62729640382207,-29.209457353529103,29.209457353529103,853.1923988876354
space0_time1,2020-02-08 08:00:00,58.75,-159.75,0,1,130.0186309814453,122.30820035886107,139.70372242923585,0.8754827590282273,0.025022994483512445,0.06297536047435905,0.08799835495787149,413.9164026168693,1088.7121037639567,1502.628506380826,7.710430622584241,7.710430622584241,59.4507403856848,-9.68509144779054,139.62729640382207,-9.60866542237676,9.60866542237676,92.32645119917875
space0_time1,2020-02-08 08:00:00,63.0,-158.75,0,1,137.20559692382812,119.60171823820951,136.37098405257856,0.8770320099185938,0.022674180008218626,0.05831434436180869,0.08098852437002732,355.7232373555635,952.7845538817274,1308.507791237291,17.60387868561861,17.60387868561861,309.8965447779772,0.8346128712495613,139.62729640382207,-2.421699479993947,2.421699479993947,5.8646283714029535
space0_time1,2020-02-08 08:00:00,67.5,-157.25,0,1,141.12576293945312,111.78157150444886,129.4543627162971,0.8634824594472831,0.020198641919942133,0.05361969273083522,0.07381833465077736,274.48268254966735,756.1208087297374,1030.6034912794048,29.344191435004262,29.344191435004262,861.0815709741775,11.671400223156013,139.62729640382207,1.498466535631053,1.498466535631053,2.2454019584061298
space0_time1,2020-02-09 07:00:00,67.0,-136.0,0,1,131.3253631591797,115.34486057250908,133.08741229518094,0.8666849748094897,0.014524834415084387,0.058523521720336195,0.07304835613542059,209.40643834274073,875.2451232853496,1084.6515616280903,15.98050258667061,15.98050258667061,255.37646292258606,-1.7620491360012522,139.62729640382207,-8.301933244642385,8.301933244642385,68.92209559849843
space0_time1,2020-02-09 09:00:00,61.25,-161.5,0,1,140.47239685058594,120.66042511084848,137.79991396511002,0.8756204676687884,0.02137475157505128,0.06037977903734533,0.08175453061239661,341.33911285689373,1004.5856532838312,1345.9247661407248,19.81197173973746,19.81197173973746,392.5142242161557,2.6724828854759153,139.62729640382207,0.8451004467638654,0.8451004467638654,0.714194765120485
space0_time1,2020-02-09 09:00:00,65.5,-160.75,0,1,133.28543090820312,119.27981523038007,135.97903725909475,0.8771926734788098,0.008388294873822021,0.055684947883454086,0.0640732427572761,127.7782771979866,875.9701785163685,1003.748455714355,14.005615677823059,14.005615677823059,196.15727051488307,-2.6936063508916277,139.62729640382207,-6.341865495618947,6.341865495618947,40.21925796452215
space0_time1,2020-02-09 09:00:00,70.0,-159.0,0,1,137.20559692382812,113.77237647488225,131.66007305438634,0.86413727286848,0.015212718841181137,0.0510778818421076,0.06629060068328874,212.02043832285509,735.9386488324141,947.9590871552691,23.433220448945875,23.433220448945875,549.1158206088951,5.54552386944178,139.62729640382207,-2.421699479993947,2.421699479993947,5.8646283714029535
space0_time1,2020-02-10 07:00:00,60.75,-140.0,0,1,129.3652801513672,114.94436437092348,130.43458125648985,0.8812414872164459,0.00909860763215768,0.06249537637089678,0.07159398400305446,129.72402366020268,923.6532718106957,1053.3772954708984,14.420915780443707,14.420915780443707,207.96281194665033,-1.069301105122662,139.62729640382207,-10.262016252454885,10.262016252454885,105.30897756564819
space0_time1,2020-02-10 07:00:00,65.25,-139.0,0,1,125.44511413574219,117.63851183884618,136.22284477457066,0.8635740358639632,0.009686283500698214,0.05917749854543976,0.06886378204613797,144.30069668140396,912.6055515628988,1056.9062482443028,7.806602296896003,7.806602296896003,60.94303942190194,-10.777730638828473,139.62729640382207,-14.182182268079885,14.182182268079885,201.1342938850395
space0_time1,2020-02-10 09:00:00,68.0,-162.25,0,1,139.81903076171875,117.1947956949268,136.09802988414634,0.8611057470463681,0.0065992491530357505,0.053089132746840115,0.05968838189987587,96.5311121030928,800.1838741415894,896.7149862446822,22.624235066791954,22.624235066791954,511.8560123574587,3.7210008775724077,139.62729640382207,0.19173435789667792,0.19173435789667792,0.03676206399805138
space0_time1,2020-02-11 07:00:00,67.75,-140.75,0,1,118.2581558227539,116.41512434843237,134.42875575463177,0.8659986748737075,0.011443805460914598,0.05704815118680456,0.06849195664771916,167.0407066569141,861.8323394873789,1028.873046144293,1.8430314743215348,1.8430314743215348,3.39676501533981,-16.17059993187786,139.62729640382207,-21.369140581068166,21.369140581068166,456.6401691734543
space0_time1,2020-02-11 09:00:00,53.25,-168.5,0,1,114.9913558959961,126.53347589730824,144.98676301327836,0.8727243319841546,0.008782528066493501,0.0703727626348081,0.0791552907013016,152.86766309453134,1274.6097890140927,1427.477452108624,-11.542120001312142,11.542120001312142,133.2205341246898,-29.99540711728227,139.62729640382207,-24.63594050782598,24.63594050782598,606.9295647051409
space0_time1,2020-02-11 09:00:00,61.75,-166.5,0,1,144.39256286621094,111.39473057050832,127.30399576029825,0.8750293335666729,0.007089876757962289,0.06045796424423493,0.06754784100219721,94.4591628261121,833.2819676564137,927.7411304825258,32.99783229570262,32.99783229570262,1088.856936215315,17.088567105912688,139.62729640382207,4.765266462388865,4.765266462388865,22.707764457568093
space0_time1,2020-02-11 09:00:00,57.0,-157.75,0,1,120.2182388305664,124.2235785052243,141.91699359199293,0.8753256066173677,0.025239130241041904,0.06504170653230312,0.09028083677334503,431.7010054376816,1164.045241569218,1595.7462470068995,-4.00533967465789,4.00533967465789,16.04274590938857,-21.698754761426528,139.62729640382207,-19.409057573255666,19.409057573255666,376.7115158819531
space0_time1,2020-02-14 09:00:00,51.75,-176.5,0,1,173.14039611816406,125.03367259797024,143.45745274928916,0.8715732100477422,0.007702728443517002,0.0742202066982761,0.08192293514179311,131.20516794721914,1317.3963534770126,1448.6015214242316,48.106723520193825,48.106723520193825,2314.25684784837,29.682943368874902,139.62729640382207,33.51309971434199,33.51309971434199,1123.1278524634292
space0_time1,2020-02-15 06:00:00,65.75,-127.5,0,1,102.5775146484375,115.88401627666067,133.86262515122564,0.8656935880776703,0.013632441536015923,0.06155708217414988,0.07518952371016581,198.71869479344434,931.8274713972492,1130.5461661906934,-13.306501628223174,13.306501628223174,177.06298558190596,-31.285110502788143,139.62729640382207,-37.04978175538457,37.04978175538457,1372.6863281216274
space0_time1,2020-02-16 06:00:00,68.25,-129.5,0,1,109.11111450195312,111.99790276900042,129.03954486180285,0.8679347318602719,0.02128347661610528,0.05993711227324562,0.08122058888935091,292.66167242331386,858.4455033130895,1151.1071757364034,-2.8867882670472937,2.8867882670472937,8.333546498761917,-19.928430359849727,139.62729640382207,-30.516181901868947,30.516181901868947,931.2373578679538
space0_time1,2020-02-16 08:00:00,58.0,-156.0,0,1,122.17831420898438,125.9016762927138,143.66233796860493,0.8763721798835513,0.022899355379058236,0.06440983169542909,0.08730918707448733,400.6694233037065,1177.442310155643,1578.1117334593496,-3.723362083729427,3.723362083729427,13.86342520655394,-21.484023759620555,139.62729640382207,-17.448982194837697,17.448982194837697,304.466979635763
space0_time1,2020-02-16 08:00:00,62.25,-155.0,0,1,124.13839721679688,119.81929624975984,136.4950408452254,0.8778289343539266,0.011553534412425702,0.060138593450503555,0.07169212786292925,179.23182225028214,967.1287642785951,1146.3605865288773,4.319100967037031,4.319100967037031,18.654633163460215,-12.356643628428515,139.62729640382207,-15.488899187025197,15.488899187025197,239.9059980258298
space0_time1,2020-02-16 08:00:00,66.75,-154.0,0,1,118.2581558227539,112.41170821567705,130.34960138608642,0.8623862828910491,0.008470830299894117,0.05584445129856144,0.06431528159845556,114.63614260388172,780.54263428514,895.1787768890217,5.846447607076854,5.846447607076854,34.180949622294676,-12.091445563332513,139.62729640382207,-21.369140581068166,21.369140581068166,456.6401691734543
space0_time1,2020-02-17 05:00:00,59.25,-109.75,0,1,109.11111450195312,116.73770545528264,135.1899151890007,0.8635089776635991,0.01843689110650819,0.06609975897128681,0.084536650077795,275.9519503271141,1032.2275886820175,1308.1795390091315,-7.6265909533295115,7.6265909533295115,58.16488956940755,-26.07880068704756,139.62729640382207,-30.516181901868947,30.516181901868947,931.2373578679538
space0_time1,2020-02-17 07:00:00,66.5,-132.5,0,1,111.07119750976562,113.74823838554003,131.5044342207437,0.8649764478253406,0.0183883615765642,0.06036814915758105,0.07875651073414525,259.79752685790646,887.2814927595704,1147.079019617477,-2.6770408757744093,2.6770408757744093,7.166547850567016,-20.433236710978065,139.62729640382207,-28.556098894056447,28.556098894056447,815.4507840471318
space0_time1,2020-02-17 08:00:00,56.0,-158.75,0,1,111.72455596923828,126.36763037925927,144.2926962140434,0.8757728817528359,0.02416025003064494,0.06666306988191534,0.09082331991256028,427.6358132133397,1234.9513174194533,1662.587130632793,-14.643074410020986,14.643074410020986,214.41962817741145,-32.56814024480511,139.62729640382207,-27.90274043458379,27.90274043458379,778.5629237597573
space0_time1,2020-02-17 08:00:00,60.25,-158.0,0,1,120.2182388305664,120.93547953862684,137.91574061984954,0.8768794554928502,0.022231255304854414,0.06222759212016425,0.08445884742501866,357.7567682029928,1044.7394642153454,1402.4962324183382,-0.7172407080604302,0.7172407080604302,0.5144342332990273,-17.697501789283137,139.62729640382207,-19.409057573255666,19.409057573255666,376.7115158819531
space0_time1,2020-02-17 08:00:00,64.75,-157.0,0,1,135.24551391601562,118.91566100742665,135.42324566011106,0.878103758537027,0.00936721775826616,0.057683394000399124,0.06705061175866528,142.3128410992585,906.3642244842075,1048.677065583466,16.329852908588975,16.329852908588975,266.6640960161518,-0.17773174409543913,139.62729640382207,-4.381782487806447,4.381782487806447,19.200017770447257
space0_time1,2020-02-17 08:00:00,69.25,-156.0,0,1,107.15103912353516,112.93506672412106,130.9132336914555,0.86267112605509,0.007019087035033828,0.05347374995651996,0.06049283699155379,95.44100973389092,749.51743889868,844.9584486325709,-5.784027600585901,5.784027600585901,33.4549752843395,-23.762194567920346,139.62729640382207,-32.476257280286916,32.476257280286916,1054.707286935389
space0_time1,2020-02-20 07:00:00,65.0,-140.5,0,1,135.24551391601562,114.21125766216525,132.75522950580486,0.8603145660425474,0.009544542720777541,0.0601102876680341,0.06965483038881164,134.12133945203058,874.7433506493054,1008.864690101336,21.034256253850373,21.034256253850373,442.4399361526435,2.490284410210762,139.62729640382207,-4.381782487806447,4.381782487806447,19.200017770447257
space0_time1,2020-02-20 09:00:00,67.75,-164.0,0,1,118.91151428222656,115.3615493542995,134.8115456122685,0.855724551115903,0.005927416317813112,0.05506625853188929,0.0609936748497024,84.09391392941109,805.5333886806326,889.6273026100437,3.549964927927064,3.549964927927064,12.602250989512205,-15.90003133004194,139.62729640382207,-20.71578212159551,20.71578212159551,429.1436289094162
space0_time1,2020-02-21 09:00:00,52.75,-169.5,0,1,154.19296264648438,119.60159505900207,136.9951156247292,0.8730354692836402,0.008826763386270182,0.07194591445295476,0.08077267783922494,137.49049438252206,1167.1028850978898,1304.5933794804118,34.59136758748231,34.59136758748231,1196.5627115723216,17.197847021755166,139.62729640382207,14.565666242662303,14.565666242662303,212.15863309263216
space0_time1,2020-02-21 09:00:00,65.75,-167.0,0,1,135.8988800048828,112.4130422695912,131.6479993895189,0.853891003212168,0.007462642296410431,0.0575233863661973,0.06498602866260773,101.01144914923778,804.4384599242785,905.4499090735163,23.48583773529161,23.48583773529161,551.5845741284473,4.250880615363911,139.62729640382207,-3.7284163989392596,3.7284163989392596,13.901088843879196
space0_time1,2020-02-24 06:00:00,63.25,-126.75,0,1,121.52495574951172,117.986784648289,137.07558775214036,0.860742504067408,0.010842394693953846,0.06380524060052593,0.07464763529447978,163.51873707207463,999.0327596061368,1162.5514966782114,3.5381711012227157,3.5381711012227157,12.518654741527564,-15.550632002628646,139.62729640382207,-18.102340654310353,18.102340654310353,327.6947371646974
space0_time1,2020-02-25 10:00:00,51.25,179.5,0,1,139.16567993164062,142.28464970095527,135.49831969408694,1.0500842373705426,0.007589044820049317,0.051206398043809435,0.05879544286385875,163.56362777071143,1136.678166023521,1300.2417937942325,-3.1189697693146456,3.1189697693146456,9.727972421898654,3.6673602375536802,139.62729640382207,-0.4616164721814471,0.4616164721814471,0.2130897673892447
space0_time1,2020-02-26 08:00:00,57.75,-156.75,0,1,125.44511413574219,122.17955072010946,139.2071520309246,0.8776815626036765,0.022299187482335732,0.06574979311275377,0.0880489805950895,367.6008255431977,1132.845411700947,1500.4462372441446,3.2655634156327267,3.2655634156327267,10.66390442151888,-13.762037895182402,139.62729640382207,-14.182182268079885,14.182182268079885,201.1342938850395
space0_time1,2020-02-26 08:00:00,62.25,-156.0,0,1,114.33799743652344,120.80070424053685,137.02392203751887,0.8816030255465906,0.012497089379918405,0.06141291837525177,0.07391000775517018,197.58913105265182,1007.694029879765,1205.2831609324169,-6.462706804013408,6.462706804013408,41.76657923464119,-22.685924600995435,139.62729640382207,-25.289298967298635,25.289298967298635,639.5486422574118
space0_time1,2020-02-26 10:00:00,52.0,178.0,0,1,98.65735626220703,142.5121820304324,136.18078188806246,1.046492611178971,0.007227325364107781,0.05003253374856461,0.05725985911267239,155.9981922642663,1111.4057219387903,1267.4039142030565,-43.85482576822537,43.85482576822537,1923.2457431614037,-37.523425625855424,139.62729640382207,-40.96994014161504,40.96994014161504,1678.5359952075194
space0_time1,2020-02-27 08:00:00,56.25,-159.75,0,1,102.5775146484375,125.92240165212097,143.67650827556412,0.8764299965489717,0.021844491065320572,0.06751336069063443,0.08935785175595501,382.919651533666,1237.7504836463506,1620.6701351800166,-23.344887003683468,23.344887003683468,544.9837492147493,-41.09899362712662,139.62729640382207,-37.04978175538457,37.04978175538457,1372.6863281216274
space0_time1,2020-02-27 08:00:00,60.25,-159.0,0,1,96.04391479492188,124.01595452040826,141.1801560868797,0.8784234127357888,0.023650957711143738,0.0635012420173248,0.08715219972846854,401.6052983607238,1126.4725831301625,1528.0778814908863,-27.972039725486383,27.972039725486383,782.4350064041884,-45.136241291957816,139.62729640382207,-43.5833816089002,43.5833816089002,1899.5111524670199
space0_time1,2020-02-28 08:00:00,62.75,-161.0,0,1,101.92415618896484,120.31837311883132,136.68046580989352,0.880289457647738,0.021134396138796658,0.06127644579088404,0.08241084192968069,335.76983539575554,1014.6132953782037,1350.3831307739592,-18.394216929866474,18.394216929866474,338.3472164629864,-34.756309620928675,139.62729640382207,-37.70314021485723,37.70314021485723,1421.5267820611843
space0_time1,2020-02-29 09:00:00,60.75,-164.0,0,1,128.05856323242188,116.64987499422999,132.9147376355688,0.8776293514874594,0.006192107817060198,0.06363616196064341,0.06982826977770361,90.63133774055444,964.6715226279975,1055.302860368552,11.408688238191885,11.408688238191885,130.15816731625787,-4.856174403146923,139.62729640382207,-11.568733171400197,11.568733171400197,133.83558719105525
space0_time1,2020-03-02 09:00:00,56.75,-169.5,0,1,144.39256286621094,116.32427771042006,132.922934729595,0.8751257106010972,0.008612132850073617,0.0688398950085538,0.07745202785862741,126.46195199165673,1050.9747018505122,1177.4366538421689,28.068285155790875,28.068285155790875,787.8286315867904,11.469628136615938,139.62729640382207,4.765266462388865,4.765266462388865,22.707764457568093
space0_time2,2020-03-07 08:00:00,57.5,-157.75,0,2,116.29808044433594,140.020465220853,136.2891169632701,1.0273781820641519,0.010890664438021223,0.043350600046946366,0.05424126448496759,226.65281389910362,927.0689857088829,1153.7217996079864,-23.72238477651706,23.72238477651706,562.7515394851284,-19.991036518934152,134.97655385690123,-18.678473412565296,18.678473412565296,348.88536902390865
space0_time2,2020-03-08 08:00:00,55.5,-160.25,0,2,123.48503875732422,136.7160143704797,132.30158826820758,1.033366387811785,0.01088735402710509,0.045393035416474325,0.056280389443579416,216.4560304795023,928.3095998078018,1144.765630287304,-13.230975613155493,13.230975613155493,175.05871567591538,-8.816549510883362,134.97655385690123,-11.491515099577015,11.491515099577015,132.05491928380653
space0_time2,2020-03-09 05:00:00,43.75,-116.25,0,2,135.8988800048828,143.86227349118948,136.0839756753695,1.057158073000272,0.008602904335564614,0.05201835376272678,0.06062125809829139,189.99223261279937,1184.2917942311333,1374.2840268439327,-7.963393486306671,7.963393486306671,63.41563581775152,-0.18509567048667463,134.97655385690123,0.922326147981579,0.922326147981579,0.8506855232505375
space0_time2,2020-03-09 05:00:00,48.0,-115.75,0,2,149.6194305419922,144.79496226803982,138.50539886383146,1.0454102400036533,0.008563271071666198,0.049761422252531384,0.05832469332419758,191.13380523337537,1143.6657771374719,1334.7995823708472,4.8244682739523626,4.8244682739523626,23.275494126372887,11.114031678160728,134.97655385690123,14.642876685090954,14.642876685090954,214.41383761478025
space0_time2,2020-03-09 05:00:00,52.25,-115.0,0,2,141.12576293945312,141.27702615765492,135.70578125386533,1.0410538508552367,0.014435963737405237,0.047494754312440476,0.061930718049845714,308.76178389040257,1047.8727250784718,1356.6345089688743,-0.151263218201791,0.151263218201791,0.022880561180762638,5.4199816855878,134.97655385690123,6.1492090825518915,6.1492090825518915,37.81277234093867
space0_time2,2020-03-09 05:00:00,56.75,-114.5,0,2,130.6719970703125,138.55173478289427,134.5118045528485,1.0300340200138978,0.009233389241730937,0.04517942621077732,0.054412815452508256,188.02812400361228,945.4822188930251,1133.5103428966374,-7.879737712581772,7.879737712581772,62.09026641908341,-3.8398074825360027,134.97655385690123,-4.3045567865887335,4.3045567865887335,18.529209128967125
space0_time2,2020-03-10 05:00:00,54.75,-117.25,0,2,98.00399780273438,142.45824804294816,137.61340989475417,1.0352061485279611,0.008125910809877212,0.04639889465518242,0.05452480546505963,174.86093063989694,1026.138640135811,1200.999570775708,-44.45425024021378,44.45425024021378,1976.180364419547,-39.609412092019795,134.97655385690123,-36.97255605416686,36.97255605416686,1366.9699011785103
space0_time2,2020-03-12 04:00:00,31.25,-101.5,0,2,169.87359619140625,146.01290411804257,133.82971916142444,1.091034973643805,0.009733380839539762,0.05475757067681275,0.06449095151635251,222.41780466329192,1292.4286596836587,1514.8464643469506,23.86069207336368,23.86069207336368,569.3326262198804,36.043877029981815,134.97655385690123,34.89704233450502,34.89704233450502,1217.8035636962354
space0_time2,2020-03-12 04:00:00,35.5,-100.75,0,2,127.40519714355469,143.32910086833388,132.66356922366805,1.0803953316428871,0.007765052385576935,0.05288217354598797,0.0606472259315649,170.15281923777576,1194.6012000000387,1364.7540192378144,-15.923903724779194,15.923903724779194,253.57070983603668,-5.258372080113361,134.97655385690123,-7.571356713346546,7.571356713346546,57.32544248073781
space0_time2,2020-03-12 04:00:00,39.75,-100.0,0,2,141.12576293945312,146.25631983109108,135.20656428736487,1.0817249931759332,0.008169739869499749,0.05101508444622046,0.05918482431572021,186.17287179749547,1197.579867234129,1383.7527390316245,-5.130556891637951,5.130556891637951,26.322614018333677,5.919198652088255,134.97655385690123,6.1492090825518915,6.1492090825518915,37.81277234093867
space0_time2,2020-03-12 04:00:00,42.75,-99.5,0,2,154.8463134765625,146.98986924602337,137.01597322821877,1.0727936734879202,0.0076740877617908106,0.04970777122817008,0.057381858989960885,176.27457086446267,1175.1441770326207,1351.4187478970834,7.856444230539125,7.856444230539125,61.723715947571506,17.83034024834373,134.97655385690123,19.869759619661266,19.869759619661266,394.8073473431214
space0_time2,2020-03-12 04:00:00,48.0,-98.75,0,2,131.3253631591797,143.0810047010459,135.3885090149163,1.056817936338172,0.008278682444861855,0.047459274125353446,0.0557379565702153,179.9412804338609,1060.8000575588187,1240.7413379926795,-11.755641541866225,11.755641541866225,138.1951080608509,-4.063145855736622,134.97655385690123,-3.651190697721546,3.651190697721546,13.33119351112835
space0_time2,2020-03-12 04:00:00,52.5,-98.25,0,2,137.20559692382812,136.4199973198522,130.8788169322204,1.0423382524194234,0.011701697388141582,0.04556075564921662,0.057262453037358205,231.96217521299357,929.4557019702296,1161.4178771832233,0.7855996039759248,0.7855996039759248,0.6171667377671298,6.3267799916077365,134.97655385690123,2.2290430669268915,2.2290430669268915,4.968632994214842
space0_time2,2020-03-12 04:00:00,56.75,-98.0,0,2,112.37791442871094,137.62434302528675,133.97417475803917,1.0272453125674401,0.014670400636348467,0.04388038088244435,0.05855078151879282,296.7907113468553,914.1633534703701,1210.9540648172253,-25.24642859657581,25.24642859657581,637.3821568820009,-21.59626032932823,134.97655385690123,-22.598639428190296,22.598639428190296,510.69850400535705
space0_time2,2020-03-14 04:00:00,48.5,-103.75,0,2,124.79175567626953,143.28938104095548,135.8832713859139,1.054503468892855,0.008090560253449909,0.04824773385590639,0.0563382941093563,176.45421931647314,1082.4429453066812,1258.8971646231544,-18.497625364685945,18.497625364685945,342.16214413227283,-11.09151570964437,134.97655385690123,-10.184798180631702,10.184798180631702,103.73011398019884
space0_time2,2020-03-15 03:00:00,31.25,-84.5,0,2,137.20559692382812,155.13898819420672,138.36679589637032,1.1212154418202898,0.010095615307058752,0.049544215311983435,0.05963983061904218,259.22091035547834,1310.760634264132,1569.9815446196103,-17.933391270378593,17.933391270378593,321.6065224564911,-1.161198972542195,134.97655385690123,2.2290430669268915,2.2290430669268915,4.968632994214842
space0_time2,2020-03-15 06:00:00,53.75,-129.75,0,2,124.79175567626953,139.0522744027574,134.0532931358342,1.0372909993479822,0.008560305266523242,0.047684176416802934,0.05624448168332617,175.84591606065595,1007.5589682037746,1183.4048842644306,-14.260518726487874,14.260518726487874,203.36239434851132,-9.261537459564664,134.97655385690123,-10.184798180631702,10.184798180631702,103.73011398019884
space0_time2,2020-03-16 03:00:00,37.5,-86.0,0,2,163.9933624267578,145.46745227867086,132.11192862013954,1.101092488755746,0.00769644138913365,0.048123504697343694,0.05581994608647734,172.87661855678408,1111.6434738415396,1284.5200923983236,18.52591014808695,18.52591014808695,343.2093468149911,31.881433806618276,134.97655385690123,29.01680856985658,29.01680856985658,841.9751795797022
space0_time2,2020-03-16 03:00:00,41.75,-85.25,0,2,139.81903076171875,148.42745160860983,136.60916434347178,1.0865116723459618,0.0067299800672508715,0.0465633863146528,0.05329336638190367,156.90958402495545,1115.041858514838,1271.9514425397933,-8.608420846891079,8.608420846891079,74.10490947718891,3.2098664182469747,134.97655385690123,4.8424769048175165,4.8424769048175165,23.449582573691035
space0_time2,2020-03-16 03:00:00,46.25,-84.5,0,2,135.8988800048828,146.93012453726473,137.3853187690667,1.0694747142832781,0.007267300504824518,0.04494527758465413,0.05221257808947865,165.90118062421422,1053.2557540402383,1219.1569346644526,-11.031244532381919,11.031244532381919,121.68835593320598,-1.4864387641839016,134.97655385690123,0.922326147981579,0.922326147981579,0.8506855232505375
space0_time2,2020-03-16 03:00:00,50.5,-84.0,0,2,104.53759765625,135.70399045438344,128.8696749102579,1.0530327677856313,0.00850492894658538,0.043444104756370616,0.051949033702956,165.6781498982017,868.6380154438745,1034.3161653420761,-31.166392798133444,31.166392798133444,971.3440400475442,-24.332077254007913,134.97655385690123,-30.438956200651234,30.438956200651234,926.5300545851642
space0_time2,2020-03-16 03:00:00,55.0,-83.75,0,2,64.02928161621094,131.377106079562,127.92820229808153,1.0269596830059746,0.008256319228716757,0.04247448790362665,0.05073080713234341,150.5400440997535,794.403558020596,944.9436021203495,-67.34782446335106,67.34782446335106,4535.729459946348,-63.89892068187059,134.97655385690123,-70.9472722406903,70.9472722406903,5033.515438394624
space0_time2,2020-03-17 03:00:00,48.5,-87.0,0,2,160.7265625,140.35183049528405,132.28036478351453,1.0610178670506312,0.010083566978816471,0.04493327928113987,0.05501684625995634,210.92852763799792,966.2081570602719,1177.1366846982698,20.374732004715952,20.374732004715952,415.12970426399653,28.44619771648547,134.97655385690123,25.750008643098766,25.750008643098766,663.0629451196612
space0_time2,2020-03-17 03:00:00,52.75,-86.5,0,2,135.24551391601562,138.83593405016327,132.836615825193,1.0451631365922869,0.008279518663625649,0.04339289840039885,0.0516724170640245,168.75203666574532,907.6448501792471,1076.3968868449924,-3.5904201341476494,3.5904201341476494,12.891116739692825,2.4088980908226176,134.97655385690123,0.26896005911439147,0.26896005911439147,0.07233951339881696
space0_time2,2020-03-18 03:00:00,50.75,-89.0,0,2,111.72455596923828,143.3285629241493,136.10113163503772,1.053103388651406,0.008221203101618378,0.04472407673719326,0.052945279838811636,178.8056129791815,998.8931795540226,1177.6987925332041,-31.60400695491103,31.60400695491103,998.8132556060647,-24.376575665799436,134.97655385690123,-23.251997887662952,23.251997887662952,540.6554057678824
space0_time2,2020-03-18 05:00:00,45.0,-114.0,0,2,137.8589630126953,144.01257082344642,135.63871288425932,1.0617364892450174,0.009235697227588073,0.051619158962799824,0.0608548561903879,204.5061964260069,1178.4437150984272,1382.9499115244341,-6.153607810751112,6.153607810751112,37.866889088537086,2.2202501284359926,134.97655385690123,2.882409155794079,2.882409155794079,8.308282541405536
space0_time2,2020-03-18 05:00:00,49.25,-113.5,0,2,142.43247985839844,144.293218104393,137.4714363336544,1.0496232668594623,0.008025013233771028,0.04950004252394992,0.05752505575772095,177.69049008189154,1128.1285224838887,1305.8190125657802,-1.860738245994554,1.860738245994554,3.4623468201068897,4.961043524744042,134.97655385690123,7.455926001497204,7.455926001497204,55.590832539802086
space0_time2,2020-03-18 05:00:00,53.75,-113.25,0,2,119.56488037109375,137.02562360451603,132.4475402174785,1.0345652579090585,0.007991454419793634,0.04730439125512095,0.055295845674914586,159.2137456963277,968.9533479384784,1128.167093634806,-17.460743233422278,17.460743233422278,304.87755426350185,-12.88265984638474,134.97655385690123,-15.411673485807484,15.411673485807484,237.51967963314138
space0_time2,2020-03-19 05:00:00,43.0,-116.75,0,2,186.2075958251953,149.0361053482004,140.72585683856047,1.059052747635237,0.009070680258183875,0.05304966065063461,0.06212034090881848,215.36371171014423,1299.4332512952262,1514.7969630053703,37.171490476994904,37.171490476994904,1381.719704281323,45.48173898663484,134.97655385690123,51.23104196829408,51.23104196829408,2624.6196611571095
space0_time2,2020-03-19 05:00:00,51.75,-115.75,0,2,130.0186309814453,142.5527421465123,136.67197801504312,1.043028309218016,0.009704915798823856,0.048560862736319876,0.05826577853514373,210.06636938523846,1082.2918093502376,1292.358178735476,-12.534111165066975,12.534111165066975,157.1039426982566,-6.653347033597811,134.97655385690123,-4.957922875455921,4.957922875455921,24.58099923896911
space0_time2,2020-03-20 04:00:00,-27.0,-109.0,0,2,224.75582885742188,147.0634865803861,135.95834971979227,1.0816804328934653,0.0142373630744376,0.07786537403230297,0.09210273710674056,340.04332880511333,1947.8475721587654,2287.8909009638787,77.69234227703578,77.69234227703578,6036.1000484920805,88.79747913762961,134.97655385690123,89.77927500052064,89.77927500052064,8060.318219619111
space0_time2,2020-03-22 04:00:00,30.25,-101.5,0,2,183.5941619873047,148.657963049921,134.96997982784308,1.1014150201366055,0.0086314390147096,0.05551484183554393,0.06414628085025353,204.26482152032872,1356.7601725235158,1561.0249940438446,34.93619893738369,34.93619893738369,1220.5379961924496,48.62418215946161,134.97655385690123,48.617608130403454,48.617608130403454,2363.671820321472
space0_time2,2020-03-22 04:00:00,34.5,-101.0,0,2,137.8589630126953,144.61600013395395,132.81571560423544,1.08884705003496,0.007986268183397555,0.05374389309459096,0.06173016127798851,178.3696661457885,1238.1175463051786,1416.487212450967,-6.757037121258634,6.757037121258634,45.657550658067166,5.043247408459877,134.97655385690123,2.882409155794079,2.882409155794079,8.308282541405536
space0_time2,2020-03-22 04:00:00,38.75,-100.5,0,2,171.83367919921875,144.9366386846511,134.5392756219783,1.0772812475361229,0.007439874333296662,0.0519887542957152,0.05942862862901186,166.47462506805203,1198.517904487285,1364.9925295553371,26.897040514567664,26.897040514567664,723.4507884422943,37.294403577240445,134.97655385690123,36.85712534231752,36.85712534231752,1358.4476884993041
space0_time2,2020-03-22 04:00:00,43.0,-100.0,0,2,158.7664794921875,146.33563013082608,136.63461135479338,1.0709997172739967,0.007959627036787141,0.05024063756328597,0.05820026460007311,181.3837990249943,1178.809079630646,1360.1928786556402,12.430849361361425,12.430849361361425,154.52601584485973,22.13186813739412,134.97655385690123,23.789925635286266,23.789925635286266,565.9605617324506
space0_time2,2020-03-22 04:00:00,47.25,-99.5,0,2,136.55223083496094,147.63973168486777,139.5810235745141,1.0577349836244154,0.00789610671369842,0.04849590418655569,0.05639201090025411,182.8209615346312,1155.06078454474,1337.8817460793712,-11.087500849906831,11.087500849906831,122.9326750966847,-3.028792739553154,134.97655385690123,1.575676978059704,1.575676978059704,2.4827579391873607
space0_time2,2020-03-22 04:00:00,51.75,-99.0,0,2,109.76448059082031,144.08981617972674,138.29776240735825,1.0418810374914667,0.009180173918813414,0.04667539852478071,0.055855572443594126,202.4744486303904,1058.7029699257926,1261.177418556183,-34.32533558890643,34.32533558890643,1178.2286632910461,-28.533281816537936,134.97655385690123,-25.21207326608092,25.21207326608092,635.6486383742323
space0_time2,2020-03-26 03:00:00,40.75,-85.75,0,2,127.40519714355469,144.7325071376196,132.98097337725724,1.0883700386748125,0.006888776349573009,0.047532996294610774,0.05442177264418378,152.89950126334105,1084.2183123615591,1237.1178136249002,-17.327309994064905,17.327309994064905,300.2356716304215,-5.575776233702555,134.97655385690123,-7.571356713346546,7.571356713346546,57.32544248073781
space0_time2,2020-03-26 03:00:00,45.25,-85.5,0,2,122.83168029785156,140.39554694512552,131.2334660506945,1.0698151254413402,0.010820189227316198,0.0461040210529787,0.0569242102802949,226.99436976318557,995.2136268551868,1222.2079966183724,-17.563866647273954,17.563866647273954,308.48941160322244,-8.401785752842926,134.97655385690123,-12.144873559049671,12.144873559049671,147.49795376530383
space0_time2,2020-03-26 03:00:00,49.75,-85.0,0,2,103.88423919677734,141.50352191451614,132.9359339391553,1.064448999766175,0.007630367854153749,0.044598078385105655,0.0522284462392594,161.5922272236171,969.5435883347482,1131.1358155583653,-37.6192827177388,37.6192827177388,1415.210432197161,-29.051694742377947,134.97655385690123,-31.09231466012389,31.09231466012389,966.732030924155
space0_time2,2020-03-27 03:00:00,47.5,-87.5,0,2,123.48503875732422,142.67637891311048,134.2337683462188,1.0628948339222386,0.009979107358905821,0.04600328729911357,0.055982394658019394,215.9123253517348,1023.6877869353078,1239.6001122870425,-19.191340155786264,19.191340155786264,368.30753697509437,-10.748729588894577,134.97655385690123,-11.491515099577015,11.491515099577015,132.05491928380653
space0_time2,2020-03-28 05:00:00,44.0,-114.5,0,2,126.09848022460938,144.38406976229413,134.5436494652543,1.0731392402105246,0.010758819489555907,0.0528794973456059,0.06363831683516182,240.31412141412923,1219.465105679736,1459.7792270938653,-18.285589537684757,18.285589537684757,334.36278474068627,-8.44516924064493,134.97655385690123,-8.878073632291859,8.878073632291859,78.82019142039596
space0_time2,2020-03-28 05:00:00,48.5,-114.0,0,2,100.61743927001953,145.45274944212028,136.80928789425053,1.0631789089827792,0.014847131350389306,0.0507256081606858,0.0655727395110751,337.9031980428695,1193.0496704894601,1530.9528685323296,-44.83531017210075,44.83531017210075,2010.2050382284808,-36.191848624231,134.97655385690123,-34.3591145868817,34.3591145868817,1180.548755194467
space0_time2,2020-04-02 04:00:00,31.25,-104.25,0,2,167.26016235351562,155.64998157703772,141.23896991839803,1.1020328289491614,0.009297193854380313,0.05635035283191172,0.06564754668629204,241.64667576587004,1513.6890051596306,1755.3356809255006,11.610180776477904,11.610180776477904,134.79629766249707,26.021192435117598,134.97655385690123,32.28360849661439,32.28360849661439,1042.2313775626728
space0_time2,2020-04-11 04:00:00,19.25,-103.5,0,2,178.36727905273438,154.9746412669571,136.94404733482654,1.1316639480359885,0.013894129080620366,0.06109520342595857,0.07498933250657894,362.1934791706823,1653.7284138846665,2015.9218930553488,23.392637785777282,23.392637785777282,547.2155025765751,41.42323171790784,134.97655385690123,43.39072519583314,43.39072519583314,1882.755033020309
space0_time2,2020-04-11 04:00:00,23.5,-103.0,0,2,187.51431274414062,157.47299791450456,139.97715393125458,1.1249907109258885,0.010841601345931621,0.05930734355026319,0.0701489448961948,289.9527789010961,1642.9959130919317,1932.9486919930278,30.041314829636065,30.041314829636065,902.4805966933118,47.53715881288605,134.97655385690123,52.53775888723939,52.53775888723939,2760.216108893702
space0_time2,2020-04-11 04:00:00,27.75,-102.25,0,2,190.1277618408203,154.59456780869928,138.23672394466092,1.1183321146310348,0.010257625794779847,0.05750326837142974,0.06776089416620959,263.689485096748,1529.3627613906924,1793.0522464874405,35.53319403212103,35.53319403212103,1262.6078781243616,51.89103789615939,134.97655385690123,55.15120798391908,55.15120798391908,3041.6557420854997
space0_time2,2020-04-11 04:00:00,31.75,-101.75,0,2,176.40719604492188,147.2889884695246,132.97318874152305,1.10765929480588,0.010579089328154684,0.05592418781031394,0.06650327713846862,246.5869534578587,1347.7739779580158,1594.3609314158746,29.118207575397264,29.118207575397264,847.8700124039226,43.43400730339883,134.97655385690123,41.43064218802064,41.43064218802064,1716.4981121117958
space0_time2,2020-04-11 04:00:00,36.0,-101.25,0,2,143.08583068847656,149.30867796400932,134.96085950792514,1.1063109594025784,0.008300202894550093,0.05428017849571782,0.06258038139026792,197.8065807661402,1334.8563117444885,1532.6628925106288,-6.222847275532757,6.222847275532757,38.72382821460546,8.124971180551427,134.97655385690123,8.109276831575329,8.109276831575329,65.76037073112441
space0_time2,2020-04-11 04:00:00,40.5,-101.0,0,2,144.39256286621094,146.1950986158784,133.45061455471725,1.0954996281110096,0.008539089375430627,0.0526800512830602,0.06121914065849082,194.85873482607929,1239.6439748424325,1434.5027096685117,-1.80253574966747,1.80253574966747,3.2491351288292685,10.94194831149369,134.97655385690123,9.416009009309704,9.416009009309704,88.66122566340151
space0_time2,2020-04-15 03:00:00,39.0,-86.5,0,2,134.5921630859375,153.16627375491754,138.6963539489153,1.1043280475226613,0.007414492671927748,0.04942339102207561,0.05683788369400336,184.80050122947435,1267.4756942406434,1452.2761954701177,-18.57411066898004,18.57411066898004,344.99758714351816,-4.104190862977788,134.97655385690123,-0.38439077096373353,0.38439077096373353,0.14775626480209345
space0_time2,2020-04-21 04:00:00,21.75,-103.5,0,2,167.91351318359375,157.12238343979368,138.89481464602926,1.1312328962043476,0.01220502067518472,0.06053210244549744,0.07273712312068216,326.02953882693276,1677.1135253167379,2003.1430641436707,10.79112974380007,10.79112974380007,116.44848114752656,29.01869853756449,134.97655385690123,32.93695932669252,32.93695932669252,1084.843289688197
space0_time2,2020-04-21 04:00:00,26.0,-102.75,0,2,156.1530303955078,157.87957105616604,140.44004331582863,1.1241777439580993,0.011060898774029075,0.058739028619174884,0.06979992739320395,297.2761543708886,1634.9839638165745,1932.2601181874631,-1.7265406606582303,1.7265406606582303,2.9809426529061582,15.71298707967918,134.97655385690123,21.17647653860658,21.17647653860658,448.4431585901549
space0_time2,2020-04-21 04:00:00,30.25,-102.25,0,2,160.0731964111328,149.97309600912735,133.40464160581394,1.1241969859809686,0.009840210311716925,0.05710426663241398,0.06694447694413092,237.81718727091166,1427.254689798008,1665.0718770689198,10.100100402005467,10.100100402005467,102.01202813059099,26.668554805318877,134.97655385690123,25.09664255423158,25.09664255423158,629.8414674948674
space0_time2,2020-04-21 04:00:00,34.75,-101.75,0,2,186.2075958251953,149.68190394986522,134.4124443596475,1.1136015319337633,0.008258988929567291,0.05539917036346781,0.0636581592930351,198.01884349933286,1371.3881462609409,1569.4069897602737,36.5256918753301,36.5256918753301,1334.126166971555,51.795151465547804,134.97655385690123,51.23104196829408,51.23104196829408,2624.6196611571095
space0_time2,2020-04-22 04:00:00,24.0,-105.5,0,2,161.37991333007812,155.15157217091044,137.88375896847327,1.1252345695506132,0.011813917744961759,0.060306576636470405,0.07212049438143217,307.46502598091485,1627.3857385443239,1934.8507645252387,6.228341159167684,6.228341159167684,38.79223359498225,23.49615436160485,134.97655385690123,26.40335947317689,26.40335947317689,697.1373914697999
space0_time2,2020-05-01 04:00:00,20.0,-103.75,0,2,216.2621612548828,156.35506782876368,137.60591655265938,1.1362525082192187,0.01161135604323182,0.06169042706903885,0.07330178311227067,307.2311456610444,1693.4944573855123,2000.7256030465567,59.90709342611913,59.90709342611913,3588.859842765766,78.65624470222343,134.97655385690123,81.28560739798158,81.28560739798158,6607.349970058797
space0_time2,2020-05-01 04:00:00,24.25,-103.25,0,2,202.54159545898438,161.29016117657835,142.73748945914576,1.1299775678256045,0.010654822612828083,0.05998600782938923,0.07064083044221732,299.05882183487876,1744.46746109722,2043.5262829320986,41.251434282406024,41.251434282406024,1701.680830355663,59.80410599983861,134.97655385690123,67.56504160208314,67.56504160208314,4565.0348466912255
space0_time2,2020-05-01 04:00:00,28.5,-102.75,0,2,161.37991333007812,158.68089987628863,141.2529187522594,1.1233813876412404,0.01033214806119103,0.05834250194134616,0.0686746500025372,280.0983052887095,1637.1070599713958,1917.2053652601053,2.6990134537894903,2.6990134537894903,7.284673623736674,20.12699457781872,134.97655385690123,26.40335947317689,26.40335947317689,697.1373914697999
space0_time2,2020-05-01 04:00:00,33.0,-102.5,0,2,142.43247985839844,151.40586646479753,135.1205754681664,1.1205241388308615,0.010225295032162945,0.05675726009326608,0.06698255512542903,251.9264078283987,1446.1746517989448,1698.1010596273434,-8.973386606399089,8.973386606399089,80.52166718790255,7.31190439023203,134.97655385690123,7.455926001497204,7.455926001497204,55.590832539802086
space0_time2,2020-05-02 04:00:00,26.5,-105.5,0,2,167.26016235351562,158.22235722381686,140.69209887959465,1.124600162225348,0.011490665233670594,0.059864813534928625,0.07135547876859921,310.7189346846722,1677.8428681720172,1988.5618028566894,9.037805129698768,9.037805129698768,81.68192156240936,26.568063473920972,134.97655385690123,32.28360849661439,32.28360849661439,1042.2313775626728
space0_time2,2020-05-11 04:00:00,22.25,-103.75,0,2,159.41983032226562,155.9251051127515,137.4211045271413,1.1346518109374941,0.012692553467935923,0.061322401057650744,0.07401495452558667,334.41399729359875,1676.840944389705,2011.254941683304,3.4947252095141152,3.4947252095141152,12.213104290013476,21.99872579512433,134.97655385690123,24.44327646536439,24.44327646536439,597.4737643622367
space0_time2,2020-05-11 04:00:00,26.5,-103.25,0,2,141.12576293945312,157.55106654033284,139.53674967166603,1.1291008778049867,0.01046212092404421,0.05969104955476586,0.07015317047881008,280.0292302133546,1654.9653530850749,1934.9945832984295,-16.425303600879715,16.425303600879715,269.79059838107213,1.5890132677870952,134.97655385690123,6.1492090825518915,6.1492090825518915,37.81277234093867
space0_time2,2020-05-11 04:00:00,31.0,-103.0,0,2,141.12576293945312,154.15351890038968,136.81549547946543,1.1267255829477771,0.010875830815684258,0.058124175955055014,0.06900000677073927,278.41937113297894,1540.4087164387608,1818.8280875717398,-13.02775596093656,13.02775596093656,169.72242537771805,4.310267459987699,134.97655385690123,6.1492090825518915,6.1492090825518915,37.81277234093867
space0_time2,2020-05-12 04:00:00,24.25,-105.75,0,2,190.1277618408203,151.95382373924815,134.5791473032546,1.1291037785879428,0.012895464593260035,0.061230513794049216,0.07412597838730925,322.74237204803325,1590.552398550229,1913.2947705982624,38.17393810157216,38.17393810157216,1457.249550182663,55.548614537565726,134.97655385690123,55.15120798391908,55.15120798391908,3041.6557420854997
space0_time2,2020-05-21 04:00:00,19.75,-104.0,0,2,201.8882293701172,155.63628445478503,136.68336420599323,1.1386629628184175,0.01455453960108332,0.06275642719043419,0.0773109667915175,383.6720991563053,1719.7893351348584,2103.4614342911636,46.25194491533216,46.25194491533216,2139.2424084509203,65.20486516412396,134.97655385690123,66.91167551321595,66.91167551321595,4477.172319985903
space0_time2,2020-05-21 04:00:00,24.0,-103.75,0,2,188.82102966308594,158.1960316582164,139.6415735596781,1.1328720210289578,0.012373556363884415,0.06119812764011201,0.07357168400399643,335.3722631413852,1721.1218698355115,2056.4941329768967,30.624998004869525,30.624998004869525,937.8905027982623,49.17945610340783,134.97655385690123,53.844475806184704,53.844475806184704,2899.22757484281
space0_time2,2020-05-22 04:00:00,26.5,-106.0,0,2,198.62142944335938,156.84169255224424,140.0943228591112,1.1195435286123296,0.011822535524880098,0.0607188312782413,0.0725413668031214,314.56307664868484,1675.4707893463237,1990.0338659950085,41.779736891115135,41.779736891115135,1745.546414690807,58.52710658424817,134.97655385690123,63.64487558645814,63.64487558645814,4050.6701884157355
space0_time2,2020-09-30 09:00:00,52.0,-174.0,0,2,176.40719604492188,135.2291130860005,138.35369120082154,0.9774160119061395,0.004508334088675809,0.07316373495646229,0.0776720690451381,89.30347986729222,1506.991928248906,1596.2954081161984,41.17808295892138,41.17808295892138,1695.6345161718114,38.05350484410033,134.97655385690123,41.43064218802064,41.43064218802064,1716.4981121117958
space0_time2,2020-10-04 08:00:00,56.75,-158.5,0,2,166.60679626464844,135.93260815294389,135.70774766039335,1.0016569466108391,0.012104704577232738,0.07125507794051944,0.08335978251775218,244.58811078820182,1501.3693144015288,1745.9574251897307,30.674188111704552,30.674188111704552,940.9058163122369,30.899048604255086,134.97655385690123,31.630242407747204,31.630242407747204,1000.4722347728497
space0_time3,2020-10-08 05:00:00,54.0,-119.5,0,3,143.73919677734375,108.9539969182398,135.7629443973301,0.8025311870032076,0.007238524768225114,0.11377182820324383,0.12101035297146895,97.33371520497762,1626.1413508753062,1723.4750660802838,34.785199859103955,34.785199859103955,1210.0101292378058,7.976252380013648,137.45964941871432,6.279547358629429,6.279547358629429,39.43271502926984
space0_time3,2020-10-08 05:00:00,58.5,-119.0,0,3,123.48503875732422,107.93595938775447,135.11245585521343,0.7988601695125629,0.011127211983628626,0.11481492430915197,0.1259421362927806,147.85401853802213,1625.6587283843135,1773.5127469223355,15.549079369569753,15.549079369569753,241.7738692411797,-11.627417097889207,137.45964941871432,-13.974610661390102,13.974610661390102,195.2897431374379
space0_time3,2020-10-08 08:00:00,52.5,-169.75,0,3,120.87159729003906,119.01338153503033,132.57038019275296,0.8977373479806636,0.0032966091519869255,0.1470816233036296,0.15037823245561652,54.36051128064855,2617.0974878018765,2671.457999082525,1.8582157550087288,1.8582157550087288,3.45296579216266,-11.698782902713901,137.45964941871432,-16.58805212867526,16.58805212867526,275.16347342364776
space0_time3,2020-10-09 05:00:00,60.25,-121.25,0,3,147.00599670410156,108.4183124170072,134.7307103896803,0.8047037835949205,0.011793295001076632,0.11728206888596039,0.12907536388703703,158.65748466775275,1683.9598839817265,1842.6173686494792,38.58768428709436,38.58768428709436,1489.009378640469,12.275286314421265,137.45964941871432,9.546347285387242,9.546347285387242,91.13274649322037
space0_time3,2020-10-09 08:00:00,52.75,-170.25,0,3,139.81903076171875,122.18744036422116,135.84964751908714,0.8994314125625801,0.0033526738479086222,0.14770645120720266,0.1510591250551113,58.314534441551665,2773.202367321136,2831.5169017626877,17.63159039749759,17.63159039749759,310.8729799451292,3.969383242631608,137.45964941871432,2.3593813430044293,2.3593813430044293,5.566680321717384
space0_time3,2020-10-12 07:00:00,59.75,-152.0,0,3,139.16567993164062,114.1011915527214,132.59254956084283,0.8605399921084081,0.00917119098630684,0.13821102302290167,0.1473822140092085,138.99731150554555,2256.6856938735427,2395.683005379088,25.064488378919222,25.064488378919222,628.2285776969767,6.573130370797799,137.45964941871432,1.7060305129263043,1.7060305129263043,2.910540111035589
space0_time3,2020-10-13 06:00:00,63.25,-130.0,0,3,147.00599670410156,109.19543279080742,133.38661026579402,0.8186386367658508,0.006182464775266676,0.12539459908036957,0.13157706385563625,84.34454274398686,1828.2246823195912,1912.5692250635782,37.810563913294146,37.810563913294146,1429.6387434413016,13.619386438307544,137.45964941871432,9.546347285387242,9.546347285387242,91.13274649322037
space0_time3,2020-10-13 07:00:00,57.0,-154.75,0,3,146.35263061523438,117.33558392785176,135.4269650747629,0.866412267771609,0.00928039338671449,0.13977770247697302,0.1490580958636875,148.99707498077285,2419.740208100143,2568.737283080916,29.017046687382617,29.017046687382617,841.9889984577425,10.92566554047147,137.45964941871432,8.892981196520054,8.892981196520054,79.08511456165925
space0_time3,2020-10-13 07:00:00,61.5,-154.25,0,3,99.31071472167969,117.76485362726564,135.99126609702859,0.8659736540965902,0.004141280869567405,0.14024796311577575,0.14438924398534317,66.49256850358525,2422.3911676404364,2488.8837361440214,-18.45413890558595,18.45413890558595,340.555242746661,-36.6805513753489,137.45964941871432,-38.14893469703463,38.14893469703463,1455.341218518613
space0_time3,2020-10-16 03:00:00,54.25,-89.75,0,3,160.7265625,105.92407490230342,136.01779305856948,0.7787516068334702,0.0067206319445056485,0.0995341152988401,0.10625474724334574,84.14058085539183,1314.6759596902998,1398.8165405456916,54.80248759769658,54.80248759769658,3003.312646895688,24.70876944143052,137.45964941871432,23.26691308128568,23.26691308128568,541.3492443321027
space0_time3,2020-10-16 06:00:00,60.0,-137.0,0,3,140.47239685058594,115.55184291776142,138.56644431163988,0.8339092735747916,0.005241188070648482,0.1298839420636923,0.1351251301343408,80.3167638821175,2130.9766849224698,2211.293448804587,24.920553932824518,24.920553932824518,621.0340083188156,1.9059525389460532,137.45964941871432,3.0127474318716168,3.0127474318716168,9.076647088249022
space0_time3,2020-10-16 06:00:00,64.25,-136.5,0,3,141.77911376953125,113.37731085688134,135.9580747862241,0.8339137711029813,0.0052162771820039155,0.13082681768584298,0.13604309486784688,77.02450619078995,2069.262577520304,2146.287083711094,28.401802912649913,28.401802912649913,806.6624086890091,5.821038983307147,137.45964941871432,4.319464350816929,4.319464350816929,18.657772277978317
space0_time3,2020-10-16 08:00:00,62.5,-160.75,0,3,130.0186309814453,119.68173843074271,136.25768766270522,0.8783485209803729,0.009425123925412915,0.14529312031961805,0.15471824424503097,158.33771520871898,2639.485742571435,2797.823457780154,10.3368925507026,10.3368925507026,106.85134760477092,-6.23905668125991,137.45964941871432,-7.441018437269008,7.441018437269008,55.36875538377731
space0_time3,2020-10-17 06:00:00,61.75,-139.0,0,3,141.77911376953125,112.93137748785148,134.621850090185,0.8388785134968595,0.006176782464823141,0.13197154568899383,0.13814832815381697,90.72575183026744,2078.5550283240023,2169.28078015427,28.847736281679772,28.847736281679772,832.1918885773434,7.157263679346244,137.45964941871432,4.319464350816929,4.319464350816929,18.657772277978317
space0_time3,2020-10-19 05:00:00,62.5,-119.25,0,3,152.23287963867188,109.24526348103102,133.4107793513972,0.8188638430278906,0.007954975097927234,0.11954812273845944,0.12750309783638666,108.27956321560137,1735.3809249070837,1843.6604881226851,42.98761615764086,42.98761615764086,1847.9351429166654,18.82210028727468,137.45964941871432,14.773230219957554,14.773230219957554,218.24833113186713
space0_time3,2020-10-20 05:00:00,64.25,-121.25,0,3,118.91151428222656,108.9614184442637,133.38931736907645,0.8168676517233915,0.00758327306469759,0.12194222655283872,0.12952549961753632,102.87317132327004,1766.0120598982987,1868.8852312215688,9.950095837962863,9.950095837962863,99.00440718464588,-14.477803086849889,137.45964941871432,-18.54813513648776,18.54813513648776,344.03331704141175
space0_time3,2020-10-20 09:00:00,52.5,-171.5,0,3,164.64671325683594,122.30114624396158,134.28871412199868,0.9107328716607815,0.0037847122671820625,0.15192288058397574,0.1557075928511578,66.27335703085689,2878.4459569074015,2944.7193139382584,42.345567012874355,42.345567012874355,1793.1470456418326,30.357999134837257,137.45964941871432,27.187063838121617,27.187063838121617,739.1364401381
space0_time3,2020-10-21 05:00:00,61.75,-124.0,0,3,131.9787139892578,109.1066210991339,131.7646842319594,0.8280414568979797,0.0068313827769326,0.12312781915853918,0.12995920193547178,92.92566077317237,1788.450669018642,1881.3763297918144,22.87209289012391,22.87209289012391,523.1326331744567,0.21402975729841955,137.45964941871432,-5.480935429456508,5.480935429456508,30.040653181871598
space0_time3,2020-10-21 05:00:00,66.25,-123.25,0,3,125.44511413574219,110.86077386148163,134.864980199069,0.8220130511111509,0.009410398990761723,0.1244349583146689,0.13384535730543062,132.84254703676427,1879.3785592226177,2012.221106259382,14.584340274260555,14.584340274260555,212.70298123541843,-9.419866063326822,137.45964941871432,-12.014535282972133,12.014535282972133,144.3490580657823
space0_time3,2020-10-21 07:00:00,60.0,-148.25,0,3,152.23287963867188,117.58038107129863,136.11926171813354,0.8638041346034925,0.0055817405698358556,0.1387017161268931,0.14428345669672896,89.39505717979712,2389.483054063983,2478.8781112437805,34.65249856737324,34.65249856737324,1200.7956569618048,16.11361792053833,137.45964941871432,14.773230219957554,14.773230219957554,218.24833113186713
space0_time3,2020-10-21 07:00:00,64.5,-147.5,0,3,132.632080078125,115.8715752964778,133.89665149732355,0.865380679805827,0.0054385451548630195,0.1393350531515681,0.14477359830643113,84.62378310114677,2332.6951881294312,2417.318971230578,16.7605047816472,16.7605047816472,280.91452053561864,-1.2645714191985462,137.45964941871432,-4.827569340589321,4.827569340589321,23.30542573819801
space0_time3,2020-10-22 06:00:00,63.5,-125.75,0,3,130.6719970703125,110.30635293733785,133.49089261656118,0.8263211877246296,0.006804681993313877,0.12528989629710724,0.13209457829042112,94.81024910099462,1866.0817194676865,1960.8919685686812,20.36564413297465,20.36564413297465,414.75946095096486,-2.818895546248683,137.45964941871432,-6.787652348401821,6.787652348401821,46.07222440276475
space0_time3,2020-10-22 07:00:00,61.75,-150.25,0,3,135.24551391601562,118.66022654516047,136.62143223289812,0.8685330303292446,0.00986242487137945,0.1406669840810954,0.15052940895247485,162.22265477757014,2496.682175337217,2658.904830114787,16.585287370855156,16.585287370855156,275.0717571738475,-1.3759183168824904,137.45964941871432,-2.2141355026986957,2.2141355026986957,4.902396024310806
space0_time3,2020-10-22 07:00:00,66.0,-148.75,0,3,160.0731964111328,117.89314316923308,135.46249847865346,0.8703009651620373,0.005237930099131674,0.14082791529139746,0.14606584539052914,84.47151452558124,2445.2060040833244,2529.6775186089058,42.18005324189973,42.18005324189973,1779.1568914894958,24.610697932479354,137.45964941871432,22.61354699241849,22.61354699241849,511.3725075783194
space0_time3,2020-10-22 09:00:00,51.5,-176.5,0,3,153.5395965576172,122.3055870929812,132.66504555102327,0.9219126755279499,0.0038681796279344902,0.15554606200739307,0.15941424163532755,67.99424996290115,2964.0013274262074,3031.9955773891083,31.23400946463599,31.23400946463599,975.5633472369706,20.87455100659392,137.45964941871432,16.079947138902867,16.079947138902867,258.5646999899105
space0_time3,2020-10-24 06:00:00,67.0,-129.75,0,3,141.12576293945312,114.95767065030223,137.49872473796344,0.8360635407301519,0.007446260709730059,0.12991294111491766,0.13735920182464773,113.31474608017925,2119.0057675010057,2232.320513581185,26.16809228915089,26.16809228915089,684.7690540535183,3.6270382014896825,137.45964941871432,3.6661135207388043,3.6661135207388043,13.440388346943871
space0_time3,2020-10-24 07:00:00,65.5,-154.25,0,3,122.83168029785156,118.42237378692754,135.27694434312883,0.8754069243798868,0.0050985176194473176,0.144641640047445,0.14974015766689233,83.2626775397088,2547.965206614036,2631.227884153745,4.409306510924026,4.409306510924026,19.441983907277006,-12.44526404527727,137.45964941871432,-14.627969120862758,14.627969120862758,213.9774806009144
space0_time3,2020-10-24 08:00:00,61.0,-155.0,0,3,137.8589630126953,124.11420400412352,141.2658233874755,0.8785862073920943,0.009388151436932345,0.14408848232946117,0.1534766337663935,169.40152680780426,2809.749226009878,2979.150752817682,13.74475900857179,13.74475900857179,188.91840020371538,-3.4068603747801944,137.45964941871432,0.39931359398099175,0.39931359398099175,0.15945134633801633
space0_time3,2020-10-25 06:00:00,60.0,-133.25,0,3,133.9387969970703,113.76606716387161,134.374323298168,0.8466354610875473,0.007681060088771919,0.1300746188042414,0.13775567889301332,114.5360423208015,2079.370571791651,2193.9066141124526,20.1727298331987,20.1727298331987,406.9390289232249,-0.4355263010976955,137.45964941871432,-3.5208524216440082,3.5208524216440082,12.396401774996477
space0_time3,2020-10-25 06:00:00,64.5,-132.5,0,3,133.28543090820312,110.47393597544445,131.38934852381286,0.8408134846290245,0.005692567934980319,0.13104608087881325,0.13673864881379358,79.88209190070233,1970.4607618309915,2050.342853731694,22.811494932758677,22.811494932758677,520.3643010672748,1.8960823843902688,137.45964941871432,-4.174218510511196,4.174218510511196,17.424100173494306
space0_time3,2020-10-25 08:00:00,58.5,-157.75,0,3,141.12576293945312,119.32232600100247,134.96669579816822,0.8840871838445193,0.00860772889938251,0.14564420534773742,0.15425193424711994,143.6128334916473,2627.094543339998,2770.7073768316454,21.80343693845066,21.80343693845066,475.38986232899464,6.159067141284908,137.45964941871432,3.6661135207388043,3.6661135207388043,13.440388346943871
space0_time3,2020-10-25 08:00:00,62.75,-157.0,0,3,137.20559692382812,123.19827753772984,139.49812336330194,0.8831536551705318,0.004842410835991346,0.14599692786679486,0.1508393387027862,85.67054653177031,2787.745895500722,2873.4164420324923,14.007319386098288,14.007319386098288,196.20499638416493,-2.292526439473818,137.45964941871432,-0.25405249488619575,0.25405249488619575,0.06454267015790051
space0_time3,2020-10-25 08:00:00,67.25,-156.25,0,3,160.0731964111328,120.42646772337729,135.7750984209526,0.8869554809675854,0.004655596023923028,0.14661986602515675,0.15127546204907977,78.72789239798647,2676.6017059589894,2755.329598356976,39.64672868775553,39.64672868775553,1571.863095640497,24.298097990180224,137.45964941871432,22.61354699241849,22.61354699241849,511.3725075783194
space0_time3,2020-10-26 03:00:00,48.0,-89.75,0,3,169.87359619140625,108.6649891371988,137.4076684894355,0.7908218684720167,0.008051759670086124,0.09869074779929843,0.10674250746938455,106.21292227616274,1373.779072776766,1479.9919950529288,61.20860705420745,61.20860705420745,3746.493577516374,32.46592770197074,137.45964941871432,32.41394677269193,32.41394677269193,1050.6639453829055
space0_time3,2020-10-26 03:00:00,52.25,-88.75,0,3,152.88623046875,107.17030094257979,134.76178330332877,0.7952573668556713,0.0075113865779579585,0.09982816439671191,0.10733955097466986,96.40911290776252,1352.504892008245,1448.9140049160076,45.715929526170214,45.715929526170214,2089.9462124417614,18.12444716542123,137.45964941871432,15.42658105003568,15.42658105003568,237.97940289331993
space0_time3,2020-10-26 03:00:00,56.5,-88.0,0,3,162.68663024902344,108.62808528203966,136.7586518225613,0.7943050317794896,0.006239173903657847,0.10170394009696784,0.10794311400062569,82.2708458732557,1416.0632567492712,1498.3341026225269,54.058544966983774,54.058544966983774,2922.326283947407,25.927978426462147,137.45964941871432,25.226980830309117,25.226980830309117,636.4005618127836
space0_time3,2020-10-26 06:00:00,62.0,-135.0,0,3,160.0731964111328,113.80840919228987,134.5998802024542,0.8455312814625726,0.0061636348990680035,0.1321513948031198,0.13831502970218781,91.9589850093664,2114.360466886414,2206.3194518957803,46.26478721884294,46.26478721884294,2140.430536404813,25.473316208678625,137.45964941871432,22.61354699241849,22.61354699241849,511.3725075783194
space0_time3,2020-10-26 06:00:00,66.25,-134.5,0,3,124.79175567626953,114.75795489406404,135.72476333321396,0.8455196537151081,0.006415680654976414,0.13328398983739462,0.13969967049237103,97.47046250535209,2173.023086193188,2270.4935486985405,10.033800782205489,10.033800782205489,100.67715813698749,-10.933007656944426,137.45964941871432,-12.66789374244479,12.66789374244479,160.47553186987184
space0_time3,2020-10-26 08:00:00,56.0,-160.75,0,3,135.8988800048828,122.81573149966493,137.19992682238188,0.8951588703007205,0.009409990796553445,0.14744749206417113,0.15685748286072457,166.82629021192366,2829.8641799327766,2996.6904701447,13.083148505217878,13.083148505217878,171.1687748095848,-1.3010468174990706,137.45964941871432,-1.5607694138315082,1.5607694138315082,2.43600116315195
space0_time3,2020-10-26 08:00:00,60.25,-159.75,0,3,147.65936279296875,123.83650973300152,139.37917240632444,0.8884864760997989,0.003964424854001858,0.14749086725405836,0.15145529210806022,70.8785692642451,2846.9593642228233,2917.8379334870683,23.82285305996723,23.82285305996723,567.52832791679,8.280190386644307,137.45964941871432,10.19971337425443,10.19971337425443,104.03415291694468
space0_time3,2020-10-26 08:00:00,64.5,-159.0,0,3,137.20559692382812,121.25229072617404,137.036587675416,0.8848169148327852,0.004391184529086875,0.14787835688017714,0.15226954140926402,75.34341413973269,2740.4913105177347,2815.8347246574676,15.953306197654086,15.953306197654086,254.50797863610828,0.16900924841212372,137.45964941871432,-0.25405249488619575,0.25405249488619575,0.06454267015790051
space0_time3,2020-10-26 08:00:00,69.0,-158.0,0,3,124.79175567626953,121.17812073205297,135.9359247310699,0.8914355860806248,0.0034289256473767054,0.1484459110723193,0.151874836719696,58.70967714340446,2744.71678082191,2803.4264579653145,3.6136349442165567,3.6136349442165567,13.058357510062997,-11.144169054800358,137.45964941871432,-12.66789374244479,12.66789374244479,160.47553186987184
space0_time3,2020-10-27 06:00:00,63.75,-137.25,0,3,150.92616271972656,113.50773743723089,133.4681014780002,0.8504484306007801,0.00477415185253316,0.13449084291864943,0.1392649947711826,70.8706290401936,2142.0550679879357,2212.9256970281294,37.418425282495676,37.418425282495676,1400.1385506217116,17.45806124172637,137.45964941871432,13.466513301012242,13.466513301012242,181.34698048633962
space0_time3,2020-10-27 08:00:00,62.0,-161.75,0,3,148.31271362304688,123.28705363991016,138.07415085107007,0.8929046666590796,0.009671431616816353,0.14934156155487782,0.15901299317169418,173.17531877676595,2898.0573002402157,3071.2326190169815,25.02565998313672,25.02565998313672,626.2836575915705,10.238562771976802,137.45964941871432,10.853064204332554,10.853064204332554,117.78900262336462
space0_time3,2020-10-27 08:00:00,66.5,-160.75,0,3,133.28543090820312,120.26356579289062,134.1164076585092,0.8967103122766973,0.0059146790324755205,0.14970108496336465,0.15561576399584018,100.24607833328086,2745.0958468327244,2845.3419251660052,13.021865115312508,13.021865115312508,169.56897108139285,-0.8309767503060641,137.45964941871432,-4.174218510511196,4.174218510511196,17.424100173494306
space0_time3,2020-10-28 07:00:00,61.0,-140.25,0,3,144.39256286621094,110.87275552408519,129.51034628719464,0.8560918776189527,0.005118792238706482,0.13593635198109594,0.14105514421980242,72.64214533869098,2071.668977514798,2144.311122853489,33.519807342125745,33.519807342125745,1123.5774842532269,14.882216579016301,137.45964941871432,6.932913447496617,6.932913447496617,48.06528887047942
space0_time3,2020-10-28 07:00:00,65.5,-139.0,0,3,117.60479736328125,114.66622003831368,134.15829160407066,0.8547084095012017,0.005612840015100457,0.13651491573097527,0.14212775574607572,85.30968511032714,2229.436175276557,2314.7458603868845,2.938577324967568,2.938577324967568,8.635236694813548,-16.553494240789405,137.45964941871432,-19.85485205543307,19.85485205543307,394.21515014313485
space0_time3,2020-10-29 05:00:00,55.75,-119.5,0,3,147.65936279296875,115.36307844643342,137.06205465681268,0.8416850216880892,0.006641005972049433,0.12014523265040586,0.1267862386224553,100.66372149050947,1941.4996392764438,2042.1633607669532,32.29628434653533,32.29628434653533,1043.049982592263,10.597308136156073,137.45964941871432,10.19971337425443,10.19971337425443,104.03415291694468
space0_time3,2020-10-29 05:00:00,60.0,-118.5,0,3,155.4996795654297,112.73695582964596,134.08259278187873,0.8408023255713951,0.007332655814166833,0.12091737219469571,0.12825002800886254,106.33725027765277,1870.7921403606322,1977.129390638285,42.76272373578372,42.76272373578372,1828.6505413029606,21.417086783550957,137.45964941871432,18.040030146715367,18.040030146715367,325.44268769439924
space0_time3,2020-10-29 05:00:00,64.5,-117.5,0,3,126.75183868408203,113.07542879382608,135.3987974783604,0.8351287522468428,0.007898405615963723,0.12209759633528743,0.12999600195125116,115.46456177631718,1905.9577530673726,2021.4223148436897,13.676409890255954,13.676409890255954,187.04418748629087,-8.646958794278362,137.45964941871432,-10.70781073463229,10.70781073463229,114.65721072870649
space0_time3,2020-10-29 05:00:00,69.0,-116.5,0,3,109.76448059082031,105.44013625718502,127.1258841715807,0.8294151654817471,0.00584634890936565,0.12360690431339354,0.1294532532227592,74.19721733512813,1674.6800901174452,1748.8773074525734,4.324344333635295,4.324344333635295,18.699953915843686,-17.36140358076038,137.45964941871432,-27.69516882789401,27.69516882789401,767.022376405552
space0_time3,2020-10-29 07:00:00,67.25,-141.0,0,3,107.80439758300781,114.00586173152548,131.6697266080983,0.8658471819483039,0.005926083313414304,0.13867993931030384,0.14460602262371813,89.27116077926456,2247.5284426818994,2336.7996034611638,-6.2014641485176725,6.2014641485176725,38.45815758535002,-23.86532902509049,137.45964941871432,-29.65525183570651,29.65525183570651,879.4339614391743
space0_time3,2020-10-31 05:00:00,63.75,-122.25,0,3,140.47239685058594,111.49839947373977,132.24582497005213,0.8431147032353519,0.007465138092945178,0.12566310326075952,0.1331282413537047,106.41773608798069,1915.9187427849788,2022.3364788729596,28.97399737684617,28.97399737684617,839.4925239934888,8.226571880533811,137.45964941871432,3.0127474318716168,3.0127474318716168,9.076647088249022
space0_time3,2020-10-31 05:00:00,68.0,-121.0,0,3,124.13839721679688,106.77059678518467,127.4935774803504,0.8374586304289751,0.005345699874039538,0.12671327995302506,0.1320589798270646,69.73032991675426,1766.8737360162802,1836.6040659330345,17.36780043161221,17.36780043161221,301.64049183230924,-3.355180263553521,137.45964941871432,-13.321252201917446,13.321252201917446,177.4557602270904
space0_time3,2020-10-31 09:00:00,52.0,-173.25,0,3,171.83367919921875,127.32228274106258,137.81791036183844,0.9238442406127059,0.003408837259044196,0.15639563060703304,0.15980446786607724,64.94679575777495,3230.870022546349,3295.816818304124,44.51139645815617,44.51139645815617,1981.2644146551577,34.01576883738031,137.45964941871432,34.37402978050443,34.37402978050443,1181.5739233510053
space0_time3,2020-11-01 06:00:00,61.0,-125.25,0,3,135.24551391601562,115.95246633640218,136.811676174542,0.8475334092718223,0.011214558209088211,0.1269927873152608,0.13820734552434902,174.10142445660915,2113.9760853209036,2288.0775097775127,19.293047579613443,19.293047579613443,372.22168490922814,-1.5661622585263615,137.45964941871432,-2.2141355026986957,2.2141355026986957,4.902396024310806
space0_time3,2020-11-01 06:00:00,65.25,-124.0,0,3,126.75183868408203,110.11432507259984,130.7765278750181,0.8420037361584874,0.007263053098961721,0.1278035420082973,0.13506659510725902,101.16811195969407,1905.8610248114528,2007.0291367711468,16.63751361148219,16.63751361148219,276.8068591722552,-4.024689190936073,137.45964941871432,-10.70781073463229,10.70781073463229,114.65721072870649
space0_time3,2020-11-01 06:00:00,69.75,-122.75,0,3,133.9387969970703,108.16056161023276,127.90397664538918,0.8456387709516289,0.00608341248260132,0.12901158970354942,0.13509500218615075,81.71048940560546,1855.2192948950108,1936.9297843006161,25.77823538683755,25.77823538683755,664.5174196592037,6.034820351681134,137.45964941871432,-3.5208524216440082,3.5208524216440082,12.396401774996477
space0_time3,2020-11-01 07:00:00,59.5,-149.75,0,3,136.55223083496094,115.52605522328703,131.94654276058472,0.8755519682914887,0.006694679889939602,0.14295278966677805,0.14964746955671765,104.12027740491337,2398.074049522952,2502.1943269278654,21.026175611673906,21.026175611673906,442.10006085295055,4.605688074376218,137.45964941871432,-0.9074185837533832,0.9074185837533832,0.8234084861409958
space0_time3,2020-11-01 07:00:00,63.75,-148.75,0,3,123.48503875732422,116.8627710110544,133.01843433090468,0.8785456812725636,0.003963515701967014,0.14338241122469403,0.14734592692666104,62.847125205981285,2449.447556165027,2512.294681371008,6.622267746269813,6.622267746269813,43.854430103285466,-9.533395573580464,137.45964941871432,-13.974610661390102,13.974610661390102,195.2897431374379
space0_time3,2020-11-01 07:00:00,68.0,-147.5,0,3,116.9514389038086,115.12746186646747,130.64024081163151,0.8812557382871661,0.004235076310177506,0.1438545888846422,0.1480896651948197,65.23093214574058,2388.07196824052,2453.3029003862607,1.8239770373411233,1.8239770373411233,3.3268922327477015,-13.68880190782292,137.45964941871432,-20.508210514905727,20.508210514905727,420.58669852368985
space0_time3,2020-11-04 06:00:00,62.0,-131.75,0,3,122.83168029785156,110.69756490553044,129.34588507459128,0.8558259494818357,0.00645353016886257,0.13272550215286422,0.1391790323217268,91.18434551689327,2011.9520836531028,2103.136429169996,12.134115392321121,12.134115392321121,147.23675635416436,-6.514204776739717,137.45964941871432,-14.627969120862758,14.627969120862758,213.9774806009144
space0_time3,2020-11-05 06:00:00,63.5,-133.75,0,3,148.96607971191406,113.01454824335515,131.43407880879005,0.859857270409818,0.005620461482464037,0.13488799223636666,0.1405084537188307,82.84833179668368,2134.6404236900007,2217.4887554866846,35.95153146855891,35.95153146855891,1292.5126149347816,17.532000903124015,137.45964941871432,11.506430293199742,11.506430293199742,132.3979380922647
space0_time3,2020-11-05 06:00:00,68.0,-132.5,0,3,131.9787139892578,112.28265782894852,130.74228264733912,0.858809067391128,0.006300257654015036,0.13577513400425542,0.14207539165827046,91.84489870556686,2126.6747228489116,2218.5196215544784,19.696056160309297,19.696056160309297,387.93462827005783,1.2364313419186885,137.45964941871432,-5.480935429456508,5.480935429456508,30.040653181871598
space0_time3,2020-11-07 06:00:00,62.75,-138.5,0,3,139.81903076171875,116.03900885903784,133.5723389997599,0.8687353214593809,0.0049122956527999605,0.13839271406774298,0.14330500972054294,76.52374605627023,2317.871327449121,2394.3950735053913,23.780021902680915,23.780021902680915,565.489441691984,6.246691761958857,137.45964941871432,2.3593813430044293,2.3593813430044293,5.566680321717384
space0_time3,2020-11-07 06:00:00,67.0,-137.25,0,3,128.05856323242188,116.75426603103952,134.604567720813,0.8673871028894261,0.006094828175888499,0.13904266112108343,0.14513748929697193,96.35262272082946,2365.459200796148,2461.8118235169773,11.304297201382354,11.304297201382354,127.78713521718093,-6.546004488391134,137.45964941871432,-9.401086186292446,9.401086186292446,88.38042148209864
space0_time3,2020-11-07 08:00:00,61.25,-163.0,0,3,161.37991333007812,127.18876359561902,140.34815875856293,0.9062374933925454,0.00840604668597627,0.15345722084181984,0.16186326752779612,160.55071397124865,3181.1248003317846,3341.675514303033,34.1911497344591,34.1911497344591,1169.0347201642028,21.031754571515194,137.45964941871432,23.920263911363804,23.920263911363804,572.1790255892936
space0_time3,2020-11-07 08:00:00,65.5,-162.0,0,3,133.9387969970703,122.83768971451788,136.27688511240314,0.9013831627660079,0.0037675641355276158,0.15372698510534136,0.15749454924086898,66.67166797883539,2946.168467464933,3012.8401354437688,11.101107282552434,11.101107282552434,123.23458289873868,-2.3380881153328232,137.45964941871432,-3.5208524216440082,3.5208524216440082,12.396401774996477
space0_time3,2020-11-07 08:00:00,69.75,-160.75,0,3,158.1131134033203,123.46091674079435,135.77103613143723,0.9093317710360136,0.003421249405329228,0.15412016831905528,0.1575414177243845,61.151374744799334,2983.459709657856,3044.6110844026553,34.65219666252597,34.65219666252597,1200.7747335383758,22.342077271883085,137.45964941871432,20.65346398460599,20.65346398460599,426.5655745634168
space0_time3,2020-11-08 07:00:00,64.5,-140.25,0,3,158.1131134033203,116.03527678354199,133.0007924018477,0.8724404921810827,0.005301204661160551,0.14041432430482548,0.14571552896598602,82.79226363834682,2360.6115858005082,2443.403849438855,42.077836619778324,42.077836619778324,1770.5443346007578,25.112321001472623,137.45964941871432,20.65346398460599,20.65346398460599,426.5655745634168
space0_time3,2020-11-08 07:00:00,68.75,-139.0,0,3,119.56488037109375,120.38374790193235,137.10308704173517,0.8780527885946628,0.005457665936378616,0.14113045079870912,0.14658811673508773,91.83130064193898,2557.381659062645,2649.212959704584,-0.8188675308386024,0.8188675308386024,0.6705440330617095,-17.538206670641415,137.45964941871432,-17.89476904762057,17.89476904762057,320.22275926767924
space0_time3,2020-11-08 08:00:00,52.75,-169.5,0,3,147.65936279296875,125.1859009691713,135.19067993338683,0.9259950540292773,0.0033764893883373144,0.15661200338238795,0.15998849277072527,62.20019540217472,3128.4988842565913,3190.699079658766,22.47346182379745,22.47346182379745,505.05648634568144,12.468682859581918,137.45964941871432,10.19971337425443,10.19971337425443,104.03415291694468
space0_time3,2020-11-08 08:00:00,67.25,-163.75,0,3,128.7119140625,120.69583540943407,131.94985977400012,0.9147098421791309,0.0034978571902875197,0.15549366839246137,0.1589915255827489,59.840547460498094,2883.1548979161344,2942.9954453766322,8.016078653065932,8.016078653065932,64.25751697213933,-3.2379457115001173,137.45964941871432,-8.74773535621432,8.74773535621432,76.52287386236209
space0_time3,2020-11-11 09:00:00,63.75,-171.75,0,3,155.4996795654297,119.58385573041681,130.14334811498304,0.9188626039093694,0.0038903717606065683,0.16030065787317224,0.16419102963377882,65.68837585733073,2941.3788845785675,3007.0672604358983,35.91582383501287,35.91582383501287,1289.9464017476787,25.356331450446646,137.45964941871432,18.040030146715367,18.040030146715367,325.44268769439924
space0_time3,2020-11-14 09:00:00,52.0,178.0,0,3,164.64671325683594,141.14435333915657,135.2571804316885,1.0435257698606353,0.0033374051857677166,0.11994513648407508,0.1232825416698428,75.33586696928327,2881.4166843089806,2956.752551278264,23.50235991767937,23.50235991767937,552.360921700142,29.389532825147427,137.45964941871432,27.187063838121617,27.187063838121617,739.1364401381
space0_time3,2020-11-15 06:00:00,63.5,-135.0,0,3,146.35263061523438,115.87723215193448,131.99383761918446,0.8778988037778854,0.005259705043085011,0.1388533440626919,0.1441130491057769,81.78765369111201,2322.334558026376,2404.122211717488,30.475398463299896,30.475398463299896,928.7499114969017,14.358792996049914,137.45964941871432,8.892981196520054,8.892981196520054,79.08511456165925
space0_time3,2020-11-15 06:00:00,67.0,-134.0,0,3,125.44511413574219,113.2621983041475,129.18551359187887,0.8767407053236939,0.006137047933655973,0.13948905389087599,0.14562610182453195,91.34976312825364,2234.91852888355,2326.2682920118036,12.182915831594684,12.182915831594684,148.4234381597204,-3.740399456136686,137.45964941871432,-12.014535282972133,12.014535282972133,144.3490580657823
space0_time3,2020-11-16 06:00:00,62.5,-135.5,0,3,154.8463134765625,118.77077933230214,134.93582346776415,0.8802019825422871,0.0060519809771349894,0.13916513988132423,0.14521712085845923,99.01445346438854,2450.2744700050785,2549.288923469467,36.07553414426036,36.07553414426036,1301.444163793695,19.910490008798348,137.45964941871432,17.38666405784818,17.38666405784818,302.2960870604697
space0_time3,2020-11-16 06:00:00,66.75,-134.0,0,3,133.28543090820312,113.35669444517005,129.04601492494692,0.8784207285370127,0.006815323360751088,0.1397097067096328,0.1465250300703839,101.74113862532275,2245.983290675727,2347.72442930105,19.928736463033076,19.928736463033076,397.1545370130241,4.239415983256208,137.45964941871432,-4.174218510511196,4.174218510511196,17.424100173494306
space0_time3,2020-11-17 06:00:00,64.25,-137.25,0,3,141.12576293945312,112.82802259748436,127.72800551125981,0.8833459987562244,0.005396067948347556,0.1412245768682922,0.14662064481663975,79.75541305410962,2247.9757825399206,2327.7311955940304,28.297740341968762,28.297740341968762,800.7621084614864,13.397757428193316,137.45964941871432,3.6661135207388043,3.6661135207388043,13.440388346943871
space0_time3,2020-11-17 06:00:00,68.5,-135.75,0,3,126.75183868408203,116.7295401468514,132.38912108364315,0.8817155004231951,0.005575719428106724,0.14183877654122914,0.14741449596933587,88.28665810685763,2419.7094564635067,2507.996114570364,10.022298537230625,10.022298537230625,100.44646796937513,-5.637282399561116,137.45964941871432,-10.70781073463229,10.70781073463229,114.65721072870649
space0_time3,2020-11-17 08:00:00,54.25,-164.25,0,3,165.95343017578125,123.93707268937929,133.4988717630517,0.9283754315868394,0.0034182156741433462,0.1562961586608798,0.15971437433502317,61.703168888727475,3059.00082649347,3120.7039953821973,42.01635748640196,42.01635748640196,1765.3742964251257,32.45455841272954,137.45964941871432,28.49378075706693,28.49378075706693,811.8955418317976
space0_time3,2020-11-17 08:00:00,62.75,-162.0,0,3,105.84431457519531,122.445101515494,133.66577617139356,0.9160542438214566,0.003733128169110381,0.15633906453765162,0.160072192706762,65.80896986575564,2988.690097714734,3054.4990675804893,-16.60078694029869,16.60078694029869,275.58612703719155,-27.821461596198247,137.45964941871432,-31.61533484351901,31.61533484351901,999.5293972678271
space0_time3,2020-11-17 08:00:00,67.0,-160.5,0,3,155.4996795654297,121.70373451005973,133.71589914266602,0.9101665193920571,0.003936637614958149,0.15642422613894708,0.16036086375390524,68.58548219126592,2955.800341245426,3024.3858234366917,33.795945055369955,33.795945055369955,1142.1659021855849,21.78378042276367,137.45964941871432,18.040030146715367,18.040030146715367,325.44268769439924
space0_time3,2020-11-18 07:00:00,61.75,-140.25,0,3,146.35263061523438,119.16093795986566,134.13918191358076,0.8883380400861187,0.004680234389860986,0.1427196202057699,0.14739985459563087,77.1910714825716,2536.0554641749504,2613.246535657522,27.191692655368712,27.191692655368712,739.3881494640327,12.213448701653618,137.45964941871432,8.892981196520054,8.892981196520054,79.08511456165925
space0_time3,2020-11-18 07:00:00,66.0,-139.0,0,3,142.43247985839844,116.16163998073719,131.0187428555402,0.8866032252256894,0.004916457032699233,0.14329578801662474,0.14821224504932398,77.1282558106584,2422.978920552172,2500.1071763628306,26.270839877661246,26.270839877661246,690.1570278777164,11.413737002858227,137.45964941871432,4.972830439684117,4.972830439684117,24.729042581848926
space0_time3,2020-11-18 08:00:00,60.0,-165.25,0,3,150.27279663085938,120.45685339647898,130.71414129041622,0.9215288583723473,0.003499840684590822,0.15807233426373013,0.16157217494832096,59.79177004810109,2930.7973492792853,2990.5891193273865,29.8159432343804,29.8159432343804,888.9904709557943,19.558655340443153,137.45964941871432,12.813147212145054,12.813147212145054,164.1767414801006
space0_time3,2020-11-18 08:00:00,64.25,-163.5,0,3,124.13839721679688,119.03685016390675,129.5077880845525,0.9191481989190524,0.003422774879189315,0.1578774447631306,0.16130021964231991,57.086897664013044,2857.2933161832434,2914.3802138472565,5.101547052890126,5.101547052890126,26.025782332851932,-5.369390867755612,137.45964941871432,-13.321252201917446,13.321252201917446,177.4557602270904
space0_time3,2020-11-18 08:00:00,68.5,-162.25,0,3,120.87159729003906,121.21782291301474,131.1562495436931,0.9242245286423239,0.0036526425794263925,0.15816606708116282,0.1618187096605892,63.213598301050936,2971.033097537274,3034.2466958383247,-0.3462256229756804,0.3462256229756804,0.11987218200489798,-10.28465225365403,137.45964941871432,-16.58805212867526,16.58805212867526,275.16347342364776
space0_time3,2020-11-26 06:00:00,63.75,-134.5,0,3,154.8463134765625,123.25720119858288,130.31830639083955,0.9458164751536934,0.0053785476368639635,0.14213551183839768,0.14751405947526164,94.95604677523914,2703.6935596480425,2798.6496064232815,31.589112277979623,31.589112277979623,997.872014510803,24.528007085722948,137.45964941871432,17.38666405784818,17.38666405784818,302.2960870604697
space0_time3,2020-11-26 06:00:00,68.0,-132.75,0,3,135.24551391601562,122.84970623545858,129.86352335495994,0.9459908607259159,0.006159279945231186,0.14259148954891585,0.14875076949414703,108.19768875486066,2700.5339543911746,2808.7316431460354,12.395807680557041,12.395807680557041,153.65604805335693,5.381990561055687,137.45964941871432,-2.2141355026986957,2.2141355026986957,4.902396024310806
space0_time3,2020-11-27 08:00:00,55.5,-163.5,0,3,147.00599670410156,122.98041069660715,130.78684100761438,0.9403118062118134,0.0037464344349189757,0.1591079108277383,0.1628543452626573,66.80831833444704,3081.2383461087734,3148.0466644432204,24.02558600749441,24.02558600749441,577.2287830035112,16.219155696487178,137.45964941871432,9.546347285387242,9.546347285387242,91.13274649322037
space0_time3,2020-11-27 08:00:00,59.75,-162.25,0,3,134.5921630859375,124.97582400285161,134.59560747106727,0.9285282510405584,0.008508211473989905,0.15905745608445485,0.16756566755844476,157.80181097094757,3211.2237036754846,3369.025514646432,9.61633908308589,9.61633908308589,92.47397736088517,-0.0034443851297680794,137.45964941871432,-2.8674863327768207,2.8674863327768207,8.22247786866186
space0_time3,2020-11-28 07:00:00,64.25,-140.25,0,3,125.44511413574219,118.56564561040743,131.13139209096204,0.9041743835691294,0.005737015494427555,0.1467161108456801,0.15245312634010766,94.20190554286647,2602.2265324166915,2696.428437959558,6.879468525334758,6.879468525334758,47.32708719107159,-5.68627795521985,137.45964941871432,-12.014535282972133,12.014535282972133,144.3490580657823
space0_time3,2020-11-28 08:00:00,60.0,-166.5,0,3,135.24551391601562,123.62678981552828,132.29123381821842,0.9345047759204065,0.008715008889288505,0.1619693033597973,0.1706843122490858,158.67703920325252,3215.258081659793,3373.9351208630455,11.618724100487341,11.618724100487341,134.99474972324538,2.9542800977972092,137.45964941871432,-2.2141355026986957,2.2141355026986957,4.902396024310806
space0_time3,2020-11-29 07:00:00,68.75,-139.5,0,3,123.48503875732422,116.89232949641834,129.23707633078018,0.9044798351615004,0.005296603143082138,0.14817104637871398,0.15346764952179612,84.59998086910299,2557.749202603486,2642.349183472589,6.5927092609058775,6.5927092609058775,43.46381539883412,-5.752037573455965,137.45964941871432,-13.974610661390102,13.974610661390102,195.2897431374379
space0_time3,2020-11-30 08:00:00,68.75,-166.25,0,3,133.9387969970703,124.70146626889247,133.93534071637674,0.9310572221036264,0.003321423732145639,0.16431153047791938,0.16763295421006502,61.177384977761676,3294.7611756677443,3355.938560645506,9.237330728177838,9.237330728177838,85.3282789817385,0.0034562806935696244,137.45964941871432,-3.5208524216440082,3.5208524216440082,12.396401774996477
space0_time3,2020-12-01 02:00:00,81.25,-62.25,0,3,112.37791442871094,111.15181299290539,124.47249931295056,0.8929828966754004,0.0035967073495567843,0.11492801363364388,0.11852472098320067,50.118040821608176,1700.164541681329,1750.2825825029372,1.2261014358055462,1.2261014358055462,1.503324730884422,-12.094584884239623,137.45964941871432,-25.081734990003383,25.081734990003383,629.09343010876
space0_time3,2020-12-01 09:00:00,60.5,-173.25,0,3,114.9913558959961,124.48588280762289,131.6386137971344,0.9456638839988509,0.004570754309155273,0.16694544015568957,0.17151619446484484,84.27708892893368,3357.718796944715,3441.9958858736486,-9.494526911626792,9.494526911626792,90.1460412756054,-16.647257901138317,137.45964941871432,-22.468293522718227,22.468293522718227,504.8242138230218
space0_time3,2020-12-05 06:00:00,63.0,-131.75,0,3,163.9933624267578,131.94397494412863,137.27200771899666,0.9611863127566778,0.005764049551496548,0.1429661752133754,0.14873022476487194,116.77551659403977,3122.6473866446954,3239.422903238735,32.049387482629186,32.049387482629186,1027.1632380117082,26.72135470776115,137.45964941871432,26.53371300804349,26.53371300804349,704.0379259932164
space0_time3,2020-12-05 06:00:00,67.0,-130.5,0,3,138.51231384277344,123.14218727015937,128.46539116947946,0.9585631285526744,0.006489924209757168,0.14368288816391056,0.15017281237366772,114.7314828806523,2740.5037199700187,2855.235202850671,15.370126572614069,15.370126572614069,236.24079085817712,10.046922673293977,137.45964941871432,1.0526644240591168,1.0526644240591168,1.108102389679712
space0_time3,2020-12-06 06:00:00,60.5,-135.0,0,3,148.31271362304688,132.71439925842736,137.43763108729445,0.9656336347512631,0.005966836080469908,0.1446385507395313,0.1506053868200012,122.54161874169668,3205.56780019804,3328.1094189397368,15.598314364619512,15.598314364619512,243.3074110174954,10.875082535752426,137.45964941871432,10.853064204332554,10.853064204332554,117.78900262336462
space0_time3,2020-12-06 06:00:00,64.5,-133.75,0,3,150.92616271972656,123.54028694342833,128.2932014174931,0.9629527175130836,0.0051423612993270916,0.1451624075760043,0.1503047688753314,91.4478412704676,2785.377525216256,2876.8253664867234,27.385875776298235,27.385875776298235,749.9861920348385,22.63296130223347,137.45964941871432,13.466513301012242,13.466513301012242,181.34698048633962
space0_time3,2020-12-06 06:00:00,68.75,-132.25,0,3,120.87159729003906,127.98263408067434,131.20004154804303,0.9754770849962684,0.006230232863926794,0.14591102972773046,0.15214126259165725,119.18841904464932,3014.6676653483123,3133.8560843929617,-7.111036790635282,7.111036790635282,50.566844237768535,-10.32844425800397,137.45964941871432,-16.58805212867526,16.58805212867526,275.16347342364776
space0_time3,2020-12-07 06:00:00,62.0,-137.25,0,3,146.35263061523438,132.4654059754544,135.9527543390838,0.9743488215403752,0.005515846714836285,0.14697343652864972,0.152489283243486,113.04222419779099,3253.64560796347,3366.6878321612608,13.887224639779987,13.887224639779987,192.8550081957124,10.399876276150565,137.45964941871432,8.892981196520054,8.892981196520054,79.08511456165925
space0_time3,2020-12-07 06:00:00,66.25,-135.5,0,3,139.81903076171875,126.80501199830134,130.36481386316805,0.972693537777739,0.0065741980126686785,0.1473129030082878,0.15388710102095648,123.7018770247215,2996.2793243208857,3119.981201345607,13.014018763417411,13.014018763417411,169.36468437458043,9.454216898550698,137.45964941871432,2.3593813430044293,2.3593813430044293,5.566680321717384
space0_time3,2020-12-08 06:00:00,63.5,-139.0,0,3,116.29808044433594,129.81866363015183,132.77618108430912,0.9777255421115073,0.004915581276062383,0.14892565455616733,0.1538412358322297,96.85663830927744,3171.9844967570875,3268.841135066365,-13.520583185815894,13.520583185815894,182.8061696845675,-16.478100639973178,137.45964941871432,-21.161568974378383,21.161568974378383,447.81200145737375
space0_time3,2020-12-08 06:00:00,67.75,-137.5,0,3,122.83168029785156,128.3382199086145,130.5208201634425,0.9832777617234184,0.005436771177874019,0.1494857188771645,0.15492249005503853,104.83738377112503,3117.594087232963,3222.431471004088,-5.506539610762928,5.506539610762928,30.32197848490114,-7.689139865590931,137.45964941871432,-14.627969120862758,14.627969120862758,213.9774806009144
space0_time3,2020-12-08 08:00:00,53.75,-166.0,0,3,146.35263061523438,128.67224834447148,134.26317144000998,0.9583584758532496,0.0035907724807423044,0.16384933135433716,0.16744010383507946,70.4135013220124,3497.496959394739,3567.9104607167515,17.68038227076289,17.68038227076289,312.5959172403068,12.089459175224391,137.45964941871432,8.892981196520054,8.892981196520054,79.08511456165925
space0_time3,2020-12-08 08:00:00,62.0,-163.75,0,3,149.6194305419922,125.77030877380705,133.32396750091425,0.9433435797876677,0.0030429275909502184,0.1638678125109201,0.16691074010187032,56.96357225669687,3338.3287327445123,3395.292305001209,23.849121768185142,23.849121768185142,568.7806091137224,16.295463041077937,137.45964941871432,12.159781123277867,12.159781123277867,147.86027696602474
space0_time3,2020-12-08 08:00:00,66.25,-162.0,0,3,127.40519714355469,116.24289685190344,123.49889233997065,0.9412464731416962,0.003207607383400944,0.163837031118998,0.16704463850239895,51.304720639510606,2851.98286798424,2903.2875886237507,11.162300291651249,11.162300291651249,124.59694780099755,3.9063048035840353,137.45964941871432,-10.054452275159633,10.054452275159633,101.09201055346273
space0_time3,2020-12-08 08:00:00,70.5,-160.25,0,3,141.12576293945312,123.60226863333294,130.69374666853528,0.9457397295894518,0.0035297358777979858,0.1639763744750064,0.16750611035280438,63.87174340924502,3230.037434318663,3293.909177727908,17.523494306120185,17.523494306120185,307.0728526966265,10.432016270917842,137.45964941871432,3.6661135207388043,3.6661135207388043,13.440388346943871
space0_time3,2020-12-09 07:00:00,65.25,-140.75,0,3,138.51231384277344,129.88331158467264,134.68728241974026,0.9643324094987938,0.005170302692524238,0.150968548360429,0.15613885105295325,102.22476427267014,3230.3056139031855,3332.5303781758557,8.629002258100797,8.629002258100797,74.45967997030866,3.825031423033181,137.45964941871432,1.0526644240591168,1.0526644240591168,1.108102389679712
space0_time3,2020-12-09 07:00:00,69.25,-139.0,0,3,138.51231384277344,125.61335891670818,129.7740260206714,0.9679391382733207,0.005948504879972312,0.15129192697028201,0.15724043185025433,110.1692704547998,3034.0742673839204,3144.2435378387204,12.898954926065258,12.898954926065258,166.38303818466318,8.738287822102023,137.45964941871432,1.0526644240591168,1.0526644240591168,1.108102389679712
space0_time3,2020-12-09 08:00:00,67.75,-164.0,0,3,137.8589630126953,122.29758986712037,130.2639612765255,0.9388443946327256,0.0033946940280824085,0.1656165564237408,0.1690112504518232,60.22467203731046,3200.913247714817,3261.1379197521273,15.561373145574947,15.561373145574947,242.15633417582114,7.59500173616982,137.45964941871432,0.39931359398099175,0.39931359398099175,0.15945134633801633
space0_time3,2020-12-10 08:00:00,65.0,-167.25,0,3,147.65936279296875,124.99632987085455,131.7329862798322,0.9488612791737115,0.003472382102555754,0.16717060888427948,0.17064299098683525,64.45929894073502,3383.5921735484985,3448.0514724892337,22.663032922114198,22.663032922114198,513.613061228832,15.926376513136546,137.45964941871432,10.19971337425443,10.19971337425443,104.03415291694468
space0_time3,2020-12-11 02:00:00,81.75,-60.75,0,3,124.13839721679688,113.09480005348712,122.7768127049481,0.9211413585501005,0.004044049664423838,0.11838875578334981,0.12243280544777366,58.58036814597226,1824.254049578968,1882.8344177249403,11.043597163309755,11.043597163309755,121.96103830546328,1.3615845118487755,137.45964941871432,-13.321252201917446,13.321252201917446,177.4557602270904
space0_time3,2020-12-13 02:00:00,80.5,-67.5,0,3,113.68463897705078,114.06978604406112,123.95237044427009,0.9202711140998122,0.0035235454341906174,0.12236895694441507,0.1258925023786057,52.090784937160294,1927.792123910343,1979.8829088475034,-0.38514706701033674,0.38514706701033674,0.14833826322666482,-10.267731467219306,137.45964941871432,-23.77501044166354,23.77501044166354,565.2511215012104
space0_time3,2020-12-16 06:00:00,61.0,-135.0,0,3,124.13839721679688,130.7277595945337,132.03676068281783,0.990086086014874,0.005428816519471195,0.14826636682465105,0.15369518334412224,108.4848658659896,3202.4201597800275,3310.905025646017,-6.589362377736819,6.589362377736819,43.41969654513343,-7.898363466020953,137.45964941871432,-13.321252201917446,13.321252201917446,177.4557602270904
space0_time3,2020-12-16 06:00:00,65.0,-133.5,0,3,113.68463897705078,129.56620527992987,131.25713069372034,0.9871174586488859,0.0057388044984865326,0.1486675351766036,0.15440633967509015,112.74816740886583,3158.1473818446575,3270.8955492535233,-15.881566302879094,15.881566302879094,252.2241482327447,-17.57249171666956,137.45964941871432,-23.77501044166354,23.77501044166354,565.2511215012104
space0_time3,2020-12-16 06:00:00,69.25,-131.75,0,3,133.28543090820312,128.54700476813787,131.69485929847949,0.9760973621361548,0.005824505869404877,0.14907134675784434,0.15489585262724923,112.69867603694526,3119.539907897932,3232.2385839348776,4.738426140065258,4.738426140065258,22.452682284853736,1.5905716097236393,137.45964941871432,-4.174218510511196,4.174218510511196,17.424100173494306
space0_time3,2020-12-17 06:00:00,62.5,-136.75,0,3,147.00599670410156,131.0067727062917,132.02317109633802,0.9923013636045397,0.005956755433913852,0.1502335484122357,0.15619030384614957,119.87372144623477,3271.938546132991,3391.812267579226,15.99922399780985,15.99922399780985,255.97516853209459,14.982825607763544,137.45964941871432,9.546347285387242,9.546347285387242,91.13274649322037
space0_time3,2020-12-17 06:00:00,66.75,-135.25,0,3,135.8988800048828,131.27592765210133,133.78675893197797,0.9812325875899779,0.006906751143390012,0.1506044236760118,0.1575111748194018,139.81407032448865,3301.622493550382,3441.4365638748704,4.622952352781482,4.622952352781482,21.37168845608784,2.1121210729048414,137.45964941871432,-1.5607694138315082,1.5607694138315082,2.43600116315195
space0_time3,2020-12-18 08:00:00,54.25,-165.75,0,3,172.48703002929688,130.05268826303598,133.81200706868108,0.9719059680218716,0.0038139922578636814,0.16685360217112144,0.17066759442898513,76.65966732190192,3656.672882904546,3733.332550226448,42.4343417662609,42.4343417662609,1800.6733611358343,38.67502296061579,137.45964941871432,35.027380610582554,35.027380610582554,1226.9173924386146
space0_time3,2020-12-18 08:00:00,62.5,-163.25,0,3,154.19296264648438,123.31034263134656,129.46400591893044,0.9524681532607814,0.008481501923284156,0.1667490593653833,0.17523056128866746,154.31796093785294,3315.581222760765,3469.899183698618,30.882620015137817,30.882620015137817,953.7362189993909,24.728956727553935,137.45964941871432,16.733313227770054,16.733313227770054,280.00377157866427
space0_time3,2020-12-18 08:00:00,66.75,-162.0,0,3,145.69927978515625,121.91021135183922,128.2556924611275,0.9505247604412453,0.004051323364781195,0.1670457494908514,0.1710970728556326,71.5918561384448,3219.288742166444,3290.8805983048887,23.789068433317027,23.789068433317027,565.9197769250407,17.443587324028755,137.45964941871432,8.23963036644193,8.23963036644193,67.89150857559196
space0_time3,2020-12-18 08:00:00,71.0,-160.0,0,3,154.19296264648438,123.58743655933509,128.87116520026862,0.9589999156698672,0.003167044946205149,0.16714777893109814,0.1703148238773033,57.44570452597734,3305.1608515758535,3362.606556101831,30.605526087149286,30.605526087149286,936.6982270711756,25.321797446215754,137.45964941871432,16.733313227770054,16.733313227770054,280.00377157866427
space0_time3,2020-12-19 07:00:00,65.75,-140.5,0,3,131.9787139892578,128.36849565523573,129.83317766948872,0.9887187386110081,0.005120377824328325,0.15421093421308632,0.15933131203741466,99.20372311193063,3238.689091521156,3337.892814633087,3.610218334022079,3.610218334022079,13.033676419309156,2.145536319769093,137.45964941871432,-5.480935429456508,5.480935429456508,30.040653181871598
space0_time3,2020-12-19 07:00:00,69.75,-139.0,0,3,137.20559692382812,121.66246535867859,122.10461065504856,0.996378963136625,0.004093210714150324,0.15477151392421495,0.1588647246383653,71.16402991412006,2916.2018096066868,2987.3658395208067,15.543131565149537,15.543131565149537,241.58893885154788,15.100986268779565,137.45964941871432,-0.25405249488619575,0.25405249488619575,0.06454267015790051
space0_time3,2020-12-19 08:00:00,59.75,-166.5,0,3,155.4996795654297,126.4263292190507,129.92790549061772,0.973049852082624,0.008139869659090233,0.16843834991012188,0.1765782195692121,155.8648561787051,3527.17723285726,3683.042089035965,29.073350346378987,29.073350346378987,845.2597003632952,25.57177407481197,137.45964941871432,18.040030146715367,18.040030146715367,325.44268769439924
space0_time3,2020-12-19 08:00:00,68.25,-163.75,0,3,148.96607971191406,124.33907111698288,130.85187824135576,0.9502276374485044,0.0031484675056682614,0.1687388257157303,0.17188729322139856,57.89592753690565,3385.350231516756,3443.246159053662,24.627008594931183,24.627008594931183,606.4895523348143,18.1142014705583,137.45964941871432,11.506430293199742,11.506430293199742,132.3979380922647
space0_time3,2020-12-20 08:00:00,57.25,-169.75,0,3,171.83367919921875,130.25878200377892,133.13350370199515,0.9784072256924072,0.0038557030330823422,0.17022584635083016,0.1740815493839125,78.01134821490082,3761.880490967132,3839.891839182033,41.57489719543983,41.57489719543983,1728.4720768113907,38.7001754972236,137.45964941871432,34.37402978050443,34.37402978050443,1181.5739233510053
space0_time3,2020-12-20 08:00:00,65.75,-167.0,0,3,139.81903076171875,125.88537847105002,131.06957677066015,0.9604469745966965,0.0035120488888930224,0.1703132476949784,0.17382529658387144,66.3384553027419,3513.3665162937746,3579.7049715965163,13.933652290668732,13.933652290668732,194.146666157258,8.749453991058601,137.45964941871432,2.3593813430044293,2.3593813430044293,5.566680321717384
space0_time3,2020-12-22 02:00:00,79.5,-67.25,0,3,118.91151428222656,111.85432862477289,118.17467018432559,0.9465169519856126,0.0034216611407481604,0.12475387686460421,0.12817553800535236,48.747431025715436,1896.1955980953987,1944.9430291211143,7.057185657453672,7.057185657453672,49.80386940376982,0.7368440979009705,137.45964941871432,-18.54813513648776,18.54813513648776,344.03331704141175
space0_time3,2020-12-26 06:00:00,61.25,-134.75,0,3,157.4597625732422,131.74515806623396,131.68301810703858,1.0004718904539758,0.00543285782587538,0.15156864296359313,0.1570015007894685,110.62742796651389,3341.5762686019507,3452.2036965684647,25.714604507008232,25.714604507008232,661.2408849518481,25.77674446620361,137.45964941871432,20.000113154527867,20.000113154527867,400.0045261939186
space0_time3,2020-12-26 06:00:00,65.5,-133.5,0,3,139.81903076171875,129.2819021162237,129.5414816858352,0.9979961664307576,0.00612340005030815,0.1522320813125408,0.15835548136284894,120.27389333293651,3239.5894508294523,3359.863344162389,10.537128645495045,10.537128645495045,111.03108009171224,10.277549075883542,137.45964941871432,2.3593813430044293,2.3593813430044293,5.566680321717384
space0_time3,2020-12-26 06:00:00,69.5,-132.0,0,3,131.9787139892578,128.33245734228026,128.97529316489363,0.9950158219699371,0.005537766022166558,0.15288661302916326,0.1584243790513298,107.15526683778867,3205.3254464067554,3312.480713244544,3.646256646977548,3.646256646977548,13.295187535627953,3.0034208243641842,137.45964941871432,-5.480935429456508,5.480935429456508,30.040653181871598
space0_time3,2020-12-27 06:00:00,62.75,-136.75,0,3,135.8988800048828,132.97354028288512,131.80804193916015,1.0088423917583336,0.0052890072864364285,0.1536861314472462,0.15897513873368263,109.92479224324711,3461.8161301667856,3571.740922410033,2.9253397219976875,2.9253397219976875,8.557612489097508,4.090838065722664,137.45964941871432,-1.5607694138315082,1.5607694138315082,2.43600116315195
space0_time3,2020-12-27 06:00:00,66.75,-135.5,0,3,142.43247985839844,131.27023081199695,131.25971151299686,1.000080141110161,0.006501364551761542,0.15429101206428975,0.16079237661605128,132.00208068157062,3398.305630847481,3530.3077115290516,11.162249046401485,11.162249046401485,124.59580377389085,11.172768345401579,137.45964941871432,4.972830439684117,4.972830439684117,24.729042581848926
space0_time3,2020-12-28 06:00:00,64.25,-138.75,0,3,145.69927978515625,133.52742420186652,132.09291646345002,1.0108598384896246,0.005414305292683183,0.1557763074790418,0.161190612771725,113.72713764842342,3550.2861940081248,3664.013331656548,12.171855583289727,12.171855583289727,148.1540683404613,13.606363321706226,137.45964941871432,8.23963036644193,8.23963036644193,67.89150857559196
space0_time3,2020-12-28 06:00:00,68.5,-137.25,0,3,130.0186309814453,133.34574944892256,132.31986649690685,1.0077530531066523,0.005264153444991781,0.1563765813429149,0.1616407347879067,110.31388260636902,3556.4368045679025,3666.7506871742717,-3.3271184674772485,3.3271184674772485,11.069717296628154,-2.301235515461542,137.45964941871432,-7.441018437269008,7.441018437269008,55.36875538377731
space0_time3,2020-12-28 08:00:00,62.75,-163.5,0,3,133.28543090820312,134.54958574189962,136.31283638738867,0.9870646764294596,0.0035380398155419102,0.16993782978120453,0.17347586959674643,76.31950781149602,4002.7175687386334,4079.0370765501293,-1.2641548336964945,1.2641548336964945,1.5980874435582118,-3.0274054791855463,137.45964941871432,-4.174218510511196,4.174218510511196,17.424100173494306
space0_time3,2020-12-29 07:00:00,66.0,-140.75,0,3,153.5395965576172,137.52477011990223,135.76218582803742,1.0129828809186774,0.004701703110239458,0.15794550106697375,0.1626472041772132,104.87577968799806,3825.573807496186,3930.449587184184,16.01482643771496,16.01482643771496,256.474665830134,17.77741072957977,137.45964941871432,16.079947138902867,16.079947138902867,258.5646999899105
space0_time3,2020-12-29 08:00:00,60.25,-166.75,0,3,180.980712890625,136.44130287162227,137.9762929536428,0.9888749722929848,0.008476524706850612,0.171565647258358,0.1800421719652086,189.7329781899263,4207.093796733907,4396.826774923833,44.53941001900273,44.53941001900273,1983.7590448408407,43.0044199369822,137.45964941871432,43.52106347191068,43.52106347191068,1894.082965726078
space0_time3,2020-12-29 08:00:00,64.25,-165.5,0,3,150.92616271972656,126.75812948964189,128.48950916057063,0.986525128142835,0.0028481926375166665,0.17167380476003805,0.17452199739755472,54.56743849978636,3593.339445155882,3647.9068836556685,24.168033230084674,24.168033230084674,584.0938302104771,22.43665355915593,137.45964941871432,13.466513301012242,13.466513301012242,181.34698048633962
space0_time3,2020-12-29 08:00:00,68.5,-163.75,0,3,155.4996795654297,130.66314947965222,131.372488402985,0.9946005519728238,0.0029572556710179866,0.1716816099926209,0.17463886566363887,60.211872232785325,3819.2004632272537,3879.4123354600392,24.83653008577747,24.83653008577747,616.8532267017293,24.12719116244469,137.45964941871432,18.040030146715367,18.040030146715367,325.44268769439924
space0_time3,2020-12-30 08:00:00,65.75,-167.5,0,3,143.73919677734375,134.53755612142044,136.450533830685,0.9859804307424818,0.0032175713173108952,0.17338982519559815,0.17660739651290905,69.60072164204482,4102.066358476934,4171.667080118978,9.201640655923313,9.201640655923313,84.67019076074082,7.2886629466587465,137.45964941871432,6.279547358629429,6.279547358629429,39.43271502926984
space0_time3,2020-12-31 08:00:00,63.25,-170.75,0,3,136.55223083496094,130.68774426863223,132.3161201242848,0.9876932919879825,0.0037058979564190764,0.17489830235839715,0.17860420031481622,75.81147966278458,3917.091029288427,3992.9025089512115,5.864486566328708,5.864486566328708,34.392202686649874,4.236110710676144,137.45964941871432,-0.9074185837533832,0.9074185837533832,0.8234084861409958
space1_time0,2020-01-02 15:00:00,47.75,95.5,1,0,131.3253631591797,137.45385339393903,134.12323962588349,1.024832488220131,0.006728966656434475,0.03144663349991576,0.038175600156350235,132.52678531391078,631.3006662302004,763.8274515441111,-6.12849023475934,6.12849023475934,37.55839255754059,-2.797876466703798,137.00622535500582,-5.680862195826137,5.680862195826137,32.27219528796656
space1_time0,2020-01-02 15:00:00,56.0,98.0,1,0,141.77911376953125,143.21079019629275,135.77121960083227,1.0547949014329605,0.005178350078073476,0.023329038369312532,0.02850738844738601,109.55909609454388,500.6722655515263,610.2313616460702,-1.4316764267614985,1.4316764267614985,2.0496973909445724,6.007894168698982,137.00622535500582,4.772888414525426,4.772888414525426,22.78046381751103
space1_time0,2020-01-02 16:00:00,31.75,91.5,1,0,149.6194305419922,139.59815679071014,138.14114108714534,1.0105472974386804,0.013211000967076527,0.04733470348191495,0.060545704448991475,275.3351438662981,1016.92822920908,1292.263373075378,10.021273751282052,10.021273751282052,100.42592759813466,11.478289454846845,137.00622535500582,12.613205186986363,12.613205186986363,159.0929450890197
space1_time0,2020-01-02 16:00:00,35.75,92.5,1,0,166.60679626464844,135.43799602795883,132.47950060657675,1.0223317223256136,0.016039150230135,0.04335223250764145,0.059391382737776444,314.7337061674693,876.3940012367626,1191.1277074042318,31.168800236689606,31.168800236689606,971.494108194662,34.12729565807169,137.00622535500582,29.600570909642613,29.600570909642613,876.1937981767805
space1_time0,2020-01-02 16:00:00,39.75,93.5,1,0,165.30007934570312,143.39859497847348,139.0752164197409,1.0310866211107252,0.007437078512770879,0.039145167943041716,0.0465822464558126,160.8194280141277,866.4754079440618,1027.2948359581894,21.901484367229642,21.901484367229642,479.6750174880044,26.224862925962213,137.00622535500582,28.2938539906973,28.2938539906973,800.5421736468976
space1_time0,2020-01-02 17:00:00,42.25,70.0,1,0,172.48703002929688,136.29134721952536,133.90561953787397,1.0178164866410004,0.006050002184595571,0.03955858730569738,0.04560858949029296,117.98154058579244,789.2793480893255,907.2608886751179,36.19568280977151,36.19568280977151,1310.1274540655888,38.5814104914229,137.00622535500582,35.48080467429105,35.48080467429105,1258.8875003351936
space1_time0,2020-01-02 17:00:00,46.5,71.0,1,0,134.5921630859375,136.66812460024704,133.25282104846065,1.0256302532652901,0.004688524673033563,0.035964976297252205,0.04065350097028577,91.42074683406992,715.7133882191883,807.1341350532582,-2.0759615143095402,2.0759615143095402,4.30961620889436,1.3393420374768539,137.00622535500582,-2.4140622690683244,2.4140622690683244,5.827696638939307
space1_time0,2020-01-02 17:00:00,50.5,72.0,1,0,166.60679626464844,135.41382006641518,133.56887245788266,1.0138127063183395,0.004373882479968256,0.03251222314193696,0.03688610562190522,83.39934590288793,631.4961382360079,714.8954841388959,31.192976198233254,31.192976198233254,973.0017641035463,33.037923806765775,137.00622535500582,29.600570909642613,29.600570909642613,876.1937981767805
space1_time0,2020-01-02 17:00:00,54.5,73.5,1,0,154.8463134765625,136.24982105215403,135.70474991660123,1.0040165958515657,0.006075222109163626,0.02895332142280897,0.03502854353197259,117.1565651014901,568.2294187788051,685.3859838802952,18.596492424408467,18.596492424408467,345.8295304910815,19.14156355996127,137.00622535500582,17.840088121556676,17.840088121556676,318.2687441849076
space1_time0,2020-01-03 16:00:00,29.75,88.75,1,0,155.4996795654297,135.83341255640238,135.54507467270295,1.0021272472230784,0.01152643054431907,0.049385238832641565,0.06091166937696063,227.33536417035654,1004.240771934274,1231.5761361046305,19.666267009027308,19.666267009027308,386.7620580703559,19.954604892726735,137.00622535500582,18.493454210423863,18.493454210423863,342.0078486330441
space1_time0,2020-01-03 16:00:00,34.0,89.75,1,0,172.48703002929688,140.33302723430353,138.51854364443196,1.0130992107058912,0.012911175259459945,0.045424172284862924,0.05833534754432287,271.2857151785721,982.7653874629281,1254.0511026415002,32.154002794993346,32.154002794993346,1033.87989574044,33.96848638486492,137.00622535500582,35.48080467429105,35.48080467429105,1258.8875003351936
space1_time0,2020-01-03 16:00:00,38.0,90.75,1,0,165.30007934570312,142.24392941604543,139.0231851246838,1.0231669580039693,0.012721946064116398,0.04135147874292773,0.05407342480704413,273.4451885979054,913.2247836830597,1186.669972280965,23.056149929657693,23.056149929657693,531.5860495788544,26.27689422101932,137.00622535500582,28.2938539906973,28.2938539906973,800.5421736468976
space1_time0,2020-01-03 17:00:00,44.75,68.0,1,0,187.51431274414062,146.49400158057477,144.1303275179183,1.0163995607542249,0.0077039496741699385,0.03738825859353752,0.045092208267707455,173.62425056618457,861.8824840748201,1035.5067346410046,41.02031116356585,41.02031116356585,1682.665927955765,43.383985226222336,137.00622535500582,50.5080873891348,50.5080873891348,2551.0668917084777
space1_time0,2020-01-03 17:00:00,48.5,69.25,1,0,162.68663024902344,139.5325844589421,136.73817564504117,1.020436200795562,0.005693663842099285,0.03428070295886815,0.039974366800967435,115.7019547510578,710.7217311787707,826.4236859298285,23.15404579008134,23.15404579008134,536.1098364491835,25.94845460398227,137.00622535500582,25.680404894017613,25.680404894017613,659.4831955206838
space1_time0,2020-01-03 17:00:00,52.75,70.25,1,0,148.96607971191406,135.73446591228958,134.52853717058395,1.0089641110136838,0.00519128301628237,0.030767676347797757,0.035958959364080126,99.40300673754422,599.8525986048759,699.25560534242,13.231613799624483,13.231613799624483,175.07560374241305,14.437542541330117,137.00622535500582,11.959854356908238,11.959854356908238,143.03811623845695
space1_time0,2020-01-04 16:00:00,28.0,86.0,1,0,127.40519714355469,144.9472324779106,143.11096846257786,1.0128310501637956,0.013360151668178685,0.05024105619107934,0.06360120785925802,301.13223489750595,1169.1167746475317,1470.2490095450376,-17.542035334355916,17.542035334355916,307.72300367179145,-15.705771319023171,137.00622535500582,-9.601028211451137,9.601028211451137,92.17974271708061
space1_time0,2020-01-04 16:00:00,32.0,86.75,1,0,170.52696228027344,138.74041151952147,138.32920595938754,1.0029726590077777,0.013296928227505597,0.047633784782111,0.0609307130096166,273.84810777792984,1011.4450759566498,1285.2931837345795,31.786550760751965,31.786550760751965,1010.3848092658613,32.1977563208859,137.00622535500582,33.52073692526761,33.52073692526761,1123.6398040129995
space1_time0,2020-01-04 16:00:00,36.0,87.75,1,0,162.68663024902344,134.4022787690516,132.6521092311251,1.0131936804327557,0.015899099769583248,0.04375927915672697,0.05965837892631022,307.2926152794747,871.4339523604834,1178.7265676399581,28.284351479971832,28.284351479971832,800.0045386425847,30.034521017898328,137.00622535500582,25.680404894017613,25.680404894017613,659.4831955206838
space1_time0,2020-01-04 17:00:00,47.0,66.25,1,0,145.69927978515625,143.61921049831693,141.75047123604028,1.013183301938833,0.0052267956588418355,0.03545579159762686,0.04068258725646869,112.58079042366894,779.4213950939463,892.0021855176153,2.0800692868393185,2.0800692868393185,4.326688238052231,3.9488085491159666,137.00622535500582,8.693054430150426,8.693054430150426,75.56919532555794
space1_time0,2020-01-04 17:00:00,51.0,67.5,1,0,145.04591369628906,140.739093002308,138.59207443258023,1.0154916403302139,0.00499533642696584,0.03228241408466646,0.0372777505116323,102.96009501261413,677.9276749562302,780.8877699688444,4.306820693981052,4.306820693981052,18.548704490103432,6.453839263708829,137.00622535500582,8.039688341283238,8.039688341283238,64.63658862496563
space1_time0,2020-01-04 17:00:00,55.0,68.5,1,0,150.27279663085938,134.21046334144518,133.93621393383845,1.0020476120651145,0.005589316924086428,0.0291942331128905,0.034783550036976925,104.53267420847942,555.5950991875255,660.127773396005,16.062333289414198,16.062333289414198,257.9985507002235,16.33658269702093,137.00622535500582,13.26657127585355,13.26657127585355,176.00191341730252
space1_time0,2020-01-04 19:00:00,49.5,42.75,1,0,143.08583068847656,145.43902708666045,141.6169646530866,1.026988732903128,0.00449766387692638,0.02882131103283018,0.033318974909756556,98.58167339951102,642.3514527441843,740.9331261436953,-2.353196398183883,2.353196398183883,5.537533288425599,1.468866035389965,137.00622535500582,6.079605333470738,6.079605333470738,36.96160101076585
space1_time0,2020-01-05 18:00:00,49.25,64.25,1,0,186.2075958251953,136.61659065094224,135.29415604578242,1.0097745138726635,0.004930456053490735,0.033581777319435624,0.038512233372926356,95.87176074583655,665.7176647439794,761.589425489816,49.59100517425307,49.59100517425307,2459.2677941927946,50.9134397794129,137.00622535500582,49.20137047018949,49.20137047018949,2420.7748561448343
space1_time0,2020-01-05 18:00:00,53.25,65.5,1,0,162.68663024902344,134.3674647928618,133.16261620809914,1.0090479491847761,0.005453340256002075,0.030578675685167585,0.03603201594116966,102.34910840681525,584.3603972634961,686.7095056703114,28.31916545616164,28.31916545616164,801.9751321334588,29.5240140409243,137.00622535500582,25.680404894017613,25.680404894017613,659.4831955206838
space1_time0,2020-01-06 14:00:00,50.25,110.5,1,0,159.41983032226562,143.67577456097985,135.54480893045042,1.0599872890351822,0.005493539389687767,0.02349796931169695,0.028991508701384717,117.05868533707564,508.02677665072605,625.0854619878016,15.744055761285779,15.744055761285779,247.87529181447593,23.87502139181521,137.00622535500582,22.4136049672598,22.4136049672598,502.3696876283732
space1_time0,2020-01-06 16:00:00,51.5,87.0,1,0,162.0332794189453,134.70287905469442,130.95425490069087,1.028625447541558,0.006009518983017981,0.028088944391583572,0.034098463374601554,113.16388433874219,538.0486721886076,651.2125565273498,27.33040036425089,27.33040036425089,746.9507840702453,31.079024518254442,137.00622535500582,25.027054063939488,25.027054063939488,626.35343511935
space1_time0,2020-01-06 16:00:00,55.25,88.5,1,0,133.9387969970703,142.81036613065794,137.7799833947613,1.0365102579631165,0.004830292005580137,0.024055501584556584,0.02888579359013672,101.64525240679512,513.5830109042616,615.2282633110567,-8.871569133587627,8.871569133587627,78.70473889202472,-3.84118639769099,137.00622535500582,-3.067428357935512,3.067428357935512,9.409116731066952
space1_time0,2020-01-06 16:00:00,59.25,90.0,1,0,149.6194305419922,140.66403305820216,134.47909515814735,1.0459918167413402,0.004643556571386601,0.02027422322695327,0.02491777979833987,94.4163595390483,417.40592472469564,511.82228426374394,8.955397483790023,8.955397483790023,80.19914409267267,15.140335383844842,137.00622535500582,12.613205186986363,12.613205186986363,159.0929450890197
space1_time0,2020-01-06 18:00:00,51.5,62.5,1,0,168.56687927246094,140.86314638447962,138.815348206982,1.0147519579351143,0.005201196240544067,0.03175127681094392,0.03695247305148799,107.36832540369747,667.6917570199034,775.0600824236009,27.703732887981317,27.703732887981317,767.4968159286177,29.75153106547893,137.00622535500582,31.560653917455113,31.560653917455113,996.0748756973748
space1_time0,2020-01-08 16:00:00,53.5,82.25,1,0,148.96607971191406,133.6080252177442,131.15509237599056,1.018702536038187,0.004935042043859708,0.026771194189222434,0.03170623623308214,91.1586451567759,502.4261082886608,593.5847534454367,15.358054494169863,15.358054494169863,235.86983784589114,17.8109873359235,137.00622535500582,11.959854356908238,11.959854356908238,143.03811623845695
space1_time0,2020-01-08 16:00:00,57.5,83.75,1,0,160.0731964111328,135.43933671009535,132.21301333406697,1.024402464588537,0.006500161215592704,0.02237373528462732,0.028873896500220025,123.13054310905473,429.98998768371337,553.1205307927681,24.633859701037466,24.633859701037466,606.8270437703976,27.86018307706584,137.00622535500582,23.066971056126988,23.066971056126988,532.0851537042003
space1_time0,2020-01-08 18:00:00,39.75,54.75,1,0,176.40719604492188,155.17480332051653,152.38116116026487,1.0183332515580026,0.006570358669212205,0.039464499372302064,0.04603485804151427,166.20790920371172,1021.6283833517863,1187.836292555498,21.232392724405344,21.232392724405344,450.81450080338095,24.026034884657008,137.00622535500582,39.40097068991605,39.40097068991605,1552.4364913076238
space1_time0,2020-01-08 18:00:00,43.75,55.5,1,0,149.6194305419922,145.30675618476656,142.5688625306751,1.0192040085436076,0.0069689664981029235,0.03648504245871065,0.043454008956813575,154.21478019348115,825.1475330647411,979.3623132582222,4.312674357225632,4.312674357225632,18.599160111471516,7.050568011317097,137.00622535500582,12.613205186986363,12.613205186986363,159.0929450890197
space1_time0,2020-01-08 18:00:00,48.0,56.5,1,0,141.77911376953125,138.22698527383832,135.89968091541473,1.0171251642590107,0.005936236399073566,0.03339061315848392,0.03932684955755748,118.32212716012408,678.79467966846,797.1168068285841,3.5521284956929264,3.5521284956929264,12.617616849913693,5.879432854116516,137.00622535500582,4.772888414525426,4.772888414525426,22.78046381751103
space1_time0,2020-01-08 18:00:00,52.0,57.75,1,0,161.37991333007812,137.11015841249906,136.27883592003127,1.0061001584498097,0.0055044732243436974,0.030866039035834104,0.036370512260177804,107.60844879282647,614.5057576979891,722.1142064908156,24.269754917579064,24.269754917579064,589.0210037593532,25.101077410046855,137.00622535500582,24.3736879750723,24.3736879750723,594.0766655061841
space1_time0,2020-01-08 18:00:00,56.0,59.0,1,0,138.51231384277344,131.4759603206347,132.38884067157548,0.9931045521185176,0.004526757123515216,0.028605956938810722,0.03313271406232594,81.06858551384217,520.87198132282,601.9405668366622,7.036353522138739,7.036353522138739,49.51027088851424,6.123473171197958,137.00622535500582,1.506088487767613,1.506088487767613,2.2683025329861355
space1_time0,2020-01-09 18:00:00,42.0,52.5,1,0,149.6194305419922,159.90379557468083,156.7507519719843,1.0201150142058655,0.0074445272980316205,0.037057697010713056,0.044502224308744676,199.75575659559294,1016.7823185299692,1216.538075125562,-10.28436503268864,10.28436503268864,105.76816412558883,-7.131321429992113,137.00622535500582,12.613205186986363,12.613205186986363,159.0929450890197
space1_time0,2020-01-09 18:00:00,46.0,53.75,1,0,179.0206298828125,149.68494119232042,146.6556210562218,1.020656011097845,0.008134949419729462,0.03418387476345536,0.04231882418318482,190.92271002546852,819.4706160335481,1010.3933260590167,29.335688690492077,29.335688690492077,860.5826309454648,32.365008826590696,137.00622535500582,42.014404527806676,42.014404527806676,1765.2101878261822
space1_time0,2020-01-09 18:00:00,50.25,54.75,1,0,169.22023010253906,135.51235385940214,133.88480946686784,1.0121563036091636,0.005085357532929897,0.03139976897448989,0.03648512650741979,97.10225118946009,610.6245725478061,707.7268237372662,33.70787624313692,33.70787624313692,1136.2209208226345,35.33542063567123,137.00622535500582,32.21400474753324,32.21400474753324,1037.742101874094
space1_time0,2020-01-09 18:00:00,54.25,56.0,1,0,137.20559692382812,136.7776415340238,136.65591381792987,1.0008907606900654,0.00474305547956267,0.029190954603807433,0.0339340100833701,92.01446985139597,576.0098499956142,668.0243198470102,0.4279553898043389,0.4279553898043389,0.18314581566258364,0.5496831058982536,137.00622535500582,0.19937156882230056,0.19937156882230056,0.03974902245466533
space1_time0,2020-01-09 18:00:00,58.5,57.25,1,0,133.9387969970703,134.57258950575468,136.8622347715674,0.9832704378265171,0.004772928515908584,0.02715844684308023,0.031931375358988816,89.45458584325092,517.2129064472092,606.6674922904601,-0.6337925086843654,0.6337925086843654,0.4016929440644214,-2.9234377744970743,137.00622535500582,-3.067428357935512,3.067428357935512,9.409116731066952
space1_time0,2020-01-11 15:00:00,29.25,93.25,1,0,137.8589630126953,135.9976704608563,135.9524083185589,1.0003329263737013,0.012465497408022436,0.048712691832911936,0.06117818924093437,246.6332134746474,993.8226254677305,1240.4558389423778,1.861292551839,1.861292551839,3.4644099635313363,1.9065546941364175,137.00622535500582,0.8527376576894881,0.8527376576894881,0.7271615128417546
space1_time0,2020-01-11 15:00:00,33.25,94.25,1,0,141.77911376953125,130.88369545696983,129.63331334146247,1.0096455307920258,0.013641553343054023,0.04475070008115205,0.05839225342420607,249.436468663632,842.5749535011156,1092.0114221647477,10.895418312561418,10.895418312561418,118.71014020569869,12.145800428068782,137.00622535500582,4.772888414525426,4.772888414525426,22.78046381751103
space1_time0,2020-01-11 15:00:00,37.25,95.0,1,0,163.9933624267578,140.57329415212556,137.9619755938371,1.0189278136026139,0.012386318029211061,0.04049842964530183,0.052884747674512886,259.66167601425474,871.7952374213241,1131.4569134355788,23.420068274632257,23.420068274632257,548.4995979884363,26.031386832920703,137.00622535500582,26.987137071751988,26.987137071751988,728.3055673295305
space1_time0,2020-01-11 15:00:00,41.5,96.0,1,0,157.4597625732422,139.87281568722526,136.8329064713635,1.022216214609882,0.007450991710495184,0.03585408413053303,0.04330507584102822,152.7941889586818,751.3758383941207,904.1700273528024,17.586946886016932,17.586946886016932,309.30070077158064,20.6268561018787,137.00622535500582,20.453537218236363,20.453537218236363,418.3471847377801
space1_time0,2020-01-11 15:00:00,45.5,97.0,1,0,147.65936279296875,135.9165296422256,133.63204908308947,1.0170953044184465,0.011674389029702588,0.03205069345804262,0.04372508248774521,226.62395022840238,635.9456159093427,862.569566137745,11.742833150743138,11.742833150743138,137.894130406192,14.02731370987928,137.00622535500582,10.653137437962926,10.653137437962926,113.48933727212729
space1_time0,2020-01-11 15:00:00,49.5,98.0,1,0,150.27279663085938,134.5142148411753,131.36831113647193,1.023947203686247,0.008429634808847708,0.027269515329545423,0.03569915013839313,158.7379707362241,522.7735730307394,681.5115437669635,15.758581789684087,15.758581789684087,248.3329000221629,18.904485494387444,137.00622535500582,13.26657127585355,13.26657127585355,176.00191341730252
space1_time0,2020-01-11 15:00:00,53.75,99.25,1,0,141.77911376953125,133.6154979777948,128.41395327747625,1.0405060709335776,0.005931731865265289,0.022886589878553985,0.028818321743819274,109.31997266434651,427.9231198459357,537.2430925102822,8.163615791736447,8.163615791736447,66.6446227950887,13.365160492054997,137.00622535500582,4.772888414525426,4.772888414525426,22.78046381751103
space1_time0,2020-01-11 17:00:00,60.5,77.25,1,0,148.31271362304688,131.5934402292747,131.43480324817824,1.0012069632789493,0.004853734540038348,0.02151501847005355,0.026368753010091898,86.50689160911219,388.55299608350566,475.05988769261785,16.71927339377217,16.71927339377217,279.53410281569796,16.877910374868634,137.00622535500582,11.30648826804105,11.30648826804105,127.83667695534992
space1_time0,2020-01-11 19:00:00,50.0,49.0,1,0,149.6194305419922,140.87937168008042,138.49021667447826,1.0172514352491624,0.005126483287781234,0.029799193309661364,0.0349256765974426,105.63213649820078,624.8569905112399,730.4891270094407,8.740058861911763,8.740058861911763,76.38862890968234,11.129213867513926,137.00622535500582,12.613205186986363,12.613205186986363,159.0929450890197
space1_time0,2020-01-14 16:00:00,32.0,86.5,1,0,154.19296264648438,138.43728026112902,138.97400464336218,0.9961379512405181,0.013081561505427752,0.04706641116058847,0.06014797266601622,267.9978801792096,993.7583959849959,1261.7562761642055,15.755682385355357,15.755682385355357,248.24152742819706,15.218958003122196,137.00622535500582,17.18673729147855,17.18673729147855,295.38393872629945
space1_time0,2020-01-14 16:00:00,36.0,87.5,1,0,139.16567993164062,134.199836078719,133.62042638684483,1.0043362359149843,0.013678013052886018,0.04305942822983933,0.05673744128272535,262.5072307211774,850.2312425709888,1112.7384732921662,4.965843852921637,4.965843852921637,24.65960517159961,5.5452535447957985,137.00622535500582,2.1594545766348006,2.1594545766348006,4.663244068548986
space1_time0,2020-01-14 17:00:00,46.75,65.75,1,0,149.6194305419922,140.79804779328524,139.11626001592685,1.012089081299094,0.005486925262141792,0.034724581244345805,0.040211506506487596,113.54760073304945,733.2279756895946,846.775576422644,8.821382748706952,8.821382748706952,77.81679359918462,10.503170526065333,137.00622535500582,12.613205186986363,12.613205186986363,159.0929450890197
space1_time0,2020-01-14 17:00:00,50.75,66.75,1,0,148.96607971191406,137.00094679282893,136.8305585836969,1.0012452496788415,0.004955139941536893,0.03148095177453203,0.03643609171606892,96.69488340752085,625.6405799271473,722.3354633346681,11.965132919085136,11.965132919085136,143.1644057713748,12.135521128217164,137.00622535500582,11.959854356908238,11.959854356908238,143.03811623845695
space1_time0,2020-01-14 17:00:00,55.0,68.0,1,0,142.43247985839844,132.09181227134295,133.6836098367816,0.9880927993537718,0.005560153241320266,0.02810387119545625,0.03366402443677652,100.61589388740055,517.2133879503662,617.8292818377668,10.340667587055492,10.340667587055492,106.92940614598005,8.748870021616824,137.00622535500582,5.426254503392613,5.426254503392613,29.444237935588614
space1_time0,2020-01-15 18:00:00,49.0,64.0,1,0,169.87359619140625,136.5686337536228,135.82825356223324,1.0054508555618757,0.005303271505275404,0.0328324893810344,0.0381357608863098,103.02913209082075,650.1597276443302,753.188859735151,33.304962437783445,33.304962437783445,1109.2205229821661,34.04534262917301,137.00622535500582,32.867370836400426,32.867370836400426,1080.2640656974652
space1_time0,2020-01-15 18:00:00,53.0,65.0,1,0,157.4597625732422,129.7500807967405,130.85308971299526,0.9915706314717215,0.0054990818150354205,0.029817810569098817,0.03531689238413424,96.16965193016452,530.7721434306385,626.941795360803,27.709681776501697,27.709681776501697,767.8264641549902,26.60667286024693,137.00622535500582,20.453537218236363,20.453537218236363,418.3471847377801
space1_time0,2020-01-16 18:00:00,51.25,62.0,1,0,147.00599670410156,137.79286666114282,137.69119565225472,1.0007383987654879,0.005089463260076989,0.030974854223084707,0.0360643174831617,100.436974084099,622.4135910990058,722.8505651831048,9.213130042958738,9.213130042958738,84.88176518846889,9.314801051846842,137.00622535500582,9.999771349095738,9.999771349095738,99.995427034196
space1_time1,2020-01-18 16:00:00,53.25,81.75,1,1,122.17831420898438,144.75102514922744,137.49868398613754,1.0527448041889702,0.0041996709777598045,0.025509341345784087,0.029709012323543893,90.83919764439432,560.0411695521686,650.8803671965629,-22.57271094024307,22.57271094024307,509.5272791917692,-15.32036977715316,133.34061202137133,-11.162297812386953,11.162297812386953,124.59689245241856
space1_time1,2020-01-18 16:00:00,57.25,83.0,1,1,157.4597625732422,139.61357328213214,133.55429559883066,1.0453693956913392,0.004324866324502657,0.01746486292640337,0.021789729250906026,86.34368988488959,352.5005976943628,438.8442875792524,17.84618929111005,17.84618929111005,318.486472214131,23.905466974411524,133.34061202137133,24.11915055187086,24.11915055187086,581.7334233438124
space1_time1,2020-01-18 18:00:00,39.5,54.25,1,1,197.31471252441406,122.51041260252168,144.25144590735908,0.8492837755068336,0.004517815411923209,0.047265224340014164,0.051783039751937376,71.57230048649781,768.498133890585,840.0704343770828,74.80429992189238,74.80429992189238,5595.6832868044285,53.06326661705498,133.34061202137133,63.974100503042735,63.974100503042735,4092.6855351734125
space1_time1,2020-01-18 18:00:00,43.75,55.25,1,1,181.6340789794922,125.05241703193606,138.8269332527045,0.9007792227485508,0.004880648067179672,0.04162706016193278,0.04650770822911245,80.15303371698018,699.758460196714,779.9114939136942,56.58166194755613,56.58166194755613,3201.484468747521,42.807145726787695,133.34061202137133,48.29346695812086,48.29346695812086,2332.258950835111
space1_time1,2020-01-18 18:00:00,47.75,56.25,1,1,162.68663024902344,128.70212797149378,136.96061869589306,0.9397017127767481,0.004322831705215012,0.036551176027765954,0.040874007732980965,74.75326540767483,645.1529840320032,719.906249439678,33.98450227752966,33.98450227752966,1154.9463950514184,25.726011553130377,133.34061202137133,29.34601822765211,29.34601822765211,861.1887858176899
space1_time1,2020-01-18 18:00:00,51.75,57.25,1,1,184.90087890625,141.11199169026764,140.56489677062098,1.0038921162553076,0.003495303429111748,0.03225142615801933,0.035746729587131085,72.2597659116626,678.799472035832,751.0592379474946,43.788887215982356,43.788887215982356,1917.466643614023,44.335982135629024,133.34061202137133,51.56026688487867,51.56026688487867,2658.4611212399163
space1_time1,2020-01-19 18:00:00,42.0,52.25,1,1,169.87359619140625,126.82838172415636,145.48009576630224,0.871791986773862,0.007197154417322253,0.04289836961658454,0.05009552403390679,122.15569306928573,746.6277819932316,868.7834750625173,43.04521446724989,43.04521446724989,1852.8904885315394,24.39350042510401,133.34061202137133,36.53298417003492,36.53298417003492,1334.6589323680223
space1_time1,2020-01-19 18:00:00,46.0,53.25,1,1,145.69927978515625,131.79206734109763,141.65199580659228,0.9303932965479912,0.00649937625873635,0.03774706089066427,0.04424643714940062,118.37998763431773,702.9472927968956,821.3272804312132,13.907212444058615,13.907212444058615,193.4105579641788,4.047283978563968,133.34061202137133,12.358667763784922,12.358667763784922,152.73666889561662
space1_time1,2020-01-19 18:00:00,50.0,54.25,1,1,140.47239685058594,130.99147515432318,136.91284555627155,0.956750804660512,0.00369077441780971,0.033189555984017766,0.03688033040182748,65.82974602401465,603.0235439592316,668.8532899832462,9.480921696262754,9.480921696262754,89.88787621066582,3.5595512943143888,133.34061202137133,7.1317848292146095,7.1317848292146095,50.86235485021566
space1_time1,2020-01-19 18:00:00,54.0,55.5,1,1,156.1530303955078,142.203306192002,142.7285863180461,0.9963197272558024,0.003173082303186175,0.029610469895611946,0.032783552198798124,66.40910825185365,629.9791155806907,696.3882238325444,13.94972420350581,13.94972420350581,194.59480535387578,13.424444077461715,133.34061202137133,22.812418374136485,22.812418374136485,520.4064320766399
space1_time1,2020-01-19 18:00:00,58.25,56.5,1,1,136.55223083496094,138.4706130361682,140.9288840513479,0.982556655920982,0.0032796818700652273,0.026437713430634092,0.02971739530069932,64.88815386669636,530.9126747056192,595.8008285723156,-1.9183822012072653,1.9183822012072653,3.6801902699088327,-4.376653216386956,133.34061202137133,3.2116188135896095,3.2116188135896095,10.31449540380273
space1_time1,2020-01-20 15:00:00,30.5,95.75,1,1,145.04591369628906,148.48291963099217,138.2310562074104,1.074164689939135,0.008131194139041214,0.061367288323162295,0.06949848246220351,192.95542686663936,1507.9882330588473,1700.9436599254866,-3.437005934703109,3.437005934703109,11.81300979518439,6.814857488878658,133.34061202137133,11.705301674917735,11.705301674917735,137.01408730083193
space1_time1,2020-01-20 15:00:00,34.0,96.25,1,1,127.40519714355469,138.12716896972518,128.12056375757442,1.078103037628565,0.00818946831034798,0.05472675616879406,0.06291622447914204,167.07737036133835,1152.329546561841,1319.4069169231793,-10.721971826170488,10.721971826170488,114.96067984119372,-0.7153666140197288,133.34061202137133,-5.9354148778166405,5.9354148778166405,35.22914977180712
space1_time1,2020-01-20 15:00:00,37.5,97.0,1,1,103.88423919677734,147.8082277067671,137.54377206978032,1.074626829572329,0.008076116200611936,0.04743491190145531,0.05551102810206725,187.2676661513167,1130.972224739893,1318.2398908912096,-43.923988509989755,43.923988509989755,1929.316766625712,-33.65953287300297,133.34061202137133,-29.456372824593984,29.456372824593984,867.677899981479
space1_time1,2020-01-20 15:00:00,41.25,98.0,1,1,146.35263061523438,148.94919134291894,138.88826501478192,1.0724389949508424,0.00423145129722906,0.03926638980728911,0.04349784110451817,98.25975805993743,931.9236429703177,1030.183401030255,-2.5965607276845617,2.5965607276845617,6.742127612553781,7.464365600452453,133.34061202137133,13.012018593863047,13.012018593863047,169.31262788703768
space1_time1,2020-01-20 15:00:00,45.25,99.25,1,1,137.20559692382812,146.40638983789802,137.23045862413912,1.0668651209487747,0.004485077772265305,0.03124248019329226,0.035727557965557565,99.85748164894572,708.1602957349393,808.017777383885,-9.200792914069893,9.200792914069893,84.65459024759876,-0.024861700310992774,133.34061202137133,3.864984902456797,3.864984902456797,14.938108296218976
space1_time1,2020-01-20 15:00:00,49.0,100.75,1,1,120.2182388305664,145.30575417954614,135.85300664600115,1.069580701722535,0.004847300123437282,0.022982046496862092,0.027829346620299372,105.48839161621586,507.1607760818931,612.649167698109,-25.087515348979736,25.087515348979736,629.3834263852938,-15.634767815434742,133.34061202137133,-13.122373190804922,13.122373190804922,172.19667815875573
space1_time1,2020-01-20 15:00:00,55.25,101.5,1,1,145.69927978515625,139.46623689895998,133.49731108302686,1.0447119553757962,0.0049222334635304005,0.015898081558730078,0.020820315022260477,97.99678097389872,319.83024538658753,417.82702636048623,6.233042886196273,6.233042886196273,38.850823621161965,12.201968702129392,133.34061202137133,12.358667763784922,12.358667763784922,152.73666889561662
space1_time1,2020-01-20 17:00:00,53.75,77.0,1,1,135.24551391601562,140.7056426573815,136.46050812041767,1.0311088870724252,0.003506780314364186,0.02688136724824976,0.030388147562613946,71.69530277608692,558.0139461859628,629.7092489620497,-5.460128741365878,5.460128741365878,29.81300587228973,-1.2149942044020463,133.34061202137133,1.904901894644297,1.904901894644297,3.6286512282194328
space1_time1,2020-01-20 17:00:00,58.0,78.25,1,1,95.39055633544922,139.27836478397265,136.5874727132207,1.0197008701991412,0.0038418138982095834,0.019202473339202768,0.02304428723741235,76.40928837504569,386.3468816406808,462.7561700157265,-43.88780844852343,43.88780844852343,1926.1397304142845,-41.19691637777149,133.34061202137133,-37.95005568592211,37.95005568592211,1440.206726564589
space1_time1,2020-01-20 18:00:00,48.25,51.5,1,1,165.30007934570312,135.0781526390582,140.71353939761048,0.9599513537739357,0.0050168280916568,0.03391117918277796,0.03892800727443476,95.41035442575769,657.6315558802638,753.0419103060215,30.221926706644922,30.221926706644922,913.3648538618176,24.58653994809265,133.34061202137133,31.959467324331797,31.959467324331797,1021.4075516550319
space1_time1,2020-01-20 18:00:00,52.25,52.5,1,1,165.30007934570312,144.666376871622,143.7979945217705,1.0060389044557918,0.003736686026914313,0.03002259169327988,0.03375927772019419,81.03916347944325,662.2215555531141,743.2607190325573,20.633702474081133,20.633702474081133,425.74967778890186,21.50208482393262,133.34061202137133,31.959467324331797,31.959467324331797,1021.4075516550319
space1_time1,2020-01-20 18:00:00,60.5,54.75,1,1,126.75183868408203,130.70175491446082,137.00584186911271,0.9539867288237651,0.0029790406741481337,0.024852336700182626,0.027831377374330758,52.40507359309642,443.3213569192096,495.726430512306,-3.94991623037879,3.94991623037879,15.60183822700979,-10.254003185030683,133.34061202137133,-6.588773337289297,6.588773337289297,43.411934090174334
space1_time1,2020-01-21 15:00:00,29.0,93.0,1,1,147.65936279296875,152.47531326923007,142.739773298033,1.0682048159826472,0.008599288403935375,0.06468252513068079,0.07328181353461616,216.05092018532085,1686.040037725849,1902.0909579111699,-4.815950476261321,4.815950476261321,23.193378989801644,4.919589494935764,133.34061202137133,14.318750771597422,14.318750771597422,205.02662365912178
space1_time1,2020-01-21 15:00:00,33.0,93.75,1,1,170.52696228027344,139.77463237927236,129.68344253156775,1.0778140188964236,0.007906333301816821,0.05754841954718719,0.06545475284900401,165.56801560495708,1245.3942081506568,1410.9622237556139,30.752329901001076,30.752329901001076,945.7057943400049,40.84351974870569,133.34061202137133,37.18635025890211,37.18635025890211,1382.824645577749
space1_time1,2020-01-21 15:00:00,37.25,94.75,1,1,163.9933624267578,153.13194541931196,142.67719505688473,1.073275552958964,0.009049526444825767,0.04895594263594932,0.05800546908077509,225.89960425008695,1258.1506550828103,1484.0502593328972,10.861417007445851,10.861417007445851,117.97037940963399,21.316167369873085,133.34061202137133,30.652750405386485,30.652750405386485,939.5911074149213
space1_time1,2020-01-21 15:00:00,41.25,95.75,1,1,151.5795135498047,147.25609139731637,136.92320379754452,1.0754648395099646,0.005199725556903379,0.04041454282234458,0.04561426837924796,118.32229374962749,940.9312825332346,1059.253576282862,4.32342215248832,4.32342215248832,18.691979108626736,14.65630975226017,133.34061202137133,18.23890152843336,18.23890152843336,332.65752896388875
space1_time1,2020-01-21 15:00:00,45.25,96.5,1,1,135.24551391601562,148.70941058146465,140.31846348150248,1.0597993085996722,0.0048946855298492645,0.033344946555774926,0.03823963208562419,112.73850243312458,782.8901149672778,895.6286174004024,-13.463896665449028,13.463896665449028,181.27651341788945,-5.0729495654868515,133.34061202137133,1.904901894644297,1.904901894644297,3.6286512282194328
space1_time1,2020-01-21 15:00:00,49.5,97.5,1,1,126.09848022460938,146.8446952649754,139.7503932070748,1.050764093718067,0.004872553883257798,0.02478003511684987,0.029652589000107667,108.49497452686285,560.0213046891887,668.5162792160515,-20.746215040366025,20.746215040366025,430.4054385011095,-13.651912982465433,133.34061202137133,-7.242131796761953,7.242131796761953,52.44847296167051
space1_time1,2020-01-21 15:00:00,53.5,98.75,1,1,137.8589630126953,145.201482725401,139.04234070063237,1.0442968810344593,0.00420776013608622,0.018844401674893374,0.023052161810979594,90.97425918806037,412.1560931103919,503.1303522984523,-7.342519712705695,7.342519712705695,53.91259573147172,-1.1833776879370532,133.34061202137133,4.5183509913239845,4.5183509913239845,20.415495680798433
space1_time1,2020-01-21 15:00:00,57.5,99.75,1,1,114.9913558959961,139.8064880463321,136.6815366499681,1.0228630104179086,0.0029171110550594128,0.015346752502733575,0.018263863557792987,58.153131691697745,308.7498030491166,366.9029347408144,-24.815132150336012,24.815132150336012,615.79078363864,-21.690180753972015,133.34061202137133,-18.349256125375234,18.349256125375234,336.69520035462057
space1_time1,2020-01-21 18:00:00,50.5,49.5,1,1,123.48503875732422,133.9763919658531,137.94160518370646,0.971254407163288,0.004412171755544905,0.03032047687424305,0.034732648629787956,82.17725056291582,574.6370268692305,656.8142774321462,-10.491353208528892,10.491353208528892,110.06849214610948,-14.456566426382238,133.34061202137133,-9.85557326404711,9.85557326404711,97.1323243630002
space1_time1,2020-01-22 17:00:00,44.5,68.75,1,1,125.44511413574219,145.90070116469332,141.86631396797048,1.0284379503765333,0.004300299566671883,0.043222805712746726,0.04752310527941861,96.20255880848876,990.2705198899204,1086.4730786984092,-20.45558702895113,20.45558702895113,418.4310406989937,-16.421199832228297,133.34061202137133,-7.8954978856291405,7.8954978856291405,62.338886861974224
space1_time1,2020-01-22 17:00:00,48.25,70.0,1,1,140.47239685058594,141.33326620886794,135.95388568587182,1.0395676849974367,0.004547289227260813,0.037749100637892184,0.042296389865152995,94.97258599819239,805.308439749303,900.2810257474954,-0.8608693582820024,0.8608693582820024,0.7410960520288666,4.518511164714113,133.34061202137133,7.1317848292146095,7.1317848292146095,50.86235485021566
space1_time1,2020-01-22 17:00:00,54.25,72.25,1,1,135.24551391601562,137.6429728301631,135.47361192771683,1.0160131620584814,0.004562472395689391,0.028362538041410618,0.03292501043710001,89.53618651759109,565.8576476489644,655.3938341665555,-2.397458914147478,2.397458914147478,5.747809245025205,-0.22809801170120636,133.34061202137133,1.904901894644297,1.904901894644297,3.6286512282194328
space1_time1,2020-01-24 16:00:00,31.75,86.25,1,1,148.31271362304688,139.81371440450795,127.17096583792545,1.0994153695639555,0.009529028154201563,0.06099920077155866,0.07052822892576022,200.83945001113335,1332.0031601591913,1532.8426101703246,8.498999218538927,8.498999218538927,72.23298771672529,21.141747785121424,133.34061202137133,14.972101601675547,14.972101601675547,224.1638263708955
space1_time1,2020-01-24 16:00:00,36.0,87.0,1,1,178.36727905273438,132.7888091273869,122.13990938021671,1.0871860786634497,0.010812807487067836,0.054334495583237774,0.06514730307030561,204.5995264644637,1062.2815917796754,1266.881118244139,45.57846992534746,45.57846992534746,2077.396920735803,56.22736967251767,133.34061202137133,45.02666703136305,45.02666703136305,2027.4007439532359
space1_time1,2020-01-24 17:00:00,49.0,64.75,1,1,130.6719970703125,143.54235528478074,136.96861119237414,1.047994529806349,0.003407681659424169,0.03701804493036635,0.040425726589790524,73.23454734897837,811.8454940819439,885.0800414309223,-12.87035821446824,12.87035821446824,165.6461205687301,-6.296614122061641,133.34061202137133,-2.668614951058828,2.668614951058828,7.1215057570147104
space1_time1,2020-01-24 17:00:00,52.75,65.5,1,1,137.20559692382812,140.89212027191292,139.8647462493116,1.0073454823331247,0.004213956760836847,0.03237471709729961,0.03658867385813646,86.94990548592382,680.3757025898582,767.325608075782,-3.6865233480847905,3.6865233480847905,13.590454395974294,-2.659149325483469,133.34061202137133,3.864984902456797,3.864984902456797,14.938108296218976
space1_time1,2020-01-25 18:00:00,48.75,63.25,1,1,150.92616271972656,131.20243687538974,132.00849539991412,0.9938938890100787,0.003332436048175409,0.037387353262374856,0.040719789310550265,59.84857808679856,685.3051845413812,745.1537626281797,19.723725844336826,19.723725844336826,389.02536118256046,18.917667319812438,133.34061202137133,17.585550698355235,17.585550698355235,309.25159336442226
space1_time1,2020-01-25 18:00:00,53.0,64.5,1,1,156.806396484375,136.38649879840602,136.34356650690836,1.0003148831484867,0.0041130865729883444,0.03233491262718271,0.036447999200171055,79.51210086674611,636.6053228179223,716.1174236846684,20.419897685968976,20.419897685968976,416.97222150544115,20.46282997746664,133.34061202137133,23.465784463003672,23.465784463003672,550.6430404641445
space1_time1,2020-01-26 14:00:00,50.0,109.5,1,1,143.08583068847656,139.53179898677763,135.80040201791508,1.0274770686494012,0.0034444052390267283,0.01660555877504779,0.020049964014074516,68.53562457505782,333.7445614448916,402.2801860199494,3.554031701698932,3.554031701698932,12.631141336681006,7.285428670561487,133.34061202137133,9.745218667105235,9.745218667105235,94.96928686969632
space1_time1,2020-01-26 16:00:00,52.75,86.0,1,1,154.8463134765625,134.4851616492325,133.63201519763413,1.0063842968343824,0.005637639549784424,0.025836035133841008,0.031473674683625434,105.52118510315142,491.26310247494564,596.7842875780971,20.36115182732999,20.36115182732999,414.5765037355834,21.214298278928368,133.34061202137133,21.505701455191172,21.505701455191172,462.4951950798117
space1_time1,2020-01-26 16:00:00,56.75,87.25,1,1,135.8988800048828,132.71118409971461,138.0416765557766,0.9613849049862261,0.004332248833554772,0.019400512087247253,0.023732760920802023,78.30266157224857,354.84304642767734,433.1457079999259,3.187695905168198,3.187695905168198,10.161405183826096,-2.1427965508937916,133.34061202137133,2.5582679835114845,2.5582679835114845,6.544735075459918
space1_time1,2020-01-29 15:00:00,28.5,97.25,1,1,77.74983978271484,152.92086243078086,146.9196459097059,1.0408469301972263,0.01065371720643419,0.06480803893508279,0.07546175614151698,270.09885641237656,1706.5173947946287,1976.6162512070052,-75.17102264806601,75.17102264806601,5650.682645956053,-69.16980612699106,133.34061202137133,-55.590772238656484,55.590772238656484,3090.3339580901807
space1_time1,2020-01-29 15:00:00,32.5,98.25,1,1,128.7119140625,140.13699401956129,133.96875640623816,1.0460423592693429,0.008475115242185603,0.05752456178566679,0.0659996770278524,178.54847719979713,1252.7202080864356,1431.2686852862328,-11.425079957061286,11.425079957061286,130.53245202524351,-5.256842343738157,133.34061202137133,-4.628697958871328,4.628697958871328,21.4248447944596
space1_time1,2020-01-29 18:00:00,45.75,52.75,1,1,147.00599670410156,121.9946738429922,134.64427723687217,0.9060516818577726,0.0062687755590836005,0.03875769240626605,0.045026467965349655,97.8996561832703,619.0991411249473,716.9987973082176,25.011322861109363,25.011322861109363,625.5662712626519,12.361719467229392,133.34061202137133,13.665384682730235,13.665384682730235,186.74273852699812
space1_time1,2020-01-29 18:00:00,50.0,53.75,1,1,147.00599670410156,126.82838339567189,135.11752436742697,0.9386523620043962,0.003386734467666194,0.034160024149566454,0.037546758617232646,56.657321472042,582.3272903667336,638.9846118387755,20.17761330842967,20.17761330842967,407.13607882451817,11.888472336674596,133.34061202137133,13.665384682730235,13.665384682730235,186.74273852699812
space1_time1,2020-01-29 18:00:00,53.75,54.75,1,1,150.27279663085938,128.37995293438152,134.2268171352256,0.9564404168583264,0.003261072027041192,0.03096719210150529,0.03422826412854648,55.709375090569175,538.1699665208318,593.8793416114011,21.892843696477854,21.892843696477854,479.2966051184101,16.045979495633787,133.34061202137133,16.932184609488047,16.932184609488047,286.6988756497839
space1_time1,2020-01-29 18:00:00,58.0,55.75,1,1,128.05856323242188,126.82516131205283,133.65577545681774,0.9488939844056963,0.0035129455133339994,0.027974877739814122,0.03148782325314812,58.4144508412728,472.5725741026483,530.987024943921,1.2334019203690474,1.2334019203690474,1.5212802971700539,-5.597212224395861,133.34061202137133,-5.282048788949453,5.282048788949453,27.90003940884238
space1_time1,2020-01-30 15:00:00,30.75,95.5,1,1,129.3652801513672,148.89883183694482,142.07253201927855,1.048047991548007,0.008562797349894373,0.061602089441390555,0.07016488679128492,204.5178341569367,1524.1033371650233,1728.62117132196,-19.533551685577635,19.533551685577635,381.5596414531329,-12.707251867911367,133.34061202137133,-3.9753318700041405,3.9753318700041405,15.803263476670617
space1_time1,2020-01-30 15:00:00,34.75,96.25,1,1,147.65936279296875,143.70732163943998,138.37428826215466,1.0385406381797009,0.008124624495901142,0.0540367173682335,0.06216134186413464,179.27628761527833,1230.1506991032943,1409.4269867185726,3.952041153528768,3.952041153528768,15.618629279184994,9.285074530814086,133.34061202137133,14.318750771597422,14.318750771597422,205.02662365912178
space1_time1,2020-01-30 15:00:00,38.75,97.0,1,1,161.37991333007812,134.62152789190466,130.33668438393778,1.0328751918787877,0.010432929257097589,0.04583395426677325,0.05626688352387084,201.0662330736539,908.6035905519105,1109.6698236255645,26.758385438173462,26.758385438173462,716.0111912578536,31.043228946140346,133.34061202137133,28.039301308706797,28.039301308706797,786.2024178804467
space1_time1,2020-01-30 15:00:00,42.75,98.0,1,1,152.23287963867188,140.43271185641427,138.6792449803812,1.0126440468887838,0.004740542368970776,0.038732203946539256,0.043472746315510034,97.87558562051362,817.3071114471827,915.1826970676964,11.800167782257603,11.800167782257603,139.2439596894303,13.553634658290662,133.34061202137133,18.892267617300547,18.892267617300547,356.9177757237029
space1_time1,2020-01-30 15:00:00,46.75,99.0,1,1,147.65936279296875,129.81329778966267,129.60925617746946,1.001574282718773,0.0060931887456116595,0.029960556172093637,0.0360537449177053,106.7738076955689,534.5822233412903,641.3560310368591,17.84606500330608,17.84606500330608,318.48203610222606,18.05010661549929,133.34061202137133,14.318750771597422,14.318750771597422,205.02662365912178
space1_time1,2020-01-30 15:00:00,51.0,99.75,1,1,149.6194305419922,129.76223940403497,132.4537092108109,0.9796799212131374,0.006989152241386592,0.022512792308914554,0.029501944550301147,121.6332343291055,397.6231601089483,519.2563944380538,19.857191137957216,19.857191137957216,394.30803988936657,17.165721331181288,133.34061202137133,16.27881852062086,16.27881852062086,264.9999324273087
space1_time1,2020-01-30 15:00:00,55.25,101.0,1,1,120.87159729003906,128.8616107533885,136.06429576612794,0.9470641069195728,0.004034698222483224,0.017526553315668006,0.02156125153815123,68.59595693760714,301.21126546192426,369.8072223995314,-7.990013463349442,7.990013463349442,63.84031514450534,-15.192698476088879,133.34061202137133,-12.469014731332265,12.469014731332265,155.47632837018105
space1_time1,2020-01-30 18:00:00,50.0,52.5,1,1,124.79175567626953,126.20000406256709,134.88143101361229,0.935636604046935,0.003753149012080049,0.033800828385735886,0.037553977397815935,62.178361203387055,570.618659853799,632.7970210571862,-1.4082483862975579,1.4082483862975579,1.9831635175096758,-10.089675337342754,133.34061202137133,-8.548856345101797,8.548856345101797,73.08294480918725
space1_time1,2020-01-30 18:00:00,60.5,54.25,1,1,135.8988800048828,125.75060166245326,137.3197352863896,0.9157503937812861,0.003819180476174546,0.026512333565790375,0.03033151404196492,62.37243835330847,439.61181515366286,501.9842535069713,10.148278342429549,10.148278342429549,102.98755331542463,-1.420855281506789,133.34061202137133,2.5582679835114845,2.5582679835114845,6.544735075459918
space1_time1,2020-02-07 16:00:00,53.0,80.5,1,1,143.08583068847656,127.15814263954799,137.79974392017033,0.9227748834802829,0.003403005104962921,0.03017287123349405,0.033575876338456975,56.99961634290179,513.9645258697927,570.9641422126945,15.927688048928573,15.927688048928573,253.6912465839821,5.286086768306234,133.34061202137133,9.745218667105235,9.745218667105235,94.96928686969632
space1_time1,2020-02-07 16:00:00,57.25,81.5,1,1,145.69927978515625,125.44258592658353,138.48334023300296,0.9058316019495347,0.004684368170404174,0.024500133257617532,0.029184501428021706,76.07347941924557,403.73695600518494,479.8104354244305,20.256693858572717,20.256693858572717,410.33364607993764,7.215939552153287,133.34061202137133,12.358667763784922,12.358667763784922,152.73666889561662
space1_time1,2020-02-07 18:00:00,39.25,53.25,1,1,172.48703002929688,118.0544916342289,141.1690127642967,0.8362634924091944,0.00506705920141244,0.048429390192732874,0.053496449394145315,74.68871447289287,733.2745113196252,807.9632257925181,54.43253839506798,54.43253839506798,2962.90123613055,31.31801726500018,133.34061202137133,39.14641800792555,39.14641800792555,1532.4420428512376
space1_time1,2020-02-07 18:00:00,43.25,54.25,1,1,126.75183868408203,126.7958248897124,144.18669161234575,0.8793864639783143,0.004199973733079172,0.04375626066140846,0.04795623439448763,70.98979809810947,757.5956245756304,828.5854226737399,-0.04398620563037525,0.04398620563037525,0.0019347862857576556,-17.434852928263723,133.34061202137133,-6.588773337289297,6.588773337289297,43.411934090174334
space1_time1,2020-02-09 15:00:00,30.25,95.0,1,1,176.40719604492188,142.28584216539394,138.66686886552756,1.0260983270876036,0.008667398152382771,0.06352794163552927,0.07219533978791204,189.43037686203718,1439.707766239172,1629.1381431012092,34.12135387952793,34.12135387952793,1164.2667905719757,37.74032717939431,133.34061202137133,43.06658402355055,43.06658402355055,1854.7306594575393
space1_time1,2020-02-09 15:00:00,34.5,95.75,1,1,184.90087890625,135.3966443820642,133.85641754023513,1.0115065595668296,0.007690559101832923,0.05585119073458526,0.06354174983641818,150.81363285522846,1130.7547339993137,1281.568366854542,49.50423452418579,49.50423452418579,2450.669235825588,51.04446136601487,133.34061202137133,51.56026688487867,51.56026688487867,2658.4611212399163
space1_time1,2020-02-09 15:00:00,38.5,96.75,1,1,156.1530303955078,126.03585785236984,127.22069933772927,0.9906867240038194,0.011654786445972544,0.047873688138847785,0.05952847458482033,197.64176081196143,836.4437470987848,1034.0855079107462,30.11717254313797,30.11717254313797,907.0440819931435,28.93233105777854,133.34061202137133,22.812418374136485,22.812418374136485,520.4064320766399
space1_time1,2020-02-09 15:00:00,42.5,97.5,1,1,131.9787139892578,139.56964459484476,143.62772552159066,0.9717458386811544,0.0049842968122193795,0.039812745317993434,0.044797042130212815,101.79436221484195,831.5679482847477,933.3623104995896,-7.590930605586948,7.590930605586948,57.622227458836626,-11.64901153233285,133.34061202137133,-1.3618980321135155,1.3618980321135155,1.854766249874666
space1_time1,2020-02-09 15:00:00,46.75,98.5,1,1,127.40519714355469,125.83585661219995,134.5240285723385,0.9354154640450231,0.005794064681311891,0.03227520600028332,0.03806927068159521,95.58378095263956,542.6936861262764,638.277467078916,1.5693405313547402,1.5693405313547402,2.4628297033527784,-7.118831428783807,133.34061202137133,-5.9354148778166405,5.9354148778166405,35.22914977180712
space1_time1,2020-02-09 15:00:00,50.75,99.25,1,1,104.53759765625,122.55471892075526,136.92048010891952,0.8950795295434517,0.007022666688949151,0.02505757707602694,0.03208024376497609,109.30002236458009,396.30894536405407,505.6089677286342,-18.017121264505263,18.017121264505263,324.6166586598877,-32.38288245266952,133.34061202137133,-28.803014365121328,28.803014365121328,829.6136365173855
space1_time1,2020-02-09 15:00:00,55.0,100.25,1,1,140.47239685058594,120.94544041075123,141.78464996862084,0.8530221038562236,0.003783818241723006,0.01929797813709483,0.023081796378817836,56.748641409791226,292.7895960778316,349.53823748762284,19.526956439834706,19.526956439834706,381.30202780320207,-1.3122531180349029,133.34061202137133,7.1317848292146095,7.1317848292146095,50.86235485021566
space1_time1,2020-02-09 17:00:00,57.75,76.75,1,1,126.75183868408203,119.74663477682994,134.26852106446393,0.8918444459467768,0.003964939848008075,0.026765293158796166,0.03073023300680424,58.74494054054305,402.7091841291209,461.45412466966394,7.0052039072520955,7.0052039072520955,49.072881782180026,-7.516682380381894,133.34061202137133,-6.588773337289297,6.588773337289297,43.411934090174334
space1_time1,2020-02-09 18:00:00,47.75,50.25,1,1,145.04591369628906,124.05819273389079,135.78145403539946,0.9136608060004107,0.0050790299597967825,0.0369079455627251,0.04198697552252188,81.72778914602115,606.5273457185583,688.2551348645794,20.98772096239827,20.98772096239827,440.4844311954918,9.2644596608896,133.34061202137133,11.705301674917735,11.705301674917735,137.01408730083193
space1_time1,2020-02-09 18:00:00,60.5,53.25,1,1,155.4996795654297,118.83490382003392,134.03694730949942,0.8865831862436928,0.003239805988373361,0.028783476145680005,0.032023282134053366,47.31711764746897,427.18017461218534,474.49729225965433,36.66477574539577,36.66477574539577,1344.3057804601622,21.462732255930263,133.34061202137133,22.15906754405836,22.15906754405836,491.0242744221406
space1_time1,2020-02-10 15:00:00,28.5,92.25,1,1,156.1530303955078,145.2889603594116,140.81255663717903,1.031789805036823,0.008987481727146994,0.06699589142180751,0.07598337314895451,205.6153251391818,1592.3735926974027,1797.9889178365845,10.864070036096223,10.864070036096223,118.02801774920378,15.340473758328784,133.34061202137133,22.812418374136485,22.812418374136485,520.4064320766399
space1_time1,2020-02-10 15:00:00,32.5,93.0,1,1,163.33999633789062,132.77197725385784,130.39904344202554,1.0181974786715922,0.007976906672176855,0.06042182562991495,0.06839873230209181,151.1770489305067,1185.1210214034882,1336.298070333995,30.568019084032784,30.568019084032784,934.4037907217925,32.94095289586508,133.34061202137133,29.999384316519297,29.999384316519297,899.963059370224
space1_time1,2020-02-10 15:00:00,36.75,93.75,1,1,170.52696228027344,139.86691461089887,139.50830960685278,1.0025704920736023,0.008692455576202211,0.052508837639472034,0.061201293215674246,181.5686076283893,1131.0164051093047,1312.5850127376941,30.660047669374563,30.660047669374563,940.0385230883206,31.01865267342066,133.34061202137133,37.18635025890211,37.18635025890211,1382.824645577749
space1_time1,2020-02-10 15:00:00,40.75,94.75,1,1,134.5921630859375,140.10047493012132,142.71245188861812,0.981697623970925,0.005119786421458531,0.04451969788787583,0.04963948430933436,105.87695319060954,943.8788770968468,1049.7558302874563,-5.508311844183822,5.508311844183822,30.341499372775782,-8.12028880268062,133.34061202137133,1.251551064566172,1.251551064566172,1.5663800672167185
space1_time1,2020-02-10 15:00:00,45.0,95.5,1,1,151.5795135498047,133.76706586687774,140.39212318640895,0.952810334588824,0.008218520537615006,0.03629007550984409,0.0445085960474591,154.38593626657217,697.0910240299393,851.4769602965114,17.812447682926944,17.812447682926944,317.28329245700945,11.187390363395735,133.34061202137133,18.23890152843336,18.23890152843336,332.65752896388875
space1_time1,2020-02-10 15:00:00,49.0,96.5,1,1,127.40519714355469,122.76003454995322,135.70066041636875,0.9046384459242129,0.007821690345261445,0.029734160934421987,0.03755585127968343,122.86395383631312,475.9371407306481,598.8010945669612,4.645162593601469,4.645162593601469,21.577535520994328,-8.295463272814061,133.34061202137133,-5.9354148778166405,5.9354148778166405,35.22914977180712
space1_time1,2020-02-10 15:00:00,57.25,98.25,1,1,132.632080078125,113.30086622637138,135.53059423902874,0.8359800004015927,0.005013339657581194,0.018593268012455547,0.02360660767003674,66.05944139761478,247.9107777070087,313.9702191046235,19.331213851753617,19.331213851753617,373.6958289822309,-2.898514160903744,133.34061202137133,-0.708531943246328,0.708531943246328,0.5020175146004177
space1_time1,2020-02-11 17:00:00,41.5,68.25,1,1,152.88623046875,118.61464233137376,143.4107099693467,0.8270975184261133,0.003557509578276701,0.04931611044931554,0.052873620027592244,52.86377089485507,752.5338127558088,805.3975836506638,34.27158813737624,34.27158813737624,1174.5417534579478,9.475520499403302,133.34061202137133,19.545618447378672,19.545618447378672,382.03120049050943
space1_time1,2020-02-11 17:00:00,45.5,69.0,1,1,145.04591369628906,132.45942467840243,132.9736276446132,0.9961330455119641,0.003715445624366573,0.04405525538832275,0.04777070101268932,68.5062569274708,832.0035878624542,900.509844789925,12.586489017886635,12.586489017886635,158.41970579738086,12.07228605167586,133.34061202137133,11.705301674917735,11.705301674917735,137.01408730083193
space1_time1,2020-02-11 17:00:00,49.75,69.75,1,1,150.27279663085938,123.44983813120331,130.0887568061322,0.9489662378369662,0.004723527442075225,0.03855212945471838,0.04327565689679361,75.34734887804144,628.454130905902,703.8014797839435,26.822958499656067,26.822958499656067,719.4711026742717,20.184039824727165,133.34061202137133,16.932184609488047,16.932184609488047,286.6988756497839
space1_time1,2020-02-12 16:00:00,29.25,87.25,1,1,163.9933624267578,123.32976017009031,143.2871976152682,0.8607172324022669,0.009314313664884897,0.0652112406831049,0.0745255543479898,153.34754137514872,1114.5686387244646,1267.9161800996133,40.6636022566675,40.6636022566675,1653.5285484884544,20.7061648114896,133.34061202137133,30.652750405386485,30.652750405386485,939.5911074149213
space1_time1,2020-02-12 16:00:00,33.0,88.25,1,1,146.35263061523438,143.10803281898603,138.89937401139923,1.0303000559760727,0.009165209527972024,0.06001961395302046,0.06918482348099249,202.07320458208807,1370.081767278098,1572.154971860186,3.2445977962483425,3.2445977962483425,10.5274148594196,7.453256603835143,133.34061202137133,13.012018593863047,13.012018593863047,169.31262788703768
space1_time1,2020-02-14 14:00:00,51.25,111.0,1,1,143.08583068847656,113.11361283617416,134.64608806415572,0.8400809445149134,0.0058031114339007536,0.01988919436050924,0.025692305794409995,76.40282618331541,265.2474805504046,341.65030673372,29.972217852302407,29.972217852302407,898.3338429858751,8.439742624320843,133.34061202137133,9.745218667105235,9.745218667105235,94.96928686969632
space1_time1,2020-02-14 16:00:00,33.25,83.25,1,1,150.92616271972656,135.6197822038786,136.15086329315173,0.9960993189728833,0.01247793882987344,0.06075876762928017,0.0732367064591536,248.48924835633258,1255.2806609540535,1503.769909310386,15.306380515847962,15.306380515847962,234.28528449593014,14.775299426574833,133.34061202137133,17.585550698355235,17.585550698355235,309.25159336442226
space1_time1,2020-02-14 17:00:00,52.25,62.75,1,1,162.68663024902344,128.862576813938,138.21634825194366,0.9323251441938301,0.0033116816213735085,0.03701131975333773,0.040323001374711245,57.350020687016155,654.0337960088535,711.3838166958697,33.82405343508543,33.82405343508543,1144.0665907795146,24.47028199707978,133.34061202137133,29.34601822765211,29.34601822765211,861.1887858176899
space1_time1,2020-02-15 16:00:00,52.0,84.75,1,1,139.16567993164062,119.39300048001131,136.3438631227575,0.8756756464536697,0.004513777830942897,0.03153563573827979,0.036049413569222685,66.85509295219721,475.5996935917014,542.4547865438986,19.772679451629315,19.772679451629315,390.95885269688415,2.8218168088831135,133.34061202137133,5.825067910269297,5.825067910269297,33.93141615924912
space1_time1,2020-02-15 16:00:00,56.25,85.25,1,1,135.24551391601562,111.53331471684524,132.2327831796818,0.843461901314521,0.005080702512088499,0.026366182854814096,0.03144688536690259,65.38737787322133,344.7133728223856,410.10075069560696,23.712199199170385,23.712199199170385,562.2683908611367,3.012730736333822,133.34061202137133,1.904901894644297,1.904901894644297,3.6286512282194328
space1_time1,2020-02-21 15:00:00,30.25,89.75,1,1,96.04391479492188,141.4361408507364,138.13619221127612,1.023889095150481,0.009102823052903553,0.06472982186820044,0.07383264492110399,196.94282312040642,1453.3671610024132,1650.3099841228197,-45.39222605581452,45.39222605581452,2060.4541863021664,-42.09227741635425,133.34061202137133,-37.29669722644945,37.29669722644945,1391.0436240014424
space1_time1,2020-02-21 15:00:00,34.25,90.5,1,1,148.96607971191406,132.6069118625518,134.54612424636176,0.9855870067259678,0.00789108668224548,0.059676825813812034,0.06756791249605751,149.0486898291215,1166.091327135791,1315.1400169649125,16.35916784936225,16.35916784936225,267.62237272360755,14.419955465552306,133.34061202137133,15.625467690542735,15.625467690542735,244.1552405481949
space1_time1,2020-02-21 15:00:00,38.5,91.25,1,1,144.39256286621094,131.87362697337988,137.71061565351224,0.9576140978498093,0.009100273982966808,0.052043097007142526,0.06114337099010933,169.0060285041659,996.6335149481843,1165.6395434523502,12.518935892831053,12.518935892831053,156.72375588881363,6.681947212698702,133.34061202137133,11.05195084483961,11.05195084483961,122.14561747675096
space1_time1,2020-02-21 17:00:00,45.25,68.25,1,1,145.04591369628906,133.4312997468955,143.2647846352232,0.931361465321953,0.0042364714101678115,0.04600495643240279,0.0502414278425706,79.48030968432175,885.1312112402163,964.6115209245381,11.614613949393572,11.614613949393572,134.89925719344774,1.7811290610658546,133.34061202137133,11.705301674917735,11.705301674917735,137.01408730083193
space1_time1,2020-02-22 16:00:00,28.5,87.0,1,1,161.37991333007812,142.74562088212932,140.42759826503251,1.0165068878606178,0.009006463046125044,0.06693347442656788,0.07593993747269293,198.89201677494566,1535.5932566590882,1734.4852734340338,18.63429244794881,18.63429244794881,347.236855035682,20.95231506504561,133.34061202137133,28.039301308706797,28.039301308706797,786.2024178804467
space1_time1,2020-02-22 16:00:00,32.75,87.75,1,1,185.55422973632812,140.431653722959,138.8003200217451,1.0117530975501954,0.00917649704046829,0.06163002880379346,0.07080652584426175,195.1425642093716,1358.0322915400689,1553.1748557494404,45.12257601336913,45.12257601336913,2036.0468660822748,46.75390971458302,133.34061202137133,52.2136177149568,52.2136177149568,2726.2618748836503
space1_time1,2020-02-22 17:00:00,47.5,66.25,1,1,145.04591369628906,123.86559729344106,134.43756751998987,0.9213614882984488,0.003848304562236023,0.04350806285986618,0.047356367422102204,62.02594129930719,718.1099852633819,780.1359265626891,21.180316402848007,21.180316402848007,448.6058029247523,10.608346176299193,133.34061202137133,11.705301674917735,11.705301674917735,137.01408730083193
space1_time1,2020-02-22 17:00:00,51.75,67.0,1,1,155.4996795654297,124.7224701105055,138.88101796278016,0.8980526780407881,0.004856648072253698,0.03920150285793915,0.044058150930192844,79.14350640045262,653.0942456745191,732.2377520749717,30.77720945492419,30.77720945492419,947.236621832275,16.618661602649524,133.34061202137133,22.15906754405836,22.15906754405836,491.0242744221406
space1_time1,2020-02-24 14:00:00,50.75,110.25,1,1,145.04591369628906,103.05218017991032,132.75848999493095,0.7762379655255577,0.003963571417842827,0.022870583915616926,0.02683415533345975,43.32274284054687,253.36268528804564,296.6854281285925,41.99373351637874,41.99373351637874,1763.473654644631,12.287423701358108,133.34061202137133,11.705301674917735,11.705301674917735,137.01408730083193
space1_time1,2020-02-24 16:00:00,33.0,83.0,1,1,168.56687927246094,135.1933820814257,137.7766801415766,0.9812501066399887,0.011558028259511108,0.061999707375537616,0.07355773563504872,228.69282932522933,1272.9121558084828,1501.604985133712,33.37349719103523,33.37349719103523,1113.7903147600362,30.790199130884332,133.34061202137133,35.22626725108961,35.22626725108961,1240.8899044451882
space1_time1,2020-02-24 17:00:00,52.25,62.25,1,1,148.31271362304688,126.05371617772451,138.96527514828296,0.9070878753215061,0.003378840109088454,0.03945115929169854,0.042829999400786994,56.13241054153072,669.6289093113188,725.7613198528495,22.258997445322365,22.258997445322365,495.4629672708676,9.34743847476392,133.34061202137133,14.972101601675547,14.972101601675547,224.1638263708955
space1_time1,2020-02-25 16:00:00,51.75,83.75,1,1,148.31271362304688,114.40993072432885,138.50549059907829,0.8260317351281248,0.004992842545014017,0.034779516445145015,0.03977235899015903,68.17621158469274,484.4694869351022,552.6456985197949,33.90278289871803,33.90278289871803,1149.3986882776078,9.80722302396859,133.34061202137133,14.972101601675547,14.972101601675547,224.1638263708955
space1_time1,2020-02-28 16:00:00,54.75,77.0,1,1,139.16567993164062,116.6149358837829,143.09529326561315,0.8149459931384502,0.004157739955976,0.03550288161971281,0.03966062157568881,58.95127771049507,513.4926053946809,572.443883105176,22.55074404785772,22.55074404785772,508.5360571119904,-3.929613333972526,133.34061202137133,5.825067910269297,5.825067910269297,33.93141615924912
space1_time1,2020-02-28 16:00:00,59.0,77.5,1,1,136.55223083496094,108.484779872836,137.83936456662002,0.7870377247742141,0.004525981372719268,0.03207785326606815,0.03660383463878742,55.37712500251274,399.75104721434803,455.1281722168608,28.067450962124937,28.067450962124937,787.7818035112881,-1.2871337316590825,133.34061202137133,3.2116188135896095,3.2116188135896095,10.31449540380273
space1_time1,2020-02-28 18:00:00,44.75,51.0,1,1,118.91151428222656,125.95238877751774,146.4857564090534,0.8598268655267932,0.00690751365923094,0.04440578799847728,0.05131330165770822,115.74985731123793,763.5116239207786,879.2614812320165,-7.0408744952911775,7.0408744952911775,49.573913658441796,-27.574242126826846,133.34061202137133,-14.429097739144765,14.429097739144765,208.19886156579258
space1_time1,2020-02-28 18:00:00,49.0,51.75,1,1,122.83168029785156,122.54074419147433,139.891048697652,0.8759727325822179,0.004303604587380275,0.04080935146678848,0.04511295605416875,67.75175472393283,657.1641050362351,724.9158597601679,0.2909361063772309,0.2909361063772309,0.08464381799394341,-17.059368399800434,133.34061202137133,-10.508931723519765,10.508931723519765,110.43764596960011
space1_time1,2020-02-28 18:00:00,53.0,52.5,1,1,90.16368103027344,124.28771959647538,141.28905387739744,0.8796698412626157,0.0032526658274785137,0.03829761040665771,0.04155027623413622,52.46231382942558,630.7083024130723,683.1706162424979,-34.124038566201946,34.124038566201946,1164.4500080676378,-51.125372847124,133.34061202137133,-43.17693099109789,43.17693099109789,1864.2473698100296
space1_time1,2020-02-29 18:00:00,47.0,49.0,1,1,148.96607971191406,125.92693090058603,142.97223242450275,0.8807789370364794,0.004082674852183886,0.04163189874128804,0.045714573593471926,67.90823793145279,708.5357068515873,776.44394478304,23.039148811328033,23.039148811328033,530.8023779505179,5.993847287411313,133.34061202137133,15.625467690542735,15.625467690542735,244.1552405481949
space1_time2,2020-03-02 15:00:00,29.75,89.5,1,2,184.2475128173828,142.35336996334792,131.14186490458883,1.0854914261507258,0.008594068977392122,0.03738777467545093,0.04598184365284305,183.13506900378363,815.2880684290114,998.4231374327951,41.8941428540349,41.8941428540349,1755.1192054742833,53.105647912793984,128.69152277066166,55.55599004672115,55.55599004672115,3086.4680300713794
space1_time2,2020-03-02 15:00:00,34.0,90.0,1,2,173.14039611816406,139.0824811411194,128.24497625904664,1.0845062722783132,0.00824145652988351,0.0339340169302527,0.04217547346013621,166.9768429351068,702.2074637308066,869.1843066659134,34.057914977044675,34.057914977044675,1159.941572583604,44.895419859117425,128.69152277066166,44.4488733475024,44.4488733475024,1975.7023418623091
space1_time2,2020-03-02 15:00:00,38.0,90.75,1,2,178.36727905273438,143.6772573898213,133.62762603589454,1.0752062402966531,0.008842966533021152,0.03077319447851989,0.03961616101154104,190.76590663681495,677.1636266193823,867.9295332561973,34.69002166291307,34.69002166291307,1203.3976029733778,44.73965301683984,128.69152277066166,49.67575628207271,49.67575628207271,2467.6807621958865
space1_time2,2020-03-03 16:00:00,32.0,87.25,1,2,165.95343017578125,144.52169798121398,132.92693343276062,1.087226600727372,0.01005443144019317,0.03585037232462595,0.04590480376481912,220.97592080100006,806.2516842627755,1027.2276050637756,21.431732194567275,21.431732194567275,459.31914485965143,33.02649674302063,128.69152277066166,37.26190740511959,37.26190740511959,1388.449743467706
space1_time2,2020-03-03 16:00:00,36.0,88.25,1,2,156.806396484375,133.89935101087187,123.7749965016795,1.0817964435091296,0.008422169930784191,0.032636532189893167,0.04105870212067736,157.99474641249313,624.9660521740001,782.9607985864932,22.907045473503132,22.907045473503132,524.7327323251403,33.031399982695504,128.69152277066166,28.114873713713337,28.114873713713337,790.4461239380491
space1_time2,2020-03-04 16:00:00,30.25,84.5,1,2,150.92616271972656,135.734064430578,127.44574017206746,1.0650341411750621,0.009055126645635785,0.03552588815996294,0.04458101480559872,175.22711259411722,702.9973999808789,878.2245125749961,15.19209828914856,15.19209828914856,230.79985042715063,23.480422547659103,128.69152277066166,22.2346399490649,22.2346399490649,494.37921366455276
space1_time2,2020-03-04 16:00:00,34.25,85.25,1,2,184.2475128173828,141.40500816207964,130.34164525105473,1.0848797242793389,0.009119615264948958,0.03433219070175229,0.04345180596670124,191.31929994623133,736.1037772893166,927.4230772355479,42.84250465530317,42.84250465530317,1835.4802051396741,53.905867566328084,128.69152277066166,55.55599004672115,55.55599004672115,3086.4680300713794
space1_time2,2020-03-04 17:00:00,49.25,63.75,1,2,138.51231384277344,134.24354442754014,132.3667583799707,1.0141786810415194,0.0034015748540658828,0.025496169434015076,0.028897744288080958,63.20564037837305,480.65931052083005,543.8649508992031,4.268769415233294,4.268769415233294,18.222392320431197,6.145555462802747,128.69152277066166,9.820791072111774,9.820791072111774,96.44793728207033
space1_time2,2020-03-04 17:00:00,53.75,64.25,1,2,152.88623046875,138.43881940526555,139.22806945165732,0.9943312433369206,0.0040886667676056756,0.023827059978842144,0.02791572674644782,80.74381806442369,477.16635860412134,557.9101766685451,14.447411063484452,14.447411063484452,208.72768643729296,13.65816101709268,128.69152277066166,24.194707698088337,24.194707698088337,585.383880595935
space1_time2,2020-03-05 14:00:00,50.5,109.75,1,2,90.8170394897461,135.39642349671252,133.1423456535694,1.0169298342467852,0.003024937849376551,0.020309888667487643,0.023334826516864193,56.848897955725064,386.17799969513754,443.0268976508626,-44.57938400696642,44.57938400696642,1987.3214784405736,-42.32530616382331,128.69152277066166,-37.87448328091557,37.87448328091557,1434.476483796353
space1_time2,2020-03-05 16:00:00,32.25,82.5,1,2,144.39256286621094,135.7768037684167,129.45513663967895,1.0488328798132844,0.011246412024687617,0.03439970651702946,0.04564611854171708,218.2395341141625,682.9756590660795,901.2151931802421,8.615759097794239,8.615759097794239,74.23130483122421,14.937426226531983,128.69152277066166,15.701040095549274,15.701040095549274,246.52266008204597
space1_time2,2020-03-05 17:00:00,51.75,61.5,1,2,152.88623046875,137.69620708529482,137.9537345122567,0.9981332333780422,0.002944400358322121,0.02451756658225037,0.027461966940572492,57.46546469930069,485.13369024033216,542.5991549396329,15.190023383455184,15.190023383455184,230.7368103899153,14.932495956493312,128.69152277066166,24.194707698088337,24.194707698088337,585.383880595935
space1_time2,2020-03-09 18:00:00,48.25,50.75,1,2,88.8569564819336,134.44365867254623,130.97504978960757,1.0264829743413766,0.004048356434944054,0.025185253127248657,0.02923360956219271,75.4978821755115,476.60821712329437,552.1060992988059,-45.58670219061264,45.58670219061264,2078.147416615607,-42.11809330767397,128.69152277066166,-39.83456628872807,39.83456628872807,1586.7926714110708
space1_time2,2020-03-10 15:00:00,32.75,94.75,1,2,101.36880493164062,132.82935873810686,123.5720224512025,1.0749145000888851,0.0077683531913229536,0.035054015285872916,0.04282236847719587,143.61592558627615,662.1117774153842,805.7277030016603,-31.460553806466237,31.460553806466237,989.7664458095572,-22.203217519561875,128.69152277066166,-27.32271783902104,27.32271783902104,746.5309101107584
space1_time2,2020-03-10 15:00:00,36.75,95.5,1,2,169.22023010253906,139.14908691721206,131.32221581666673,1.0596005104838622,0.009518612837187784,0.03197879211762611,0.041497404954813896,193.03011008564644,662.1271013995288,855.1572114851753,30.071143185327003,30.071143185327003,904.2736524724386,37.898014285872335,128.69152277066166,40.5287073318774,40.5287073318774,1642.5761179929727
space1_time2,2020-03-10 15:00:00,40.75,96.0,1,2,128.05856323242188,138.4729085428685,135.17463560117923,1.0244000875387635,0.004781366357726044,0.03096433111221821,0.03574569746994426,95.24550386648099,627.9617349546811,723.207238821162,-10.414345310446635,10.414345310446635,108.4585882452218,-7.116072368757358,128.69152277066166,-0.6329595382397883,0.6329595382397883,0.4006377770487261
space1_time2,2020-03-10 15:00:00,45.25,96.5,1,2,131.9787139892578,136.8777862221569,134.75047150330943,1.0157870669773146,0.005043398400961777,0.027325230584060462,0.03236862898502224,97.84583839079039,538.7964522255564,636.6422906163468,-4.899072232899101,4.899072232899101,24.000908743162984,-2.7717575140516146,128.69152277066166,3.287191218596149,3.287191218596149,10.805626107615636
space1_time2,2020-03-10 15:00:00,49.5,97.25,1,2,134.5921630859375,129.9758896474067,129.65488498393316,1.0024758393292572,0.004552920317302827,0.024132583329350244,0.028685503646653072,79.33459923353821,426.5947814881214,505.9293807216596,4.616273438530811,4.616273438530811,21.30998045928508,4.937278102004342,128.69152277066166,5.900640315275837,5.900640315275837,34.817556130258524
space1_time2,2020-03-10 15:00:00,53.75,97.75,1,2,135.8988800048828,130.4712483493081,131.96450445794096,0.988684410896956,0.0038982994595597987,0.02132496035783229,0.025223259817392086,68.18768334662259,377.74966320050686,445.93734654712944,5.427631655574714,5.427631655574714,29.459185388596715,3.934375546941851,128.69152277066166,7.207357234221149,7.207357234221149,51.945998301679936
space1_time2,2020-03-10 17:00:00,32.75,94.75,1,2,169.87359619140625,133.25758598282388,123.97648362187765,1.074861797090916,0.007749626383900921,0.03506100406972472,0.04281063045362564,144.19193362064254,666.5027066274178,810.6946402480603,36.61601020858237,36.61601020858237,1340.732203595008,45.8971125695286,128.69152277066166,41.18207342074459,41.18207342074459,1695.9631712315977
space1_time2,2020-03-11 15:00:00,31.0,91.75,1,2,54.228878021240234,143.42649238717908,132.8574383632477,1.079551842592617,0.00859833463977195,0.03682435640387567,0.04542269104364762,185.89528092525904,814.4713253941028,1000.3666063193618,-89.19761436593885,89.19761436593885,7956.21440857474,-78.62856034200746,128.69152277066166,-74.46264474942143,74.46264474942143,5544.685463078538
space1_time2,2020-03-11 15:00:00,35.0,92.5,1,2,60.76247787475586,135.07811208257527,125.7456247721273,1.0742171930622642,0.008261589651847305,0.03363735840551694,0.041898948057364244,157.8429840197534,656.2979166083887,814.1409006281422,-74.31563420781941,74.31563420781941,5522.813487710419,-64.98314689737144,128.69152277066166,-67.9290448959058,67.9290448959058,4614.3551404699865
space1_time2,2020-03-11 15:00:00,39.0,93.0,1,2,104.53759765625,140.03491519664252,132.36691955546232,1.0579298488393645,0.009837192592298729,0.03071160489526782,0.040548797487566554,201.8793179850011,643.1963079277557,845.0756259127568,-35.497317540392515,35.497317540392515,1260.059552563458,-27.829321899212317,128.69152277066166,-24.153925114411663,24.153925114411663,583.4120984326065
space1_time2,2020-03-11 15:00:00,47.5,94.25,1,2,107.15103912353516,133.54363072097692,133.12566561686663,1.0031396282765879,0.005560348254646523,0.026360176263539162,0.03192052451818569,102.6642487170792,494.54864744061655,597.2128961576957,-26.392591597441765,26.392591597441765,696.5688912293537,-25.97462649333147,128.69152277066166,-21.540483647126507,21.540483647126507,463.9924357521245
space1_time2,2020-03-12 15:00:00,29.0,89.0,1,2,150.92616271972656,132.9840842451384,130.65112484013233,1.017856405047111,0.010107646820736104,0.03684352428638308,0.04695117110711918,188.2941048963537,702.6933815904147,890.9874864867684,17.942078474588158,17.942078474588158,321.9181799882797,20.275037879594237,128.69152277066166,22.2346399490649,22.2346399490649,494.37921366455276
space1_time2,2020-03-12 15:00:00,33.0,89.75,1,2,168.56687927246094,144.72364366351056,133.95625894706177,1.0803798553429595,0.010116296373191395,0.035537055733744875,0.045653352106936274,222.90822674693405,801.1622843042118,1024.0705110511458,23.84323560895038,23.84323560895038,568.4998843039194,34.61062032539917,128.69152277066166,39.875356501799274,39.875356501799274,1590.0440561455857
space1_time2,2020-03-14 17:00:00,48.75,63.0,1,2,121.52495574951172,128.84653505391844,128.40370594773717,1.003448725275589,0.004806078842293494,0.02680095768304927,0.03160703652534276,82.54811969947785,467.67329101591906,550.2214107153969,-7.321579304406725,7.321579304406725,53.60552351071687,-6.878750198225447,128.69152277066166,-7.166567021149945,7.166567021149945,51.35968286863399
space1_time2,2020-03-14 17:00:00,53.25,63.5,1,2,134.5921630859375,131.84242752908912,133.24130511075188,0.9895011717237382,0.00466939114369956,0.02532704697059172,0.02999643811429128,83.83247042140022,461.5953462584426,545.4278166798429,2.7497355568483783,2.7497355568483783,7.561045632596262,1.350857975185619,128.69152277066166,5.900640315275837,5.900640315275837,34.817556130258524
space1_time2,2020-03-15 14:00:00,50.0,109.0,1,2,97.35063934326172,138.22654329695143,137.74999139410914,1.003459542160543,0.007364317319986894,0.022248358065853617,0.02961267538584051,145.47090230706647,446.04624851477286,591.5171508218393,-40.875903953689715,40.875903953689715,1670.8395240312664,-40.399352050847426,128.69152277066166,-31.340883427399945,31.340883427399945,982.2509740098725
space1_time2,2020-03-15 16:00:00,31.5,82.25,1,2,140.47239685058594,130.90809005653622,124.26070335141509,1.0534954859085421,0.01025346722669393,0.03552323333519973,0.04577670056189366,184.88969404419365,655.413920235427,840.3036142796207,9.564306794049713,9.564306794049713,91.4759644507055,16.21169349917085,128.69152277066166,11.780874079924274,11.780874079924274,138.78899408703163
space1_time2,2020-03-19 18:00:00,47.5,50.5,1,2,155.4996795654297,137.03522059761417,131.85152648108007,1.0393146310465955,0.004793419330365792,0.026717182444731414,0.03151060177509721,93.11850684747971,527.2737828684722,620.3922897159518,18.464458967815517,18.464458967815517,340.9362449741429,23.648153084349616,128.69152277066166,26.808156794768024,26.808156794768024,718.677270732867
space1_time2,2020-03-20 15:00:00,31.75,94.25,1,2,147.65936279296875,133.5584429080146,124.77662065383667,1.0703803501662463,0.008178552933630213,0.03677835542432943,0.044956908357959645,153.2219062284205,704.7291448493633,857.9510510777837,14.100919884954152,14.100919884954152,198.83594160189543,22.882742139132077,128.69152277066166,18.967840022307087,18.967840022307087,359.7789551118345
space1_time2,2020-03-20 15:00:00,36.0,95.0,1,2,153.5395965576172,135.36939345704593,128.61092724947642,1.052549704384446,0.009249991069011466,0.03359730617669769,0.042847297245709154,177.74638732756762,659.6096126236616,837.3559999512293,18.170203100571257,18.170203100571257,330.15628071600935,24.92866930814077,128.69152277066166,24.848073786955524,24.848073786955524,617.4267709219862
space1_time2,2020-03-20 15:00:00,40.0,95.5,1,2,169.22023010253906,143.95380835332662,137.71528843278935,1.0453001260174681,0.004534444168471963,0.03083542694281894,0.035369871111290904,97.57000571901203,675.3665409252117,772.9365466442237,25.26642174921244,25.26642174921244,638.3920680090755,31.504941669749712,128.69152277066166,40.5287073318774,40.5287073318774,1642.5761179929727
space1_time2,2020-03-20 15:00:00,44.25,96.0,1,2,163.9933624267578,139.65104127243237,138.77477215349845,1.0063143257620681,0.00467505965571226,0.029555760521601034,0.03423082017731329,94.570860707982,608.2202332768065,702.7910939847885,24.342321154325447,24.342321154325447,592.5485991803201,25.218590273259366,128.69152277066166,35.30183965609615,35.30183965609615,1246.2198831047226
space1_time2,2020-03-20 15:00:00,48.75,96.5,1,2,128.7119140625,129.67189340124278,131.13434810741515,0.9888476609882982,0.0050678541845906805,0.026322970045505725,0.031390824230096405,88.15554041716968,465.14557686794313,553.3011172851128,-0.9599793387427837,0.9599793387427837,0.9215603308130323,-2.42243404491515,128.69152277066166,0.020391291838336656,0.020391291838336656,0.0004158047828362151
space1_time2,2020-03-21 15:00:00,30.0,91.5,1,2,179.0206298828125,135.91544924537166,126.42254830243101,1.0750886694692434,0.008323904312016897,0.03847169035795635,0.046795594669973246,161.806723670603,765.5927579914153,927.3994816620183,43.10518063744084,43.10518063744084,1858.0565977864046,52.59808158038149,128.69152277066166,50.32910711215084,50.32910711215084,2533.0190227063517
space1_time2,2020-03-21 15:00:00,34.25,92.0,1,2,187.51431274414062,134.57335835486555,126.63415075152984,1.062694048613421,0.008856596879100793,0.035191134548311014,0.04404773142741181,168.3601680169927,683.8983800859078,852.2585481029005,52.94095438927508,52.94095438927508,2802.744651647304,60.88016199261078,128.69152277066166,58.82278997347896,58.82278997347896,3460.120620264017
space1_time2,2020-03-21 15:00:00,38.25,92.75,1,2,173.14039611816406,147.14906333870553,139.58361615301413,1.0542001088250792,0.007241753590694069,0.032276064585765034,0.0395178181764591,163.71730745624103,744.2699986143841,907.9873060706252,25.99133277945853,25.99133277945853,675.5493796525556,33.55677996514993,128.69152277066166,44.4488733475024,44.4488733475024,1975.7023418623091
space1_time2,2020-03-22 15:00:00,32.25,89.25,1,2,152.23287963867188,133.6895235229114,125.20516004484317,1.0677636886133883,0.010528893689151237,0.03703890770914984,0.04756780139830108,198.39204376974251,714.7459727790583,913.1380165488008,18.543356115760474,18.543356115760474,343.85605603591137,27.027719593828706,128.69152277066166,23.54135686801021,23.54135686801021,554.1954831870115
space1_time2,2020-03-23 16:00:00,30.25,86.75,1,2,136.55223083496094,132.6224989117513,130.7048646368506,1.014671483576596,0.010154891592651582,0.03690628669907395,0.04706117829172553,188.17203766905232,700.2000439535454,888.3720816225978,3.92973192320963,3.92973192320963,15.442792988292856,5.847366198110336,128.69152277066166,7.860708064299274,7.860708064299274,61.790731272139645
space1_time2,2020-03-23 16:00:00,34.5,87.5,1,2,158.7664794921875,132.68775981382112,124.35784855724718,1.0669833979376009,0.009181732614544053,0.035640745913147275,0.04482247852769133,169.8430709084942,674.255526671646,844.0985975801402,26.078719678366383,26.078719678366383,680.099620062814,34.40863093494032,128.69152277066166,30.074956721525837,30.074956721525837,904.5030218016522
space1_time2,2020-03-23 17:00:00,50.0,65.0,1,2,159.41983032226562,131.88818549188733,133.14925949359193,0.9905288695821453,0.0034776590006839287,0.02755172031512191,0.03102937931580584,62.5072011330191,502.9713415288211,565.4785426618402,27.531644830378298,27.531644830378298,757.991467066096,26.270570828673698,128.69152277066166,30.72830755160396,30.72830755160396,944.228884985961
space1_time2,2020-03-24 14:00:00,51.25,111.0,1,2,122.83168029785156,138.8138696899795,140.11961997952193,0.9906811744869618,0.007202203716054204,0.022768178065972956,0.02997038178202716,143.51985018476063,460.5653676162064,604.085217800967,-15.982189392127935,15.982189392127935,255.4303777658467,-17.287939681670366,128.69152277066166,-5.859842472810101,5.859842472810101,34.337753806149195
space1_time2,2020-03-24 16:00:00,32.5,84.5,1,2,129.3652801513672,146.83836145682912,132.8886620540029,1.1049728335526274,0.010105431452584844,0.035800964608200314,0.04590639606078516,229.28045175836573,831.1830704308763,1060.463522189242,-17.473081305461932,17.473081305461932,305.3085703072833,-3.5233819026357196,128.69152277066166,0.6737573807055242,0.6737573807055242,0.45394900805516863
space1_time2,2020-03-25 16:00:00,30.5,82.0,1,2,121.52495574951172,135.28530240397598,127.04330823581843,1.0648754687091329,0.009887330252190286,0.036796019018818654,0.046683349271008936,190.54755061167995,725.9138062094622,916.4613568211422,-13.760346654464257,13.760346654464257,189.3471400510257,-5.518352486306711,128.69152277066166,-7.166567021149945,7.166567021149945,51.35968286863399
space1_time2,2020-03-25 16:00:00,34.75,82.5,1,2,152.23287963867188,135.44064103461844,127.46931099507673,1.0625352877278011,0.008767353346276395,0.03517185982426457,0.04393921317054097,168.79293569447248,692.2187571624955,861.011692856968,16.792238604053438,16.792238604053438,281.97927733546254,24.76356864359515,128.69152277066166,23.54135686801021,23.54135686801021,554.1954831870115
space1_time2,2020-03-31 15:00:00,28.75,91.25,1,2,173.14039611816406,151.1102168330162,134.05164202336377,1.1272537549870472,0.00829868206596436,0.03878202223753199,0.047080704303496354,199.45593156902424,954.372014602702,1153.8279461717264,22.030179285147852,22.030179285147852,485.32879933575754,39.088754094800294,128.69152277066166,44.4488733475024,44.4488733475024,1975.7023418623091
space1_time2,2020-03-31 15:00:00,32.75,91.75,1,2,169.22023010253906,132.82946861263287,125.3013815560683,1.0600798408052343,0.00807683872775474,0.03735269104083495,0.04542952976858969,149.73217032322503,708.4098116145655,858.1419819377904,36.3907614899062,36.3907614899062,1324.2875218152399,43.918848546470755,128.69152277066166,40.5287073318774,40.5287073318774,1642.5761179929727
space1_time2,2020-03-31 15:00:00,37.25,92.5,1,2,160.7265625,144.31701901114917,137.75882000872284,1.0476063819507972,0.008792951050410856,0.03415776369221167,0.04295071474262253,192.01439010135616,762.1402435142571,954.1546336156133,16.40954348885083,16.40954348885083,269.27311751248664,22.967742491277164,128.69152277066166,32.03503972933834,32.03503972933834,1026.2437704602858
space1_time2,2020-04-01 15:00:00,31.0,89.0,1,2,147.65936279296875,145.37415334392927,131.06513847358502,1.1091748350247088,0.009224970657327377,0.03749645890314378,0.04672142956047116,205.22722186074895,853.9443311923402,1059.1715530530892,2.2852094490394848,2.2852094490394848,5.222182225979346,16.594224319383727,128.69152277066166,18.967840022307087,18.967840022307087,359.7789551118345
space1_time2,2020-04-01 15:00:00,35.0,89.75,1,2,166.60679626464844,137.28766163118175,129.7987853631404,1.0576960427409974,0.008268928061153702,0.03604851903638094,0.04431744709753464,163.58966549924207,729.1884268785267,892.7780923777688,29.31913463346669,29.31913463346669,859.6116556553459,36.80801090150803,128.69152277066166,37.915273493986774,37.915273493986774,1437.567964123816
space1_time2,2020-04-02 16:00:00,29.0,86.5,1,2,151.5795135498047,137.37032143803103,130.22334873865552,1.0548824213829637,0.009446433296765935,0.038341849547896635,0.04778828284466257,187.87143838737373,781.0305791682334,968.9020175556071,14.20919211177366,14.20919211177366,201.90114046929082,21.35616481114917,128.69152277066166,22.887990779143024,22.887990779143024,523.8601219061361
space1_time2,2020-04-02 16:00:00,33.0,87.0,1,2,128.05856323242188,137.64130771019853,129.58011451174724,1.062210110161004,0.009901341370398536,0.037804156266749774,0.047705497637148306,197.72503981589637,773.197411791868,970.9224516077644,-9.582744477776657,9.582744477776657,91.82899172635902,-1.5215512793253652,128.69152277066166,-0.6329595382397883,0.6329595382397883,0.4006377770487261
space1_time2,2020-04-09 15:00:00,29.5,93.5,1,2,106.4976806640625,133.27449277829547,128.01042624635747,1.0411221701723519,0.008679369139926334,0.04043809874642268,0.04911746788634901,162.6296569142724,776.5979938859056,939.227650800178,-26.776812114232968,26.776812114232968,716.9976670009335,-21.51274558229497,128.69152277066166,-22.193842106599163,22.193842106599163,492.56662745265396
space1_time2,2020-04-09 15:00:00,33.5,94.25,1,2,137.20559692382812,134.87422070644908,128.7671729059682,1.0474270550689224,0.008121879042860408,0.03767211733972135,0.04579399638258176,155.298525163227,737.0541081914778,892.3526333547047,2.331376217379045,2.331376217379045,5.435315066960625,8.438424017859916,128.69152277066166,8.514074153166462,8.514074153166462,72.4894586856172
space1_time2,2020-04-09 15:00:00,37.75,94.5,1,2,182.2874298095703,139.8391930565491,135.26629744935795,1.0338066147548928,0.009884912864355982,0.034787266830313086,0.044672179694669065,203.13267823872567,731.0512571674369,934.1839354061626,42.448236753021206,42.448236753021206,1801.8528034405404,47.02113236021236,128.69152277066166,53.59590703890865,53.59590703890865,2872.5212513233378
space1_time2,2020-04-10 15:00:00,31.5,91.5,1,2,179.6739959716797,134.49325319762877,127.48775300573102,1.0549503777949776,0.008978832156040518,0.03936144715710927,0.04834027931314979,171.22451890165752,769.0254166029124,940.24993550457,45.18074277405091,45.18074277405091,2041.2995176149539,52.186242965948665,128.69152277066166,50.982473201018024,50.982473201018024,2599.212573692521
space1_time2,2020-04-10 15:00:00,35.75,92.0,1,2,176.40719604492188,132.18812593838635,126.36764995163028,1.0460598577957567,0.009275927178402659,0.036458052499458785,0.04573397967786144,170.45903895792225,685.5034956730341,855.9625346309563,44.219070106535526,44.219070106535526,1955.3261610867037,50.03954609329159,128.69152277066166,47.71567327426021,47.71567327426021,2276.7854760159503
space1_time2,2020-04-11 15:00:00,29.5,88.75,1,2,160.7265625,131.5371489404927,131.27888493301148,1.0019672928179804,0.008718664884548354,0.03902088013701367,0.047739545021562024,158.91850263086417,728.4742878719946,887.3927905028588,29.1894135595073,29.1894135595073,852.0218639479486,29.447677566988517,128.69152277066166,32.03503972933834,32.03503972933834,1026.2437704602858
space1_time2,2020-04-11 15:00:00,33.5,89.5,1,2,173.14039611816406,136.31078386386793,129.36720344804095,1.0536734213213153,0.009809685673899983,0.03826490116878645,0.04807458684268643,192.1878540611475,767.9544470056552,960.1423010668027,36.82961225429614,36.82961225429614,1356.4203388018002,43.77319267012311,128.69152277066166,44.4488733475024,44.4488733475024,1975.7023418623091
space1_time2,2020-04-12 15:00:00,35.75,87.25,1,2,167.91351318359375,135.5263978448611,129.18267876435957,1.0491065763706064,0.008743835116571999,0.03706675905816092,0.04581059417473292,168.86712973052843,732.4852772516161,901.3524069821445,32.387115338732656,32.387115338732656,1048.9252399643722,38.730834419234185,128.69152277066166,39.22199041293209,39.22199041293209,1538.3645319521365
space1_time2,2020-04-12 16:00:00,31.75,86.75,1,2,177.7139129638672,145.59521063726442,133.2045718441231,1.0930196210355372,0.009603779598785426,0.03800267989306244,0.047606459491847865,214.53526383558844,869.4263598810182,1083.9616237166067,32.11870232660277,32.11870232660277,1031.6110391449183,44.50934111974408,128.69152277066166,49.022390193205524,49.022390193205524,2403.194740254893
space1_time2,2020-04-14 16:00:00,32.0,81.75,1,2,122.17831420898438,140.48040233369593,133.51167148751637,1.0521956677535207,0.009572788830107846,0.03785231517580471,0.04742510400591256,199.0429443636369,805.9781262798358,1005.0210706434727,-18.30208812471156,18.30208812471156,334.9664297247079,-11.333357278531992,128.69152277066166,-6.513208561677288,6.513208561677288,42.42188576790633
space1_time2,2020-04-15 16:00:00,34.25,79.75,1,2,134.5921630859375,132.1319964004695,130.36232331674216,1.0135750348620864,0.010922913610855981,0.03694128082284358,0.04786419443369956,201.1479855677005,696.79536116261,897.9433467303105,2.4601666854680104,2.4601666854680104,6.052420120286657,4.229839769195337,128.69152277066166,5.900640315275837,5.900640315275837,34.817556130258524
space1_time2,2020-04-21 15:00:00,32.0,88.75,1,2,128.7119140625,147.50223151053288,134.00167984009366,1.100749122597192,0.00966146676126268,0.038991912030281045,0.048653378791543724,221.75314571616607,917.0479127851142,1138.8010585012803,-18.79031744803288,18.79031744803288,353.0760297978489,-5.289765777593658,128.69152277066166,0.020391291838336656,0.020391291838336656,0.0004158047828362151
space1_time2,2020-04-22 15:00:00,34.25,86.75,1,2,141.12576293945312,137.1342339648737,131.19167634053068,1.0452967580726547,0.009307695968848194,0.039335498779572375,0.04864319474842057,184.6214416230612,799.4913640565064,984.1128056795676,3.9915289745794382,3.9915289745794382,15.93230355490718,9.934086598922448,128.69152277066166,12.434240168791462,12.434240168791462,154.6103285751871
space1_time2,2020-04-22 16:00:00,30.25,86.25,1,2,148.96607971191406,133.9534466656344,131.06311413531216,1.0220529822550848,0.010110424619627197,0.03958938624673465,0.04969981086636185,191.62794177278997,769.2843486306831,960.9122904034731,15.01263304627966,15.01263304627966,225.37915098224812,17.9029655766019,128.69152277066166,20.2745569412524,20.2745569412524,411.05765916408586
space1_time2,2020-04-23 16:00:00,32.25,84.0,1,2,148.96607971191406,136.05487665462294,132.92026439674643,1.0235826513895592,0.009292084547171085,0.038692283920202644,0.04798436846737373,181.30093256020982,773.3150323585317,954.6159649187415,12.911203057291118,12.911203057291118,166.6991643866035,16.04581531516763,128.69152277066166,20.2745569412524,20.2745569412524,411.05765916408586
space1_time2,2020-04-24 16:00:00,34.5,81.75,1,2,169.87359619140625,129.37873750175672,128.6891537338861,1.0053585228270026,0.009569633376308645,0.03784049290944905,0.04741012628575769,168.76825130556568,683.3944813070822,852.1627326126479,40.49485868964953,40.49485868964953,1639.8335802946842,41.18444245752016,128.69152277066166,41.18207342074459,41.18207342074459,1695.9631712315977
space1_time2,2020-04-25 16:00:00,32.5,79.25,1,2,154.8463134765625,136.05155295832537,130.6732950703187,1.0411580490498265,0.00986996218107791,0.03875193949815333,0.04862190167923124,192.7452645064982,775.4346345140759,968.1798990205741,18.794760518237126,18.794760518237126,353.2430229378851,24.173018406243813,128.69152277066166,26.154790705900837,26.154790705900837,684.0730768694768
space1_time2,2020-04-30 15:00:00,28.5,90.25,1,2,189.47439575195312,133.7336706772525,132.47569250875628,1.0094959169087794,0.0097453888078108,0.041272069743081605,0.0510174585508924,184.31267597998666,800.791929738369,985.1046057183557,55.740725074700634,55.740725074700634,3107.02843185336,56.99870324319684,128.69152277066166,60.78287298129146,60.78287298129146,3694.5576478598114
space1_time2,2020-04-30 15:00:00,32.75,90.75,1,2,163.33999633789062,135.99845438272544,130.89700983418834,1.0389729647376915,0.008531356775699755,0.04100327358294735,0.04953463035864711,166.51468641849374,820.4240539034737,986.9387403219674,27.341541955165184,27.341541955165184,747.559916486058,32.442986503702286,128.69152277066166,34.64847356722896,34.64847356722896,1200.5167205389641
space1_time2,2020-05-01 15:00:00,30.25,88.5,1,2,135.8988800048828,130.58229958804714,131.54556024412122,0.9926773609517002,0.008678798681571686,0.04068555139152668,0.04936435007309836,156.15390314231107,750.3801877088074,906.5340908511184,5.316580416835677,5.316580416835677,28.26602732868062,4.353319760761593,128.69152277066166,7.207357234221149,7.207357234221149,51.945998301679936
space1_time2,2020-05-01 15:00:00,34.75,88.75,1,2,124.79175567626953,142.93339167126808,137.8210951472142,1.037093715723222,0.009317238718635237,0.040063378115958795,0.049380616834594035,200.92090894346677,885.5963451353085,1086.5172540787753,-18.141635994998552,18.141635994998552,329.1189565750271,-13.029339470944677,128.69152277066166,-3.899767094392132,3.899767094392132,15.208183390503653
space1_time2,2020-05-02 15:00:00,29.5,88.0,1,2,108.45775604248047,140.11675184110422,137.8816982932992,1.0162099363111319,0.008905162439867198,0.041025848512264484,0.049931010952131684,184.60433574260261,872.0251810605764,1056.629516803179,-31.65899579862375,31.65899579862375,1002.2920149772763,-29.423942250818726,128.69152277066166,-20.233766728181195,20.233766728181195,409.40531601045234
space1_time2,2020-05-02 15:00:00,33.5,89.0,1,2,156.1530303955078,144.20319380127,138.6196131178513,1.0402798749602027,0.008976567506935854,0.040935535611022075,0.04991210311795793,197.1003092350366,921.6045742133113,1118.7048834483478,11.949836594237809,11.949836594237809,142.79859462898506,17.533417277656525,128.69152277066166,27.46150762484615,27.46150762484615,754.1344010294832
space1_time2,2020-05-03 16:00:00,30.25,83.5,1,2,133.9387969970703,141.0154970666676,136.18259019269408,1.0354884340732182,0.009579040801500694,0.040736892888632865,0.05031593369013356,201.27478126696786,877.8282968778816,1079.1030781448494,-7.07670006959728,7.07670006959728,50.07968387503814,-2.2437931956237662,128.69152277066166,5.247274226408649,5.247274226408649,27.533886807132486
space1_time2,2020-05-04 16:00:00,32.75,81.25,1,2,143.08583068847656,140.365924586463,136.0394365099905,1.0318031902179692,0.01004058950537167,0.03968618006328169,0.04972676956865336,208.9588481195477,846.770186454133,1055.7290345736806,2.7199061020135673,2.7199061020135673,7.397889203770638,7.046394178486054,128.69152277066166,14.3943079178149,14.3943079178149,207.1961004328687
space1_time2,2020-05-10 15:00:00,30.5,90.5,1,2,156.1530303955078,143.80040418596118,133.3906579700644,1.0780395447050948,0.008566413349359486,0.04184457608908725,0.05041098943844674,187.10007226589818,937.3268662653634,1124.4269385312616,12.352626209546628,12.352626209546628,152.5873742727783,22.762372425443402,128.69152277066166,27.46150762484615,27.46150762484615,754.1344010294832
space1_time2,2020-05-20 15:00:00,28.5,89.75,1,2,144.39256286621094,141.9378972613966,142.07919833710983,0.9990054766822521,0.011285999274234883,0.04336338275228634,0.054649382026521226,241.50365379772768,953.6862593647692,1195.1899131624969,2.4546656048143234,2.4546656048143234,6.025383231458468,2.313364529101108,128.69152277066166,15.701040095549274,15.701040095549274,246.52266008204597
space1_time2,2020-08-11 15:00:00,30.0,83.5,1,2,169.22023010253906,144.71375154317525,141.90001519204074,1.01982900669409,0.008783982754874478,0.04182500999227069,0.05060899274714517,194.35651321394442,949.2126988919771,1143.5692121059215,24.506478559363813,24.506478559363813,600.5674913805583,27.320214910498322,128.69152277066166,40.5287073318774,40.5287073318774,1642.5761179929727
space1_time2,2020-08-20 15:00:00,31.5,86.5,1,2,156.1530303955078,147.14388251541862,143.4823709620847,1.0255188949609804,0.0096099301475624,0.04135955589385825,0.05096948604142065,220.00313047898845,971.3632368189225,1191.366367297911,9.009147880089188,9.009147880089188,81.16474552531551,12.670659433423111,128.69152277066166,27.46150762484615,27.46150762484615,754.1344010294832
space1_time2,2020-08-22 15:00:00,31.0,81.75,1,2,164.64671325683594,147.46928922692632,145.79836627014345,1.0114605053508414,0.010441402273636578,0.04118768750643281,0.05162908978006939,240.3552017072508,972.9755913762675,1213.3307930835183,17.177424029909616,17.177424029909616,295.0638963033163,18.84834698669249,128.69152277066166,35.955190486174274,35.955190486174274,1292.775722897077
space1_time2,2020-08-31 15:00:00,32.5,85.0,1,2,155.4996795654297,149.86102933004065,146.99688528376956,1.0194843859496892,0.00941984660705281,0.040681143351148946,0.05010098995820175,223.47396582332814,989.6551494855624,1213.1291153088905,5.638650235389036,5.638650235389036,31.794376477052836,8.50279428166013,128.69152277066166,26.808156794768024,26.808156794768024,718.677270732867
space1_time2,2020-09-02 16:00:00,32.0,80.25,1,2,159.41983032226562,151.7531273040729,150.73834126395028,1.006732103004542,0.010014519895991844,0.040467224353295736,0.05048174424928758,243.78434668920053,1010.3431219183007,1254.1274686075012,7.66670301819272,7.66670301819272,58.778335169165366,8.68148905831535,128.69152277066166,30.72830755160396,30.72830755160396,944.228884985961
space1_time2,2020-09-09 15:00:00,29.75,87.5,1,2,159.41983032226562,147.63276107796835,143.74222107999566,1.027066090733408,0.009307360587185572,0.04171145079667297,0.05101881138385854,214.4726152479964,986.07310371505,1200.5457189630465,11.787069244297271,11.787069244297271,138.93500136985864,15.677609242269966,128.69152277066166,30.72830755160396,30.72830755160396,944.228884985961
space1_time2,2020-09-09 15:00:00,34.0,88.25,1,2,165.30007934570312,149.50294049807553,149.2202345835276,1.00189455481917,0.01002900343053261,0.04007085839658838,0.05009986182712099,236.86174977263164,970.4475797861179,1207.3093295587496,15.797138847627593,15.797138847627593,249.54959577122486,16.079844762175526,128.69152277066166,36.60855657504146,36.60855657504146,1340.1864145080115
space1_time2,2020-09-10 15:00:00,31.5,85.5,1,2,169.22023010253906,152.03561699077503,149.0905740146481,1.0197533814299864,0.010163223182387401,0.04088268150320261,0.05104590468559001,248.48483231131004,1025.4645410913656,1273.9493734026757,17.184613111764037,17.184613111764037,295.31092780101244,20.129656087890964,128.69152277066166,40.5287073318774,40.5287073318774,1642.5761179929727
space1_time2,2020-09-10 15:00:00,35.5,86.0,1,2,168.56687927246094,151.14943202236728,150.304472685123,1.005621651319814,0.010112789995403503,0.03930498138338807,0.04941777137879157,243.9740908215086,972.024813999615,1215.9989048211237,17.41744725009366,17.41744725009366,303.36746870979516,18.26240658733795,128.69152277066166,39.875356501799274,39.875356501799274,1590.0440561455857
space1_time2,2020-09-11 15:00:00,33.25,83.25,1,2,147.00599670410156,151.7262910793524,149.73770319853372,1.0132804753802194,0.012021918536995095,0.040005065795343624,0.05202698433233872,293.29431034251843,1001.771580892409,1295.0658912349274,-4.72029437525083,4.72029437525083,22.281178989024628,-2.73170649443216,128.69152277066166,18.3144739334399,18.3144739334399,335.41995545864955
space1_time2,2020-09-19 15:00:00,28.5,88.0,1,2,141.77911376953125,145.63220904874248,146.59463941604173,0.9934347506079824,0.010331603867864596,0.041986047995699854,0.05231765186356445,232.0861899696382,968.2269167601858,1200.313106729824,-3.8530952792112316,3.8530952792112316,14.84634323067988,-4.81552564651048,128.69152277066166,13.087590998869587,13.087590998869587,171.28503815369223
space1_time2,2020-09-19 15:00:00,32.75,88.5,1,2,162.0332794189453,144.50455849473005,142.5982893644592,1.0133681065794462,0.009264866946652553,0.04036368161644599,0.04962854856309854,204.2532990979321,912.273995930903,1116.5272950288352,17.528720924215264,17.528720924215264,307.256057239022,19.43499005448612,128.69152277066166,33.34175664828365,33.34175664828365,1111.672736393367
space1_time2,2020-09-20 15:00:00,30.25,86.0,1,2,179.6739959716797,149.28926849977643,149.47729229680058,0.9987421246790394,0.009515100891920193,0.04118250148975292,0.05069760238167312,224.15894962726458,995.1608994125213,1219.3198490397858,30.38472747190326,30.38472747190326,923.2316635418327,30.196703674879103,128.69152277066166,50.982473201018024,50.982473201018024,2599.212573692521
space1_time2,2020-09-20 15:00:00,34.25,86.75,1,2,152.23287963867188,149.56151193788602,149.9360675289562,0.9975018979939712,0.010719267064205036,0.03959828711897549,0.05031755418318053,253.5053677502713,960.397633884782,1213.9030016350532,2.6713677007858507,2.6713677007858507,7.136205392801883,2.296812109715688,128.69152277066166,23.54135686801021,23.54135686801021,554.1954831870115
space1_time2,2020-09-21 15:00:00,32.25,83.75,1,2,186.8609619140625,153.7553982662181,151.841793184445,1.0126026243607953,0.011787449864277997,0.040197346160595976,0.05198479602487397,295.27007897225093,1033.50371760834,1328.773796580591,33.105563647844406,33.105563647844406,1095.978344441477,35.01916872961749,128.69152277066166,58.16943914340084,58.16943914340084,3383.6836502578135
space1_time2,2020-09-22 15:00:00,33.75,81.75,1,2,173.79376220703125,151.07524484113793,150.7156008208517,1.002386242819771,0.010916186732192044,0.03939802641601631,0.05031421314820835,263.43976537641953,975.0712822773812,1238.5110476538007,22.71851736589332,22.71851736589332,516.1310313043963,23.078161386179545,128.69152277066166,45.10223943636959,45.10223943636959,2034.212002175612
space1_time2,2020-09-23 16:00:00,34.0,78.75,1,2,70.56288146972656,145.30438187711727,146.3486612160182,0.9928644421464192,0.01076898704682002,0.03900643570141546,0.04977542274823548,240.26473023329473,892.2477578195837,1132.5124880528786,-74.7415004073907,74.7415004073907,5586.291883147985,-75.78577974629164,128.69152277066166,-58.1286413009351,58.1286413009351,3378.938939492778
space1_time2,2020-09-30 15:00:00,29.0,86.25,1,2,130.0186309814453,146.4302833087264,146.9041662725287,0.9967742033747148,0.010218598425893786,0.04143934219480655,0.05165794062070034,231.904259840885,965.109987720244,1197.014247561129,-16.411652327281075,16.411652327281075,269.3423321115503,-16.885535291083386,128.69152277066166,1.3271082107836492,1.3271082107836492,1.7612162031293785
space1_time2,2020-09-30 15:00:00,33.25,87.0,1,2,152.88623046875,150.48646419616784,150.37111135038657,1.0007671210563347,0.01038738114725163,0.039769101467393424,0.05015648261464505,248.62292485423984,976.1102900272939,1224.7332148815337,2.3997662725821556,2.3997662725821556,5.758878163022852,2.5151191183634296,128.69152277066166,24.194707698088337,24.194707698088337,585.383880595935
space1_time2,2020-10-01 15:00:00,30.75,84.5,1,2,171.18031311035156,150.0715819496621,151.0410674620392,0.9935813118334803,0.011215588299326677,0.04062230538087751,0.05183789368020418,267.52822095377627,994.4802190888894,1262.0084400426656,21.108731160689473,21.108731160689473,445.57853121426274,20.139245648312368,128.69152277066166,42.4887903396899,42.4887903396899,1805.2973045301258
space1_time2,2020-10-01 15:00:00,35.0,85.0,1,2,155.4996795654297,148.5143264164046,148.00125374913992,1.0034666778440557,0.010037632206172018,0.0388708816481725,0.04890851385434451,233.6631048311023,927.3189240570927,1160.982028888195,6.985353149025087,6.985353149025087,48.795158616594705,7.4984258162897675,128.69152277066166,26.808156794768024,26.808156794768024,718.677270732867
space1_time2,2020-10-03 16:00:00,34.25,80.25,1,2,169.22023010253906,143.0738202705213,145.6407682208918,0.982374798061507,0.011445485198710173,0.038771373864906034,0.050216859063616205,247.77140644353136,860.7111949546619,1108.4826013981933,26.146409832017753,26.146409832017753,683.6347471038346,23.579461881647262,128.69152277066166,40.5287073318774,40.5287073318774,1642.5761179929727
space1_time3,2020-10-11 15:00:00,29.25,84.75,1,3,169.22023010253906,173.73248863747088,153.09286097993765,1.1348177016578065,0.009205653982297519,0.06671919454060718,0.0759248485229047,301.1556302671566,2267.529894647947,2568.6855249151035,-4.512258534931817,4.512258534931817,20.36047708606503,16.127369122601408,129.8304696454143,39.389760457124765,39.389760457124765,1551.5532288696697
space1_time3,2020-10-11 15:00:00,33.25,85.5,1,3,172.48703002929688,168.66114511136962,149.16886889732052,1.130672548220946,0.013882029325284108,0.06636862879506922,0.08025065812035333,430.8770833406951,2144.69584339688,2575.572926737575,3.8258849179272545,3.8258849179272545,14.637395405223234,23.318161131976353,129.8304696454143,42.65656038388258,42.65656038388258,1819.5821437838206
space1_time3,2020-10-13 16:00:00,32.5,80.5,1,3,171.83367919921875,173.4668874691222,154.47724851485313,1.1229283867808093,0.013299556022667781,0.06526598971109085,0.07856554573375862,435.79481696712224,2224.672132692764,2660.4669496598863,-1.633208269903463,1.633208269903463,2.6673692528810626,17.35643068436562,129.8304696454143,42.00320955380445,42.00320955380445,1764.2696128208097
space1_time3,2020-10-20 15:00:00,29.75,87.75,1,3,167.26016235351562,159.35539680303862,145.92365983964336,1.0920463273615495,0.010017426583969782,0.06812433776237951,0.0781417643463493,276.44155667855193,1955.2391514625135,2231.680708141065,7.904765550477009,7.904765550477009,62.48531840800809,21.33650251387226,129.8304696454143,37.42969270810133,37.42969270810133,1400.9818962228937
space1_time3,2020-10-20 15:00:00,33.75,88.5,1,3,175.7538299560547,156.2262355551828,145.13960737644962,1.0763859595539462,0.012817092704468031,0.06786559408776738,0.0806826867922354,341.2900887946829,1881.8465041565698,2223.1365929512526,19.52759440087189,19.52759440087189,381.3269430849632,30.61422257960507,129.8304696454143,45.92336031064039,45.92336031064039,2108.955022220901
space1_time3,2020-10-21 15:00:00,31.75,86.25,1,3,181.6340789794922,162.13696449311487,148.06756567957763,1.095020126446759,0.010929993965993902,0.06759970724155286,0.07852970120754676,312.5104856721669,2010.5853862773856,2323.0958719495525,19.497114486377313,19.497114486377313,380.1374732949041,33.56651329991456,129.8304696454143,51.80360933407789,51.80360933407789,2683.613940037762
space1_time3,2020-10-21 15:00:00,35.5,86.5,1,3,190.1277618408203,155.4916176769883,143.83645935540065,1.0810306258498017,0.011066280616312702,0.06728387225425363,0.07835015287056633,290.9697961484432,1840.1381529707112,2131.1079491191545,34.636144163832,34.636144163832,1199.6624825377535,46.29130248541966,129.8304696454143,60.297292195406015,60.297292195406015,3635.7634460981712
space1_time3,2020-10-23 16:00:00,30.75,80.75,1,3,173.14039611816406,167.80276347418132,152.19017365032056,1.10258605696668,0.01298405600385825,0.06673589417442971,0.07971995017828797,398.52267305222483,2132.01690538691,2530.539578439135,5.337632643982744,5.337632643982744,28.490322242110217,20.950222467843503,129.8304696454143,43.309926472749765,43.309926472749765,1875.749731074991
space1_time3,2020-10-23 16:00:00,34.75,81.5,1,3,180.32736206054688,155.45539343376728,143.24784161905853,1.0852197958219327,0.011680076062088061,0.06639389268882591,0.07807396875091396,306.9750778711402,1814.748402754787,2121.723480625927,24.87196862677959,24.87196862677959,618.6148233715082,37.07952044148834,129.8304696454143,50.49689241513258,50.49689241513258,2549.936143585474
space1_time3,2020-10-24 16:00:00,32.5,78.75,1,3,179.0206298828125,166.76046294633994,150.3704917276679,1.1089972575760114,0.013366155358836283,0.06597533568314694,0.07934149104198322,405.0940994218729,2080.823945142678,2485.9180445645507,12.260166936472558,12.260166936472558,150.31169331017492,28.65013815514459,129.8304696454143,49.1901602373982,49.1901602373982,2419.671864180911
space1_time3,2020-10-27 16:00:00,58.25,76.75,1,3,114.33799743652344,122.94576028960952,136.24724675774266,0.9023724384553315,0.005247928682239107,0.06648151950429805,0.07172944818653716,85.44896634084795,1122.2126384293729,1207.6616047702207,-8.607762853086086,8.607762853086086,74.09358133496872,-21.90924932121922,129.8304696454143,-15.49247220889086,15.49247220889086,240.01669514325562
space1_time3,2020-10-30 15:00:00,31.75,88.75,1,3,184.2475128173828,152.85350269090142,151.86800029341842,1.0064892037531212,0.015025669486959273,0.06905537924318189,0.08408104873014116,384.7400752665933,1844.4686544442413,2229.2087297108346,31.39401012648139,31.39401012648139,985.5838718216161,32.379512523964394,129.8304696454143,54.417043171968515,54.417043171968515,2961.214587579885
space1_time3,2020-10-31 15:00:00,29.5,85.75,1,3,49.655357360839844,143.9903158394686,144.14959693837977,0.9988950291759799,0.010630090820199382,0.06908131428088846,0.07971140510108785,239.95627237130833,1623.1144457867897,1863.070718158098,-94.33495847862875,94.33495847862875,8899.08439116461,-94.49423957753993,129.8304696454143,-80.17511228457445,80.17511228457445,6428.048629844121
space1_time3,2020-10-31 15:00:00,33.5,86.5,1,3,155.4996795654297,143.95969400520806,146.48879731723017,0.9827351759428727,0.01160933417861678,0.06878171200306446,0.08039104618168125,262.2562844027362,1617.8245937538206,1880.0808781565568,11.539985560221623,11.539985560221623,133.1712667301236,9.010882248199522,129.8304696454143,25.66920992001539,25.66920992001539,658.9083379178165
space1_time3,2020-11-01 15:00:00,31.0,83.75,1,3,187.51431274414062,148.861372473945,148.30737533433654,1.0037354658752442,0.01137437751153428,0.06859267187610374,0.07996704938763802,274.5953508306952,1723.8150994652474,1998.4104502959426,38.652940270195614,38.652940270195614,1494.04979153131,39.206937409804084,129.8304696454143,57.68384309872633,57.68384309872633,3327.425754638477
space1_time3,2020-11-01 15:00:00,35.25,84.5,1,3,187.51431274414062,143.49039572436675,145.80798381721866,0.9841052044464371,0.011549613590288057,0.06830422993336217,0.07985384352365023,259.0619232000259,1594.7983562083168,1853.8602794083426,44.023917019773876,44.023917019773876,1938.105269763936,41.70632892692197,129.8304696454143,57.68384309872633,57.68384309872633,3327.425754638477
space1_time3,2020-11-02 17:00:00,51.5,61.5,1,3,169.22023010253906,155.17272997548,140.51071273453675,1.1043480383495297,0.004311970742654697,0.06229522091608328,0.06660719165873798,111.21680427988723,1661.432835673692,1772.649639953579,14.047500127059067,14.047500127059067,197.3322598197245,28.70951736800231,129.8304696454143,39.389760457124765,39.389760457124765,1551.5532288696697
space1_time3,2020-11-06 16:00:00,56.0,77.25,1,3,151.5795135498047,122.16779282579276,139.60397469555792,0.8751025398253222,0.0051756921052100845,0.06780198516022012,0.07297767726543021,83.31056172154918,1132.149138283335,1215.4597000048843,29.41172072401193,29.41172072401193,865.0493159472727,11.975538854246764,129.8304696454143,21.74904390439039,21.74904390439039,473.02091075510083
space1_time3,2020-11-10 15:00:00,31.25,86.5,1,3,145.04591369628906,137.9772056611643,145.78773394758727,0.9464253399450533,0.012748217471813192,0.07018052065552166,0.08292873812733485,265.36939146001043,1523.0419987763696,1788.4113902363802,7.068708035124757,7.068708035124757,49.966633285837304,-0.7418202512982077,129.8304696454143,15.215444050874765,15.215444050874765,231.5097376653003
space1_time3,2020-11-10 15:00:00,35.25,87.25,1,3,177.7139129638672,127.16842528660554,136.412327409726,0.9322355809137717,0.011122435200739572,0.06997267571666525,0.08109511091740483,196.1530543821461,1285.344693520551,1481.497747902697,50.54548767726165,50.54548767726165,2554.846324532209,41.301585554141184,129.8304696454143,47.88344331845289,47.88344331845289,2292.824144031491
space1_time3,2020-11-12 15:00:00,34.5,82.5,1,3,175.10047912597656,136.52614396719414,132.98489177503163,1.0266289812691891,0.011983556704385856,0.07052866928740965,0.08251222599179552,244.0376212240585,1497.0677342545985,1741.105355478657,38.57433515878242,38.57433515878242,1487.9793329420775,42.115587350944935,129.8304696454143,45.270009480562265,45.270009480562265,2049.3737583701973
space1_time3,2020-11-17 16:00:00,59.0,76.25,1,3,152.88623046875,112.22425386932693,129.27262185760688,0.868120815194275,0.005516537093951358,0.06978806572132087,0.07530460281527224,75.11779324027187,986.954665724256,1062.0724589645279,40.66197659942307,40.66197659942307,1653.3963409720293,23.61360861114312,129.8304696454143,23.055760823335703,23.055760823335703,531.5681071428614
space1_time3,2020-11-20 15:00:00,31.5,83.25,1,3,158.1131134033203,144.5965695049865,140.03028280057256,1.0326092800292144,0.013699168900500578,0.07198318941286991,0.08568235831337048,314.19531689494954,1723.5846759268798,2037.7799928218292,13.516543898333822,13.516543898333822,182.69695895558527,18.082830602747748,129.8304696454143,28.282643757906015,28.282643757906015,799.9079379366201
space1_time3,2020-11-20 15:00:00,28.75,86.5,1,3,154.8463134765625,152.7627959102316,146.4235168365237,1.0432941320538385,0.012491485031319659,0.07266957094046975,0.08516105597178941,319.41077341756267,1939.4264110901938,2258.8371845077563,2.0835175663308974,2.0835175663308974,4.3410454492094255,8.422796640038797,129.8304696454143,25.015843831148203,25.015843831148203,625.7924425843956
space1_time3,2020-11-30 15:00:00,34.0,87.5,1,3,56.18895721435547,148.49143155366616,138.96737469724584,1.0685344806805868,0.01069893018705503,0.0734225242769058,0.08412145446396084,257.98944602114557,1846.9413937505458,2104.9308397716914,-92.30247433931069,92.30247433931069,8519.746769159108,-82.77841748289038,129.8304696454143,-73.64151243105883,73.64151243105883,5423.072353133792
space1_time3,2020-12-02 15:00:00,32.75,82.75,1,3,137.20559692382812,151.628096129804,141.37570653599684,1.0725187505336833,0.012458800268550807,0.07324879385706778,0.0857075941256186,314.0263747334138,1927.5063794822336,2241.5327542156474,-14.422499205975868,14.422499205975868,208.00848334637453,-4.170109612168716,129.8304696454143,7.375127278413828,7.375127278413828,54.392502372803754
space1_time3,2020-12-03 15:00:00,34.25,80.75,1,3,142.43247985839844,144.0732976685421,133.56231587807983,1.0786972112707074,0.01133657103211111,0.07311595205870279,0.0844525230908139,257.50757117780955,1732.8200681756896,1990.327639353499,-1.640817810143659,1.640817810143659,2.6922830860846325,8.870163980318608,129.8304696454143,12.60201021298414,12.60201021298414,158.8106614081566
space1_time3,2020-12-07 16:00:00,56.75,76.5,1,3,151.5795135498047,130.97451138837016,133.80997661523193,0.9788097621822696,0.005739661359865674,0.07219283386331841,0.07793249522318409,106.74620499285139,1396.293772710718,1503.0399777035693,20.605002161434527,20.605002161434527,424.5661140727215,17.769536934572756,129.8304696454143,21.74904390439039,21.74904390439039,473.02091075510083
space1_time3,2020-12-11 15:00:00,32.0,85.25,1,3,169.87359619140625,147.53136550711872,139.99333393847422,1.0538456464788348,0.01258408765783922,0.0741567503281017,0.08674083798594093,300.60554813981105,1850.3680561600772,2150.9736042998884,22.34223068428753,22.34223068428753,499.1752719499192,29.880262252932027,129.8304696454143,40.04312654599195,40.04312654599195,1603.4519835783253
space1_time3,2020-12-11 15:00:00,36.0,86.25,1,3,139.16567993164062,139.51945953891789,131.14077815599086,1.063890740170542,0.009666527459382918,0.07411774938489124,0.08378427684427416,205.60224819616062,1644.261279708484,1849.8635279046446,-0.35377960727726077,0.35377960727726077,0.12516001052525286,8.024901775649766,129.8304696454143,9.335210286226328,9.335210286226328,87.14615108806584
space1_time3,2020-12-21 15:00:00,32.25,85.5,1,3,167.91351318359375,146.5308878191402,139.43670563842133,1.0508774368143425,0.009788005351048224,0.0745270563041305,0.08431506165517873,229.7721024251812,1825.2595122282653,2055.0316146534465,21.38262536445356,21.38262536445356,457.21666747657275,28.47680754517242,129.8304696454143,38.08304353817945,38.08304353817945,1450.3182051308718
space1_time3,2020-12-23 15:00:00,31.25,80.5,1,3,145.04591369628906,137.97907513945492,131.85975990060618,1.0464077535364946,0.009793940526607302,0.07447979978250371,0.08427374030911101,203.85060509780277,1617.3033772361744,1821.1539823339772,7.066838556834142,7.066838556834142,49.94020718835766,13.186153795682884,129.8304696454143,15.215444050874765,15.215444050874765,231.5097376653003
space2_time0,2020-01-02 20:00:00,51.5,24.0,2,0,162.68663024902344,141.41058781772293,144.39987763663927,0.9792985294181585,0.0028847547012538018,0.027089423958260517,0.02997417865951432,59.52740250534126,567.4528106549353,626.9802131602765,21.27604243130051,21.27604243130051,452.6699815384997,18.286752612384163,137.7940717755404,24.892558473483035,24.892558473483035,619.639467355772
space2_time0,2020-01-02 20:00:00,59.75,26.75,2,0,107.80439758300781,139.34927525138804,146.23558825314538,0.9529094587438142,0.0031583567492524255,0.026418917190196928,0.029577273939449353,63.27058765919428,537.1440518572708,600.4146395164651,-31.544877668380224,31.544877668380224,995.0793071130734,-38.43119067013757,137.7940717755404,-29.98967419253259,29.98967419253259,899.3805581742553
space2_time0,2020-01-02 23:00:00,65.25,-19.25,2,0,113.68463897705078,116.01953066780028,124.82421687914558,0.9294633170431184,0.004065240629365536,0.027220949227497345,0.03128618985686288,56.574267609920554,384.8068263621351,441.3810939720556,-2.334891690749501,2.334891690749501,5.451719207531063,-11.1395779020948,137.7940717755404,-24.10943279848962,24.10943279848962,581.2647498648871
space2_time0,2020-01-03 22:00:00,28.5,-8.75,2,0,24.174320220947266,152.4348237698955,158.56058953479845,0.9613664039540009,0.003284507421775224,0.027938112381462682,0.031222619803237907,78.87000384567152,681.4476672318348,760.3176710775062,-128.26050354894824,128.26050354894824,16450.756770629763,-134.3862693138512,137.7940717755404,-113.61975155459314,113.61975155459314,12909.44794332747
space2_time0,2020-01-03 22:00:00,32.25,-7.5,2,0,16.98736000061035,155.0995952137743,161.60442390282174,0.9597484491330568,0.01670963828948206,0.027976722709477257,0.04468636099895931,423.86633236310286,725.7237604168042,1149.590092779907,-138.11223521316396,138.11223521316396,19074.989515576326,-144.61706390221138,137.7940717755404,-120.80671177493005,120.80671177493005,14594.261609871022
space2_time0,2020-01-03 22:00:00,39.75,-6.25,2,0,71.86959838867188,143.8534779294001,150.78248332873895,0.9540463504355998,0.005500973444531578,0.027936137283625116,0.033437110728156694,118.03122170387664,609.5341760758014,727.565397779678,-71.98387954072822,71.98387954072822,5181.678913734071,-78.91288494006707,137.7940717755404,-65.92447338686853,65.92447338686853,4346.036191335937
space2_time0,2020-01-03 22:00:00,43.5,-5.75,2,0,128.05856323242188,141.26559837759532,148.73479614656418,0.9497817729107003,0.004112293462579704,0.02800430042468184,0.03211659388726155,84.91770822969599,587.6609170575132,672.5786252872092,-13.20703514517345,13.20703514517345,174.42577732584667,-20.676232914142304,137.7940717755404,-9.735508543118527,9.735508543118527,94.78012659313383
space2_time0,2020-01-04 22:00:00,26.25,-11.0,2,0,218.87559509277344,151.48735097363675,159.86756662990163,0.947580263883885,0.0033598588005289867,0.028092836495604727,0.03145269529613371,79.70091167755018,676.9892884668344,756.6902001443846,67.38824411913669,67.38824411913669,4541.175445460361,59.008028462871806,137.7940717755404,81.08152331723304,81.08152331723304,6574.213423443004
space2_time0,2020-01-04 22:00:00,42.5,-7.5,2,0,192.74119567871094,138.86123283253247,147.8223159965902,0.9393793616096203,0.003834616165872428,0.027913520598958422,0.03174813676483085,76.47243432549121,565.5949008137508,642.067335139242,53.87996284617847,53.87996284617847,2903.0503963055726,44.918879682120746,137.7940717755404,54.947123903170535,54.947123903170535,3019.186425230375
space2_time0,2020-01-05 00:00:00,65.75,-24.0,2,0,116.29808044433594,128.12738280266254,139.46260169319052,0.9187221609742751,0.00652078264015439,0.027116741323633193,0.03363752396378758,111.0731183107074,469.74651945455196,580.8196377652594,-11.8293023583266,11.8293023583266,139.93239428471128,-23.164521248854584,137.7940717755404,-21.495991331204465,21.495991331204465,462.0776433112175
space2_time0,2020-01-05 22:00:00,24.5,-13.75,2,0,187.51431274414062,150.47576071614915,158.474260824896,0.9495280806667732,0.00377275770351314,0.028031025583973208,0.03180378328748635,88.35349197604057,666.9969630099275,755.3504549859681,37.03855202799147,37.03855202799147,1371.854336330231,29.040051919244632,137.7940717755404,49.72024096860022,49.72024096860022,2472.102361975672
space2_time0,2020-01-10 23:00:00,64.5,-15.25,2,0,118.2581558227539,120.88866184195895,131.1549066251403,0.9217242797288264,0.006677694400169591,0.027249094630422632,0.03392678903059222,101.29377288906457,420.42450602706475,521.7182789161293,-2.6305060192050433,2.6305060192050433,6.919561917073964,-12.896750802386407,137.7940717755404,-19.535915952786496,19.535915952786496,381.65201211433794
space2_time0,2020-01-11 20:00:00,53.25,26.5,2,0,162.0332794189453,136.42235907240942,139.02790465250192,0.9812588301132424,0.0026868158141167037,0.02655978532589384,0.029246601140010542,51.55778000933285,517.1831021674504,568.7408821767833,25.61092034653589,25.61092034653589,655.9192409966062,23.005374766443396,137.7940717755404,24.23920764340491,24.23920764340491,587.539187180099
space2_time0,2020-01-11 20:00:00,57.5,27.75,2,0,99.31071472167969,129.09865196553378,134.1526046460737,0.9623268389467841,0.0030661155411659383,0.02611862951897235,0.029184745060138288,52.695396141343544,455.4955134438698,508.1909095852134,-29.78793724385409,29.78793724385409,887.3212052437894,-34.841889924394025,137.7940717755404,-38.483357053860715,38.483357053860715,1480.9687701349312
space2_time0,2020-01-14 22:00:00,26.0,-11.5,2,0,195.35462951660156,150.59934905477814,158.80307538057966,0.9483402553373677,0.0033375005124535533,0.028073417128381156,0.03141091764083471,78.24093815033206,668.5637740120775,746.8047121624095,44.75528046182342,44.75528046182342,2003.035129216473,36.551554136021906,137.7940717755404,57.56055774106116,57.56055774106116,3313.217807462036
space2_time0,2020-01-14 22:00:00,42.25,-7.75,2,0,150.92616271972656,135.4490793484756,144.1899411642054,0.9393795312963223,0.003888679454634558,0.027913384740214847,0.031802064194849405,73.79219197732202,538.1958236056578,611.9880155829798,15.477083371250956,15.477083371250956,239.54010968065285,6.736221555521155,137.7940717755404,13.13209094418616,13.13209094418616,172.45181256637616
space2_time0,2020-01-15 00:00:00,65.5,-24.75,2,0,135.24551391601562,127.44454285051344,138.8538871374984,0.9178320137650378,0.00553564991010671,0.027002220062731994,0.0325378699728387,93.14182152121053,461.799789823535,554.9416113447455,7.800971065502182,7.800971065502182,60.85514956480225,-3.608373221482765,137.7940717755404,-2.5485578595247773,2.5485578595247773,6.495147163345514
space2_time1,2020-01-21 20:00:00,53.0,25.75,2,1,152.88623046875,147.78789962560796,154.05296366674187,0.9593317525868119,0.0043790747578778995,0.02006942876120895,0.02444850351908685,98.22662323513644,455.71962673598455,553.946249971121,5.098330843142037,5.098330843142037,25.992977386133393,-1.1667331979918742,136.07580674637455,16.810423722375447,16.810423722375447,282.59034572580316
space2_time1,2020-01-22 23:00:00,65.0,-21.0,2,1,122.83168029785156,122.7695709018402,128.18665369997095,0.9577406645561571,0.00502356295792057,0.021443586318106805,0.026467149276027377,77.94336863867306,337.1474468542076,415.09081549288067,0.06210939601136545,0.06210939601136545,0.003857577072896618,-5.354973402119384,136.07580674637455,-13.24412644852299,13.24412644852299,175.40688538446622
space2_time1,2020-01-23 22:00:00,27.75,-8.75,2,1,194.70127868652344,149.79887977917315,155.65486576844572,0.9623783942740083,0.0038301776003298554,0.023808019300461586,0.02763819690079144,88.52606043257751,557.9394131179585,646.465473550536,44.90239890735029,44.90239890735029,2016.2254276348124,39.04641291807772,136.07580674637455,58.625471940148884,58.625471940148884,3436.9459602051843
space2_time1,2020-01-23 22:00:00,31.75,-8.0,2,1,196.00799560546875,162.01438039862302,168.09866675423947,0.9638052670309892,0.023623741385346043,0.024031589133443106,0.047655330518789146,658.1004446637959,685.6059376448922,1343.706382308688,33.99361520684573,33.99361520684573,1155.5658748310934,27.909328851229276,136.07580674637455,59.9321888590942,59.9321888590942,3591.8672614421343
space2_time1,2020-01-23 22:00:00,40.0,-6.5,2,1,134.5921630859375,146.73292545607944,150.03355055930385,0.9780007532253945,0.006736620608468377,0.023818350473780076,0.03055497108224845,150.04818870092436,538.6972038990002,688.7453925999246,-12.140762370141942,12.140762370141942,147.3981109282546,-15.441387473366348,136.07580674637455,-1.4836436604370533,1.4836436604370533,2.2011985111550585
space2_time1,2020-01-23 22:00:00,48.0,-4.25,2,1,203.19496154785156,147.2151797035613,148.17574048689525,0.9935174220815252,0.004662882523458023,0.024040997795846675,0.0287038803193047,104.24098901464389,545.229783601407,649.4707726160509,55.97978184429027,55.97978184429027,3133.7359753343308,55.01922106095631,136.07580674637455,67.11915480147701,67.11915480147701,4504.980941264635
space2_time1,2020-01-25 22:00:00,24.25,-14.5,2,1,197.96807861328125,161.95275143164494,165.89746981177524,0.9762219497102282,0.003938136701246297,0.02416415010920971,0.028102286810456005,106.44556046257074,662.4008941751275,768.8464546376982,36.01532718163631,36.01532718163631,1297.1037920003112,32.07060880150601,136.07580674637455,61.8922718669067,61.8922718669067,3830.65331684709
space2_time1,2020-01-30 23:00:00,64.5,-17.25,2,1,121.52495574951172,125.90071083220971,130.70527346883947,0.9632412487337387,0.004187838386852912,0.021785732465515906,0.025973570852368816,68.27098221790358,359.804643683273,428.0756259011766,-4.375755082697992,4.375755082697992,19.147232543757312,-9.180317719327746,136.07580674637455,-14.550850996862835,14.550850996862835,211.72726473290416
space2_time1,2020-02-09 23:00:00,64.5,-18.25,2,1,116.29808044433594,123.05467121985531,128.10202324239847,0.9605989671764011,0.009395433472344967,0.022240224416815092,0.03163565788916006,147.53464363701931,354.807919128458,502.34256276547734,-6.756590775519371,6.756590775519371,45.65151890783345,-11.803942798062536,136.07580674637455,-19.777726302038616,19.777726302038616,391.1584576783501
space2_time1,2020-02-10 20:00:00,52.75,24.75,2,1,154.19296264648438,133.20587237614802,140.66863316034448,0.9469479398744863,0.0033781410297206555,0.021097239712570395,0.02447538074229105,61.53012564981311,389.00776654903984,450.53789219885294,20.987090270336353,20.987090270336353,440.4579580152468,13.52432948613989,136.07580674637455,18.11715590010982,18.11715590010982,328.23133790888414
space2_time1,2020-02-11 23:00:00,65.0,-23.5,2,1,127.40519714355469,122.45275603950854,129.58677550597707,0.9449479359401187,0.005266473078299231,0.02236612442565014,0.02763259750394937,81.395760174808,350.4947718790777,431.8905320538857,4.9524411040461445,4.9524411040461445,24.526672889045795,-2.1815783624223855,136.07580674637455,-8.670609602819866,8.670609602819866,75.17947088451207
space2_time1,2020-02-12 22:00:00,27.25,-9.75,2,1,61.41584014892578,149.98948868515745,154.91184829091895,0.9682247700219968,0.00413241912768383,0.02391755595126723,0.028049975078951062,95.80884709119321,562.3660142467447,658.174861337938,-88.57364853623167,88.57364853623167,7845.291215019895,-93.49600814199317,136.07580674637455,-74.65996659744877,74.65996659744877,5574.110612332166
space2_time1,2020-02-12 22:00:00,31.25,-9.0,2,1,156.806396484375,164.25681964908625,170.95756935076054,0.9608046035801661,0.023472320851771394,0.02388967363323053,0.047361994485001925,671.860060679318,700.1932061882408,1372.0532668675587,-7.450423164711253,7.450423164711253,55.50880533326605,-14.151172866385537,136.07580674637455,20.730589738000447,20.730589738000447,429.75735088528944
space2_time1,2020-02-12 22:00:00,39.5,-7.0,2,1,136.55223083496094,142.91003384566295,149.71402219037537,0.9545534329706237,0.005442232485990954,0.02384197724883256,0.029284209734823513,114.76324164285137,510.1956147158904,624.9588563587417,-6.357803010702014,6.357803010702014,40.4216591228916,-13.161791355414437,136.07580674637455,0.4764240885863842,0.4764240885863842,0.22697991218536684
space2_time1,2020-02-12 22:00:00,42.5,-6.75,2,1,109.11111450195312,138.813473256437,146.23524444044193,0.9492477260703894,0.004553138713787312,0.023806215003919884,0.028359353717707196,90.46477569490028,479.7632926261047,570.228068321005,-29.702358754483868,29.702358754483868,882.2301155800644,-37.12412993848881,136.07580674637455,-26.96469224442143,26.96469224442143,727.0946278363612
space2_time1,2020-02-13 22:00:00,25.25,-12.5,2,1,164.64671325683594,158.53711240748234,161.9542658782876,0.9789005034706937,0.004707933833751943,0.024169608028625684,0.028877541862377627,122.08331430505905,635.8818308461844,757.9651451512434,6.109600849353598,6.109600849353598,37.3272225384222,2.692447378548337,136.07580674637455,28.570906510461384,28.570906510461384,816.2966988295248
space2_time1,2020-02-14 22:00:00,23.5,-15.25,2,1,178.36727905273438,164.41294223562403,168.5828139383682,0.9752651435497534,0.00500154550898278,0.0242104564919781,0.029212002000960878,139.5562731561691,685.4907141874316,825.0469873436008,13.954336817110345,13.954336817110345,194.7235160053613,9.784465114366185,136.07580674637455,42.29147230635982,42.29147230635982,1788.5686298395997
space2_time1,2020-02-20 23:00:00,66.5,-22.0,2,1,100.61743927001953,125.47116833854349,129.88167993018303,0.9660420808076219,0.005742229035763348,0.022526470064736775,0.028268699100500123,93.2594480417783,371.0671665804109,464.3266146221892,-24.85372906852396,24.85372906852396,617.7078486115929,-29.264240660163495,136.07580674637455,-35.45836747635502,35.45836747635502,1257.2958240882317
space2_time1,2020-02-22 22:00:00,30.75,-9.25,2,1,179.6739959716797,163.29062093456196,171.0682803647658,0.9545347658045097,0.023128855221638267,0.02385047384424764,0.04697932906588591,653.9002888026032,690.3295251885852,1344.2298139911884,16.38337503711773,16.38337503711773,268.4149776068524,8.60571560691389,136.07580674637455,43.598189225305134,43.598189225305134,1900.8021037255128
space2_time1,2020-02-22 22:00:00,43.0,-7.0,2,1,146.35263061523438,138.98319716253204,144.69249874231173,0.9605418274657924,0.005059291787929919,0.02380371405806466,0.02886300584599458,100.84362342797543,481.3719182624149,582.2155416903903,7.369433452702339,7.369433452702339,54.308549413808315,1.6601318729226477,136.07580674637455,10.276823868859822,10.276823868859822,105.61310883156695
space2_time1,2020-02-23 22:00:00,24.75,-12.75,2,1,145.04591369628906,161.52143100688656,165.73569974683346,0.974572353775413,0.005871416710990674,0.024232015795319865,0.030103432506310538,158.3261138957803,663.3550963190853,821.6812102148656,-16.475517310597496,16.475517310597496,271.44267065179775,-20.6897860505444,136.07580674637455,8.97010694991451,8.97010694991451,80.46281869290458
space2_time2,2020-03-03 22:00:00,26.0,-10.25,2,2,197.31471252441406,137.95547672399857,136.2131668367576,1.0127910533739297,0.006632054195402417,0.020422969953809097,0.027055024149211515,130.11181496329326,406.1339008270539,536.2457157903472,59.35923580041549,59.35923580041549,3523.518874809328,61.101545687656454,132.79374426221554,64.52096826219852,64.52096826219852,4162.955345491629
space2_time2,2020-03-03 22:00:00,30.25,-9.5,2,2,190.1277618408203,142.11178750160354,141.47855968377982,1.0044757864318035,0.006796162309068566,0.020180599359829444,0.02697676166889801,141.48695790149557,425.8446449129127,567.3316028144083,48.01597433921677,48.01597433921677,2305.533791744323,48.64920215704049,132.79374426221554,57.33401757860477,57.33401757860477,3287.189571703761
space2_time2,2020-03-04 22:00:00,24.25,-13.0,2,2,215.60879516601562,139.75752051221286,137.62226760483895,1.015515315541123,0.006764198923208954,0.02064235312502002,0.027406552048228974,136.2507540620421,421.5410632069576,557.7918172689997,75.85127465380276,75.85127465380276,5753.415866606621,77.98652756117667,132.79374426221554,82.81505090380008,82.81505090380008,6858.332656198999
space2_time2,2020-03-04 22:00:00,28.25,-12.25,2,2,224.10247802734375,132.91347864253433,131.94567655467833,1.0073348525933317,0.005994145369366551,0.020425623992222194,0.026419769361588744,109.0539856963897,376.55939181522467,485.6133775116144,91.18899938480942,91.18899938480942,8315.433608802772,92.15680147266542,132.79374426221554,91.30873376512821,91.30873376512821,8337.284861791064
space2_time2,2020-03-05 22:00:00,22.25,-15.75,2,2,175.10047912597656,141.01682877230385,138.30961351538946,1.0195735870277243,0.006874027934027762,0.02091722352336794,0.027791251457395704,141.03155644750726,435.1619352048984,576.1934916524057,34.08365035367271,34.08365035367271,1161.6952214314138,36.790865610587105,132.79374426221554,42.30673486376102,42.30673486376102,1789.8598148325723
space2_time2,2020-03-13 22:00:00,29.5,-10.0,2,2,212.3419952392578,135.82534662724413,135.00118828818609,1.0061048228501424,0.006914157127319646,0.020318259632741822,0.027232416760061467,131.53157861418174,391.8296918915665,523.3612705057483,76.51664861201368,76.51664861201368,5854.797514814375,77.34080695107173,132.79374426221554,79.54825097704227,79.54825097704227,6327.924233506506
space2_time2,2020-03-14 22:00:00,23.25,-13.25,2,2,196.00799560546875,137.88969431139222,136.9145349222929,1.0071223949279948,0.0064639450273044005,0.020794248891551268,0.02725819391885567,126.70791338501223,413.2143856324678,539.92229901748,58.11830129407653,58.11830129407653,3377.736945309058,59.09346068317586,132.79374426221554,63.21425134325321,63.21425134325321,3996.0415728879902
space2_time2,2020-03-14 22:00:00,27.5,-12.75,2,2,201.23487854003906,140.41134822063802,139.3730915470377,1.0074494772418099,0.007380338447642299,0.02058158030989001,0.02796191875753231,150.18550176108243,424.72613232070523,574.9116340817877,60.823530319401044,60.823530319401044,3699.501840515098,61.861786993001374,132.79374426221554,68.44113427782352,68.44113427782352,4684.18886123507
space2_time2,2020-03-15 22:00:00,21.5,-16.0,2,2,216.2621612548828,139.52773631699796,139.13532062611873,1.0028203887346028,0.007009063391589226,0.021017276162232555,0.02802633955382178,140.82366956483955,428.2378465268846,569.0615160917241,76.73442493788485,76.73442493788485,5888.1719705478845,77.12684062876409,132.79374426221554,83.46841699266727,83.46841699266727,6966.976635261786
space2_time2,2020-03-24 22:00:00,22.25,-13.75,2,2,160.0731964111328,135.07973716277374,134.79845618026718,1.0020866780709297,0.006685587503613154,0.020950991672707267,0.02763657917632042,125.8273269871867,399.8050897459948,525.6324167331815,24.993459248359073,24.993459248359073,624.6730051993857,25.274740230865632,132.79374426221554,27.279452148917272,27.279452148917272,744.1685095450672
space2_time2,2020-03-24 22:00:00,26.5,-13.0,2,2,179.6739959716797,136.90103175763568,135.35362717820175,1.0114323096594717,0.0070903353027878275,0.020705542560555294,0.027795877863343123,137.11733658691426,406.02694621284763,543.1442827997619,42.77296421404401,42.77296421404401,1829.5264676558895,44.32036879347794,132.79374426221554,46.88025170946415,46.88025170946415,2197.758000342716
space2_time2,2020-03-29 21:00:00,40.75,0.75,2,2,175.7538299560547,142.97725572667701,146.0789323071258,0.9787671190399475,0.005089320258391004,0.019394600071645327,0.02448392033003633,106.88888012213317,412.3599976492043,519.2488777713374,32.77657422937767,32.77657422937767,1074.3038182139046,29.67489764892889,132.79374426221554,42.96008569383915,42.96008569383915,1845.568962822003
space2_time2,2020-03-29 21:00:00,44.5,1.75,2,2,160.7265625,141.96702727355424,145.54214080107124,0.9754358874492335,0.004054138258383087,0.019207986136317863,0.02326212439470095,83.80246377334876,401.69622481630216,485.4986885896509,18.759535226445763,18.759535226445763,351.9201619122595,15.184421698928759,132.79374426221554,27.93281823778446,27.93281823778446,780.2423347051041
space2_time2,2020-03-31 22:00:00,39.5,-4.0,2,2,162.68663024902344,138.90310731204778,141.84382134209986,0.9792679441217279,0.004930592705681802,0.019722022086106402,0.024652614791788204,97.74637276843889,395.83373841762244,493.58011118606134,23.783522936975658,23.783522936975658,565.6559632936472,20.84280890692358,132.79374426221554,29.892885986807897,29.892885986807897,893.5846326202959
space2_time2,2020-04-01 22:00:00,37.25,-6.5,2,2,150.92616271972656,142.32064048592795,145.11365828862134,0.9807528951055849,0.006707161207117305,0.01996426850580568,0.026671429712922985,139.99580887747916,422.3064526749477,562.3022615524269,8.60552223379861,8.60552223379861,74.0550129164022,5.812504431105225,132.79374426221554,18.132418457511022,18.132418457511022,328.7845991182864
space2_time2,2020-04-01 22:00:00,41.75,-6.25,2,2,178.36727905273438,140.507115359333,145.51638553085687,0.9655759029936756,0.004377653285884323,0.019536513546638237,0.02391416683252256,88.71043938348987,400.66359758237985,489.3740369658697,37.860163693401375,37.860163693401375,1433.3919948911478,32.85089352187751,132.79374426221554,45.573534790518835,45.573534790518835,2076.9470733026305
space2_time2,2020-04-09 21:00:00,40.25,-1.75,2,2,184.90087890625,136.11290999382476,139.09402492564564,0.9785676276647078,0.004920021877054777,0.019739306045271902,0.02465932792232668,93.65778641468691,380.42587965834764,474.0836660730346,48.78796891242524,48.78796891242524,2380.265910599772,45.80685398060436,132.79374426221554,52.10713464403446,52.10713464403446,2715.153480811536
space2_time2,2020-04-13 22:00:00,23.75,-13.75,2,2,134.5921630859375,132.89276957138858,132.31364939698426,1.004376874018997,0.007854652872718857,0.02108529717041016,0.02893995004312902,143.3523757699833,390.4350368197636,533.7874125897469,1.699393514548916,1.699393514548916,2.887938317290917,2.2785136889532396,132.79374426221554,1.7984188237219598,1.7984188237219598,3.2343102655174776
space2_time2,2020-04-13 22:00:00,27.75,-13.0,2,2,159.41983032226562,141.25008990907145,138.88027588137382,1.0170637191830019,0.008750196921463772,0.02085627383191268,0.02960647075337645,180.6153621322322,436.92714684662377,617.542508978856,18.169740413194177,18.169740413194177,330.13946668286167,20.539554440891806,132.79374426221554,26.626086060050085,26.626086060050085,708.9484588771935
space2_time2,2020-04-14 22:00:00,21.75,-16.25,2,2,154.8463134765625,137.04609242443294,136.29029111130177,1.0055455257081658,0.0067981747755023764,0.02129664182826075,0.028094816603763124,131.7662253003413,418.6306180493885,550.3968433497298,17.800221052129558,17.800221052129558,316.84786950467634,18.55602236526073,132.79374426221554,22.05256921434696,22.05256921434696,486.3158089535633
space2_time2,2020-04-19 21:00:00,38.75,-2.25,2,2,117.60479736328125,136.88264177042603,139.43131623427564,0.9817209323365548,0.00612786547740407,0.020002107089511105,0.026129972566915176,118.21849083845831,390.9601997201456,509.17869055860393,-19.277844407144784,19.277844407144784,371.63528498608343,-21.82651887099439,132.79374426221554,-15.18894689893429,15.18894689893429,230.7041078986456
space2_time2,2020-04-20 22:00:00,36.75,-5.0,2,2,138.51231384277344,142.71754660663345,145.14458444489955,0.9832784816081964,0.0052134085450807515,0.020229184108663853,0.025442592653744604,109.2090549253225,429.18739490036245,538.396449825685,-4.20523276386001,4.20523276386001,17.683982598241702,-6.632270602126113,132.79374426221554,5.718569580557897,5.718569580557897,32.70203804768212
space2_time2,2020-05-04 22:00:00,28.25,-15.75,2,2,176.40719604492188,130.31114711006722,130.29398091944017,1.0001317496825706,0.008145635127239178,0.021200103963753967,0.029345739090993146,143.02197917691458,377.7418476997784,520.763826876693,46.09604893485465,46.09604893485465,2124.8457274045145,46.1132151254817,132.79374426221554,43.613451782706335,43.613451782706335,1902.1331764024503
space2_time2,2020-05-14 22:00:00,28.75,-16.25,2,2,218.22222900390625,130.8817752033444,130.9980619307814,0.9991123019247531,0.006659640004590031,0.02134766090194546,0.02800730090653549,117.71165029325664,382.6556610634503,500.3673113567069,87.34045380056185,87.34045380056185,7628.354870088078,87.22416707312485,132.79374426221554,85.42848474169071,85.42848474169071,7298.026005261282
space2_time2,2020-06-02 22:00:00,21.5,-14.75,2,2,205.155029296875,136.96123472709607,131.5936295966159,1.040789247526145,0.008585792920687944,0.020667119789275313,0.029252912709963257,166.55045692762891,406.82155933970887,573.3720162673378,68.19379456977893,68.19379456977893,4650.393617825211,73.5613997002591,132.79374426221554,72.36128503465946,72.36128503465946,5236.155571867231
space2_time2,2020-06-02 22:00:00,26.0,-14.5,2,2,179.0206298828125,138.44700372411398,133.96765366609856,1.0334360566557341,0.008891470475661654,0.0206274231221626,0.029518893597824253,176.31643436639942,415.12644103253996,591.4428753989393,40.57362615869852,40.57362615869852,1646.2191396658245,45.052976216713944,132.79374426221554,46.22688562059696,46.22688562059696,2136.924954179754
space2_time2,2020-07-23 22:00:00,22.25,-17.0,2,2,109.76448059082031,137.0470930731559,133.6740812475008,1.0252331027389667,0.007967865729094291,0.020089038430982118,0.02805690416007641,154.5247219010422,395.1061107819918,549.630832683034,-27.282612482335594,27.282612482335594,744.3409438612939,-23.90960065668048,132.79374426221554,-23.029263671395228,23.029263671395228,530.346985246644
space2_time2,2020-08-13 22:00:00,27.75,-18.25,2,2,8.493680000305176,134.42195118942843,131.9491312738403,1.0187407062988254,0.007471203128157334,0.019774798331085922,0.027246001459243257,139.2473964166427,373.62081433755907,512.8682107542018,-125.92827118912325,125.92827118912325,15857.929484681368,-123.45545127353512,132.79374426221554,-124.30006426191036,124.30006426191036,15450.505975515047
space2_time2,2020-08-28 21:00:00,42.75,2.75,2,2,219.52896118164062,144.18277283216386,140.53432414328245,1.025961263991007,0.006925268980105316,0.019035083320636647,0.025960352300741965,148.26631766497283,412.86070056508214,561.127018230055,75.34618834947676,75.34618834947676,5677.048098794828,78.99463703835818,132.79374426221554,86.73521691942508,86.73521691942508,7522.997854059723
space2_time2,2020-09-07 21:00:00,36.75,-3.5,2,2,167.91351318359375,148.586084744195,145.33279229687946,1.0223851231088297,0.007619756388904128,0.019209743110716777,0.026829499499620907,173.46223121994558,443.21757927524754,616.6798104951931,19.327428439398744,19.327428439398744,373.5494900800794,22.58072088671429,132.79374426221554,35.11976892137821,35.11976892137821,1233.3981690910027
space2_time2,2020-09-07 21:00:00,40.5,-3.25,2,2,164.64671325683594,154.49907875952138,151.8729034290967,1.0172919281262751,0.0062800587685522,0.01912199330904288,0.025402052077595078,154.24527827525114,475.6672170406765,629.9124953159277,10.147634497314556,10.147634497314556,102.97448589108843,12.773809827739228,132.79374426221554,31.852968994620397,31.852968994620397,1014.6116337722484
space2_time2,2020-09-08 21:00:00,38.25,-5.5,2,2,184.2475128173828,148.95668102431037,147.05173356264757,1.0129542672875138,0.007820424868596954,0.01921057002340957,0.027030994892006523,178.97362083237593,445.62977965879764,624.6034004911736,35.29083179307244,35.29083179307244,1245.4428086469327,37.19577925473524,132.79374426221554,51.45376855516727,51.45376855516727,2647.4902985287204
space2_time2,2020-09-08 21:00:00,42.75,-5.5,2,2,205.8083953857422,151.67068645761012,149.60479898130825,1.0138089652896765,0.005706087376796285,0.0190918570963529,0.024797944473149185,134.94319333023552,457.14245088276584,592.0856442130014,54.13770892813207,54.13770892813207,2930.8915279871508,56.20359640443394,132.79374426221554,73.01465112352665,73.01465112352665,5331.139278690311
space2_time2,2020-09-17 21:00:00,39.5,-2.5,2,2,93.43048095703125,141.1365346157411,138.9703529354726,1.015587365466894,0.007408311316532603,0.019086607168340822,0.026494918484873425,152.09481476114155,397.08439188060726,549.1792066417488,-47.70605365870986,47.70605365870986,2275.8675556877047,-45.53987197844134,132.79374426221554,-39.36326330518429,39.36326330518429,1549.466498033268
space2_time2,2020-09-17 21:00:00,48.0,-1.75,2,2,66.64271545410156,150.46155826674615,146.26115220263924,1.0287185353106438,0.007098940504458578,0.018892357499264406,0.025991298003722983,165.52932786755346,446.28989722448244,611.8192250920359,-83.81884281264459,83.81884281264459,7025.598410450822,-79.61843674853768,132.79374426221554,-66.15102880811398,66.15102880811398,4375.9586123719255
space2_time2,2020-09-18 21:00:00,37.25,-5.25,2,2,160.7265625,145.48917261848982,143.24308830099477,1.015680228233947,0.007616297738933246,0.019180026401169892,0.026796324140103137,166.22550649394356,424.2553301590183,590.4808366529619,15.237389881510182,15.237389881510182,232.17805040114888,17.48347419900523,132.79374426221554,27.93281823778446,27.93281823778446,780.2423347051041
space2_time2,2020-09-18 21:00:00,41.5,-4.5,2,2,160.0731964111328,146.66770352210727,142.79237511444256,1.0271396032495346,0.006728951900290537,0.01906507341474123,0.025794025315031766,149.03236845923135,427.7386760832532,576.7710445424846,13.405492889025538,13.405492889025538,179.70723959771428,17.28082129669025,132.79374426221554,27.279452148917272,27.279452148917272,744.1685095450672
space2_time2,2020-09-27 21:00:00,38.25,-1.75,2,2,178.36727905273438,152.8411276258316,148.8265466787135,1.0269748982067342,0.005564252382658893,0.0190708361757962,0.024635088558455094,133.59647279374778,463.56791520053844,597.1643879942862,25.52615142690277,25.52615142690277,651.5844066691704,29.540732374020877,132.79374426221554,45.573534790518835,45.573534790518835,2076.9470733026305
space2_time2,2020-09-27 21:00:00,42.25,-1.0,2,2,183.5941619873047,148.449885127963,143.95905329552193,1.031195202591547,0.005253380145363552,0.018967508115808177,0.02422088826117173,118.92107178077636,434.6060569709743,553.5271287517506,35.14427685934169,35.14427685934169,1235.1201959660596,39.63510869178276,132.79374426221554,50.80041772508915,50.80041772508915,2580.6824410435515
space2_time2,2020-09-27 21:00:00,46.5,-0.75,2,2,149.6194305419922,150.54853333844247,144.95520158049843,1.0385866232943555,0.006943016231894072,0.018935372988319613,0.025878389220213686,162.04984097865778,447.7126129677976,609.7624539464554,-0.9291027964502803,0.9291027964502803,0.8632320063717309,4.664228961493762,132.79374426221554,16.825686279776647,16.825686279776647,283.10371878546414
space2_time2,2020-09-29 21:00:00,37.75,-6.0,2,2,182.9407958984375,149.75825802244654,144.48103874980393,1.0365253414448459,0.010758528716386113,0.01923065220354669,0.029989180919932804,249.97516170890324,453.58079048230854,703.5559521912118,33.18253787599096,33.18253787599096,1101.0808198915747,38.45975714863357,132.79374426221554,50.14705163622196,50.14705163622196,2514.7267878059115
space2_time2,2020-09-29 21:00:00,41.5,-6.0,2,2,192.74119567871094,156.70958164097937,151.01964124339244,1.037676823694851,0.005740117991450015,0.01910889711359992,0.024849015105049936,144.92748616245504,488.5032620033447,633.4307481657997,36.03161403773157,36.03161403773157,1298.2772101640548,41.721554435318495,132.79374426221554,59.9474514164954,59.9474514164954,3593.696931333076
space2_time2,2020-09-30 22:00:00,43.5,-8.0,2,2,192.74119567871094,148.68714892965573,143.40394017561022,1.036841447644854,0.007423506279303744,0.019055123202825014,0.026478629482128757,169.14862116351378,439.9734574948936,609.1220786584074,44.0540467490552,44.0540467490552,1940.7590349679413,49.33725550310072,132.79374426221554,59.9474514164954,59.9474514164954,3593.696931333076
space2_time2,2020-10-03 22:00:00,28.0,-17.25,2,2,207.7684783935547,145.0284683440089,140.488562606642,1.0323151269621735,0.007527171862946671,0.01970973153625971,0.027236903399206383,163.30621742300417,433.48294890324814,596.7891663262524,62.74001004954579,62.74001004954579,3936.3088610171067,67.27991578691268,132.79374426221554,74.97473413133915,74.97473413133915,5621.210758064991
space2_time2,2020-10-07 21:00:00,40.75,-0.75,2,2,188.82102966308594,152.0924188430918,146.61703468400302,1.037344802197709,0.00560728630514183,0.01901507776854318,0.02462236407368501,133.31511689333956,457.6963241867834,591.011441080123,36.728610819994145,36.728610819994145,1348.990852766591,42.20399497908292,132.79374426221554,56.0272854008704,56.0272854008704,3139.056709390585
space2_time2,2020-10-07 21:00:00,45.0,0.0,2,2,197.96807861328125,154.80777693513213,149.13577741418922,1.0380324535083907,0.007389631650825822,0.018884718559844783,0.026274350210670604,182.4839910244733,472.5234484276266,655.0074394520999,43.160301678149125,43.160301678149125,1862.811640948842,48.83230119909203,132.79374426221554,65.17433435106571,65.17433435106571,4247.693858104504
space2_time3,2020-10-08 21:00:00,38.5,-3.25,2,3,176.40719604492188,167.11132408942555,163.95237444819654,1.0192674833277706,0.00491029059581098,0.02205008486084213,0.026960375456653113,141.21940915556317,642.7768004081443,783.9962095637075,9.295871955496324,9.295871955496324,86.41323541298304,12.454821596725338,133.7698022720119,42.637393772909974,42.637393772909974,1817.9473477461822
space2_time3,2020-10-08 21:00:00,42.5,-2.5,2,3,167.91351318359375,156.59154066265037,153.6314492751208,1.0192674833277706,0.004317575707720873,0.022050084860842124,0.026367660568562996,108.93458220659656,563.728772139726,672.6633543463225,11.321972520943376,11.321972520943376,128.1870617649969,14.282063908472963,133.7698022720119,34.14371091158185,34.14371091158185,1165.7929948136734
space2_time3,2020-10-08 21:00:00,46.75,-2.0,2,3,167.91351318359375,158.36769036842844,155.3740239523578,1.0192674833277706,0.00754852585259353,0.02205008486084213,0.029598610713435662,195.74469409252637,580.3274865804389,776.0721806729653,9.545822815165309,9.545822815165309,91.12273321853054,12.539489231235962,133.7698022720119,34.14371091158185,34.14371091158185,1165.7929948136734
space2_time3,2020-10-09 21:00:00,36.0,-6.0,2,3,168.56687927246094,177.5712677489276,174.21459102097657,1.0192674833277706,0.013149743688505817,0.022050084860842124,0.035199828549347945,432.32298823744657,737.8201665917836,1170.1431548292303,-9.004388476466659,9.004388476466659,81.07901183512556,-5.647711748515633,133.7698022720119,34.797077000449036,34.797077000449036,1210.8365677751792
space2_time3,2020-10-09 21:00:00,40.25,-5.0,2,3,168.56687927246094,161.9453563586301,158.88406037431943,1.0192674833277706,0.005883736121004397,0.022050084860842128,0.027933820981846526,159.1475487001044,604.8267015743991,763.9742502745034,6.62152291383083,6.62152291383083,43.84456569838673,9.682818898141505,133.7698022720119,34.797077000449036,34.797077000449036,1210.8365677751792
space2_time3,2020-10-09 21:00:00,48.25,-4.25,2,3,178.36727905273438,156.83685801704038,153.87212933055537,1.0192674833277706,0.0070489729396044885,0.02205008486084213,0.02909905780044662,179.13944911217703,568.5940822052512,747.7335313174283,21.53042103569399,21.53042103569399,463.55902997425426,24.495149722179008,133.7698022720119,44.597476780722474,44.597476780722474,1988.9349352070801
space2_time3,2020-10-10 22:00:00,41.75,-7.5,2,3,174.44711303710938,159.06667837127833,156.6722859876398,1.0152828074764122,0.0046749009564937116,0.022031929963206,0.026706830919699713,121.77131762258927,581.6113007221215,703.3826183447109,15.380434665831046,15.380434665831046,236.55777050989738,17.774827049469565,133.7698022720119,40.677310765097474,40.677310765097474,1654.6436110803147
space2_time3,2020-10-18 21:00:00,36.75,-3.0,2,3,160.0731964111328,161.32868045971028,158.27904166332664,1.0192674833277706,0.008539102616279675,0.022050084860842124,0.030589187477121797,230.13129070430048,603.4253377755894,833.5566284798898,-1.2554840485774719,1.2554840485774719,1.5762401962324797,1.794154747806175,133.7698022720119,26.30339413912091,26.30339413912091,691.8685432379403
space2_time3,2020-10-18 21:00:00,40.75,-2.25,2,3,159.41983032226562,153.14279831780146,150.24789942068097,1.0192674833277706,0.003937096790921282,0.02205008486084213,0.025987181651763412,94.95340622011862,538.7611664352369,633.7145726553555,6.277032004464161,6.277032004464161,39.40113078506736,9.171930901584659,133.7698022720119,25.650028050253724,25.650028050253724,657.9239389788029
space2_time3,2020-10-18 21:00:00,44.75,-1.5,2,3,165.95343017578125,161.79152559075743,158.73313751021468,1.0192674833277706,0.00869609453740294,0.022050084860842124,0.030746179398245064,235.76448800425115,607.0832922640199,842.847780268271,4.161904585023819,4.161904585023819,17.32144977484229,7.220292665566575,133.7698022720119,32.18362790376935,32.18362790376935,1035.785905048281
space2_time3,2020-10-18 21:00:00,49.0,-0.75,2,3,150.92616271972656,151.11996634169333,148.26330557343698,1.0192674833277706,0.004488246745046999,0.022050084860842124,0.026538331605889122,105.4923208200661,525.2010027478393,630.6933235679054,-0.19380362196676515,0.19380362196676515,0.037559843887436814,2.662857146289582,133.7698022720119,17.15636044771466,17.15636044771466,294.340703811908
space2_time3,2020-10-19 21:00:00,38.5,-5.25,2,3,106.4976806640625,161.63346629321552,158.5780660494575,1.0192674833277706,0.007192873295870567,0.02205008486084213,0.029242958156712698,194.19045872010292,604.0788525246847,798.2693112447877,-55.13578562915302,55.13578562915302,3039.9548569439166,-52.080385385395005,133.7698022720119,-27.2721216079494,27.2721216079494,743.7686169987807
space2_time3,2020-10-19 21:00:00,42.5,-4.5,2,3,131.3253631591797,157.40223455057088,154.42681840165633,1.0192674833277706,0.005344555316763407,0.022050084860842124,0.027394640177605532,136.45572990356197,570.7519676821095,707.2076975856714,-26.076871391391194,26.076871391391194,680.0032215631564,-23.101455242476646,133.7698022720119,-2.444439112832214,2.444439112832214,5.9752825763439406
space3_time0,2020-01-01 02:00:00,83.0,-39.0,3,0,108.45775604248047,114.3551433424035,127.54347887090402,0.8965973357065995,0.009820145260273867,0.034578575342896455,0.04439872060317032,134.91045252715793,485.7309021653865,620.6413546925444,-5.897387299923025,5.897387299923025,34.77917696529339,-19.085722828423556,142.17296150390408,-33.71520546142361,33.71520546142361,1136.7150793060082
space3_time0,2020-01-02 02:00:00,81.25,-48.25,3,0,103.88423919677734,112.09206707942192,127.64132849496562,0.8781800409092659,0.013893339008778484,0.030136656573845788,0.04402999558262427,183.69560522712965,407.3438240802033,591.039429307333,-8.20782788264458,8.20782788264458,67.3684385511178,-23.757089298188276,142.17296150390408,-38.28872230712673,38.28872230712673,1466.0262559122643
space3_time0,2020-01-02 11:00:00,82.0,-166.75,3,0,96.69728088378906,127.05889756016553,127.63641731424009,0.9954752744849243,0.004778936440573857,0.03565040639357292,0.04042934283414678,80.52631150239937,613.0173163794633,693.5436278818627,-30.36161667637647,30.36161667637647,921.8277672032218,-30.93913643045103,142.17296150390408,-45.475680620115014,45.475680620115014,2068.0375278627043
space3_time0,2020-01-02 12:00:00,46.75,143.5,3,0,156.806396484375,123.16883209349183,138.22021180414237,0.8911057976674328,0.0030828811130409555,0.03982049766812221,0.04290337878116316,48.894581770312165,645.2908598928709,694.185441663183,33.63756439088317,33.63756439088317,1131.4857381508116,18.586184680232634,142.17296150390408,14.633434980470923,14.633434980470923,214.13741932767005
space3_time0,2020-01-02 12:00:00,63.25,149.0,3,0,130.6719970703125,119.07701102881074,134.2394253759441,0.8870494692250788,0.005252450682192302,0.04410328468199547,0.04935573536418777,78.45015587665881,675.2349651240679,753.6851210007267,11.594986041501755,11.594986041501755,134.44370130262055,-3.5674283056316085,142.17296150390408,-11.500964433591577,11.500964433591577,132.27218290273842
space3_time0,2020-01-02 12:00:00,67.5,151.0,3,0,133.9387969970703,120.60143445168832,133.56466221753308,0.9029441803646241,0.006081730427151362,0.04668593242177678,0.05276766284892814,93.53413150029101,737.2692352694539,830.8033667697449,13.337362545381993,13.337362545381993,177.88523966695843,0.3741347795372292,142.17296150390408,-8.234164506833764,8.234164506833764,67.80146512560093
space3_time0,2020-01-02 12:00:00,76.0,157.75,3,0,115.64471435546875,116.08039223584672,128.44651087190397,0.9037255387311408,0.0031855087178037575,0.052859748940645525,0.05604525765844928,45.470380242698695,776.0600622654011,821.5304425080999,-0.4356778803779662,0.4356778803779662,0.1898152154506374,-12.801796516435218,142.17296150390408,-26.528247148435327,26.528247148435327,703.7478967684671
space3_time0,2020-01-02 12:00:00,80.25,165.25,3,0,111.72455596923828,115.83628596993489,127.61457574783023,0.9077041967277348,0.003423592551246596,0.055939796370978144,0.05936338892222474,48.83105975098054,822.0192091497156,870.8502689006962,-4.11173000069661,4.11173000069661,16.906323598628546,-15.890019778591949,142.17296150390408,-30.448405534665795,30.448405534665795,927.1053996034666
space3_time0,2020-01-02 15:00:00,81.5,119.5,3,0,87.55023956298828,122.00141268977197,129.0355506569066,0.9454868217996937,0.0029568232983572963,0.053354206375404674,0.05631102967376197,46.628654557601,865.5164262849376,912.1450808425385,-34.45117312678369,34.45117312678369,1186.8833298116224,-41.48531109391831,142.17296150390408,-54.622721940915795,54.622721940915795,2983.6417522346037
space3_time0,2020-01-02 17:00:00,71.25,81.0,3,0,136.55223083496094,128.44367370632378,134.8208197993188,0.9526991001650379,0.0037695479591974635,0.033146737522447386,0.03691628548164485,64.64963146473,579.0998649621627,643.7494964268926,8.108557128637159,8.108557128637159,65.74869870837249,1.7314110356421395,142.17296150390408,-5.620730668943139,5.620730668943139,31.59261325279799
space3_time0,2020-01-02 17:00:00,80.0,91.5,3,0,114.33799743652344,122.95086357996227,128.9440023401269,0.9535213840783693,0.0054096737941084026,0.04448529152751285,0.04989496532162125,86.19430616625709,726.7646172558013,812.9589234220584,-8.612866143438836,8.612866143438836,74.18146320479497,-14.606004903603463,142.17296150390408,-27.83496406738064,27.83496406738064,774.7852246323713
space3_time0,2020-01-02 19:00:00,82.75,75.5,3,0,110.41783905029297,123.04456919063671,129.8564063551989,0.947543310678646,0.0032002587939688877,0.04632579772156919,0.049526056515538076,50.99340420678776,756.7368928745923,807.7302970813801,-12.626730140343739,12.626730140343739,159.434314037065,-19.438567304905945,142.17296150390408,-31.755122453611108,31.755122453611108,1008.3878020438364
space3_time0,2020-01-02 20:00:00,68.25,30.75,3,0,143.08583068847656,142.95579928758156,140.45248610780052,1.0178232030571512,0.005771007935216105,0.033345094134692756,0.03911610206990886,122.99767326703153,724.7540376957081,847.7517109627397,0.13003140089500675,0.13003140089500675,0.016908165218717963,2.633344580676038,142.17296150390408,0.9128691845724859,0.9128691845724859,0.8333301481420353
space3_time0,2020-01-02 20:00:00,76.75,38.0,3,0,123.48503875732422,130.71426636787567,131.19123779985267,0.9963643042022009,0.0033462302933437143,0.04033379579690134,0.04368002609024506,59.82719311110086,737.099520501185,796.9267136122859,-7.2292276105514475,7.2292276105514475,52.26173184515939,-7.7061990425284534,142.17296150390408,-18.687922746579858,18.687922746579858,349.23845658213685
space3_time0,2020-01-02 20:00:00,81.25,45.5,3,0,105.84431457519531,129.58079015468843,129.22348923150588,1.0027649843330144,0.0035375811402827287,0.046049144630509214,0.04958672577079194,62.530413620971906,834.4728759359559,897.0032895569278,-23.736475579493117,23.736475579493117,563.4202729358731,-23.379174656310568,142.17296150390408,-36.328646928708764,36.328646928708764,1319.7705876707807
space3_time0,2020-01-02 23:00:00,82.25,1.75,3,0,115.64471435546875,122.4468402579131,127.75444325308641,0.9584546504996403,0.0029234036068235387,0.04314153050555831,0.04606493411238185,45.96472372370775,694.1731658199233,740.137889543631,-6.802125902444345,6.802125902444345,46.268916792704296,-12.109728897617657,142.17296150390408,-26.528247148435327,26.528247148435327,703.7478967684671
space3_time0,2020-01-03 12:00:00,49.0,141.75,3,0,158.1131134033203,119.39381201314812,134.07188011206736,0.8905209050052088,0.003132804515216427,0.03897228871009943,0.04210509322531586,46.651262395387015,592.7292054349274,639.3804678303144,38.71930139017219,38.71930139017219,1499.1843001429902,24.04123329125295,142.17296150390408,15.940151899416236,15.940151899416236,254.08844257646302
space3_time0,2020-01-03 12:00:00,53.0,143.0,3,0,150.92616271972656,117.58563484324588,131.58355278471038,0.8936195470845271,0.004788237105007963,0.03950567087461698,0.044293907979624944,69.3682840308482,585.1818820792533,654.5501661101016,33.34052787648068,33.34052787648068,1111.5907990823853,19.342609935016185,142.17296150390408,8.753201215822486,8.753201215822486,76.61853152467624
space3_time0,2020-01-03 12:00:00,65.5,147.5,3,0,137.8589630126953,121.38548961332748,134.2778547020766,0.9039874064315853,0.005024009864946111,0.04487630688792653,0.04990031675287264,78.009388063697,714.4719745993984,792.4813626630954,16.473473399367833,16.473473399367833,271.3753258396796,3.5811083106187027,142.17296150390408,-4.313998491208764,4.313998491208764,18.61058298215149
space3_time0,2020-01-03 12:00:00,69.75,150.0,3,0,140.47239685058594,122.99644767124002,135.85718637509802,0.9053363384962949,0.00428260272189308,0.04777548356384192,0.052058086285734995,68.39616519711407,783.202915899376,851.5990810964901,17.475949179345918,17.475949179345918,305.40879971908123,4.615210475487913,142.17296150390408,-1.700564653318139,1.700564653318139,2.8919201401150425
space3_time0,2020-01-03 12:00:00,78.5,158.5,3,0,110.41783905029297,115.83234711452396,127.89760748283139,0.9056646906399163,0.003567418481552783,0.05443551476522628,0.05800293324677906,50.81348834509884,798.2811110969287,849.0945994420275,-5.414508064230986,5.414508064230986,29.316897577622385,-17.47976843253842,142.17296150390408,-31.755122453611108,31.755122453611108,1008.3878020438364
space3_time0,2020-01-03 12:00:00,82.75,169.75,3,0,101.92415618896484,116.9037041344916,128.36085064946334,0.9107426722633702,0.0034015380950055147,0.05734523783176455,0.060746775926770066,49.48262347134563,860.0526272863015,909.5352507576471,-14.979547945526761,14.979547945526761,224.386856652335,-26.4366944604985,142.17296150390408,-40.24880531493923,40.24880531493923,1619.9663292798807
space3_time0,2020-01-03 14:00:00,51.75,118.5,3,0,147.00599670410156,123.69111575236214,129.52102315210908,0.954988717214654,0.004288931659779303,0.029401807617589832,0.03369073927736914,68.01261998380679,474.18255409937893,542.1951740831857,23.314880951739426,23.314880951739426,543.5836737937819,17.484973551992482,142.17296150390408,4.833035200197486,4.833035200197486,23.358229246347953
space3_time0,2020-01-03 17:00:00,78.0,85.25,3,0,124.13839721679688,124.55387004209673,129.6611731297481,0.9606103896457834,0.0030494510559731444,0.041179322712883173,0.04422877376885632,49.522981145190705,683.7525910577507,733.2755722029414,-0.4154728252998581,0.4154728252998581,0.17261766856264638,-5.522775912951232,142.17296150390408,-18.0345642871072,18.0345642871072,325.2455090258025
space3_time0,2020-01-03 17:00:00,82.5,96.0,3,0,115.64471435546875,122.34736666819985,128.98658116571676,0.9485278667167159,0.0030858293560557027,0.047950269204712265,0.05103609856076797,48.68510449159183,776.1381493937309,824.8232538853227,-6.702652312731104,6.702652312731104,44.92554802535961,-13.341866810248007,142.17296150390408,-26.528247148435327,26.528247148435327,703.7478967684671
space3_time0,2020-01-03 20:00:00,79.25,39.0,3,0,118.91151428222656,125.45328581283287,128.62355720718875,0.9753523268739245,0.003923076633315441,0.04221850512945205,0.04614158176276749,64.78613491686149,713.5257044270228,778.3118393438842,-6.541771530606312,6.541771530606312,42.79477475865124,-9.71204292496219,142.17296150390408,-23.261447221677514,23.261447221677514,541.0949268468885
space3_time0,2020-01-04 00:00:00,80.5,-6.75,3,0,115.64471435546875,117.94944877157153,128.16071631109978,0.9203245125851107,0.00294658492644692,0.03950517684833308,0.04245176177478,42.83387448996629,586.6360851364689,629.4699596264352,-2.304734416102775,2.304734416102775,5.3118007287686,-12.516001955631026,142.17296150390408,-26.528247148435327,26.528247148435327,703.7478967684671
space3_time0,2020-01-04 03:00:00,81.75,-51.75,3,0,111.07119750976562,110.12144809471502,126.90712078122425,0.8677326174986975,0.012391844169349317,0.02857036532933758,0.0409622094986869,157.5299248788359,370.72317764591213,528.2531025247481,0.9497494150506043,0.9497494150506043,0.902023951388965,-15.835923271458626,142.17296150390408,-31.10176399413845,31.10176399413845,967.319723547087
space3_time0,2020-01-04 11:00:00,82.5,-170.0,3,0,113.68463897705078,127.48530007061873,128.857467886495,0.9893512744089856,0.003553192350541418,0.03749874089688319,0.04105193324742461,60.27529741401823,649.3470316606275,709.6223290746458,-13.800661093567953,13.800661093567953,190.45824661952022,-15.172828909444206,142.17296150390408,-28.488322526853295,28.488322526853295,811.584520394017
space3_time0,2020-01-04 12:00:00,72.25,149.25,3,0,149.6194305419922,119.17575378749238,131.71779476331608,0.904780967534717,0.003195986869839478,0.049185406964749746,0.05238139383458922,47.909753494607884,756.9606182833638,804.8703717779717,30.443676754499805,30.443676754499805,926.8174543324718,17.90163577867611,142.17296150390408,7.446469038088111,7.446469038088111,55.449901135204875
space3_time0,2020-01-04 12:00:00,81.0,161.25,3,0,124.13839721679688,116.13095625757704,127.91396042339564,0.9078833606057005,0.003297341879339521,0.05605908398851443,0.05935642586785395,47.266599235447465,827.9080941495281,875.1746933849755,8.007440959219835,8.007440959219835,64.11911071539147,-3.775563206598761,142.17296150390408,-18.0345642871072,18.0345642871072,325.2455090258025
space3_time0,2020-01-04 13:00:00,68.0,146.25,3,0,119.56488037109375,119.52683471271757,132.10773308009934,0.9047678884948108,0.0063762561862203545,0.045945895706172225,0.05232215189239258,96.29531083693955,712.3364682770165,808.631779113956,0.038045658376177016,0.038045658376177016,0.0014474721212767684,-12.542852709005587,142.17296150390408,-22.608081132810327,22.608081132810327,511.12533250773424
space3_time0,2020-01-04 14:00:00,54.0,116.5,3,0,139.16567993164062,124.84558926236441,129.74666392773645,0.962225813620135,0.006401330390522184,0.028274619310121638,0.03467594970064382,103.62558524761047,465.7330215514673,569.3586067990777,14.320090669276212,14.320090669276212,205.06499677629162,9.419016003904176,142.17296150390408,-3.0072815722634516,3.0072815722634516,9.043742454875337
space3_time0,2020-01-04 14:00:00,58.0,118.0,3,0,145.69927978515625,128.90750720783024,132.83127155154517,0.9704605376589178,0.004215262349151984,0.03114622869697168,0.03536149104612366,72.72001909934995,546.9287156268404,619.6487347261904,16.791772577326014,16.791772577326014,281.96362628863795,12.868008233611079,142.17296150390408,3.5263182812521734,3.5263182812521734,12.434920620693282
space3_time0,2020-01-04 14:00:00,62.0,119.25,3,0,120.2182388305664,123.79661498972986,128.4216840491992,0.9639852950557988,0.006195344832230596,0.0346939024046711,0.040889247236901696,99.21720642033013,567.1197039297251,666.3369103500553,-3.5783761591634544,3.5783761591634544,12.804775936469396,-8.203445218632794,142.17296150390408,-21.95472267333767,21.95472267333767,482.0098476631672
space3_time0,2020-01-04 14:00:00,66.25,121.0,3,0,133.9387969970703,122.00924522907968,126.98098917558609,0.9608465489300005,0.006305979931597084,0.03936069751165783,0.04566667744325491,98.56912403048318,629.4986552226031,728.0677792530863,11.929551767990631,11.929551767990631,142.31420538516838,6.957807821484224,142.17296150390408,-8.234164506833764,8.234164506833764,67.80146512560093
space3_time0,2020-01-04 14:00:00,70.5,123.5,3,0,127.40519714355469,124.00996885965289,129.49481362374786,0.9576442900637594,0.002972777570339124,0.04471461692003515,0.04768739449037428,48.02105257052689,739.7925949202166,787.8136474907435,3.395228283901801,3.395228283901801,11.52757509980677,-2.089616480193172,142.17296150390408,-14.767764360349389,14.767764360349389,218.0868642028056
space3_time0,2020-01-04 14:00:00,79.5,132.75,3,0,147.65936279296875,116.98229965639656,127.30816844581727,0.9188907599922358,0.0029556553131844625,0.05149601320957446,0.05445166852275893,42.77441948763188,765.9065847811584,808.6810042687903,30.677063136572187,30.677063136572187,941.0822026852362,20.351194347151477,142.17296150390408,5.486401289064673,5.486401289064673,30.10059910465051
space3_time0,2020-01-04 16:00:00,82.0,116.0,3,0,103.88423919677734,121.2717145555293,127.48432036790129,0.9512676869246088,0.0031347749988574858,0.052295168831549985,0.05542994383040747,48.806674127224476,837.1825687599745,885.989242887199,-17.387475358751956,17.387475358751956,302.3242993512065,-23.600081171123946,142.17296150390408,-38.28872230712673,38.28872230712673,1466.0262559122643
space3_time0,2020-01-04 17:00:00,80.5,87.5,3,0,120.87159729003906,123.39889081079072,129.69057107407247,0.9514869877495701,0.0029588376800157496,0.04423939873086155,0.0471982364108773,47.302516749837196,724.1967081107434,771.4992248605806,-2.5272935207516554,2.5272935207516554,6.387212540033298,-8.818973784033403,142.17296150390408,-21.301364213865014,21.301364213865014,453.74811737172905
space3_time0,2020-01-04 20:00:00,81.75,42.25,3,0,139.81903076171875,127.8152259924034,130.20482859085493,0.9816473580564324,0.003453941983550353,0.04474527726747106,0.04819921925102141,59.31480509420039,787.2227091691975,846.537514263398,12.003804769315352,12.003804769315352,144.09132893983798,9.61420217086382,142.17296150390408,-2.3539307421853266,2.3539307421853266,5.540989939005162
space3_time0,2020-01-04 22:00:00,75.75,7.5,3,0,126.75183868408203,135.850518985493,139.87676637163278,0.9712157530476316,0.004993518591087431,0.038682961147005535,0.043676479738092966,96.51226522712236,764.1988902934639,860.7111555205863,-9.09868030141098,9.09868030141098,82.78598322728419,-13.124927687550752,142.17296150390408,-15.421122819822045,15.421122819822045,237.81102902403623
space3_time0,2020-01-04 22:00:00,80.25,14.0,3,0,122.17831420898438,130.99198935336588,137.03511024257097,0.9559009302177528,0.00542024271249529,0.043172782156568806,0.0485930248690641,97.90151549384512,799.0349102581869,896.9364257520319,-8.813675144381506,8.813675144381506,77.68086955068836,-14.85679603358659,142.17296150390408,-19.9946472949197,19.9946472949197,399.7859204482397
space3_time0,2020-01-05 09:00:00,82.25,-149.5,3,0,115.64471435546875,125.45310004929995,129.60956058944097,0.9679309109510275,0.0033794140200360174,0.03173029119032606,0.03510970521036208,55.1805703320213,527.3037122011522,582.4842825331734,-9.808385693831198,9.808385693831198,96.20442991895251,-13.964846233972224,142.17296150390408,-26.528247148435327,26.528247148435327,703.7478967684671
space3_time0,2020-01-05 11:00:00,55.25,162.75,3,0,176.40719604492188,123.2435450675988,140.62901257234765,0.8763735363938163,0.0026663007796779332,0.04103341952914136,0.04369972030881929,42.363824472604264,666.4128208788625,708.7766453514668,53.16365097732307,53.16365097732307,2826.3737852386244,35.77818347257423,142.17296150390408,34.2342345410178,34.2342345410178,1171.9828146094162
space3_time0,2020-01-05 11:00:00,59.25,164.25,3,0,163.9933624267578,121.20412400328574,137.61212305895077,0.8807663257354431,0.003592701115983349,0.04229147049626629,0.04588417161224964,55.35584750514949,666.7928801281862,722.1487276333357,42.78923842347207,42.78923842347207,1830.9189248607386,26.38123936780704,142.17296150390408,21.820400922853736,21.820400922853736,476.12989643407616
space3_time0,2020-01-05 11:00:00,63.5,165.75,3,0,154.19296264648438,115.23102099741388,132.05350688457946,0.8726085638765414,0.0035893680659894625,0.04442098882620419,0.04801035689219365,50.09416040851936,635.0649129421761,685.1590733506954,38.961941649070496,38.961941649070496,1518.0328970655742,22.139455761904912,142.17296150390408,12.020001142580298,12.020001142580298,144.48042746763167
space3_time0,2020-01-05 11:00:00,67.75,167.75,3,0,160.7265625,115.44397095254844,132.4504422126892,0.8716012496747144,0.0034931176096320788,0.04712598122566365,0.05061909883529573,49.0566693393265,678.854999040693,727.9116683800195,45.28259154745156,45.28259154745156,2050.5130972533316,28.27612028731079,142.17296150390408,18.553600996095923,18.553600996095923,344.23610992233165
space3_time0,2020-01-05 11:00:00,76.25,174.75,3,0,133.9387969970703,116.83227121718085,128.79154857884316,0.9071423746850817,0.003922803405639851,0.05310379930974153,0.05702660271538138,56.79899166079985,791.2315488294724,848.0305404902723,17.106525779889466,17.106525779889466,292.6332242580229,5.14724841822715,142.17296150390408,-8.234164506833764,8.234164506833764,67.80146512560093
space3_time0,2020-01-05 13:00:00,66.0,143.0,3,0,135.8988800048828,121.35633812623956,133.8048464732981,0.9069651909092641,0.005747906346593767,0.04395663971404656,0.04970454606064032,89.2215492203501,699.5393231495722,788.7608723699223,14.542541878643249,14.542541878643249,211.48552429209272,2.0940335315846994,142.17296150390408,-6.274081499021264,6.274081499021264,39.36409865636091
space3_time0,2020-01-05 13:00:00,70.25,146.0,3,0,139.81903076171875,123.39740010176016,136.13631923414147,0.9064252713453226,0.004798035924247571,0.04719983253837005,0.05199786846261762,77.14365269387567,778.9476136384079,856.0912663322836,16.421630659958595,16.421630659958595,269.66995353209217,3.6827115275772826,142.17296150390408,-2.3539307421853266,2.3539307421853266,5.540989939005162
space3_time0,2020-01-05 14:00:00,52.0,113.5,3,0,173.79376220703125,133.42169974371413,137.98638567622928,0.966919302146041,0.0033200708652707713,0.025485502697302938,0.02880557356257371,60.93005037054628,474.5084956970385,535.4385460675848,40.37206246331712,40.37206246331712,1629.9034275419792,35.807376530801974,142.17296150390408,31.620800703127173,31.620800703127173,999.8750371068879
space3_time0,2020-01-05 14:00:00,64.5,118.0,3,0,145.69927978515625,123.26668103825791,128.09172612766318,0.9623313289993741,0.006657439179766548,0.03576738016394698,0.04242481934371353,105.89365157942558,581.1451634251492,687.0388150045749,22.432598746898336,22.432598746898336,503.22148653934477,17.60755365749307,142.17296150390408,3.5263182812521734,3.5263182812521734,12.434920620693282
space3_time0,2020-01-05 14:00:00,68.75,120.25,3,0,123.48503875732422,122.70961467867448,128.08103346417565,0.9580623403776363,0.0036988215664596246,0.04104927213034329,0.04474809369680292,58.35228304440376,662.2883278619419,720.6406109063456,0.7754240786497348,0.7754240786497348,0.6012825017497901,-4.595994706851428,142.17296150390408,-18.687922746579858,18.687922746579858,349.23845658213685
space3_time0,2020-01-05 14:00:00,73.0,123.25,3,0,125.44511413574219,126.41572031916529,132.14555265171444,0.9566399911493741,0.002748716779392404,0.04679291730078525,0.04954163408017765,46.22158480638718,806.6632542240018,852.884839030389,-0.9706061834231008,0.9706061834231008,0.942076363299158,-6.700438515972252,142.17296150390408,-16.72784736816189,16.72784736816189,279.82087757252066
space3_time0,2020-01-05 14:00:00,77.5,127.75,3,0,126.09848022460938,116.4713849091405,126.49866904447292,0.9207320977281812,0.0034532223919724017,0.048567187049136644,0.05202040944110905,49.43166940023427,713.6121484933782,763.0438178936124,9.627095315468878,9.627095315468878,92.68096421312282,-0.40018881986354415,142.17296150390408,-16.0744812792947,16.0744812792947,258.3889483983958
space3_time0,2020-01-05 14:00:00,81.75,136.75,3,0,114.9913558959961,115.41573435125052,126.03163295777362,0.9157679833436744,0.0032482196888729362,0.05387695747652345,0.05712517716539638,45.88704750532407,783.2577339914733,829.1447814967973,-0.42437845525442697,0.42437845525442697,0.18009707328413369,-11.04027706177753,142.17296150390408,-27.181605607907983,27.181605607907983,738.8396834238547
space3_time0,2020-01-05 19:00:00,77.0,54.75,3,0,111.07119750976562,131.6500052275752,135.59886840136969,0.9708783471399933,0.004925485324510578,0.03890031591526301,0.04382580123977359,89.41164579757293,721.8413943121991,811.253040109772,-20.578807717809582,20.578807717809582,423.4873270865792,-24.52767089160406,142.17296150390408,-31.10176399413845,31.10176399413845,967.319723547087
space3_time0,2020-01-05 22:00:00,78.25,8.0,3,0,115.64471435546875,132.49449833741727,138.14225662544212,0.9591163600046135,0.0041594742340276035,0.040608275686351766,0.04476774992037937,76.52089603662903,764.023782325665,840.544678362294,-16.84978398194852,16.84978398194852,283.9152202383289,-22.497542269973366,142.17296150390408,-26.528247148435327,26.528247148435327,703.7478967684671
space3_time0,2020-01-06 00:00:00,78.5,-22.5,3,0,114.33799743652344,116.91564864961951,128.88648497284336,0.9071210893388386,0.004036937043480544,0.03375527448678422,0.03779221153026476,57.42316383921498,489.3319602648121,546.7551241040271,-2.5776512130960754,2.5776512130960754,6.644285776375669,-14.548487536319925,142.17296150390408,-27.83496406738064,27.83496406738064,774.7852246323713
space3_time0,2020-01-06 11:00:00,52.75,158.5,3,0,158.7664794921875,122.63275964176998,140.098391929763,0.8753330994923251,0.00525669567719095,0.04044452420636293,0.04570121988355388,82.96895169595082,653.1538506935167,736.1228023894676,36.13371985041752,36.13371985041752,1305.6457102284571,18.66808756242449,142.17296150390408,16.593517988283423,16.593517988283423,275.3448392274855
space3_time0,2020-01-06 11:00:00,56.25,159.25,3,0,133.28543090820312,118.62020286523389,135.1310646793276,0.8778159422241306,0.0027944542941256137,0.04107158935383989,0.0438660436479655,41.140736829858625,618.1193478080098,659.2600846378684,14.665228042969233,14.665228042969233,215.06891355229118,-1.8456337711244828,142.17296150390408,-8.887530595700952,8.887530595700952,78.98820008952052
space3_time0,2020-01-06 11:00:00,67.5,162.25,3,0,135.8988800048828,117.00251945621126,131.15222384169147,0.8921123563824606,0.005098470140285262,0.04662521985133872,0.05172368999162398,73.68875342600968,691.5964350035357,765.2851884295454,18.896360548671552,18.896360548671552,357.07244198539064,4.746656163191346,142.17296150390408,-6.274081499021264,6.274081499021264,39.36409865636091
space3_time0,2020-01-06 11:00:00,78.75,175.0,3,0,124.79175567626953,116.34662864139882,127.87005214971386,0.9098817642240182,0.0028295151815599206,0.05459501357243963,0.057424528753999546,40.62312763629526,806.7475868076482,847.3707144439435,8.445127034870708,8.445127034870708,71.32017063510412,-3.0782964734443254,142.17296150390408,-17.381205827634545,17.381205827634545,302.10631602259707
space3_time0,2020-01-06 13:00:00,68.5,141.75,3,0,130.6719970703125,119.9953127225096,131.81345108841646,0.9103419395492528,0.005672778535771746,0.04508482802452671,0.05075760656029846,86.1788217159953,702.5758432596676,788.754664975663,10.676684347802905,10.676684347802905,113.99158866261953,-1.141454018103957,142.17296150390408,-11.500964433591577,11.500964433591577,132.27218290273842
space3_time0,2020-01-06 13:00:00,81.5,157.5,3,0,122.17831420898438,116.82152993782321,129.2137045538579,0.9040955086086131,0.0035219774389580153,0.05600848480864931,0.05953046224760733,51.10355494939177,837.3398904065482,888.44344535594,5.35678427116116,5.35678427116116,28.695137727759604,-7.0353903448735196,142.17296150390408,-19.9946472949197,19.9946472949197,399.7859204482397
space3_time0,2020-01-06 14:00:00,62.75,114.5,3,0,147.65936279296875,128.59617014961694,133.2971067346019,0.9647333936936476,0.005770881457686004,0.0318856054442429,0.0376564869019289,99.38159457389067,559.5685175511718,658.9501121250624,19.06319264335181,19.06319264335181,363.4053137575426,14.362256058366853,142.17296150390408,5.486401289064673,5.486401289064673,30.10059910465051
space3_time0,2020-01-06 14:00:00,67.0,116.75,3,0,127.40519714355469,126.71432939393637,132.12161546671288,0.9590734184283511,0.0023210158865741236,0.03719019574765796,0.03951121163423208,38.814426439198044,634.378134092215,673.192560531413,0.6908677496183202,0.6908677496183202,0.47729824746268196,-4.716418323158194,142.17296150390408,-14.767764360349389,14.767764360349389,218.0868642028056
space3_time0,2020-01-06 14:00:00,71.25,119.25,3,0,131.3253631591797,126.01773827312006,131.7812998233802,0.9562641925828269,0.0030229191557083024,0.04282189287172948,0.04584481202743778,50.333441629505856,729.5986903399087,779.9321319694145,5.307624886059628,5.307624886059628,28.170881931119478,-0.4559366642005216,142.17296150390408,-10.847598344724389,10.847598344724389,117.67038984846731
space3_time0,2020-01-06 14:00:00,79.75,129.25,3,0,103.23088073730469,118.48383750326884,128.80466009561724,0.9198722889009856,0.0029517997876341365,0.050692571641229464,0.0536443714288636,43.78685048186373,772.495937478869,816.2827879607328,-15.252956765964157,15.252956765964157,232.65269010437177,-25.57377935831255,142.17296150390408,-38.94208076659939,38.94208076659939,1516.48565443235
space3_time0,2020-01-06 16:00:00,65.25,91.75,3,0,156.1530303955078,129.9347356746531,135.65941248466365,0.9578011086355125,0.0023720466831140567,0.026756699285697072,0.02912874596881113,41.27997307274742,472.48365700855317,513.7636300813006,26.218294720854715,26.218294720854715,687.3989780695982,20.493617910844165,142.17296150390408,13.980068891603736,13.980068891603736,195.44232621398652
space3_time0,2020-01-06 16:00:00,69.5,94.5,3,0,128.7119140625,126.02299234738491,131.9955594258746,0.9547517575252696,0.0024852689537696324,0.031856582209120396,0.03434185116289003,40.90036908548668,533.3698995652012,574.2702686506879,2.688921715115086,2.688921715115086,7.230299990017455,-3.283645363374603,142.17296150390408,-13.461047441404077,13.461047441404077,181.19979821973124
space3_time0,2020-01-06 16:00:00,74.0,97.5,3,0,118.91151428222656,127.58756832917031,133.54262649178972,0.9554070612578107,0.0028761674770680784,0.03770826302066891,0.04058443049773699,48.829377480899794,653.3440218774681,702.1733993583679,-8.676054046943747,8.676054046943747,75.27391382548898,-14.631112209563156,142.17296150390408,-23.261447221677514,23.261447221677514,541.0949268468885
space3_time0,2020-01-06 18:00:00,81.0,83.5,3,0,106.4976806640625,123.34085344208779,128.53036407359312,0.9596242438982439,0.003352387479764179,0.044126867365679265,0.04747925484544344,53.56933458120655,722.1213072917855,775.690641872992,-16.84317277802529,16.84317277802529,283.6924692304122,-22.03268340953062,142.17296150390408,-35.67528083984158,35.67528083984158,1272.7256630015675
space3_time0,2020-01-06 19:00:00,79.5,56.0,3,0,125.44511413574219,125.2195465675137,129.2181351408425,0.9690555155515093,0.0029868218646947942,0.04163418742341844,0.04462100928811324,49.04344568933896,699.1047943235068,748.1482400128457,0.22556756822848456,0.22556756822848456,0.05088072783651204,-3.773021005100304,142.17296150390408,-16.72784736816189,16.72784736816189,279.82087757252066
space3_time0,2020-01-06 21:00:00,82.25,39.0,3,0,113.68463897705078,124.68107429613953,128.38945465347211,0.9711161608455957,0.0030322220153455592,0.04483385940914665,0.04786608142449221,49.52319413849,750.0392157264114,799.5624098649014,-10.996435319088746,10.996435319088746,120.92158972690243,-14.704815676421333,142.17296150390408,-28.488322526853295,28.488322526853295,811.584520394017
space3_time0,2020-01-07 11:00:00,51.5,157.0,3,0,153.5395965576172,120.4958654176852,137.9715285578951,0.8733386277381362,0.005278374818607656,0.04010208442779098,0.045380459246398636,80.40807932889692,624.9557194814447,705.3637988103417,33.04373113993199,33.04373113993199,1091.8881676481112,15.568067999722075,142.17296150390408,11.366635053713111,11.366635053713111,129.20039244429967
space3_time0,2020-01-07 11:00:00,55.5,158.0,3,0,164.64671325683594,115.94526840997466,132.18048161411505,0.8771738988549225,0.0027770774820912213,0.04062880747978109,0.04340588496187232,39.043448369552884,583.7803129966113,622.8237613661641,48.70144484686128,48.70144484686128,2371.830730171871,32.466231642720885,142.17296150390408,22.47375175293186,22.47375175293186,505.0695178524079
space3_time0,2020-01-07 11:00:00,68.25,162.5,3,0,150.27279663085938,118.59705056338176,132.96179698748824,0.8919633552676927,0.0033567003871235804,0.046918640224742326,0.05027534061186591,49.73060707580969,712.8749941984119,762.6056012742215,31.67574606747762,31.67574606747762,1003.3528889313238,17.310999643371133,142.17296150390408,8.099835126955298,8.099835126955298,65.60732908385896
space3_time0,2020-01-07 11:00:00,81.25,176.75,3,0,120.2182388305664,113.63663695608213,124.9057391132124,0.9097791483631019,0.003953940822405334,0.05615503997138396,0.0601089807937893,54.32888334532992,795.2407603322283,849.5696436775582,6.581601874484278,6.581601874484278,43.31748323421496,-4.687500282645999,142.17296150390408,-21.95472267333767,21.95472267333767,482.0098476631672
space3_time0,2020-01-07 13:00:00,50.25,131.75,3,0,133.28543090820312,118.44242550058121,134.4656819962589,0.8808375768612582,0.0032118822431422347,0.034764219856368704,0.03797610209951094,46.87752227889011,517.1369987859151,564.0145210648052,14.843005407621916,14.843005407621916,220.31480953069345,-1.180251088055769,142.17296150390408,-8.887530595700952,8.887530595700952,78.98820008952052
space3_time0,2020-01-07 13:00:00,54.0,133.0,3,0,148.96607971191406,119.53962011195539,131.04795713781706,0.9121822478029251,0.005688941163757425,0.035415550352839636,0.041104491516597064,84.94592742978966,539.8249494681987,624.7708768979884,29.426459599958676,29.426459599958676,865.9165245880001,17.918122574096998,142.17296150390408,6.793118208009986,6.793118208009986,46.146454987996805
space3_time0,2020-01-07 13:00:00,58.25,134.25,3,0,141.12576293945312,120.55628190923103,132.64754504946882,0.9088466873945651,0.004338011011744884,0.037195407719259097,0.04153341873100398,65.8643489183007,576.6238989019492,642.48824782025,20.569481030222093,20.569481030222093,423.10354985266656,8.478217889984307,142.17296150390408,-1.0471985644509516,1.0471985644509516,1.0966248333881339
space3_time0,2020-01-08 13:00:00,56.5,131.5,3,0,142.43247985839844,121.06098385449839,132.22349377601898,0.9155784679201607,0.002476674437471274,0.035227398835388536,0.03770407327285981,37.73895800055779,547.0301202617994,584.7690782623572,21.37149600390005,21.37149600390005,456.7408414447157,10.208986082379454,142.17296150390408,0.2595183544943609,0.2595183544943609,0.06734977631946076
space3_time0,2020-01-08 13:00:00,69.0,137.0,3,0,124.79175567626953,116.11410149900662,126.90299870060858,0.9149831185072679,0.003764676724483082,0.043954432209744765,0.047719108934227844,53.33834205020089,637.8392991309513,691.1776411811522,8.677654177262909,8.677654177262909,75.30168202016841,-2.1112430243390463,142.17296150390408,-17.381205827634545,17.381205827634545,302.10631602259707
space3_time0,2020-01-08 13:00:00,77.75,144.5,3,0,123.48503875732422,115.23825271720524,126.7555106517646,0.909138010053064,0.0032934020138754984,0.05185001828645331,0.05514342030032881,46.29156983487326,749.2534801011585,795.5450499360318,8.246786040118977,8.246786040118977,68.00947999150124,-3.2704718944403766,142.17296150390408,-18.687922746579858,18.687922746579858,349.23845658213685
space3_time0,2020-01-08 13:00:00,82.0,153.75,3,0,92.1237564086914,114.4027606875329,126.44679200875771,0.9047502025959607,0.0033837823537349993,0.05588736835921761,0.05927115071295261,47.07079685749376,800.9209744860955,847.9917713435892,-22.279004278841498,22.279004278841498,496.3540316566378,-34.323035600066305,142.17296150390408,-50.04920509521267,50.04920509521267,2504.922930662662
space3_time0,2020-01-08 15:00:00,63.25,110.0,3,0,145.69927978515625,128.86452521856955,133.30118215736508,0.9667170473135194,0.004955484885628686,0.029364212639837513,0.0343196975254662,85.3757007587988,514.6761837258516,600.0518844846504,16.834754566586696,16.834754566586696,283.4089613172116,12.398097627791174,142.17296150390408,3.5263182812521734,3.5263182812521734,12.434920620693282
space3_time0,2020-01-08 15:00:00,67.5,111.5,3,0,126.75183868408203,126.20051733085994,131.67727003588763,0.9584077593381524,0.0026554163219241972,0.0346074936564816,0.0372629099784058,43.955650432987476,583.6672447140056,627.6228951469931,0.5513213532220931,0.5513213532220931,0.3039552345186399,-4.925431351805599,142.17296150390408,-15.421122819822045,15.421122819822045,237.81102902403623
space3_time0,2020-01-08 15:00:00,71.75,114.0,3,0,138.51231384277344,127.3838966876065,133.49951052300938,0.9541899905741689,0.0026404567658165,0.04050482142832006,0.04314527819413656,44.793951031564674,702.1751760757394,746.9691271073041,11.128417155166943,11.128417155166943,123.84166837941392,5.0128033197640605,142.17296150390408,-3.660647661130639,3.660647661130639,13.400341298941218
space3_time0,2020-01-08 16:00:00,61.75,85.25,3,0,149.6194305419922,129.56523899552178,135.1032022699215,0.9590093855559729,0.0029443430008595996,0.022208630669202298,0.025152973670061897,50.760829816525224,387.7329954767233,438.49382529324856,20.054191546470406,20.054191546470406,402.1705985825251,14.516228272070691,142.17296150390408,7.446469038088111,7.446469038088111,55.449901135204875
space3_time0,2020-01-08 16:00:00,66.0,87.5,3,0,136.55223083496094,129.63805330670294,135.60164051785134,0.9560212753446494,0.0025747662374535282,0.026627344415287097,0.029202110652740625,44.611245275444915,468.15348876239415,512.764734037839,6.914177528257994,6.914177528257994,47.80585089226783,0.9505903171096008,142.17296150390408,-5.620730668943139,5.620730668943139,31.59261325279799
space3_time0,2020-01-08 16:00:00,70.25,89.75,3,0,130.6719970703125,127.80939341648796,133.84010664669609,0.9549409113508281,0.0021631853135883872,0.03165781589980768,0.03382100121339607,36.59125977057576,544.6616196568423,581.2528794274181,2.862603653824536,2.862603653824536,8.194499678889583,-3.1681095763835856,142.17296150390408,-11.500964433591577,11.500964433591577,132.27218290273842
space3_time0,2020-01-08 16:00:00,74.5,93.0,3,0,129.3652801513672,123.46213796422762,129.9780231180205,0.9498693317725228,0.0026729232813357344,0.03719175593324232,0.03986467921457805,42.456837121647794,602.6834046103944,645.1402417320422,5.903142187139565,5.903142187139565,34.847087681586885,-0.6127429666533146,142.17296150390408,-12.807681352536889,12.807681352536889,164.03670162812116
space3_time0,2020-01-08 16:00:00,79.0,98.25,3,0,129.3652801513672,122.07945229934573,128.2625318132221,0.9517935641339101,0.004102459420293482,0.04351091911518783,0.04761337853548131,64.2537986659143,697.9524544429136,762.2062531088279,7.285827852021455,7.285827852021455,53.08328748929158,1.1027483381450907,142.17296150390408,-12.807681352536889,12.807681352536889,164.03670162812116
space3_time0,2020-01-08 21:00:00,78.5,25.0,3,0,122.17831420898438,130.73113778245016,134.40685508476375,0.9726523078008524,0.00445196551245582,0.04176370283848892,0.04621566835094474,79.86346958112017,766.7648354956572,846.6283050767773,-8.552823573465787,8.552823573465787,73.15079107883207,-12.228540875779373,142.17296150390408,-19.9946472949197,19.9946472949197,399.7859204482397
space3_time0,2020-01-09 10:00:00,79.0,-168.25,3,0,120.87159729003906,126.29285406982562,126.7570775768763,0.9963376916230251,0.0033227384971413624,0.03149864826052327,0.03482138675766463,54.96651194055462,530.2406925170015,585.2072044575561,-5.42125677978656,5.42125677978656,29.390025072381746,-5.885480286837236,142.17296150390408,-21.301364213865014,21.301364213865014,453.74811737172905
space3_time0,2020-01-09 18:00:00,79.75,72.75,3,0,124.79175567626953,120.1121674865307,126.92991603004621,0.9462872996630541,0.003069681147053028,0.041689399725724496,0.044759080872777524,46.38447445121056,644.2517478566231,690.6362223078336,4.679588189738837,4.679588189738837,21.898545625543203,-2.1381603537766836,142.17296150390408,-17.381205827634545,17.381205827634545,302.10631602259707
space3_time0,2020-01-09 21:00:00,81.0,26.5,3,0,118.2581558227539,126.8055760475556,131.0241737612934,0.9678029054285553,0.003002023559055053,0.04389196018957595,0.046893983748631005,50.66506933348578,758.3978944318329,809.0629637653187,-8.547420224801698,8.547420224801698,73.05839249934911,-12.766017938539505,142.17296150390408,-23.91480568115017,23.91480568115017,571.9179307671725
space3_time0,2020-01-10 02:00:00,80.5,-46.5,3,0,114.33799743652344,111.75153346221835,129.41667232138388,0.8635018306196502,0.004691627843303755,0.02838196505689758,0.033073592900201336,60.703452021514956,373.3604510093863,434.06390303090126,2.58646397430509,2.58646397430509,6.689795890378082,-15.078674884860447,142.17296150390408,-27.83496406738064,27.83496406738064,774.7852246323713
space3_time0,2020-01-10 10:00:00,81.25,-165.25,3,0,88.20359802246094,125.19658026810518,126.66312401138286,0.9884216992536371,0.004052329383781011,0.032555557746051025,0.03660788712983204,66.01893650477888,540.2031455487638,606.2220820535426,-36.99298224564424,36.99298224564424,1368.4807354265502,-38.459525988921925,142.17296150390408,-53.96936348144314,53.96936348144314,2912.692194592128
space3_time0,2020-01-10 23:00:00,77.5,-5.75,3,0,122.83168029785156,124.66510866602424,134.762416347842,0.9250732663047898,0.0034991730071314273,0.03592687377653114,0.03942604678366257,56.66799243689753,593.439202126854,650.1071945637515,-1.833428368172676,1.833428368172676,3.3614595812203216,-11.93073604999043,142.17296150390408,-19.341281206052514,19.341281206052514,374.0851586916002
space3_time0,2020-01-10 23:00:00,81.75,2.25,3,0,116.9514389038086,121.00648558103688,127.77271722993255,0.9470447854942337,0.00289602881628189,0.04180558352598931,0.0447016123422712,44.40816771568875,655.5903777772822,699.998545492971,-4.05504667722829,4.05504667722829,16.443403554500197,-10.82127832612396,142.17296150390408,-25.221522600095483,25.221522600095483,636.1252022671272
space3_time0,2020-01-11 10:00:00,79.5,-172.0,3,0,100.61743927001953,127.84852181382247,127.6724796104947,1.0013788578702696,0.0035219527294820677,0.03347746921720406,0.03699942194668613,59.84234401291006,579.4714870355034,639.3138310484135,-27.23108254380294,27.23108254380294,741.5318565074093,-27.055040340475173,142.17296150390408,-41.555522233884545,41.555522233884545,1726.8614281308728
space3_time0,2020-01-11 12:00:00,60.75,149.75,3,0,127.40519714355469,115.06855586006625,129.9869081408985,0.8852318860860847,0.005035495770695525,0.0411758166039572,0.04621131237465272,70.00334322803009,585.8462398595406,655.8495830875706,12.336641283488433,12.336641283488433,152.19271815747112,-2.581710997343805,142.17296150390408,-14.767764360349389,14.767764360349389,218.0868642028056
space3_time0,2020-01-11 12:00:00,65.0,151.25,3,0,117.60479736328125,118.7682063595328,132.4897863911838,0.8964329220734251,0.006803489448731564,0.043523877948598425,0.050327367397329986,101.26682776465032,664.3928708845261,765.6596986491764,-1.1634089962515475,1.1634089962515475,1.3535204925590332,-14.884989027902549,142.17296150390408,-24.568164140622827,24.568164140622827,603.5946892405854
space3_time0,2020-01-11 15:00:00,79.25,114.75,3,0,122.17831420898438,119.33904303428905,126.62814431522193,0.9424369572787249,0.0031323807221878253,0.0482156080096921,0.05134798873187993,47.03489273913674,742.8912216237899,789.9261143629266,2.8392711746953267,2.8392711746953267,8.06146080345578,-4.449830106237556,142.17296150390408,-19.9946472949197,19.9946472949197,399.7859204482397
space3_time0,2020-01-11 17:00:00,73.25,83.75,3,0,103.23088073730469,129.36316900080283,135.06901865342928,0.9577560442097607,0.003405101166720223,0.034084614608254724,0.037489715774974945,59.261481739636324,604.4529139531497,663.7143956927861,-26.13228826349814,26.13228826349814,682.8964898865626,-31.838137916124595,142.17296150390408,-38.94208076659939,38.94208076659939,1516.48565443235
space3_time0,2020-01-11 18:00:00,80.25,68.75,3,0,98.00399780273438,120.91809266013378,127.71026407946756,0.9468157750021771,0.0035869997933920938,0.04207842470671793,0.045665424500110026,54.99526633597926,660.0872714892835,715.0825378252628,-22.914094857399405,22.914094857399405,525.0557431338979,-29.70626627673319,142.17296150390408,-44.1689637011697,44.1689637011697,1950.8973544352466
space3_time0,2020-01-11 20:00:00,65.75,31.25,3,0,131.9787139892578,140.38976750740073,138.02382336640403,1.017141563559763,0.0032536351060585386,0.029717486252025818,0.03297112135808436,66.38433980471753,616.4306759410496,682.8150157457671,-8.411053518142921,8.411053518142921,70.74582128506441,-6.045109377146218,142.17296150390408,-10.194247514646264,10.194247514646264,103.92268238987154
space3_time0,2020-01-11 20:00:00,78.75,41.75,3,0,130.6719970703125,128.52380476925137,128.29728540829635,1.0017655818689706,0.0029464762540968516,0.04261428094374306,0.04556075719783991,51.014878268099494,754.8752219293184,805.890100197418,2.1481923010611297,2.1481923010611297,4.6147301623383115,2.3747116620161535,142.17296150390408,-11.500964433591577,11.500964433591577,132.27218290273842
space3_time0,2020-01-11 22:00:00,81.5,23.0,3,0,101.27079772949219,123.73173482456282,128.22859535789925,0.9649309070197234,0.0029207128245784114,0.04415483096373159,0.04707554378831,46.938595439439396,726.5690739512348,773.5076693906742,-22.460937095070634,22.460937095070634,504.49369518872004,-26.957797628407064,142.17296150390408,-40.90216377441189,40.90216377441189,1672.9870014288122
space3_time0,2020-01-11 23:00:00,80.0,-4.5,3,0,121.52495574951172,117.82767952487754,128.32282604784183,0.9182129411718889,0.0031593133051232565,0.03842082537272064,0.041580138677843895,45.79642612841517,568.6710570407007,614.4674831691159,3.69727622463418,3.69727622463418,13.669851481245177,-6.7978702983301105,142.17296150390408,-20.648005754392358,20.648005754392358,426.34014163341993
space3_time0,2020-01-12 02:00:00,81.25,-50.5,3,0,99.31071472167969,111.29252947787394,129.62999590264926,0.8585399444234605,0.007289402628583482,0.026620576477556886,0.03390997910614037,93.74210847036548,348.2054424734047,441.9475509437701,-11.981814756194254,11.981814756194254,143.56388485175438,-30.31928118096957,142.17296150390408,-42.86224678222439,42.86224678222439,1837.172199220305
space3_time0,2020-01-14 12:00:00,68.0,145.5,3,0,142.43247985839844,121.05883969342398,134.05818434937433,0.9030320698505642,0.0036446325403866275,0.04419308824551871,0.047837720785905334,56.13246094613056,697.1682737620134,753.300734708144,21.37364016497446,21.37364016497446,456.83249390180947,8.374295509024108,142.17296150390408,0.2595183544943609,0.2595183544943609,0.06734977631946076
space3_time0,2020-01-14 12:00:00,72.25,148.0,3,0,121.52495574951172,118.34183079517291,131.15681892531282,0.902292627747876,0.0045024078040893385,0.0475253135815949,0.052027721385684234,66.57248990646885,721.2953681795741,787.8678580860429,3.1831249543388083,3.1831249543388083,10.13228447493444,-9.6318631758011,142.17296150390408,-20.648005754392358,20.648005754392358,426.34014163341993
space3_time0,2020-01-14 12:00:00,81.0,158.5,3,0,114.33799743652344,114.99214488640075,127.8053924776351,0.8997440769686104,0.00388118837377162,0.05486798660695996,0.05874917498073158,54.53289774274185,794.0069463578411,848.539844100583,-0.6541474498773141,0.6541474498773141,0.42790888618099315,-13.467395041111658,142.17296150390408,-27.83496406738064,27.83496406738064,774.7852246323713
space3_time0,2020-01-14 14:00:00,53.75,116.0,3,0,152.23287963867188,126.9312906897191,131.10428710752254,0.9681704045697525,0.004658420786786237,0.024986468946413518,0.029644889733199755,77.49303588884823,421.8684600020063,499.36149589085454,25.30158894895277,25.30158894895277,640.1704033417689,21.128592531149337,142.17296150390408,10.059918134767798,10.059918134767798,101.20195287823002
space3_time0,2020-01-14 14:00:00,62.0,118.75,3,0,133.9387969970703,124.94468835552118,129.351400032371,0.965932245992335,0.006263693803255757,0.03215503931030319,0.038418733113558944,101.93234447217083,533.4467338204557,635.3790782926266,8.994108641549133,8.994108641549133,80.89399025598878,4.587396964699309,142.17296150390408,-8.234164506833764,8.234164506833764,67.80146512560093
space3_time0,2020-01-14 14:00:00,66.25,120.5,3,0,154.19296264648438,124.31637564677511,129.7721584713223,0.9579587571878693,0.0063107180759164605,0.03714605517476445,0.04345677325068091,102.18321709406379,614.7156338090837,716.8988509031475,29.87658699970926,29.87658699970926,892.6104507511964,24.42080417516206,142.17296150390408,12.020001142580298,12.020001142580298,144.48042746763167
space3_time0,2020-01-14 14:00:00,70.5,122.75,3,0,127.40519714355469,125.60009531738626,131.8355740334324,0.9527026088234356,0.0028756916327006797,0.04268977301860817,0.045565464651308854,47.54837506046782,722.1783325138723,769.7267075743401,1.8051018261684249,1.8051018261684249,3.258392602836582,-4.430376889877721,142.17296150390408,-14.767764360349389,14.767764360349389,218.0868642028056
space3_time0,2020-01-14 14:00:00,79.25,131.5,3,0,107.15103912353516,115.0071482346631,126.21498456135785,0.9112004302369807,0.002954867836264837,0.049921606253996526,0.05287647409026136,41.26610608883775,715.9305566160039,757.1966627048416,-7.8561091111279495,7.8561091111279495,61.71845036594758,-19.063945437822696,142.17296150390408,-35.02192238036892,35.02192238036892,1226.5350472165856
space3_time0,2020-01-14 17:00:00,80.5,84.75,3,0,106.4976806640625,125.4255599024811,130.04681309506077,0.9644646948080026,0.0039688535184664,0.04270394250169922,0.04667279602016562,65.54944449423259,722.0038275009218,787.5532719951544,-18.927879238418598,18.927879238418598,358.2646124641578,-23.54913243099827,142.17296150390408,-35.67528083984158,35.67528083984158,1272.7256630015675
space3_time0,2020-01-14 22:00:00,80.25,12.0,3,0,105.19095611572266,130.46538568402036,137.40546436069394,0.9494919746535287,0.0076916837508727845,0.04187072263984182,0.0495624063907146,138.1045549388425,770.7082938749968,908.8128488138393,-25.274429568297705,25.274429568297705,638.7967900028414,-32.214508244971285,142.17296150390408,-36.98200538818142,36.98200538818142,1367.6687225314797
space3_time0,2020-01-15 11:00:00,55.0,162.25,3,0,145.04591369628906,122.12789771005622,140.90514303890382,0.8667383963148655,0.0030238843567041165,0.03805489425658965,0.041078778613293766,47.06434526193721,604.6214435273353,651.6857887892725,22.918015986232845,22.918015986232845,525.2354567452243,4.1407706573852465,142.17296150390408,2.872952192384986,2.872952192384986,8.253854299729698
space3_time0,2020-01-15 11:00:00,59.25,163.5,3,0,169.22023010253906,123.16356006155888,141.2618305056787,0.8718813823993862,0.003785608470956523,0.03950305152206948,0.043288659993026,60.078970516441885,640.6862802706406,700.7652507870826,46.05667004098018,46.05667004098018,2121.2168552637213,27.958399596860374,142.17296150390408,27.047268598634986,27.047268598634986,731.5547386467061
space3_time0,2020-01-15 11:00:00,63.25,165.25,3,0,125.44511413574219,120.70684148179038,138.20350837815556,0.8733992566347131,0.0035209941838344506,0.04170859843277014,0.045229592616604586,53.76960431815469,651.553173973231,705.3227782913857,4.73827265395181,4.73827265395181,22.45122774318753,-12.758394242413374,142.17296150390408,-16.72784736816189,16.72784736816189,279.82087757252066
space3_time0,2020-01-15 11:00:00,67.5,167.25,3,0,79.05655670166016,119.25375835263068,137.26790295107037,0.8687665199863881,0.0029844092512666385,0.044715161893560736,0.047699571144827375,44.58270399897288,684.1584338785641,728.741137877537,-40.19720165097053,40.19720165097053,1615.8150205687878,-58.21134624941021,142.17296150390408,-63.11640480224392,63.11640480224392,3983.6805551607195
space3_time0,2020-01-15 13:00:00,66.0,142.0,3,0,127.40519714355469,118.0030715539702,130.3098090016721,0.9055578582918189,0.009990042334865081,0.04210028464917126,0.052090326984036345,147.2813004115653,637.0988941753129,784.3801945868782,9.402125589584486,9.402125589584486,88.39996560231941,-2.90461185811742,142.17296150390408,-14.767764360349389,14.767764360349389,218.0868642028056
space3_time0,2020-01-15 13:00:00,70.25,144.25,3,0,120.87159729003906,117.77405325271253,130.23428562889782,0.9043244847851304,0.005175879768025312,0.04538679583553807,0.05056267560356338,75.71238495571907,680.9709848481523,756.6833698038713,3.0975440373265286,3.0975440373265286,9.59477906317713,-9.36268833885876,142.17296150390408,-21.301364213865014,21.301364213865014,453.74811737172905
space3_time0,2020-01-15 14:00:00,68.75,119.5,3,0,168.11769104003906,122.93718674860719,129.08381038654545,0.9523826913728998,0.002768299395159957,0.038891082989065226,0.04165938238422518,43.679062290283085,626.5903992782064,670.2694615684895,45.18050429143187,45.18050429143187,2041.277968028094,39.03388065349361,142.17296150390408,25.944729536134986,25.944729536134986,673.1289907031951
space3_time0,2020-01-15 14:00:00,73.0,122.0,3,0,139.81903076171875,123.77489733295273,129.2097473990343,0.95793777036575,0.00288783752926616,0.04468901967360375,0.047576857202869915,46.46516770607383,736.4152125746139,782.8803802806876,16.044133428766017,16.044133428766017,257.41421748004717,10.609283362684437,142.17296150390408,-2.3539307421853266,2.3539307421853266,5.540989939005162
space3_time0,2020-01-15 15:00:00,68.75,119.5,3,0,239.3838348388672,122.85204578003075,128.99534337160682,0.9523758189171327,0.002672379638873374,0.03888482864317676,0.04155720828205013,42.10090536964937,625.4962859001479,667.5971912697972,116.53178905883644,116.53178905883644,13579.657861253152,110.38849146726037,142.17296150390408,97.21087333496311,97.21087333496311,9449.953894546243
space3_time0,2020-01-15 16:00:00,68.75,119.5,3,0,97.35063934326172,122.82817691944497,128.9712151146966,0.952368920539451,0.002660624554293995,0.03887858326327252,0.041539207817566516,41.89842817145171,625.1322652407636,667.0306934122152,-25.477537576183252,25.477537576183252,649.1049209458296,-31.620575771434886,142.17296150390408,-44.82232216064236,44.82232216064236,2009.040563872411
space3_time0,2020-01-15 19:00:00,77.0,53.0,3,0,116.624755859375,128.15235400127807,131.03625261191334,0.9779915973392768,0.0037184875611446485,0.037734920061862715,0.041453407623007366,63.77202458641098,660.7456542916823,724.5176788780933,-11.52759814190307,11.52759814190307,132.8855189212071,-14.41149675253834,142.17296150390408,-25.548205644529077,25.548205644529077,652.7108116551474
space3_time0,2020-01-16 11:00:00,53.25,159.25,3,0,150.92616271972656,116.7397129647887,134.7535419490494,0.8663201818392885,0.005127285410545538,0.03776598077898496,0.042893266189530495,73.12517119759107,550.3255268984847,623.4506980960757,34.18644975493787,34.18644975493787,1168.7133468468915,16.172620770677156,142.17296150390408,8.753201215822486,8.753201215822486,76.61853152467624
space3_time0,2020-01-16 11:00:00,57.25,160.5,3,0,162.68663024902344,114.9852453879174,132.05554788244422,0.8707339239565854,0.0027656323683452615,0.038643301027789456,0.04140893339613472,38.164804436561155,544.4544215484076,582.6192259849688,47.701384861106035,47.701384861106035,2275.422117667356,30.63108236657922,142.17296150390408,20.51366874511936,20.51366874511936,420.81060538448696
space3_time0,2020-01-16 11:00:00,65.5,163.25,3,0,140.47239685058594,114.95549876213195,132.17874902979491,0.8696972819452193,0.004386385262842097,0.04308199435837491,0.047468379621217006,60.91641951160988,612.7231089069817,673.6395284185916,25.516898088453985,25.516898088453985,651.1120880565467,8.293647820791023,142.17296150390408,-1.700564653318139,1.700564653318139,2.8919201401150425
space3_time0,2020-01-16 11:00:00,78.75,173.25,3,0,105.84431457519531,119.54307968570197,132.34664632477518,0.9032573397617226,0.003784454147344891,0.053356958880548144,0.05714141302789304,57.37072933700721,832.4104991873925,889.7812285243997,-13.698765110506656,13.698765110506656,187.65616555283444,-26.502331749579866,142.17296150390408,-36.328646928708764,36.328646928708764,1319.7705876707807
space3_time0,2020-01-16 19:00:00,79.5,54.0,3,0,81.01663970947266,124.79950070156941,128.64384590644406,0.9701163691291506,0.0032088776370473603,0.04065829837901283,0.04386717601606019,52.30306143443195,677.4519783413862,729.7550397758181,-43.78286099209676,43.78286099209676,1916.9389166532678,-47.6272061969714,142.17296150390408,-61.15632179443142,61.15632179443142,3740.0956954240473
space3_time1,2020-01-18 13:00:00,69.0,135.75,3,1,134.5921630859375,120.52647868744695,122.91030846875634,0.9806051273403533,0.010974282290807416,0.06435855825511659,0.07533284054592401,172.83946584576555,1052.6989352905605,1225.538401136326,14.065684398490546,14.065684398490546,197.84347759794036,11.681854617181159,140.25724535232993,-5.665082266392432,5.665082266392432,32.09315708499401
space3_time1,2020-01-18 13:00:00,77.75,142.5,3,1,104.53759765625,114.1145474447215,113.84115207999376,1.00240155128205,0.0026341105463808002,0.07999133351135902,0.08262544405773982,37.30541808378632,1180.9687165360715,1218.2741346198577,-9.576949788471495,9.576949788471495,91.71796725090421,-9.303554423743762,140.25724535232993,-35.71964769607993,35.71964769607993,1275.8932315320683
space3_time1,2020-01-18 15:00:00,67.25,111.0,3,1,124.79175567626953,130.53409137773755,133.1111282464007,0.9806399592384726,0.003689418167140472,0.03942406736518526,0.04311348553232573,65.75535473941095,718.0001323882783,783.7554871276892,-5.742335701468022,5.742335701468022,32.97441930835424,-8.31937257013118,140.25724535232993,-15.4654896760604,15.4654896760604,239.18137092033083
space3_time1,2020-01-18 15:00:00,71.75,113.5,3,1,115.64471435546875,128.64352267008883,130.5069428340673,0.9857216779160346,0.0035528975120036263,0.04962083631661441,0.053173733828618036,62.11883715038811,891.0366603156154,953.1554974660036,-12.998808314620078,12.998808314620078,168.96901760023607,-14.862228478598553,140.25724535232993,-24.61253099686118,24.61253099686118,605.7766820714525
space3_time1,2020-01-18 16:00:00,65.75,86.0,3,1,134.5921630859375,137.8860022440747,132.92658767833726,1.0373094250921302,0.003807390876259603,0.024411652635258286,0.02821904351151789,74.60195813331295,485.13002288963526,559.7319810229482,-3.293839158137189,3.293839158137189,10.849376399677904,1.6655754076002438,140.25724535232993,-5.665082266392432,5.665082266392432,32.09315708499401
space3_time1,2020-01-18 16:00:00,70.0,88.25,3,1,144.39256286621094,135.08151186204947,131.91190047516017,1.0240282444227702,0.0035306114810612823,0.0337542988860665,0.037284910367127784,66.98865737511704,652.5249813755983,719.5136387507152,9.31105100416147,9.31105100416147,86.69567080209633,12.480662391050771,140.25724535232993,4.135317513881006,4.135317513881006,17.100850940610982
space3_time1,2020-01-18 16:00:00,74.5,91.25,3,1,130.0186309814453,128.80919904469016,127.06569547459992,1.0137212767267998,0.0034410575505781464,0.04439844876469535,0.04783950631527349,59.99424048270622,792.8829746719908,852.8772151546971,1.209431936755152,1.209431936755152,1.462725609643318,2.9529355068453924,140.25724535232993,-10.23861437088462,10.23861437088462,104.82922423568505
space3_time1,2020-01-18 16:00:00,79.0,95.75,3,1,94.73719787597656,124.55315623388155,122.98344068708043,1.0127636333642276,0.004076302737054786,0.0554698232479548,0.05954612598500958,67.25458814536998,942.9701000697182,1010.2246882150882,-29.81595835790499,29.81595835790499,888.9913728003244,-28.24624281110387,140.25724535232993,-45.52004747635337,45.52004747635337,2072.0747222494647
space3_time1,2020-01-19 10:00:00,79.0,-169.75,3,1,150.27279663085938,94.98477550574002,114.47393819399493,0.8297502209172943,0.0029306238504349913,0.0298247433658409,0.032755367216275894,27.360881709657637,283.05797965330044,310.41886136295807,55.28802112511936,55.28802112511936,3056.7652799316443,35.79885843686445,140.25724535232993,10.015551278529443,10.015551278529443,100.31126741285277
space3_time1,2020-01-19 13:00:00,67.0,132.75,3,1,99.96408081054688,121.02017818857043,124.0387530201908,0.9756642600951577,0.018826425836233417,0.05856553423163376,0.07739196006786718,300.73839332419533,972.5774778269492,1273.3158711511446,-21.05609737802355,21.05609737802355,443.3592367928103,-24.07467220964392,140.25724535232993,-40.29316454178306,40.29316454178306,1623.5391087912035
space3_time1,2020-01-19 13:00:00,71.5,134.75,3,1,135.8988800048828,119.59302818788173,121.17711413160555,0.9869275155207661,0.004309778759285364,0.06656055502063135,0.07087033377991672,66.31037582724448,1061.237468886842,1127.5478447140865,16.305851817001084,16.305851817001084,265.8808034779976,14.721765873277263,140.25724535232993,-4.358365347447119,4.358365347447119,18.99534850182785
space3_time1,2020-01-19 18:00:00,79.75,70.25,3,1,111.07119750976562,108.13804888428392,113.65319502109303,0.9514739014966931,0.002554512784342067,0.05306933367358424,0.055623846457926306,31.621108647698602,675.5259793968216,707.1470880445203,2.9331486254817065,2.9331486254817065,8.603360859165225,-2.581997511327401,140.25724535232993,-29.186047842564307,29.186047842564307,851.8253886684527
space3_time1,2020-01-20 17:00:00,70.75,83.25,3,1,116.29808044433594,127.0073084581394,124.45058762254342,1.0205440639890786,0.004581683462038333,0.03463440921678043,0.039216092678818766,77.03873075732895,593.9211815442902,670.9599123016192,-10.709228013803468,10.709228013803468,114.68756465163297,-8.152507178207486,140.25724535232993,-23.959164907993994,23.959164907993994,574.0415830884508
space3_time1,2020-01-20 17:00:00,75.0,86.5,3,1,123.48503875732422,121.27360822266162,121.21752126500137,1.0004626967873536,0.004104842278909415,0.0444657571430304,0.048570599421939815,63.50598794668988,704.8980974037397,768.4040853504296,2.211430534662597,2.211430534662597,4.890425009638099,2.2675174923228525,140.25724535232993,-16.772206595005713,16.772206595005713,281.30691406555314
space3_time1,2020-01-20 17:00:00,79.5,91.25,3,1,124.79175567626953,115.28155360953403,117.21559047878233,0.9835001738134969,0.0024525220181172962,0.05519634863410171,0.057648870652219006,34.57019347080145,800.8894223354264,835.4596158062278,9.510202066735502,9.510202066735502,90.44394335014022,7.5761651974871995,140.25724535232993,-15.4654896760604,15.4654896760604,239.18137092033083
space3_time1,2020-01-21 12:00:00,60.75,149.25,3,1,150.27279663085938,126.60489865705652,131.41244507425515,0.9634163536453333,0.010902691138081316,0.07033424933063208,0.0812369404687134,190.5834236148503,1280.6958783586924,1471.2793019735427,23.66789797380285,23.66789797380285,560.1693944983411,18.86035155660423,140.25724535232993,10.015551278529443,10.015551278529443,100.31126741285277
space3_time1,2020-01-21 17:00:00,73.0,82.25,3,1,118.2581558227539,131.1707303036121,128.60971046669943,1.0199131140846145,0.0038399139255590005,0.039540754019476404,0.0433806679450354,69.1304590466088,727.5132630531739,796.6437220997827,-12.912574480858183,12.912574480858183,166.73457972370997,-10.35155464394552,140.25724535232993,-21.999089529576025,21.999089529576025,483.9599401303015
space3_time1,2020-01-21 20:00:00,65.75,30.25,3,1,126.75183868408203,115.79980943392187,138.43298655528002,0.8365044511098508,0.004747363631340872,0.027856159254420584,0.03260352288576145,65.92634557603385,393.2069084385104,459.13325401454426,10.952029250160166,10.952029250160166,119.94694469636384,-11.681147871197993,140.25724535232993,-13.5054066682479,13.5054066682479,182.39600927475485
space3_time1,2020-01-21 20:00:00,70.0,32.0,3,1,101.92415618896484,111.91495963595902,134.8137980186283,0.8301446979521694,0.006152839656128996,0.03564883271060171,0.041801672366730706,80.6014537871284,476.8831973446028,557.4846511317312,-9.990803446994178,9.990803446994178,99.81615351647075,-32.88964182966345,140.25724535232993,-38.33308916336509,38.33308916336509,1469.425724806498
space3_time1,2020-01-22 12:00:00,46.5,142.75,3,1,151.5795135498047,125.68558285738878,133.5199887310284,0.9413240972524217,0.004073301798485063,0.05775097519240797,0.06182427699089303,68.58865155608564,1003.1133707375791,1071.7020222936646,25.893930692415907,25.893930692415907,670.4956467036385,18.059524818776282,140.25724535232993,11.322268197474756,11.322268197474756,128.19375713554825
space3_time1,2020-01-22 12:00:00,50.5,143.75,3,1,147.00599670410156,123.43643483452242,131.38035094195044,0.9395349757366838,0.0040810520541484955,0.05892392373829129,0.06300497579243979,66.36025978647774,988.943508196767,1055.3037679832446,23.569561869579147,23.569561869579147,555.5242467239192,15.625645762151123,140.25724535232993,6.748751351771631,6.748751351771631,45.54564480803941
space3_time1,2020-01-22 12:00:00,63.0,147.5,3,1,123.48503875732422,123.12921137287738,130.51834394276372,0.9433862524862655,0.013888976900999396,0.06989837895413306,0.08378735585513246,230.5686630933689,1210.2532003841727,1440.8218634775417,0.35582738444684026,0.35582738444684026,0.12661312752227946,-7.033305185439502,140.25724535232993,-16.772206595005713,16.772206595005713,281.30691406555314
space3_time1,2020-01-22 12:00:00,67.25,148.75,3,1,115.64471435546875,120.64409916329951,128.92872528552041,0.9357425887530173,0.010497573263828403,0.07475253778234577,0.08525011104617417,167.2654526648999,1243.2378447691556,1410.5032974340554,-4.999384807830765,4.999384807830765,24.993848456769054,-13.284010930051664,140.25724535232993,-24.61253099686118,24.61253099686118,605.7766820714525
space3_time1,2020-01-22 12:00:00,71.5,151.25,3,1,88.20359802246094,112.56778978608541,120.09863157686316,0.9372945245761771,0.0032873244938650347,0.08061618759969627,0.08390351209356131,45.375739405995134,1160.7540630827316,1206.1298024887267,-24.364191763624476,24.364191763624476,593.6138402946667,-31.895033554402218,140.25724535232993,-52.053647329868994,52.053647329868994,2709.5822003423773
space3_time1,2020-01-24 12:00:00,67.75,144.5,3,1,107.80439758300781,120.72816844496067,129.8946654363811,0.9294313052762745,0.01154608563714652,0.07103481566244371,0.08258090129959023,183.83408641622336,1178.918092447608,1362.7521788638312,-12.92377086195286,12.92377086195286,167.02385329226178,-22.09026785337329,140.25724535232993,-32.45284776932212,32.45284776932212,1053.1873283387956
space3_time1,2020-01-24 12:00:00,72.25,146.5,3,1,136.55223083496094,123.75735410593649,124.14423241063776,0.9968836385131327,0.004125990454903132,0.07746262008706305,0.08158861054196617,68.7068422926736,1343.9681068398381,1412.6749491325118,12.794876729024452,12.794876729024452,163.70887051093146,12.407998424323182,140.25724535232993,-3.705014517368994,3.705014517368994,13.727132573915
space3_time1,2020-01-24 14:00:00,53.75,115.5,3,1,135.24551391601562,129.54898893385305,136.31583885614006,0.9503590339973014,0.00561549777628014,0.02397212621542657,0.02958762399170671,97.34777231413258,421.77323121990605,519.1210035340387,5.696524982162572,5.696524982162572,32.45039687240229,-1.0703249401244364,140.25724535232993,-5.011731436314307,5.011731436314307,25.117451989741063
space3_time1,2020-01-24 14:00:00,62.0,118.0,3,1,114.9913558959961,121.10753907989893,127.12086368655882,0.9526960057360296,0.012121915047504577,0.036201148089292645,0.048323063136797226,187.73054187982825,574.3813327524442,762.1118746322725,-6.116183183902834,6.116183183902834,37.40769673905581,-12.129507790562727,140.25724535232993,-25.265889456333838,25.265889456333838,638.3651700196814
space3_time1,2020-01-24 14:00:00,66.25,119.5,3,1,117.60479736328125,112.81220905122062,117.58075756456546,0.9594444821404869,0.01737954205237255,0.04431080163209923,0.06169034368447178,237.3130914750611,624.04933764302,861.3624291180811,4.79258831206063,4.79258831206063,22.968902728900158,0.02403979871579054,140.25724535232993,-22.65244798904868,22.65244798904868,513.1333998965557
space3_time1,2020-01-24 14:00:00,70.5,121.5,3,1,122.17831420898438,114.77407228497907,119.75096289190918,0.9584396610537285,0.006798338556280042,0.053119222865259164,0.05991756142153921,95.4089933773705,768.24438192179,863.6533752991605,7.404241924005305,7.404241924005305,54.82279846919778,2.4273513170751926,140.25724535232993,-18.078931143345557,18.078931143345557,326.8477512858299
space3_time1,2020-01-26 00:00:00,76.75,-22.0,3,1,102.5775146484375,119.09765013480848,124.9544963850054,0.953128167295789,0.004320362830216326,0.033429740917457235,0.03775010374767356,63.77636473895385,502.9094150231594,566.6857797621133,-16.520135486370975,16.520135486370975,272.9148764880536,-22.3769817365679,140.25724535232993,-37.67973070389243,37.67973070389243,1419.7621059178541
space3_time1,2020-01-26 11:00:00,53.0,158.75,3,1,165.30007934570312,139.88311192307182,142.32422071887214,0.9828482546156209,0.011125087104029869,0.0774964008429075,0.08862148794693737,239.18824674021607,1742.0807894739119,1981.269036214128,25.416967422631302,25.416967422631302,646.0222329631009,22.975858626830984,140.25724535232993,25.042833993373193,25.042833993373193,627.143534419648
space3_time1,2020-01-26 11:00:00,57.25,160.0,3,1,121.52495574951172,137.487581800921,138.57869378685854,0.9921264087853524,0.0041920841865413895,0.07991654848457626,0.08410863267111765,86.37647470304036,1717.834822256728,1804.2112969597686,-15.962626051409273,15.962626051409273,254.80543045713,-17.053738037346818,140.25724535232993,-18.732289602818213,18.732289602818213,350.8986737638513
space3_time1,2020-01-26 11:00:00,65.5,162.25,3,1,69.90951538085938,135.43238864141935,135.90574492553776,0.9965170252046538,0.008806673428274868,0.08515558872638895,0.09396226215466383,178.22885159054405,1806.8110043284735,1985.0398559190176,-65.52287326055998,65.52287326055998,4293.246920319406,-65.99622954467839,140.25724535232993,-70.34772997147056,70.34772997147056,4948.803112138937
space3_time1,2020-01-26 11:00:00,70.0,164.25,3,1,116.9514389038086,117.69495280496469,121.76121080959825,0.9666046520267269,0.002955317934595472,0.08826384901338821,0.09121916694798368,44.91358952435009,1404.4465500378778,1449.360139562228,-0.7435139011560921,0.7435139011560921,0.552812921212351,-4.80977190578966,140.25724535232993,-23.305806448521338,23.305806448521338,543.1606142159387
space3_time1,2020-01-26 14:00:00,62.5,113.0,3,1,135.24551391601562,125.91281030564778,132.22787948324935,0.9522410160226342,0.010500205440006113,0.03289787819814017,0.04339808363814628,174.77015233852484,559.601306819372,734.3714591578969,9.332703610367844,9.332703610367844,87.09935667897298,3.017634432766272,140.25724535232993,-5.011731436314307,5.011731436314307,25.117451989741063
space3_time1,2020-01-26 14:00:00,66.75,114.75,3,1,122.83168029785156,122.11550448357224,128.38061116633614,0.9511989651252982,0.004321631246591032,0.04122803671048389,0.04554966795707492,67.59429776822563,659.7454626208136,727.3397603890392,0.7161758142793246,0.7161758142793246,0.5129077969586537,-5.548930868484575,140.25724535232993,-17.42556505447837,17.42556505447837,303.65031746785775
space3_time1,2020-01-26 14:00:00,71.25,116.75,3,1,121.52495574951172,123.28610095486478,129.3234336976862,0.9533160188358856,0.0038000804703492022,0.050762446033803754,0.054562526504152956,61.11427603078467,839.048157182092,900.1624332128767,-1.7611452053530599,1.7611452053530599,3.1016324343380712,-7.7984779481744795,140.25724535232993,-18.732289602818213,18.732289602818213,350.8986737638513
space3_time1,2020-01-26 16:00:00,61.0,88.5,3,1,128.05856323242188,136.4565096691604,133.64118790127057,1.0210662731460434,0.003974829955917489,0.020124250708212478,0.024099080664129968,75.96902948980312,389.29411156501783,465.26314105482095,-8.397946436738522,8.397946436738522,70.52550435432924,-5.582624668848695,140.25724535232993,-12.198682119908057,12.198682119908057,148.80784546256453
space3_time1,2020-01-26 16:00:00,65.25,90.0,3,1,115.64471435546875,134.69076243968965,132.63252263243703,1.015518364322728,0.003003561573898939,0.0261012310048886,0.029104792578787536,56.18295677509944,495.405965953961,551.5889227290604,-19.0460480842209,19.0460480842209,362.7519476264546,-16.98780827696828,140.25724535232993,-24.61253099686118,24.61253099686118,605.7766820714525
space3_time1,2020-01-29 13:00:00,67.0,131.25,3,1,114.9913558959961,122.87869568025472,128.66762717059973,0.955008640342225,0.012983617600057317,0.056407466478161084,0.0693910840782184,211.4985886660359,951.4171131253938,1162.9157017914297,-7.887339784258629,7.887339784258629,62.21012887234895,-13.676271274603636,140.25724535232993,-25.265889456333838,25.265889456333838,638.3651700196814
space3_time1,2020-01-29 13:00:00,71.5,133.25,3,1,120.87159729003906,130.42231025926617,133.17286107669955,0.9793460109274875,0.005870281072107078,0.06473541909110611,0.07060570016321319,107.47357083798238,1227.9813928426527,1335.454963680635,-9.550712969227106,9.550712969227106,91.21611822056285,-12.301263786660485,140.25724535232993,-19.38564806229087,19.38564806229087,375.80335079500173
space3_time1,2020-01-29 15:00:00,69.75,108.25,3,1,95.39055633544922,128.65368324507435,132.48336874750328,0.9710930848254031,0.003978197458223239,0.042419080987156,0.04639727844537924,69.1106546708831,754.2707068677543,823.3813615386373,-33.26312690962513,33.26312690962513,1106.4356118058274,-37.09281241205406,140.25724535232993,-44.86668901688071,44.86668901688071,2013.0197833374843
space3_time1,2020-02-07 15:00:00,67.25,108.5,3,1,303.1590270996094,125.28230399164494,133.0364800325458,0.9417139115601684,0.009837951161869958,0.038434850217134595,0.048272801379004554,162.84962849434334,651.8003483546476,814.649976848991,177.87672310796444,177.87672310796444,31640.12862362745,170.12254706706358,140.25724535232993,162.90178174727944,162.90178174727944,26536.990496438266
space3_time1,2020-02-07 16:00:00,70.25,85.5,3,1,94.73719787597656,132.59813072102284,132.29005762123344,1.002328769866224,0.003803354223598652,0.03650929390379348,0.04031264812739213,69.7549912896173,683.2656468188354,753.0206381084527,-37.86093284504628,37.86093284504628,1433.450235897104,-37.55285974525688,140.25724535232993,-45.52004747635337,45.52004747635337,2072.0747222494647
space3_time1,2020-02-11 12:00:00,50.0,142.75,3,1,138.51231384277344,126.54810082978925,142.1977901137835,0.8899442159299967,0.00952741316180756,0.05637971250500446,0.06590712566681202,163.74945297069178,1001.6019056065752,1165.351358577267,11.964213012984189,11.964213012984189,143.1423930200602,-3.68547627101006,140.25724535232993,-1.7449315095564941,1.7449315095564941,3.0447859730431053
space3_time1,2020-02-11 12:00:00,54.25,143.25,3,1,130.6719970703125,118.34972527353678,128.48374927718945,0.9211260251925741,0.002911937977521615,0.05810337518687898,0.0610153131644006,43.41579074412948,893.2585840338584,936.6743747779879,12.322271796775723,12.322271796775723,151.83838223361442,2.188247793123054,140.25724535232993,-9.585248282017432,9.585248282017432,91.87698462791812
space3_time1,2020-02-11 12:00:00,67.25,146.5,3,1,116.29808044433594,120.02553351412463,130.61422159340918,0.9189315837884311,0.011316299738409629,0.071843473444904,0.08315977318331362,178.16696563324322,1179.3943874034344,1357.5613530366777,-3.7274530697886945,3.7274530697886945,13.893906387477163,-14.316141149073246,140.25724535232993,-23.959164907993994,23.959164907993994,574.0415830884508
space3_time1,2020-02-11 12:00:00,71.75,148.0,3,1,115.64471435546875,119.49161678018099,128.47787366689786,0.9300559961786462,0.0033777526292909734,0.07765761671305266,0.08103536934234364,52.38773299221385,1254.559741080287,1306.9474740725009,-3.8469024247122405,3.8469024247122405,14.798658265256915,-12.833159311429114,140.25724535232993,-24.61253099686118,24.61253099686118,605.7766820714525
space3_time1,2020-02-12 12:00:00,65.25,143.25,3,1,141.12576293945312,124.79700722632995,135.16800942287705,0.9232732490414867,0.005473629425678263,0.06645955556205721,0.07193318498773547,91.85716630171085,1156.3639884553465,1248.2211547570573,16.328755713123172,16.328755713123172,266.6282631388526,5.957753516576076,140.25724535232993,0.8685175871231934,0.8685175871231934,0.7543227991422938
space3_time1,2020-02-12 12:00:00,69.75,144.5,3,1,111.07119750976562,122.7932461258097,133.26831943010583,0.9213986238508101,0.004777077135883403,0.0725245037273542,0.0773015808632376,78.00467052149023,1231.186105850399,1309.1907763718891,-11.722048616044077,11.722048616044077,137.40642375690086,-22.19712192034021,140.25724535232993,-29.186047842564307,29.186047842564307,851.8253886684527
space3_time1,2020-02-13 12:00:00,67.75,141.5,3,1,105.84431457519531,118.84481520213876,130.17524280418507,0.9129601961327626,0.004601147528442137,0.06737449827098613,0.07197564579942826,69.99786167258527,1062.735595804035,1132.7334574766203,-13.000500626943449,13.000500626943449,169.013016551157,-24.330928228989762,140.25724535232993,-34.41293077713462,34.41293077713462,1184.249804671859
space3_time1,2020-02-14 11:00:00,54.5,160.0,3,1,114.33799743652344,132.56572658806286,141.07154142017666,0.9397056646118331,0.003893331822695358,0.07866298099795488,0.08255631282065024,74.45320270248168,1568.089813687372,1642.5430163898536,-18.22772915153942,18.22772915153942,332.25011002188,-26.73354398365322,140.25724535232993,-25.919247915806494,25.919247915806494,671.8074125210393
space3_time1,2020-02-14 11:00:00,58.75,161.0,3,1,117.60479736328125,132.13813888974067,141.0577494300284,0.936766249452234,0.0038328653411551336,0.08070659246628323,0.08453945780743836,72.96717205940857,1603.2013468128084,1676.168518872217,-14.533341526459424,14.533341526459424,211.21801592470993,-23.452952066747144,140.25724535232993,-22.65244798904868,22.65244798904868,513.1333998965557
space3_time1,2020-02-14 14:00:00,59.75,112.75,3,1,139.81903076171875,120.17589323857308,136.17185498574142,0.8825310726005514,0.005089025116485198,0.02900827363749589,0.03409729875398109,76.24004027383063,442.0682241301678,518.3082644039985,19.64313752314567,19.64313752314567,385.8528517532134,3.647175775977331,140.25724535232993,-0.4382145906111816,0.4382145906111816,0.19203202742452552
space3_time1,2020-02-14 14:00:00,64.25,113.75,3,1,139.81903076171875,119.27192338401805,130.60086495359855,0.9132552332359704,0.009989376851401487,0.03664987573239232,0.046639252583793804,149.6376861892284,561.9855883790852,711.6232745683136,20.547107377700698,20.547107377700698,422.18362159076247,9.218165808120204,140.25724535232993,-0.4382145906111816,0.4382145906111816,0.19203202742452552
space3_time1,2020-02-14 14:00:00,68.5,115.0,3,1,116.29808044433594,127.67902229462852,136.62978832788394,0.9344889123902079,0.009458000005110956,0.04494018853036374,0.05439818853547469,163.57564337611512,798.7328764914819,962.3085198675969,-11.380941850292587,11.380941850292587,129.52583739974125,-20.331707883548006,140.25724535232993,-23.959164907993994,23.959164907993994,574.0415830884508
space3_time1,2020-02-15 11:00:00,52.5,157.0,3,1,156.1530303955078,131.3150599348389,141.6564774912495,0.9269965077520061,0.008952703655987548,0.07486970395270835,0.0838224076086959,168.6290510073487,1470.9099525251888,1639.5390035325374,24.837970460668913,24.837970460668913,616.9247766050615,14.496552904258323,140.25724535232993,15.89578504317788,15.89578504317788,252.67598213891762
space3_time1,2020-02-15 11:00:00,56.75,158.0,3,1,140.47239685058594,130.6398456664025,141.25976579607484,0.9248199225743905,0.004578769860881983,0.07691058831824986,0.08148935817913185,84.97382305398206,1487.0457169604606,1572.0195400144426,9.832551184183444,9.832551184183444,96.67906278958725,-0.7873689454889075,140.25724535232993,0.21515149825600588,0.21515149825600588,0.0462901672018041
space3_time1,2020-02-15 14:00:00,62.25,110.75,3,1,117.60479736328125,122.53198412967599,135.67417694558762,0.9031341622128854,0.010749326887779425,0.03160980564668875,0.04235913253446817,169.28279348650818,508.47257191242596,677.7553653989341,-4.92718676639474,4.92718676639474,24.27716943093546,-18.069379582306368,140.25724535232993,-22.65244798904868,22.65244798904868,513.1333998965557
space3_time1,2020-02-15 14:00:00,66.5,111.75,3,1,111.72455596923828,128.22810505828033,138.26834497228324,0.9273858386312824,0.008713622498403418,0.03936558684675645,0.04807920934515987,150.98688943203166,698.7537672721915,849.740656704223,-16.503549089042053,16.503549089042053,272.36713253442076,-26.543789003044964,140.25724535232993,-28.53268938309165,28.53268938309165,814.114363431991
space3_time1,2020-02-20 12:00:00,46.25,143.75,3,1,136.55223083496094,119.05300398700074,134.789800664554,0.8832493512122859,0.004167978040566298,0.05776803853278585,0.06193601657335215,62.981063226876174,900.4953908507166,963.4764540775927,17.499226847960202,17.499226847960202,306.22294027637116,1.7624301704069296,140.25724535232993,-3.705014517368994,3.705014517368994,13.727132573915
space3_time1,2020-02-21 12:00:00,54.0,142.5,3,1,152.88623046875,118.91188935872769,135.29443510698832,0.878911902508735,0.010487112068976167,0.05688094121792629,0.06736805328690246,159.45688635241078,894.6218211786783,1054.078707531089,33.97434111002231,33.97434111002231,1154.2558538601518,17.591795361761683,140.25724535232993,12.628985116420068,12.628985116420068,159.4912650707596
space3_time1,2020-02-21 12:00:00,67.0,144.75,3,1,107.15103912353516,128.6511904799977,134.94851896354365,0.953335327190607,0.006172771962710535,0.06994027302425959,0.07611304498697012,110.58708674551785,1301.8683507196577,1412.4554374651755,-21.50015135646254,21.50015135646254,462.2565083507979,-27.797479840008492,140.25724535232993,-33.106206228794775,33.106206228794775,1096.02089086349
space3_time1,2020-02-23 14:00:00,61.5,114.75,3,1,120.87159729003906,112.14166522597614,129.53196448135162,0.8657451129919428,0.010178460609550018,0.03274969598716364,0.04292815659671366,134.2986548409516,441.5054810256594,575.804135866611,8.729932064062922,8.729932064062922,76.2117138431539,-8.66036719131256,140.25724535232993,-19.38564806229087,19.38564806229087,375.80335079500173
space3_time1,2020-02-23 14:00:00,66.0,115.25,3,1,79.70991516113281,117.0377375386097,128.8932492811145,0.9080206930259932,0.010187431257629402,0.04094084837485896,0.05112827963248836,147.61663707718623,608.6368892742107,756.2535263513969,-37.32782237747689,37.32782237747689,1393.3663234444646,-49.18333411998168,140.25724535232993,-60.54733019119712,60.54733019119712,3665.9791932818503
space3_time1,2020-02-24 11:00:00,54.0,159.25,3,1,143.73919677734375,127.82312066802031,138.07869446491492,0.9257266022347821,0.0034286445758971444,0.07774764800697327,0.08117629258287042,60.86119127862272,1437.6117498835576,1498.4729411621804,15.916076109323441,15.916076109323441,253.32147871777642,5.660502312428832,140.25724535232993,3.4819514250138184,3.4819514250138184,12.12398572615576
space3_time1,2020-02-24 14:00:00,59.75,111.75,3,1,146.35263061523438,118.29989257284537,138.04975790428156,0.8569366174105862,0.0031449216921964973,0.027997405081501555,0.03114232677369805,45.4764512588647,411.21693121590334,456.69338247476804,28.05273804238901,28.05273804238901,786.9561116748996,8.302872710952812,140.25724535232993,6.095385262904443,6.095385262904443,37.15372150323267
space3_time1,2020-02-24 14:00:00,64.0,112.5,3,1,114.33799743652344,120.78266457410643,134.82346989883962,0.8958578551993338,0.010150892845081331,0.03567362896125245,0.045824521806333784,155.81917328277936,560.3195501323885,716.1387234151679,-6.4446671375829965,6.4446671375829965,41.53373451424221,-20.48547246231618,140.25724535232993,-25.919247915806494,25.919247915806494,671.8074125210393
space3_time1,2020-02-25 11:00:00,53.75,156.0,3,1,133.9387969970703,126.19302504064268,137.9562582356199,0.9147321524559876,0.010332330677161486,0.07403518748381538,0.08436751816097686,179.9512699192226,1345.2785656192996,1525.2298355385221,7.745771956427632,7.745771956427632,59.99698320098074,-4.0174612385496005,140.25724535232993,-6.318448355259619,6.318448355259619,39.92278961808299
space3_time3,2020-11-04 14:00:00,66.75,108.75,3,3,122.17831420898438,141.7818353160514,135.1271146627639,1.0492478557682194,0.002870988055200152,0.07177816176183072,0.07464914981703087,62.275305030063144,1616.515018622834,1678.7903236528973,-19.603521107067024,19.603521107067024,384.29803979522234,-12.948800453779512,138.2674878088394,-16.08917359985503,16.08917359985503,258.8615071262721
space3_time3,2020-11-14 14:00:00,64.0,108.75,3,3,103.88423919677734,139.47249253169605,130.89935182280146,1.0654941417930017,0.005094585497805873,0.07277835142209928,0.07787293691990516,107.40203525544106,1595.5526376465075,1702.9546729019485,-35.588253334918704,35.588253334918704,1266.5237754303523,-27.01511262602412,138.2674878088394,-34.38324861206206,34.38324861206206,1182.2077851188676
space3_time3,2020-11-15 14:00:00,65.75,107.0,3,3,118.91151428222656,143.10134899182634,134.9644378572788,1.0602892974159024,0.002921334471207497,0.07354506172134322,0.07646639619255072,64.6713887397234,1691.946418473355,1756.6178072130783,-24.18983470959978,24.18983470959978,585.1481032777582,-16.052923575052233,138.2674878088394,-19.355973526612843,19.355973526612843,374.6537111629372
space3_time3,2020-11-15 14:00:00,74.25,110.75,3,3,124.79175567626953,129.44841515074836,124.90262154164104,1.0363947013521395,0.003120898505113277,0.07707822254766387,0.08019912105277716,56.75198117258007,1459.336403521338,1516.0883846939182,-4.656659474478829,4.656659474478829,21.684477461253444,-0.11086586537150822,138.2674878088394,-13.475732132569874,13.475732132569874,181.5953565087762
space3_time3,2020-11-17 16:00:00,71.75,80.75,3,3,143.08583068847656,139.0965940480517,135.4686727333109,1.0267805186360897,0.002644514108786768,0.0747227698859428,0.07736728399472957,55.35456473372674,1626.153400947144,1681.5079656808707,3.989236640424849,3.989236640424849,15.914008973308137,7.617157955165652,138.2674878088394,4.818342879637157,4.818342879637157,23.216428105750094
space3_time3,2020-11-25 14:00:00,67.0,108.25,3,3,147.00599670410156,143.53114568546158,135.71256903725913,1.0576112935129536,0.0029399624049789856,0.07617855136234702,0.07911851376732601,65.64979508916326,1770.1477813879194,1835.7975764770827,3.4748510186399812,3.4748510186399812,12.074589601743316,11.293427666842433,138.2674878088394,8.738508895262157,8.738508895262157,76.36153771257585
space3_time3,2020-12-01 17:00:00,79.5,78.25,3,3,105.84431457519531,128.6432839387039,126.16004259302221,1.0196832633743822,0.00362657382602975,0.07865343319884574,0.08228000702487549,65.28181949408948,1475.6793173926878,1540.9611368867772,-22.798969363508576,22.798969363508576,519.7930040382026,-20.3157280178269,138.2674878088394,-32.42317323364409,32.42317323364409,1051.2621625388947
space3_time3,2020-12-01 23:00:00,77.25,-20.75,3,3,112.37791442871094,122.38534285541355,122.23440837101836,1.0012347953935943,0.003385549459968517,0.07255010429074546,0.07593565375071398,54.802678596618335,1220.0985666620825,1274.9012452587008,-10.007428426702617,10.007428426702617,100.14862371557562,-9.856493942307424,138.2674878088394,-25.889573380128468,25.889573380128468,670.2700098050566
space3_time3,2020-12-02 23:00:00,79.0,-21.5,3,3,128.7119140625,124.01078354408547,123.19743243918174,1.0066020134413536,0.002865922644288776,0.07321762519567367,0.07608354783996245,47.62648253957123,1264.2060640463628,1311.832546585934,4.70113051841453,4.70113051841453,22.10062815116847,5.514481623318261,138.2674878088394,-9.555573746339405,9.555573746339405,91.3089896217309
space3_time3,2020-12-06 14:00:00,69.25,107.25,3,3,124.79175567626953,135.81590321260032,130.30618236313413,1.042282881361007,0.0029487178852811223,0.07825250676283949,0.0812012246481206,59.07995874435862,1633.2342720460365,1692.3142307903952,-11.024147536330787,11.024147536330787,121.53182890278816,-5.514426686864596,138.2674878088394,-13.475732132569874,13.475732132569874,181.5953565087762
space3_time3,2020-12-08 16:00:00,75.25,81.75,3,3,135.8988800048828,125.06288379865664,121.50440272312846,1.0292868488365554,0.0027674085847013996,0.07856242804209451,0.08132983662679591,47.01672064097107,1390.484141603703,1437.500862244674,10.83599620622617,10.83599620622617,117.41881378134795,14.394477281754348,138.2674878088394,-2.3686078039565928,2.3686078039565928,5.610302928964073
space3_time3,2020-12-12 23:00:00,79.5,-20.75,3,3,122.83168029785156,125.92092464434641,119.96243437020536,1.049669634543703,0.003985617764733686,0.07456162750990405,0.07854724527463774,68.49673057551446,1333.0492738091857,1401.5460043847002,-3.0892443464948514,3.0892443464948514,9.5434306323504,2.8692459276462046,138.2674878088394,-15.435807510987843,15.435807510987843,238.2641535162687
space3_time3,2020-12-15 14:00:00,68.25,109.25,3,3,129.3652801513672,134.87862705884962,130.74469346681968,1.03161836616397,0.005075913994360831,0.07914049417477761,0.08421640816913845,100.71123840055606,1638.1839418924592,1738.8951802930153,-5.513346907482429,5.513346907482429,30.396994122246063,-1.3794133154524957,138.2674878088394,-8.902207657472218,8.902207657472218,79.24930117675699
space3_time3,2020-12-18 16:00:00,71.5,79.25,3,3,109.11111450195312,129.3509953699069,125.53659016184055,1.0303848081515432,0.0033349695421679947,0.07889995857564955,0.08223492811781755,60.683410125309784,1496.3197590222342,1557.003169147544,-20.239880867953786,20.239880867953786,409.6527775489617,-16.425475659887425,138.2674878088394,-29.15637330688628,29.15637330688628,850.0941044105108
space3_time3,2020-12-18 16:00:00,75.75,82.0,3,3,127.40519714355469,118.95473025872272,116.19152223485382,1.0237814943011396,0.0023590057327750116,0.0792332890018337,0.08159229473460872,36.26100736169095,1268.9648441297386,1305.2258514914295,8.450466884831968,8.450466884831968,71.41039057164171,11.213674908700867,138.2674878088394,-10.862290665284718,10.862290665284718,117.98935849713152
space3_time3,2020-12-28 16:00:00,76.0,81.25,3,3,131.9787139892578,115.27457880617854,115.356838340104,0.9992869123746012,0.0034658253127809444,0.07950114980787618,0.08296697512065712,50.12549433467815,1198.82449352732,1248.9499878619984,16.704135183079273,16.704135183079273,279.02813221458683,16.621875649153807,138.2674878088394,-6.288773819581593,6.288773819581593,39.548676153854856
space3_time3,2020-12-31 16:00:00,80.75,77.75,3,3,150.27279663085938,126.06968519196272,126.05717805715997,1.000099217950104,0.003401786318333635,0.07775876527838017,0.08116055159671381,58.73741701682645,1398.5891632900027,1457.326580306829,24.203111438896656,24.203111438896656,585.7906033236501,24.215618573699402,138.2674878088394,12.00530882201997,12.00530882201997,144.1274399120705
