fold_id,hour,latitude,longitude,space_fold,time_fold,observed,predicted,residual,abs_error,squared_error,baseline_predicted,baseline_residual,baseline_abs_error,baseline_squared_error
space0_time0,2020-12-01 02:00:00,47.5,-78.5,0,0,164.64671325683594,139.9671234477837,24.67958980905223,24.67958980905223,609.0821531430747,126.17057221182462,38.47614104501132,38.47614104501132,1480.4134297156047
space0_time0,2020-12-01 02:00:00,43.5,-79.25,0,0,155.4996795654297,144.33865733277392,11.161022232655768,11.161022232655768,124.56841727783633,126.17057221182462,29.329107353605067,29.329107353605067,860.1965381592909
space0_time0,2020-12-01 02:00:00,39.5,-80.25,0,0,183.5941619873047,144.86199912531382,38.73216286199087,38.73216286199087,1500.1804399677849,126.17057221182462,57.42358977548007,57.42358977548007,3297.468662702619
space0_time0,2020-12-01 02:00:00,35.25,-81.0,0,0,203.8483123779297,160.35983103790232,43.48848134002736,43.48848134002736,1891.2480092619082,126.17057221182462,77.67774016610507,77.67774016610507,6033.831317312933
space0_time0,2020-12-01 02:00:00,31.25,-81.75,0,0,201.8882293701172,163.9254910807457,37.96273828937149,37.96273828937149,1441.169498427312,126.17057221182462,75.71765715829257,75.71765715829257,5733.163605540733
space0_time0,2020-12-01 02:00:00,27.25,-82.75,0,0,214.3020782470703,175.72515364937712,38.57692459769319,38.57692459769319,1488.179111416106,126.17057221182462,88.13150603524569,88.13150603524569,7767.162356040548
space0_time0,2020-12-01 02:00:00,23.0,-83.5,0,0,202.54159545898438,143.44936359689365,59.09223186209073,59.09223186209073,3491.8918664430907,126.17057221182462,76.37102324715975,76.37102324715975,5832.5331918182155
space0_time0,2020-12-01 02:00:00,19.0,-84.25,0,0,232.59616088867188,128.00207516289342,104.59408572577846,104.59408572577846,10939.922768811493,126.17057221182462,106.42558867684725,106.42558867684725,11326.40592521348
space0_time0,2020-12-01 02:00:00,15.0,-85.25,0,0,246.97007751464844,111.91458627144515,135.05549124320328,135.05549124320328,18239.98571494296,126.17057221182462,120.79950530282382,120.79950530282382,14592.52048140696
space0_time0,2020-12-01 02:00:00,10.75,-86.0,0,0,145.69927978515625,116.02868527558421,29.67059450957204,29.67059450957204,880.3441785514466,126.17057221182462,19.52870757333163,19.52870757333163,381.37041948470016
space0_time0,2020-12-01 02:00:00,6.75,-87.0,0,0,165.95343017578125,109.2214953932926,56.73193478248865,56.73193478248865,3218.512424164546,126.17057221182462,39.78285796395663,39.78285796395663,1582.6757877803475
space0_time0,2020-12-01 02:00:00,2.75,-88.0,0,0,213.64871215820312,135.28921730690263,78.3594948513005,78.3594948513005,6140.210433350989,126.17057221182462,87.4781399463785,87.4781399463785,7652.424968478183
space0_time0,2020-12-01 02:00:00,-1.5,-88.75,0,0,222.14239501953125,109.07036561927677,113.07202940025448,113.07202940025448,12785.283832692014,126.17057221182462,95.97182280770663,95.97182280770663,9210.590773033839
space0_time0,2020-12-01 02:00:00,-5.75,-90.0,0,0,225.40919494628906,153.81415057047136,71.59504437581771,71.59504437581771,5125.850379175306,126.17057221182462,99.23862273446444,99.23862273446444,9848.304242233364
space0_time0,2020-12-01 02:00:00,-10.0,-91.0,0,0,203.19496154785156,159.9824342456071,43.21252730224447,43.21252730224447,1867.3225158472235,126.17057221182462,77.02438933602694,77.02438933602694,5932.756552587861
space0_time0,2020-12-01 03:00:00,-14.25,-92.5,0,0,209.0751953125,156.51521761571362,52.559977696786376,52.559977696786376,2762.5512554866814,126.17057221182462,82.90462310067538,82.90462310067538,6873.176531465037
space0_time0,2020-12-01 20:00:00,39.0,14.0,0,0,166.60679626464844,173.8835940011654,-7.276797736516954,7.276797736516954,52.95178529817827,126.17057221182462,40.43622405282382,40.43622405282382,1635.0882156501675
space0_time0,2020-12-01 20:00:00,34.75,13.0,0,0,154.8463134765625,176.01752563253385,-21.171212155971347,21.171212155971347,448.22022415314893,126.17057221182462,28.67574126473788,28.67574126473788,822.2981370821908
space0_time0,2020-12-01 20:00:00,30.75,12.25,0,0,148.96607971191406,171.83014319929273,-22.864063487378672,22.864063487378672,522.7653991548826,126.17057221182462,22.795507500089442,22.795507500089442,519.635162186634
space0_time0,2020-12-01 20:00:00,26.75,11.5,0,0,184.90087890625,159.39765887947215,25.503220026777853,25.503220026777853,650.414231734243,126.17057221182462,58.73030669442538,58.73030669442538,3449.2489244212666
space0_time0,2020-12-01 20:00:00,22.75,10.5,0,0,177.7139129638672,142.68043476260047,35.03347820126672,35.03347820126672,1227.3445948786302,126.17057221182462,51.54334075204257,51.54334075204257,2656.715975881172
space0_time0,2020-12-01 20:00:00,18.5,9.75,0,0,128.7119140625,149.05208353431868,-20.340169471818683,20.340169471818683,413.72249414230475,126.17057221182462,2.54134185067538,2.54134185067538,6.458418401994165
space0_time0,2020-12-01 20:00:00,14.5,8.75,0,0,91.47039794921875,140.40953433668295,-48.9391363874642,48.9391363874642,2395.039070350823,126.17057221182462,-34.70017426260587,34.70017426260587,1204.102093855215
space0_time0,2020-12-01 20:00:00,10.5,8.0,0,0,98.00399780273438,154.8144212472317,-56.81042344449733,56.81042344449733,3227.424211943092,126.17057221182462,-28.166574409090245,28.166574409090245,793.3559139428174
space0_time0,2020-12-01 20:00:00,6.25,7.25,0,0,97.35063934326172,125.44978359424334,-28.099144250981624,28.099144250981624,789.5619076374736,126.17057221182462,-28.8199328685629,28.8199328685629,830.5885305484722
space0_time0,2020-12-01 20:00:00,2.25,6.25,0,0,71.21623992919922,109.7012453677547,-38.485005438555476,38.485005438555476,1481.0956436056445,126.17057221182462,-54.9543322826254,54.9543322826254,3019.978636629204
space0_time0,2020-12-01 20:00:00,-2.0,5.25,0,0,23.520959854125977,112.19636992495205,-88.67541007082608,88.67541007082608,7863.328351229163,126.17057221182462,-102.64961235769864,102.64961235769864,10536.942917185797
space0_time0,2020-12-01 20:00:00,-6.25,4.0,0,0,16.98736000061035,108.18081479690397,-91.19345479629362,91.19345479629362,8316.246197683648,126.17057221182462,-109.18321221121427,109.18321221121427,11920.973828759048
space0_time0,2020-12-01 20:00:00,-10.5,3.0,0,0,26.1343994140625,133.4548053754165,-107.320405961354,107.320405961354,11517.669535709827,126.17057221182462,-100.03617279776212,100.03617279776212,10007.235868023721
space0_time0,2020-12-01 20:00:00,-15.0,1.75,0,0,43.77511978149414,150.6694737921816,-106.89435401068747,106.89435401068747,11426.402919362175,126.17057221182462,-82.39545243033048,82.39545243033048,6789.010581198853
space0_time0,2020-12-01 22:00:00,49.5,-7.75,0,0,184.90087890625,162.7797982093915,22.121080696858513,22.121080696858513,489.3422111969263,126.17057221182462,58.73030669442538,58.73030669442538,3449.2489244212666
space0_time0,2020-12-01 22:00:00,45.5,-8.5,0,0,178.36727905273438,163.6505894737579,14.716689578976485,14.716689578976485,216.58095216395506,126.17057221182462,52.196706840909755,52.196706840909755,2724.4962050358754
space0_time0,2020-12-01 22:00:00,41.5,-9.5,0,0,149.6194305419922,174.79210063141326,-25.172670089421075,25.172670089421075,633.6633194308345,126.17057221182462,23.448858330167567,23.448858330167567,549.8489569882689
space0_time0,2020-12-01 22:00:00,37.25,-10.5,0,0,147.65936279296875,166.88008289061736,-19.22072009764861,19.22072009764861,369.4360810721532,126.17057221182462,21.48879058114413,21.48879058114413,461.76812064026865
space0_time0,2020-12-01 22:00:00,33.25,-11.5,0,0,196.66136169433594,159.11745659662614,37.543905097709796,37.543905097709796,1409.5448099858397,126.17057221182462,70.49078948251132,70.49078948251132,4968.951401867728
space0_time0,2020-12-01 22:00:00,29.25,-12.25,0,0,147.65936279296875,172.0966163570111,-24.43725356404235,24.43725356404235,597.1793617533006,126.17057221182462,21.48879058114413,21.48879058114413,461.76812064026865
space0_time0,2020-12-01 22:00:00,25.25,-13.0,0,0,165.95343017578125,167.1382417587774,-1.1848115829961614,1.1848115829961614,1.40377848720187,126.17057221182462,39.78285796395663,39.78285796395663,1582.6757877803475
space0_time0,2020-12-01 22:00:00,21.0,-13.75,0,0,203.19496154785156,136.43998822826603,66.75497331958553,66.75497331958553,4456.226462898576,126.17057221182462,77.02438933602694,77.02438933602694,5932.756552587861
space0_time0,2020-12-01 22:00:00,17.0,-14.75,0,0,156.806396484375,149.22577152671388,7.580624957661115,7.580624957661115,57.46587474871458,126.17057221182462,30.63582427255038,30.63582427255038,938.553728858587
space0_time0,2020-12-01 22:00:00,13.0,-15.5,0,0,154.19296264648438,151.39164722574304,2.801315420741332,2.801315420741332,7.847368086483187,126.17057221182462,28.022390434659755,28.022390434659755,785.2543656725105
space0_time0,2020-12-01 22:00:00,8.75,-16.5,0,0,184.90087890625,93.35069877126448,91.55018013498552,91.55018013498552,8381.435482748298,126.17057221182462,58.73030669442538,58.73030669442538,3449.2489244212666
space0_time0,2020-12-01 22:00:00,4.75,-17.25,0,0,138.51231384277344,105.91183446582355,32.60047937694989,32.60047937694989,1062.7912556069352,126.17057221182462,12.341741630948817,12.341741630948817,152.31858648509518
space0_time0,2020-12-01 22:00:00,0.5,-18.25,0,0,148.96607971191406,112.28656556613106,36.679514145783,36.679514145783,1345.3867579706955,126.17057221182462,22.795507500089442,22.795507500089442,519.635162186634
space0_time0,2020-12-01 22:00:00,-3.5,-19.25,0,0,180.980712890625,118.30632518240078,62.67438770822422,62.67438770822422,3928.0788746008066,126.17057221182462,54.81014067880038,54.81014067880038,3004.151521229888
space0_time0,2020-12-01 22:00:00,-7.75,-20.25,0,0,177.7139129638672,118.27189746729172,59.442015496575465,59.442015496575465,3533.3532062951176,126.17057221182462,51.54334075204257,51.54334075204257,2656.715975881172
space0_time0,2020-12-01 22:00:00,-12.25,-21.5,0,0,194.70127868652344,150.739080594234,43.96219809228944,43.96219809228944,1932.6748611056973,126.17057221182462,68.53070647469882,68.53070647469882,4696.457729921326
space0_time0,2020-12-01 22:00:00,-16.5,-23.0,0,0,158.1131134033203,155.43247387011212,2.6806395332081934,2.6806395332081934,7.185828306998641,126.17057221182462,31.942541191495692,31.942541191495692,1020.325937770399
space0_time1,2020-12-01 23:00:00,52.25,-31.5,0,1,163.9933624267578,154.22817062616454,9.765191800593271,9.765191800593271,95.35897090237405,126.25077273943246,37.74258968732535,37.74258968732535,1424.5030763057978
space0_time1,2020-12-01 23:00:00,48.0,-32.25,0,1,150.27279663085938,158.00970087694813,-7.736904246088756,7.736904246088756,59.85968731314622,126.25077273943246,24.02202389142691,24.02202389142691,577.0576318402854
space0_time1,2020-12-01 23:00:00,44.0,-33.25,0,1,179.6739959716797,164.58163060933794,15.092365362341752,15.092365362341752,227.7794922304131,126.25077273943246,53.423223232247224,53.423223232247224,2854.0407805225195
space0_time1,2020-12-01 23:00:00,40.0,-34.0,0,1,197.96807861328125,163.44966174506922,34.51841686821203,34.51841686821203,1191.5211030876646,126.25077273943246,71.71730587384879,71.71730587384879,5143.3719618031855
space0_time1,2020-12-01 23:00:00,35.75,-35.0,0,1,234.5562286376953,166.5034252161601,68.0528034215352,68.0528034215352,4631.1840535301135,126.25077273943246,108.30545589826285,108.30545589826285,11730.071777330559
space0_time1,2020-12-01 23:00:00,31.75,-35.75,0,1,223.44911193847656,156.57202582002213,66.87708611845443,66.87708611845443,4472.54464769517,126.25077273943246,97.1983391990441,97.1983391990441,9447.517143052433
space0_time1,2020-12-01 23:00:00,27.75,-36.75,0,1,216.2621612548828,159.97517681262943,56.286984442253384,56.286984442253384,3168.2246176024746,126.25077273943246,90.01138851545035,90.01138851545035,8102.050062479347
space0_time1,2020-12-01 23:00:00,23.75,-37.75,0,1,239.1297607421875,163.65046255422467,75.47929818796283,75.47929818796283,5697.124454947409,126.25077273943246,112.87898800275504,112.87898800275504,12741.665932526115
space0_time1,2020-12-01 23:00:00,19.5,-38.5,0,1,232.59616088867188,169.48005605258888,63.116104836083,63.116104836083,3983.6426896794196,126.25077273943246,106.34538814923941,106.34538814923941,11309.34158061239
space0_time1,2020-12-01 23:00:00,15.5,-39.25,0,1,227.36927795410156,163.91373267506336,63.455545279038205,63.455545279038205,4026.606226660068,126.25077273943246,101.1185052146691,101.1185052146691,10224.952096849061
space0_time1,2020-12-01 23:00:00,11.5,-40.0,0,1,193.39456176757812,129.7737993962425,63.620762371335616,63.620762371335616,4047.601404709954,126.25077273943246,67.14378902814566,67.14378902814566,4508.288405056133
space0_time1,2020-12-01 23:00:00,7.25,-41.0,0,1,162.0332794189453,85.41022610554508,76.62305331340023,76.62305331340023,5871.092299068175,126.25077273943246,35.78250667951285,35.78250667951285,1280.3877842693817
space0_time1,2020-12-01 23:00:00,3.25,-41.75,0,1,148.96607971191406,108.02207005949985,40.94400965241421,40.94400965241421,1676.4119264169879,126.25077273943246,22.7153069724816,22.7153069724816,515.9851708540712
space0_time1,2020-12-01 23:00:00,-1.0,-42.75,0,1,194.70127868652344,81.18877709518905,113.51250159133438,113.51250159133438,12885.08801752269,126.25077273943246,68.45050594709097,68.45050594709097,4685.471764412737
space0_time1,2020-12-01 23:00:00,-5.25,-43.75,0,1,251.54359436035156,74.1199916394719,177.42360272087967,177.42360272087967,31479.13480245654,126.25077273943246,125.2928216209191,125.2928216209191,15698.291149731453
space0_time1,2020-12-01 23:00:00,-9.5,-45.0,0,1,234.5562286376953,69.8669987025364,164.6892299351589,164.6892299351589,27122.542456635634,126.25077273943246,108.30545589826285,108.30545589826285,11730.071777330559
space0_time1,2020-12-01 23:00:00,-13.75,-46.25,0,1,220.18231201171875,86.24061427987067,133.94169773184808,133.94169773184808,17940.378391289756,126.25077273943246,93.93153927228629,93.93153927228629,8823.134070061062
space0_time1,2020-12-02 01:00:00,54.5,-55.0,0,1,139.81903076171875,150.83150915741265,-11.012478395693904,11.012478395693904,121.27468041562499,126.25077273943246,13.568258022286287,13.568258022286287,184.09762575933618
space0_time1,2020-12-02 01:00:00,50.5,-55.75,0,1,130.6719970703125,154.32411366535814,-23.65211659504564,23.65211659504564,559.4226194256333,126.25077273943246,4.421224330880037,4.421224330880037,19.54722458396563
space0_time1,2020-12-02 01:00:00,46.5,-56.75,0,1,130.0186309814453,156.3840034971692,-26.36537251572389,26.36537251572389,695.1328678928887,126.25077273943246,3.7678582420128492,3.7678582420128492,14.196755731904158
space0_time1,2020-12-02 01:00:00,42.5,-57.5,0,1,126.09848022460938,164.6419999823608,-38.543519757751426,38.543519757751426,1485.6029153161746,126.25077273943246,-0.15229251482308825,0.15229251482308825,0.023193010071140555
space0_time1,2020-12-02 01:00:00,38.25,-58.75,0,1,182.9407958984375,151.48454539567007,31.456250502767432,31.456250502767432,989.4956956928563,126.25077273943246,56.69002315900504,56.69002315900504,3213.7587257685273
space0_time1,2020-12-02 01:00:00,34.25,-59.5,0,1,199.92816162109375,157.57203083315207,42.35613078794168,42.35613078794168,1794.041815325221,126.25077273943246,73.67738888166129,73.67738888166129,5428.3576324195465
space0_time1,2020-12-02 01:00:00,30.25,-60.25,0,1,212.995361328125,149.15781851403167,63.837542814093325,63.837542814093325,4075.2318725411983,126.25077273943246,86.74458858869254,86.74458858869254,7524.623649421527
space0_time1,2020-12-02 01:00:00,26.25,-61.0,0,1,206.46176147460938,145.73257628767007,60.729185186939304,60.729185186939304,3688.033933469568,126.25077273943246,80.21098873517691,80.21098873517691,6433.8027138746775
space0_time1,2020-12-02 01:00:00,22.25,-62.0,0,1,209.7285614013672,160.61037718287733,49.11818421848986,49.11818421848986,2412.5960209215064,126.25077273943246,83.47778866193472,83.47778866193472,6968.5411998866375
space0_time1,2020-12-02 01:00:00,18.0,-62.75,0,1,197.96807861328125,148.8767879303027,49.09129068297855,49.09129068297855,2409.954820920697,126.25077273943246,71.71730587384879,71.71730587384879,5143.3719618031855
space0_time1,2020-12-02 01:00:00,14.0,-63.75,0,1,155.4996795654297,140.06327392225938,15.436405643170303,15.436405643170303,238.28261918049998,126.25077273943246,29.248906825997224,29.248906825997224,855.498550515867
space0_time1,2020-12-02 01:00:00,10.0,-64.5,0,1,74.48303985595703,65.84024914058001,8.642790715377018,8.642790715377018,74.69783134980719,126.25077273943246,-51.76773288347543,51.76773288347543,2679.8981678948635
space0_time1,2020-12-02 01:00:00,5.75,-65.5,0,1,45.08184051513672,64.63938395473828,-19.55754343960156,19.55754343960156,382.497505391902,126.25077273943246,-81.16893222429574,81.16893222429574,6588.395558432316
space0_time1,2020-12-02 01:00:00,1.75,-66.5,0,1,5.226880073547363,50.69884372165173,-45.471963648104364,45.471963648104364,2067.6994780145246,126.25077273943246,-121.0238926658851,121.0238926658851,14646.782596003677
space0_time1,2020-12-02 01:00:00,-2.5,-67.25,0,1,0.6533600091934204,41.00295213124256,-40.34959212204914,40.34959212204914,1628.0895844157299,126.25077273943246,-125.59741273023904,125.59741273023904,15774.710084530012
space0_time1,2020-12-02 01:00:00,-6.75,-68.5,0,1,22.867599487304688,37.07484267660105,-14.207243189296364,14.207243189296364,201.84575903980792,126.25077273943246,-103.38317325212778,103.38317325212778,10688.080511679467
space0_time1,2020-12-02 01:00:00,-11.25,-69.75,0,1,-22.867599487304688,62.32319985063508,-85.19079933793977,85.19079933793977,7257.472291837118,126.25077273943246,-149.11837222673716,149.11837222673716,22236.288935551736
space0_time1,2020-12-02 01:00:00,-15.5,-71.0,0,1,-8.493680000305176,118.44270166795467,-126.93638166825984,126.93638166825984,16112.844991030133,126.25077273943246,-134.74445273973765,134.74445273973765,18156.067544131394
space0_time1,2020-12-02 02:00:00,49.0,-80.5,0,1,180.980712890625,142.49479359893493,38.48591929169007,38.48591929169007,1481.1659837264817,126.25077273943246,54.72994015119254,54.72994015119254,2995.366348953117
space0_time1,2020-12-02 02:00:00,45.0,-81.25,0,1,181.6340789794922,144.91399337482244,36.72008560466975,36.72008560466975,1348.3646868142744,126.25077273943246,55.383306240059724,55.383306240059724,3067.3106100802383
space0_time1,2020-12-02 02:00:00,40.75,-82.0,0,1,179.6739959716797,147.08739588253957,32.58660008914012,32.58660008914012,1061.886505369547,126.25077273943246,53.423223232247224,53.423223232247224,2854.0407805225195
space0_time1,2020-12-02 02:00:00,36.75,-83.0,0,1,180.32736206054688,153.63124067909374,26.69612138145314,26.69612138145314,712.6828968132795,126.25077273943246,54.07658932111441,54.07658932111441,2924.2775126044653
space0_time1,2020-12-02 02:00:00,32.75,-84.0,0,1,180.980712890625,158.6212010146358,22.3595118759892,22.3595118759892,499.94777133250204,126.25077273943246,54.72994015119254,54.72994015119254,2995.366348953117
space0_time1,2020-12-02 02:00:00,28.75,-84.75,0,1,171.83367919921875,167.65477053670665,4.1789086625121,4.1789086625121,17.463277609618668,126.25077273943246,45.58290645978629,45.58290645978629,2077.8013613216262
space0_time1,2020-12-02 02:00:00,24.75,-85.5,0,1,210.3819122314453,170.57290981890506,39.80900241254025,39.80900241254025,1584.7566730816357,126.25077273943246,84.13113949201285,84.13113949201285,7078.048632224524
space0_time1,2020-12-02 03:00:00,20.75,-86.5,0,1,222.14239501953125,155.3883014965853,66.75409352294594,66.75409352294594,4456.109002070212,126.25077273943246,95.89162228009879,95.89162228009879,9195.203223509137
space0_time1,2020-12-02 03:00:00,16.5,-87.25,0,1,210.3819122314453,147.38905920122863,62.99285303021668,62.99285303021668,3968.0995328864788,126.25077273943246,84.13113949201285,84.13113949201285,7078.048632224524
space0_time1,2020-12-02 03:00:00,12.5,-88.0,0,1,194.04791259765625,111.26807586309987,82.77983673455638,82.77983673455638,6852.50136979981,126.25077273943246,67.79713985822379,67.79713985822379,4596.452172955556
space0_time1,2020-12-02 03:00:00,8.25,-89.0,0,1,227.36927795410156,105.44456614876684,121.92471180533472,121.92471180533472,14865.635348813928,126.25077273943246,101.1185052146691,101.1185052146691,10224.952096849061
space0_time1,2020-12-02 03:00:00,4.25,-90.0,0,1,203.8483123779297,110.26326029913271,93.58505207879698,93.58505207879698,8758.161972591142,126.25077273943246,77.59753963849722,77.59753963849722,6021.378157948148
space0_time1,2020-12-02 03:00:00,0.0,-91.0,0,1,186.2075958251953,107.49688572326076,78.71071010193455,78.71071010193455,6195.375884750782,126.25077273943246,59.95682308576285,59.95682308576285,3594.820634537465
space0_time1,2020-12-02 03:00:00,-4.0,-92.0,0,1,212.3419952392578,140.69782040818538,71.64417483107243,71.64417483107243,5132.887787225272,126.25077273943246,86.09122249982535,86.09122249982535,7411.698591514434
space0_time1,2020-12-02 03:00:00,-8.25,-93.0,0,1,199.27479553222656,138.4010569153512,60.87373861687536,60.87373861687536,3705.612053195662,126.25077273943246,73.0240227927941,73.0240227927941,5332.507904842512
space0_time1,2020-12-02 03:00:00,-12.75,-94.25,0,1,210.3819122314453,141.56021551836218,68.82169671308313,68.82169671308313,4736.425938467597,126.25077273943246,84.13113949201285,84.13113949201285,7078.048632224524
space0_time1,2020-12-02 03:00:00,-17.0,-95.5,0,1,185.55422973632812,141.7968722647998,43.75735747152834,43.75735747152834,1914.7063328911167,126.25077273943246,59.30345699689566,59.30345699689566,3516.900011782653
space0_time2,2020-12-02 20:00:00,39.75,11.25,0,2,97.35063934326172,153.56049083693128,-56.20985149366956,56.20985149366956,3159.547404940386,123.36751873245333,-26.016879389191615,26.016879389191615,676.8780131517435
space0_time2,2020-12-02 20:00:00,36.25,10.75,0,2,80.36328125,157.4559000340907,-77.09261878409069,77.09261878409069,5943.271870989132,123.36751873245333,-43.004237482453334,43.004237482453334,1849.3644414472442
space0_time2,2020-12-02 20:00:00,32.5,10.25,0,2,52.268798828125,148.95273284584124,-96.68393401771624,96.68393401771624,9347.783097142108,123.36751873245333,-71.09871990432833,71.09871990432833,5055.027972034134
space0_time2,2020-12-02 20:00:00,28.5,9.25,0,2,21.56087875366211,149.1001248946747,-127.5392461410126,127.5392461410126,16266.259306217797,123.36751873245333,-101.80663997879122,101.80663997879122,10364.591943771211
space0_time2,2020-12-02 20:00:00,24.5,8.25,0,2,8.493680000305176,124.58095469033444,-116.08727469002926,116.08727469002926,13476.255344958308,123.36751873245333,-114.87383873214816,114.87383873214816,13195.998825059582
space0_time2,2020-12-02 20:00:00,20.5,7.5,0,2,-19.600799560546875,129.64241704345764,-149.24321660400452,149.24321660400452,22273.537702309808,123.36751873245333,-142.9683182930002,142.9683182930002,20439.94003552862
space0_time2,2020-12-02 20:00:00,16.25,6.75,0,2,-22.2142391204834,105.65488177866301,-127.86912089914641,127.86912089914641,16350.51207952052,123.36751873245333,-145.58175785293673,145.58175785293673,21194.048219551107
space0_time2,2020-12-02 20:00:00,12.0,5.75,0,2,-10.453760147094727,96.48496081536771,-106.93872096246244,106.93872096246244,11435.890041087403,123.36751873245333,-133.82127887954806,133.82127887954806,17908.134680957777
space0_time2,2020-12-02 20:00:00,7.75,4.75,0,2,-13.720560073852539,99.45747328966364,-113.17803336351618,113.17803336351618,12809.267236033182,123.36751873245333,-137.08807880630587,137.08807880630587,18793.14135080393
space0_time2,2020-12-02 20:00:00,3.5,4.0,0,2,-9.147039413452148,121.96995883329691,-131.11699824674906,131.11699824674906,17191.667229237995,123.36751873245333,-132.51455814590548,132.51455814590548,17560.108120604564
space0_time2,2020-12-02 20:00:00,-0.5,3.0,0,2,-9.800399780273438,133.47862279280668,-143.2790225730801,143.2790225730801,20528.8783094972,123.36751873245333,-133.16791851272677,133.16791851272677,17733.694521012236
space0_time2,2020-12-02 20:00:00,-4.75,2.0,0,2,-6.533599853515625,115.67928481205428,-122.2128846655699,122.2128846655699,14935.989178279891,123.36751873245333,-129.90111858596896,129.90111858596896,16874.30060988597
space0_time2,2020-12-02 20:00:00,-9.0,1.0,0,2,-15.0272798538208,173.56215504237554,-188.58943489619634,188.58943489619634,35565.97495446668,123.36751873245333,-138.39479858627413,138.39479858627413,19153.120275735386
space0_time2,2020-12-02 20:00:00,-13.25,-0.25,0,2,-3.2667999267578125,162.1890965662022,-165.45589649296002,165.45589649296002,27375.6536842891,123.36751873245333,-126.63431865921115,126.63431865921115,16036.250662282633
space0_time2,2020-12-02 20:00:00,-17.5,-1.5,0,2,0.6533600091934204,161.92699269957944,-161.27363269038602,161.27363269038602,26009.18460115355,123.36751873245333,-122.71415872325991,122.71415872325991,15058.764751157427
space0_time2,2020-12-02 22:00:00,47.0,-10.75,0,2,114.9913558959961,166.5928588930025,-51.601502997006406,51.601502997006406,2662.715111550061,123.36751873245333,-8.37616283645724,8.37616283645724,70.16010386284741
space0_time2,2020-12-02 22:00:00,43.0,-11.75,0,2,183.5941619873047,172.83895219534853,10.755209791956162,10.755209791956162,115.6745376689897,123.36751873245333,60.22664325485135,60.22664325485135,3627.248557747132
space0_time2,2020-12-02 22:00:00,39.0,-12.5,0,2,182.2874298095703,171.25313690822304,11.034292901347271,11.034292901347271,121.75561983272279,123.36751873245333,58.91991107711698,58.91991107711698,3471.555921335372
space0_time2,2020-12-02 22:00:00,34.75,-13.5,0,2,169.87359619140625,141.7968850046822,28.076711186724054,28.076711186724054,788.3017110627156,123.36751873245333,46.506077458952916,46.506077458952916,2162.8152406181284
space0_time2,2020-12-02 22:00:00,30.75,-14.25,0,2,182.2874298095703,152.8563734190848,29.43105639048551,29.43105639048551,866.1870802599379,123.36751873245333,58.91991107711698,58.91991107711698,3471.555921335372
space0_time2,2020-12-02 22:00:00,26.75,-15.0,0,2,157.4597625732422,158.9861132576443,-1.5263506844021038,1.5263506844021038,2.3297464117747704,123.36751873245333,34.09224384078885,34.09224384078885,1162.2810900998056
space0_time2,2020-12-02 22:00:00,22.75,-16.0,0,2,185.55422973632812,165.02086918652384,20.533360549804286,20.533360549804286,421.618895468259,123.36751873245333,62.18671100387479,62.18671100387479,3867.187025479442
space0_time2,2020-12-02 22:00:00,18.5,-16.75,0,2,191.43447875976562,142.48578122364918,48.94869753611644,48.94869753611644,2395.974990482212,123.36751873245333,68.06696002731229,68.06696002731229,4633.111047359729
space0_time2,2020-12-02 22:00:00,14.5,-17.75,0,2,147.00599670410156,165.96583823650369,-18.959841532402123,18.959841532402123,359.4755909338005,123.36751873245333,23.63847797164823,23.63847797164823,558.7776408160986
space0_time2,2020-12-02 22:00:00,10.5,-18.5,0,2,156.806396484375,149.18004303053524,7.626353453839755,7.626353453839755,58.16126700289356,123.36751873245333,33.438877751921666,33.438877751921666,1118.1585453079617
space0_time2,2020-12-02 22:00:00,6.25,-19.25,0,2,148.31271362304688,143.82138740462182,4.491326218425058,4.491326218425058,20.172011200312337,123.36751873245333,24.94519489059354,24.94519489059354,622.2627481296942
space0_time2,2020-12-02 22:00:00,2.25,-20.25,0,2,194.04791259765625,157.4208359673463,36.62707663030994,36.62707663030994,1341.5427424825969,123.36751873245333,70.68039386520292,70.68039386520292,4995.718076940214
space0_time2,2020-12-02 22:00:00,-2.0,-21.25,0,2,196.00799560546875,149.24799479406914,46.76000081139961,46.76000081139961,2186.4976758820917,123.36751873245333,72.64047687301542,72.64047687301542,5276.638880339087
space0_time2,2020-12-02 22:00:00,-6.25,-22.5,0,2,160.7265625,150.58038030979563,10.146182190204371,10.146182190204371,102.94501303682037,123.36751873245333,37.359043767546666,37.359043767546666,1395.6981512254674
space0_time2,2020-12-02 22:00:00,-10.5,-23.75,0,2,149.6194305419922,177.3438928761941,-27.724462334201917,27.724462334201917,768.6458117205808,123.36751873245333,26.251911809538854,26.251911809538854,689.1628736558055
space0_time2,2020-12-02 22:00:00,-15.0,-25.0,0,2,141.77911376953125,156.1926347040482,-14.413520934516953,14.413520934516953,207.74958572975845,123.36751873245333,18.411595037077916,18.411595037077916,338.98683180935217
space0_time2,2020-12-02 23:00:00,53.75,-33.25,0,2,189.47439575195312,154.57066500715615,34.903730744796974,34.903730744796974,1218.2704199052855,123.36751873245333,66.10687701949979,66.10687701949979,4370.1191892712695
space0_time2,2020-12-02 23:00:00,49.5,-34.25,0,2,167.26016235351562,162.0763911594087,5.183771194106924,5.183771194106924,26.87148379285273,123.36751873245333,43.89264362106229,43.89264362106229,1926.5641640455801
space0_time2,2020-12-02 23:00:00,45.5,-35.25,0,2,207.1151123046875,168.43793572247077,38.67717658221673,38.67717658221673,1495.9239883719742,123.36751873245333,83.74759357223417,83.74759357223417,7013.659429140117
space0_time2,2020-12-02 23:00:00,41.5,-36.25,0,2,163.9933624267578,165.2324139563454,-1.2390515295875844,1.2390515295875844,1.5352486929733324,123.36751873245333,40.62584369430448,40.62584369430448,1650.459175874059
space0_time2,2020-12-02 23:00:00,37.5,-37.25,0,2,202.54159545898438,165.95351342987527,36.5880820291091,36.5880820291091,1338.6877465688165,123.36751873245333,79.17407672653104,79.17407672653104,6268.534425498624
space0_time2,2020-12-02 23:00:00,33.25,-37.75,0,2,212.3419952392578,169.65810687682705,42.683888362430764,42.683888362430764,1821.9143257364524,123.36751873245333,88.97447650680448,88.97447650680448,7916.457469659902
space0_time2,2020-12-02 23:00:00,29.25,-38.75,0,2,225.40919494628906,153.47907501346924,71.93011993281982,71.93011993281982,5173.942153549843,123.36751873245333,102.04167621383573,102.04167621383573,10412.503684529289
space0_time2,2020-12-02 23:00:00,25.25,-39.5,0,2,228.0226287841797,151.67768062350413,76.34494816067556,76.34494816067556,5828.551109656238,123.36751873245333,104.65511005172635,104.65511005172635,10952.692059938954
space0_time2,2020-12-02 23:00:00,21.25,-40.25,0,2,235.2095947265625,151.34187071127198,83.86772401529052,83.86772401529052,7033.795131504939,123.36751873245333,111.84207599410917,111.84207599410917,12508.64996267209
space0_time2,2020-12-02 23:00:00,17.0,-41.25,0,2,203.8483123779297,155.6449364056357,48.203375972294,48.203375972294,2323.56545512633,123.36751873245333,80.48079364547635,80.48079364547635,6477.158145805747
space0_time2,2020-12-02 23:00:00,13.0,-42.0,0,2,149.6194305419922,163.26740710080816,-13.64797655881597,13.64797655881597,186.26726414999018,123.36751873245333,26.251911809538854,26.251911809538854,689.1628736558055
space0_time2,2020-12-02 23:00:00,9.0,-43.0,0,2,169.87359619140625,141.4921003174726,28.38149587393366,28.38149587393366,805.5093080421133,123.36751873245333,46.506077458952916,46.506077458952916,2162.8152406181284
space0_time2,2020-12-03 20:00:00,42.0,9.75,0,2,135.24551391601562,170.91805545415096,-35.672541538135334,35.672541538135334,1272.530219789991,123.36751873245333,11.877995183562291,11.877995183562291,141.08676958072897
space0_time2,2020-12-03 20:00:00,38.0,9.0,0,2,111.07119750976562,169.02356916764836,-57.952371657882736,57.952371657882736,3358.4773807733704,123.36751873245333,-12.296321222687709,12.296321222687709,151.19951561152016
space0_time2,2020-12-03 20:00:00,34.25,8.0,0,2,98.65735626220703,164.49362438667467,-65.83626812446764,65.83626812446764,4334.414200556794,123.36751873245333,-24.710162470246303,24.710162470246303,610.5921293059689
space0_time2,2020-12-03 20:00:00,30.25,7.0,0,2,47.69527816772461,159.86050206557996,-112.16522389785536,112.16522389785536,12581.037452056022,123.36751873245333,-75.67224056472872,75.67224056472872,5726.287992086175
space0_time2,2020-12-03 20:00:00,26.0,6.25,0,2,2.6134400367736816,128.377986163995,-125.76454612722131,125.76454612722131,15816.721062585977,123.36751873245333,-120.75407869567965,120.75407869567965,14581.547521642395
space0_time2,2020-12-03 20:00:00,22.0,5.5,0,2,0.6533600091934204,110.71736058833245,-110.06400057913903,110.06400057913903,12114.084223484717,123.36751873245333,-122.71415872325991,122.71415872325991,15058.764751157427
space0_time2,2020-12-03 20:00:00,17.75,4.75,0,2,-15.0272798538208,109.80046099318713,-124.82774084700793,124.82774084700793,15581.964884967772,123.36751873245333,-138.39479858627413,138.39479858627413,19153.120275735386
space0_time2,2020-12-03 20:00:00,13.75,4.0,0,2,-8.493680000305176,97.04188866387628,-105.53556866418145,105.53556866418145,11137.756253272159,123.36751873245333,-131.8611987327585,131.8611987327585,17387.375731240034
space0_time2,2020-12-03 20:00:00,9.5,3.0,0,2,-8.493680000305176,80.4765292170306,-88.97020921733578,88.97020921733578,7915.6981281765,123.36751873245333,-131.8611987327585,131.8611987327585,17387.375731240034
space0_time2,2020-12-03 20:00:00,5.25,2.0,0,2,-27.441120147705078,97.54339674494892,-124.984516892654,124.984516892654,15621.129462890112,123.36751873245333,-150.8086388801584,150.8086388801584,22743.24556088603
space0_time2,2020-12-03 20:00:00,1.25,1.0,0,2,-30.0545597076416,112.28654496713108,-142.34110467477268,142.34110467477268,20260.990080034593,123.36751873245333,-153.42207844009494,153.42207844009494,23538.334152878644
space0_time2,2020-12-03 20:00:00,-3.0,0.0,0,2,-5.880239963531494,131.29315625721563,-137.17339622074712,137.17339622074712,18816.54063073408,123.36751873245333,-129.24775869598483,129.24775869598483,16704.98312793552
space0_time2,2020-12-03 20:00:00,-7.25,-1.0,0,2,3.2667999267578125,158.82359254097173,-155.55679261421392,155.55679261421392,24197.915728421558,123.36751873245333,-120.10071880569552,120.10071880569552,14424.182657644746
space0_time2,2020-12-03 21:00:00,-11.5,-2.25,0,2,9.800399780273438,159.7684046846555,-149.96800490438207,149.96800490438207,22490.402495000766,123.36751873245333,-113.5671189521799,113.5671189521799,12897.490507098579
space0_time2,2020-12-03 21:00:00,-16.0,-3.5,0,2,-7.186959743499756,162.5947077192335,-169.78166746273325,169.78166746273325,28825.814606426135,123.36751873245333,-130.5544784759531,130.5544784759531,17044.4718501281
space0_time2,2020-12-03 22:00:00,48.5,-12.75,0,2,145.04591369628906,153.79798832034592,-8.75207462405686,8.75207462405686,76.59881022506002,123.36751873245333,21.67839496383573,21.67839496383573,469.9528082080583
space0_time2,2020-12-03 22:00:00,44.5,-13.75,0,2,144.39256286621094,164.81235272043247,-20.419789854221534,20.419789854221534,416.9678176905687,123.36751873245333,21.025044133757604,21.025044133757604,442.052480826455
space0_time2,2020-12-03 22:00:00,40.5,-14.5,0,2,129.3652801513672,165.77649814942455,-36.41121799805737,36.41121799805737,1325.7767961020568,123.36751873245333,5.9977614189138535,5.9977614189138535,35.97314203821152
space0_time2,2020-12-03 22:00:00,36.5,-15.5,0,2,71.86959838867188,177.55045290267077,-105.6808545139989,105.6808545139989,11168.443010809,123.36751873245333,-51.49792034378146,51.49792034378146,2652.0357997344604
space0_time2,2020-12-03 22:00:00,32.75,-16.5,0,2,23.520959854125977,169.4397667320305,-145.91880687790453,145.91880687790453,21292.298200671197,123.36751873245333,-99.84655887832736,99.84655887832736,9969.335319843292
space0_time2,2020-12-03 22:00:00,28.75,-17.5,0,2,9.147039413452148,137.12789513456912,-127.98085572111697,127.98085572111697,16379.099431109358,123.36751873245333,-114.22047931900119,114.22047931900119,13046.317895862378
space0_time2,2020-12-03 22:00:00,24.5,-18.5,0,2,-26.78775978088379,152.3285942254976,-179.11635400638139,179.11635400638139,32082.668272539337,123.36751873245333,-150.15527851333712,150.15527851333712,22546.60766541784
space0_time2,2020-12-03 22:00:00,20.25,-19.0,0,2,-6.533599853515625,148.9473702601911,-155.48097011370672,155.48097011370672,24174.332067499363,123.36751873245333,-129.90111858596896,129.90111858596896,16874.30060988597
space0_time2,2020-12-03 22:00:00,16.0,-19.75,0,2,-24.827678680419922,163.98930255032332,-188.81698123074324,188.81698123074324,35651.852401090844,123.36751873245333,-148.19519741287326,148.19519741287326,21961.816536240476
space0_time2,2020-12-03 22:00:00,12.0,-20.5,0,2,-22.2142391204834,146.37706792639545,-168.59130704687885,168.59130704687885,28423.028811774984,123.36751873245333,-145.58175785293673,145.58175785293673,21194.048219551107
space0_time2,2020-12-03 22:00:00,8.0,-21.5,0,2,-24.827678680419922,141.85537839474074,-166.68305707516066,166.68305707516066,27783.241515921265,123.36751873245333,-148.19519741287326,148.19519741287326,21961.816536240476
space0_time2,2020-12-03 22:00:00,3.75,-22.25,0,2,-6.533599853515625,131.59759341222787,-138.1311932657435,138.1311932657435,19080.22655301818,123.36751873245333,-129.90111858596896,129.90111858596896,16874.30060988597
space0_time2,2020-12-03 22:00:00,-0.5,-23.25,0,2,-20.254159927368164,138.2758755321197,-158.53003545948786,158.53003545948786,25131.772142786478,123.36751873245333,-143.6216786598215,143.6216786598215,20627.186581065027
space0_time2,2020-12-03 22:00:00,-4.75,-24.25,0,2,-7.840319633483887,138.04095315068142,-145.8812727841653,145.8812727841653,21281.34574912805,123.36751873245333,-131.20783836593722,131.20783836593722,17215.496848661907
space0_time2,2020-12-03 22:00:00,-9.25,-25.25,0,2,-3.9201598167419434,165.50776035534147,-169.42792017208342,169.42792017208342,28705.82013383787,123.36751873245333,-127.28767854919528,127.28767854919528,16202.153110443267
space0_time2,2020-12-03 22:00:00,-13.5,-26.25,0,2,222.79576110839844,164.78469685085688,58.01106425754156,58.01106425754156,3365.283576292616,123.36751873245333,99.4282423759451,99.4282423759451,9885.975381969685
space0_time2,2020-12-03 23:00:00,51.25,-36.25,0,2,126.75183868408203,148.59799908584802,-21.846160401765985,21.846160401765985,477.2547242996882,123.36751873245333,3.3843199516286973,3.3843199516286973,11.453621534992068
space0_time2,2020-12-04 00:00:00,47.0,-37.25,0,2,139.16567993164062,167.68579951251738,-28.520119580876752,28.520119580876752,813.3972209075096,123.36751873245333,15.798161199187291,15.798161199187291,249.58189727550683
space0_time2,2020-12-04 00:00:00,43.25,-38.5,0,2,148.31271362304688,169.498227666325,-21.18551404327812,21.18551404327812,448.82600527793437,123.36751873245333,24.94519489059354,24.94519489059354,622.2627481296942
space0_time2,2020-12-04 00:00:00,39.0,-39.5,0,2,125.44511413574219,172.26295398718383,-46.81783985144165,46.81783985144165,2191.9101283552377,123.36751873245333,2.0775954032888535,2.0775954032888535,4.316402659766974
space0_time2,2020-12-04 00:00:00,35.0,-40.25,0,2,54.882240295410156,162.72042624937166,-107.8381859539615,107.8381859539615,11629.07434984118,123.36751873245333,-68.48527843704318,68.48527843704318,4690.2333625993315
space0_time2,2020-12-04 00:00:00,31.0,-41.25,0,2,1.9600799083709717,155.71246724439604,-153.75238733602507,153.75238733602507,23639.796611527083,123.36751873245333,-121.40743882408236,121.40743882408236,14739.7662018233
space0_time2,2020-12-04 00:00:00,26.75,-42.0,0,2,-9.147039413452148,153.85576729169068,-163.00280670514283,163.00280670514283,26569.914993754155,123.36751873245333,-132.51455814590548,132.51455814590548,17560.108120604564
space0_time2,2020-12-04 00:00:00,22.75,-42.75,0,2,-14.373919486999512,137.09326378023906,-151.46718326723857,151.46718326723857,22942.307606911236,123.36751873245333,-137.74143821945285,137.74143821945285,18972.703802763346
space0_time2,2020-12-04 00:00:00,18.75,-43.5,0,2,-18.947439193725586,145.8548592675649,-164.8022984612905,164.8022984612905,27159.79757812427,123.36751873245333,-142.31495792617892,142.31495792617892,20253.547249530075
space0_time2,2020-12-04 00:00:00,14.5,-44.25,0,2,-9.800399780273438,125.09205972031857,-134.892459500592,134.892459500592,18195.975630118854,123.36751873245333,-133.16791851272677,133.16791851272677,17733.694521012236
space0_time2,2020-12-04 00:00:00,10.5,-45.25,0,2,3.2667999267578125,152.77472088162475,-149.50792095486693,149.50792095486693,22352.61842824674,123.36751873245333,-120.10071880569552,120.10071880569552,14424.182657644746
space0_time2,2020-12-04 00:00:00,6.25,-46.0,0,2,13.720560073852539,125.48639272285361,-111.76583264900107,111.76583264900107,12491.601347724514,123.36751873245333,-109.6469586586008,109.6469586586008,12022.455543080912
space0_time2,2020-12-04 00:00:00,2.25,-47.0,0,2,143.08583068847656,123.43863262792969,19.64719806054687,19.64719806054687,386.0123916303567,123.36751873245333,19.71831195602323,19.71831195602323,388.8118263950486
space0_time2,2020-12-04 00:00:00,-2.0,-48.0,0,2,190.78111267089844,75.425726403889,115.35538626700944,115.35538626700944,13306.865140810949,123.36751873245333,67.4135939384451,67.4135939384451,4544.592647697563
space0_time2,2020-12-04 00:00:00,-6.25,-49.25,0,2,227.36927795410156,77.22496854047837,150.1443094136232,150.1443094136232,22543.31364929382,123.36751873245333,104.00175922164823,104.00175922164823,10816.365921197692
space0_time2,2020-12-04 00:00:00,-10.5,-50.25,0,2,187.51431274414062,66.88965745395522,120.6246552901854,120.6246552901854,14550.307463876054,123.36751873245333,64.14679401168729,64.14679401168729,4114.8111819778405
space0_time2,2020-12-04 00:00:00,-15.0,-51.5,0,2,237.82302856445312,66.794867155678,171.02816140877513,171.02816140877513,29250.63199486604,123.36751873245333,114.45550983199979,114.45550983199979,13100.063730903
space0_time2,2020-12-04 01:00:00,53.75,-59.75,0,2,169.22023010253906,152.27664427223215,16.943585830306915,16.943585830306915,287.0851007889773,123.36751873245333,45.85271137008573,45.85271137008573,2102.471139988389
space0_time2,2020-12-04 01:00:00,49.5,-60.75,0,2,158.1131134033203,158.90623500012472,-0.7931215968044114,0.7931215968044114,0.6290418673175794,123.36751873245333,34.74559467086698,34.74559467086698,1207.2563490321797
space0_time2,2020-12-04 01:00:00,45.5,-61.75,0,2,184.2475128173828,163.26056254937401,20.986950268008798,20.986950268008798,440.4520815518745,123.36751873245333,60.87999408492948,60.87999408492948,3706.3736797810484
space0_time2,2020-12-04 01:00:00,41.5,-62.75,0,2,176.40719604492188,172.98848360020187,3.4187124447200006,3.4187124447200006,11.687594779683403,123.36751873245333,53.03967731246854,53.03967731246854,2813.20736941079
space0_time2,2020-12-04 01:00:00,37.5,-63.5,0,2,199.92816162109375,171.689810211298,28.23835140979574,28.23835140979574,797.404490343113,123.36751873245333,76.56064288864042,76.56064288864042,5861.532039521926
space0_time2,2020-12-04 01:00:00,33.25,-64.5,0,2,216.91551208496094,163.34295023577337,53.572561849187565,53.572561849187565,2870.019383085027,123.36751873245333,93.5479933525076,93.5479933525076,8751.227060280808
space0_time2,2020-12-04 01:00:00,29.25,-65.25,0,2,224.10247802734375,153.05166523535235,71.0508127919914,71.0508127919914,5048.21799840261,123.36751873245333,100.73495929489042,100.73495929489042,10147.53202414323
space0_time2,2020-12-04 01:00:00,25.25,-66.25,0,2,207.7684783935547,155.95643893483415,51.812039458720534,51.812039458720534,2684.4874328720134,123.36751873245333,84.40095966110135,84.40095966110135,7123.521991714858
space0_time2,2020-12-04 01:00:00,21.25,-67.0,0,2,193.39456176757812,157.28782115357149,36.10674061400664,36.10674061400664,1303.6967177671565,123.36751873245333,70.02704303512479,70.02704303512479,4903.786756243219
space0_time2,2020-12-04 01:00:00,17.0,-67.75,0,2,165.95343017578125,150.89015086837668,15.06327930740457,15.06327930740457,226.90238349288273,123.36751873245333,42.585911443327916,42.585911443327916,1813.5598534589676
space0_time2,2020-12-04 01:00:00,13.0,-68.75,0,2,90.8170394897461,123.33952568667681,-32.522486196930714,32.522486196930714,1057.7121084295488,123.36751873245333,-32.55047924270724,32.55047924270724,1059.5336989299149
space0_time2,2020-12-04 01:00:00,9.0,-69.5,0,2,25.48103904724121,83.86178520650218,-58.380746159260966,58.380746159260966,3408.311522112064,123.36751873245333,-97.88647968521212,97.88647968521212,9581.762905163445
space0_time2,2020-12-04 01:00:00,4.75,-70.5,0,2,-10.453760147094727,88.43155139952248,-98.8853115466172,98.8853115466172,9778.304839671546,123.36751873245333,-133.82127887954806,133.82127887954806,17908.134680957777
space0_time2,2020-12-04 01:00:00,0.75,-71.25,0,2,-18.294078826904297,67.5266697373301,-85.82074856423439,85.82074856423439,7365.200884125539,123.36751873245333,-141.66159755935763,141.66159755935763,20068.0082230694
space0_time2,2020-12-04 01:00:00,-3.5,-72.5,0,2,-1.9600799083709717,55.45630590985318,-57.41638581822415,57.41638581822415,3296.641360427171,123.36751873245333,-125.3275986408243,125.3275986408243,15707.006981075547
space0_time2,2020-12-04 01:00:00,-7.75,-73.5,0,2,-23.520959854125977,65.69086440507957,-89.21182425920554,89.21182425920554,7958.749587655375,123.36751873245333,-146.8884785865793,146.8884785865793,21576.22514147997
space0_time2,2020-12-04 01:00:00,-12.25,-74.75,0,2,-9.147039413452148,108.24807516405835,-117.3951145775105,117.3951145775105,13781.612926666818,123.36751873245333,-132.51455814590548,132.51455814590548,17560.108120604564
space0_time2,2020-12-04 01:00:00,-16.5,-76.25,0,2,-11.1071195602417,162.21695680389408,-173.32407636413578,173.32407636413578,30041.23544748077,123.36751873245333,-134.47463829269503,134.47463829269503,18083.42834395116
space0_time3,2020-12-04 03:00:00,44.25,-86.5,0,3,192.08782958984375,150.97257943176132,41.11525015808243,41.11525015808243,1690.4637955616975,122.00347440616346,70.08435518368029,70.08435518368029,4911.816841512254
space0_time3,2020-12-04 03:00:00,40.0,-87.25,0,3,170.52696228027344,160.02703115945812,10.499931120815319,10.499931120815319,110.24855354186603,122.00347440616346,48.523487874109975,48.523487874109975,2354.5288754688977
space0_time3,2020-12-04 03:00:00,36.0,-88.25,0,3,197.96807861328125,142.60325344916245,55.3648251641188,55.3648251641188,3065.263865453442,122.00347440616346,75.96460420711779,75.96460420711779,5770.621092344058
space0_time3,2020-12-04 03:00:00,32.0,-88.75,0,3,167.91351318359375,145.72554899643927,22.187964187154478,22.187964187154478,492.30575477044965,122.00347440616346,45.91003877743029,45.91003877743029,2107.731660545153
space0_time3,2020-12-04 03:00:00,27.75,-89.75,0,3,205.155029296875,123.61882274903101,81.53620654784399,81.53620654784399,6648.152978212677,122.00347440616346,83.15155489071154,83.15155489071154,6914.181080743014
space0_time3,2020-12-04 03:00:00,23.75,-90.5,0,3,133.9387969970703,101.96780807066308,31.97098892640723,31.97098892640723,1022.1441329324538,122.00347440616346,11.93532259090685,11.93532259090685,142.4519253490114
space0_time3,2020-12-04 03:00:00,19.5,-91.5,0,3,187.51431274414062,122.48943870388628,65.02487404025435,65.02487404025435,4228.234243950944,122.00347440616346,65.51083833797716,65.51083833797716,4291.669939744578
space0_time3,2020-12-04 03:00:00,15.5,-92.25,0,3,226.06256103515625,121.93292118728924,104.12963984786701,104.12963984786701,10842.981894846493,122.00347440616346,104.05908662899279,104.05908662899279,10828.293510060226
space0_time3,2020-12-04 03:00:00,11.5,-93.0,0,3,188.82102966308594,85.98123766807592,102.83979199501002,102.83979199501002,10576.022817576926,122.00347440616346,66.81755525692247,66.81755525692247,4464.585690511888
space0_time3,2020-12-04 03:00:00,7.5,-94.0,0,3,175.7538299560547,92.24218083641993,83.51164911963475,83.51164911963475,6974.195538680992,122.00347440616346,53.750355549891225,53.750355549891225,2889.1007217397223
space0_time3,2020-12-04 03:00:00,3.25,-95.0,0,3,218.87559509277344,123.18202860547646,95.69356648729698,95.69356648729698,9157.258667058726,122.00347440616346,96.87212068660997,96.87212068660997,9384.207766321128
space0_time3,2020-12-04 03:00:00,-1.0,-96.0,0,3,209.7285614013672,137.58818988791182,72.14037151345536,72.14037151345536,5204.233202099362,122.00347440616346,87.72508699520372,87.72508699520372,7695.690888316061
space0_time3,2020-12-04 03:00:00,-5.0,-97.0,0,3,209.0751953125,144.0016143738713,65.07358093862871,65.07358093862871,4234.570936176262,122.00347440616346,87.07172090633654,87.07172090633654,7581.484581590963
space0_time3,2020-12-04 03:00:00,-9.25,-98.0,0,3,225.40919494628906,164.5447009673502,60.86449397893887,60.86449397893887,3704.4866273122857,122.00347440616346,103.4057205401256,103.4057205401256,10692.743040422554
space0_time3,2020-12-04 03:00:00,-13.75,-99.5,0,3,232.59616088867188,148.4563742890933,84.13978659957857,84.13978659957857,7079.503689022622,122.00347440616346,110.59268648250841,110.59268648250841,12230.7423034184
space0_time3,2020-12-04 20:00:00,42.5,8.25,0,3,124.79175567626953,156.11048471595012,-31.31872903968059,31.31872903968059,980.8627886609323,122.00347440616346,2.7882812701060686,2.7882812701060686,7.774512441224311
space0_time3,2020-12-04 20:00:00,38.75,7.0,0,3,156.806396484375,144.0028992953293,12.803497189045686,12.803497189045686,163.92954026990077,122.00347440616346,34.80292207821154,34.80292207821154,1211.243385182064
space0_time3,2020-12-04 20:00:00,35.25,6.0,0,3,126.09848022460938,158.04551623294404,-31.947036008334663,31.947036008334663,1020.6131097178315,122.00347440616346,4.095005818445912,4.095005818445912,16.769072653105876
space0_time3,2020-12-04 21:00:00,31.25,5.25,0,3,42.46839904785156,175.0272983076238,-132.55889925977223,132.55889925977223,17571.861772962442,122.00347440616346,-79.5350753583119,79.5350753583119,6325.828212252352
space0_time3,2020-12-04 21:00:00,27.25,4.25,0,3,-5.880239963531494,169.43631794448243,-175.31655790801392,175.31655790801392,30735.895476714,122.00347440616346,-127.88371436969496,127.88371436969496,16354.244400989724
space0_time3,2020-12-04 21:00:00,23.25,3.5,0,3,-1.3067200183868408,125.04791041806516,-126.354630436452,126.354630436452,15965.492632732361,122.00347440616346,-123.3101944245503,123.3101944245503,15205.404049020397
space0_time3,2020-12-04 21:00:00,19.25,2.75,0,3,-9.147039413452148,161.52405041428617,-170.6710898277383,170.6710898277383,29128.62090298792,122.00347440616346,-131.1505138196156,131.1505138196156,17200.457275149187
space0_time3,2020-12-04 21:00:00,15.0,1.75,0,3,-1.3067200183868408,128.19777175024154,-129.50449176862838,129.50449176862838,16771.413388250738,122.00347440616346,-123.3101944245503,123.3101944245503,15205.404049020397
space0_time3,2020-12-04 21:00:00,11.0,1.0,0,3,-10.453760147094727,156.8625986093738,-167.31635875646853,167.31635875646853,27994.763907523284,122.00347440616346,-132.4572345532582,132.4572345532582,17544.918985496854
space0_time3,2020-12-04 21:00:00,7.0,0.0,0,3,-26.78775978088379,117.34964279422276,-144.13740257510653,144.13740257510653,20775.59082109833,122.00347440616346,-148.79123418704725,148.79123418704725,22138.83137090474
space0_time3,2020-12-04 21:00:00,2.75,-1.25,0,3,-36.588157653808594,105.11333459235148,-141.70149224616006,141.70149224616006,20079.31290478856,122.00347440616346,-158.59163205997206,158.59163205997206,25151.305759445557
space0_time3,2020-12-04 21:00:00,-1.5,-2.0,0,3,-26.78775978088379,124.40123692903734,-151.18899670992113,151.18899670992113,22858.11272615254,122.00347440616346,-148.79123418704725,148.79123418704725,22138.83137090474
space0_time3,2020-12-04 21:00:00,-5.75,-3.0,0,3,-16.333999633789062,146.15449417998087,-162.48849381376994,162.48849381376994,26402.51062186755,122.00347440616346,-138.33747403995253,138.33747403995253,19137.256723754537
space0_time3,2020-12-04 21:00:00,-10.0,-4.25,0,3,-37.241519927978516,156.75800345781363,-193.99952338579214,193.99952338579214,37635.81507391451,122.00347440616346,-159.24499433414198,159.24499433414198,25358.96822048091
space0_time3,2020-12-04 21:00:00,-14.5,-5.5,0,3,-1.3067200183868408,161.2968275626224,-162.60354758100925,162.60354758100925,26439.91368592954,122.00347440616346,-123.3101944245503,123.3101944245503,15205.404049020397
space0_time3,2020-12-04 22:00:00,50.0,-14.75,0,3,173.79376220703125,159.2697020789816,14.524060128049655,14.524060128049655,210.94832260320175,122.00347440616346,51.79028780086779,51.79028780086779,2682.2339104967145
space0_time3,2020-12-04 22:00:00,46.0,-15.75,0,3,188.1676788330078,160.90826306106842,27.259415771939388,27.259415771939388,743.0757482274579,122.00347440616346,66.16420442684435,66.16420442684435,4377.701947437249
space0_time3,2020-12-04 22:00:00,42.0,-16.75,0,3,179.6739959716797,163.346291593974,16.327704377705686,16.327704377705686,266.59393024574945,122.00347440616346,57.670521565516225,57.670521565516225,3325.889057638672
space0_time3,2020-12-04 22:00:00,38.0,-17.5,0,3,177.06056213378906,159.6425825908419,17.417979542947165,17.417979542947165,303.38601135852593,122.00347440616346,55.0570877276256,55.0570877276256,3031.2829090474615
space0_time3,2020-12-04 22:00:00,34.0,-18.5,0,3,187.51431274414062,157.62511670874758,29.88919603539304,29.88919603539304,893.3640396421551,122.00347440616346,65.51083833797716,65.51083833797716,4291.669939744578
space0_time3,2020-12-04 22:00:00,29.75,-19.25,0,3,203.19496154785156,162.3018580196321,40.893103528219456,40.893103528219456,1672.2459161696745,122.00347440616346,81.1914871416881,81.1914871416881,6592.057584278904
space0_time3,2020-12-04 22:00:00,25.75,-20.0,0,3,171.83367919921875,147.5825110201519,24.251168179066838,24.251168179066838,588.1191580493839,122.00347440616346,49.83020479305529,49.83020479305529,2483.04930971783
space0_time3,2020-12-04 22:00:00,21.75,-21.0,0,3,203.8483123779297,141.71831220235902,62.13000017557067,62.13000017557067,3860.136921816412,122.00347440616346,81.84483797176622,81.84483797176622,6698.5775026246665
space0_time3,2020-12-04 22:00:00,17.75,-21.75,0,3,209.7285614013672,132.739753718089,76.9888076832782,76.9888076832782,5927.276508492796,122.00347440616346,87.72508699520372,87.72508699520372,7695.690888316061
space0_time3,2020-12-04 22:00:00,13.5,-22.5,0,3,186.2075958251953,120.73588888118019,65.47170694401512,65.47170694401512,4286.544410162998,122.00347440616346,64.20412141903185,64.20412141903185,4122.169207189784
space0_time3,2020-12-04 22:00:00,9.5,-23.5,0,3,148.31271362304688,99.41636046089745,48.896353162149424,48.896353162149424,2390.85335255764,122.00347440616346,26.309239216883412,26.309239216883412,692.1760681711961
space0_time3,2020-12-04 22:00:00,5.25,-24.5,0,3,90.16368103027344,95.22095822704196,-5.057277196768524,5.057277196768524,25.576052644954903,122.00347440616346,-31.839793375890025,31.839793375890025,1013.7724422193703
space0_time3,2020-12-04 22:00:00,1.25,-25.25,0,3,92.1237564086914,101.01586564225184,-8.892109233560433,8.892109233560433,79.06960662157071,122.00347440616346,-29.879717997472056,29.879717997472056,892.7975476084555
space0_time3,2020-12-04 22:00:00,-3.0,-26.25,0,3,86.24351501464844,115.83576671371483,-29.592251699066395,29.592251699066395,875.701360620898,122.00347440616346,-35.759959391515025,35.759959391515025,1278.7746956828037
space0_time3,2020-12-04 22:00:00,-7.25,-27.5,0,3,58.14904022216797,137.72965707731893,-79.58061685515096,79.58061685515096,6333.074579046338,122.00347440616346,-63.854434183995494,63.854434183995494,4077.388764958212
space0_time3,2020-12-04 22:00:00,-11.5,-28.75,0,3,38.548240661621094,130.82253561147812,-92.27429494985702,92.27429494985702,8514.54550849321,122.00347440616346,-83.45523374454237,83.45523374454237,6964.776039356203
space0_time3,2020-12-04 22:00:00,-15.75,-30.0,0,3,28.094478607177734,142.8422020341614,-114.74772342698367,114.74772342698367,13167.040031675537,122.00347440616346,-93.90899579898573,93.90899579898573,8818.89949197392
space1_time0,2020-12-01 05:00:00,48.25,-126.75,1,0,152.23287963867188,165.27963326171306,-13.046753623041184,13.046753623041184,170.21778010033825,122.48775041899326,29.745129219678617,29.745129219678617,884.7727122953786
space1_time0,2020-12-01 05:00:00,44.5,-127.5,1,0,153.5395965576172,174.48568739463698,-20.946090837019796,20.946090837019796,438.73872135268465,122.48775041899326,31.05184613862393,31.05184613862393,964.2171486167739
space1_time0,2020-12-01 05:00:00,40.5,-128.25,1,0,159.41983032226562,174.74051240792514,-15.320682085659513,15.320682085659513,234.72329956984834,122.48775041899326,36.93207990327237,36.93207990327237,1363.9785259816947
space1_time0,2020-12-01 06:00:00,36.25,-129.25,1,0,199.27479553222656,160.6959316671664,38.57886386506016,38.57886386506016,1488.3287371188444,122.48775041899326,76.7870451132333,76.7870451132333,5896.250297221727
space1_time0,2020-12-01 06:00:00,32.25,-130.0,1,0,226.06256103515625,164.91217133973228,61.15038969542397,61.15038969542397,3739.370159902214,122.48775041899326,103.57481061616299,103.57481061616299,10727.74139417403
space1_time0,2020-12-01 06:00:00,28.25,-130.75,1,0,207.7684783935547,164.9576895661909,42.81078882736378,42.81078882736378,1832.7636400211354,122.48775041899326,85.28072797456143,85.28072797456143,7272.802563871144
space1_time0,2020-12-01 06:00:00,24.0,-131.5,1,0,190.1277618408203,169.66344630485287,20.464315535967444,20.464315535967444,418.7882103556385,122.48775041899326,67.64001142182705,67.64001142182705,4575.171145144895
space1_time0,2020-12-01 06:00:00,20.0,-132.5,1,0,190.1277618408203,178.33627912331835,11.791482717501964,11.791482717501964,139.0390646771475,122.48775041899326,67.64001142182705,67.64001142182705,4575.171145144895
space1_time0,2020-12-01 06:00:00,16.0,-133.25,1,0,209.7285614013672,152.31590835814973,57.41265304321746,57.41265304321746,3296.212729460867,122.48775041899326,87.24081098237393,87.24081098237393,7610.959100862296
space1_time0,2020-12-01 06:00:00,12.0,-134.25,1,0,226.71591186523438,139.62616953330058,87.08974233193379,87.08974233193379,7584.623219442621,122.48775041899326,104.22816144624112,104.22816144624112,10863.509638463704
space1_time0,2020-12-01 06:00:00,7.75,-135.0,1,0,231.9427947998047,140.1369423825553,91.80585241724938,91.80585241724938,8428.314538057775,122.48775041899326,109.45504438081143,109.45504438081143,11980.4067404054
space1_time0,2020-12-01 06:00:00,3.75,-136.0,1,0,238.4763946533203,137.030431874641,101.4459627786793,101.4459627786793,10291.283364093186,122.48775041899326,115.98864423432705,115.98864423432705,13453.365591317292
space1_time0,2020-12-01 06:00:00,-0.5,-137.0,1,0,214.95542907714844,173.22244544788748,41.73298362926096,41.73298362926096,1741.641922600163,122.48775041899326,92.46767865815518,92.46767865815518,8550.271596427847
space1_time0,2020-12-01 06:00:00,-4.75,-138.0,1,0,235.2095947265625,169.47578787366857,65.73380685289393,65.73380685289393,4320.933363373566,122.48775041899326,112.72184430756924,112.72184430756924,12706.214184099881
space1_time0,2020-12-01 06:00:00,-9.0,-139.0,1,0,224.10247802734375,161.50116032481915,62.6013177025246,62.6013177025246,3918.924978092419,122.48775041899326,101.61472760835049,101.61472760835049,10325.552866919268
space1_time0,2020-12-01 06:00:00,-13.25,-140.25,1,0,235.2095947265625,159.2683617116344,75.94123301492809,75.94123301492809,5767.070871827604,122.48775041899326,112.72184430756924,112.72184430756924,12706.214184099881
space1_time0,2020-12-01 06:00:00,-17.75,-141.75,1,0,229.9827117919922,139.5910516543161,90.3916601376761,90.3916601376761,8170.652222445142,122.48775041899326,107.49496137299893,107.49496137299893,11555.166720582532
space1_time0,2020-12-01 07:00:00,55.0,-149.0,1,0,160.0731964111328,147.09102176153337,12.982174649599443,12.982174649599443,168.53685863270243,122.48775041899326,37.585445992139555,37.585445992139555,1412.6657504280392
space1_time0,2020-12-01 07:00:00,51.0,-149.75,1,0,137.20559692382812,156.37559836664207,-19.17000144281394,19.17000144281394,367.4889553174886,122.48775041899326,14.717846504834867,14.717846504834867,216.6150057398799
space1_time0,2020-12-01 07:00:00,47.0,-151.0,1,0,182.2874298095703,144.995555761367,37.29187404820331,37.29187404820331,1390.6838700270596,122.48775041899326,59.799679390577055,59.799679390577055,3576.0016552158063
space1_time0,2020-12-01 07:00:00,43.0,-152.0,1,0,158.1131134033203,144.33491369498873,13.778199708331584,13.778199708331584,189.83878720266856,122.48775041899326,35.625362984327055,35.625362984327055,1269.1664877650603
space1_time0,2020-12-01 07:00:00,38.75,-152.75,1,0,178.36727905273438,138.9020729958052,39.46520605692916,39.46520605692916,1557.5024891158782,122.48775041899326,55.87952863374112,55.87952863374112,3122.5217203290936
space1_time0,2020-12-01 07:00:00,34.75,-153.5,1,0,143.73919677734375,145.21495080493068,-1.4757540275869303,1.4757540275869303,2.1778499499390462,122.48775041899326,21.251446358350492,21.251446358350492,451.6239723218484
space1_time0,2020-12-01 07:00:00,30.75,-154.5,1,0,95.39055633544922,172.8426907578098,-77.45213442236059,77.45213442236059,5998.833126579414,122.48775041899326,-27.09719408354404,27.09719408354404,734.2579272012541
space1_time0,2020-12-01 07:00:00,26.75,-155.25,1,0,-5.880239963531494,187.65687846590288,-193.53711842943437,193.53711842943437,37456.6162099689,122.48775041899326,-128.36799038252474,128.36799038252474,16478.340954847965
space1_time0,2020-12-01 07:00:00,22.75,-156.0,1,0,5.226880073547363,175.37025484733522,-170.14337477378785,170.14337477378785,28948.76797941363,122.48775041899326,-117.2608703454459,117.2608703454459,13750.111714171473
space1_time0,2020-12-01 07:00:00,18.75,-157.0,1,0,-9.800399780273438,181.19949931034228,-190.9998990906157,190.9998990906157,36480.961452625386,122.48775041899326,-132.28815019926668,132.28815019926668,17500.15468314374
space1_time0,2020-12-01 07:00:00,15.0,-158.0,1,0,-18.947439193725586,168.38164844831581,-187.3290876420414,187.3290876420414,35092.18707679963,122.48775041899326,-141.43518961271883,141.43518961271883,20003.912860785727
space1_time0,2020-12-01 07:00:00,10.75,-159.0,1,0,-14.373919486999512,114.34904665427061,-128.72296614127012,128.72296614127012,16569.602012206575,122.48775041899326,-136.86166990599276,136.86166990599276,18731.11668945692
space1_time0,2020-12-01 07:00:00,6.5,-159.75,1,0,-8.493680000305176,156.73303831928195,-165.22671831958712,165.22671831958712,27299.868446660188,122.48775041899326,-130.98143041929842,130.98143041929842,17156.135114685512
space1_time0,2020-12-01 07:00:00,2.25,-160.75,1,0,-31.361278533935547,167.16417080152195,-198.5254493354575,198.5254493354575,39412.3540338453,122.48775041899326,-153.8490289529288,153.8490289529288,23669.52370975912
space1_time0,2020-12-01 07:00:00,-2.25,-162.0,1,0,-26.78775978088379,158.7533935274531,-185.5411533083369,185.5411533083369,34425.51957098778,122.48775041899326,-149.27551019987703,149.27551019987703,22283.177945433592
space1_time0,2020-12-01 07:00:00,-6.5,-163.0,1,0,-31.361278533935547,139.77566759905955,-171.1369461329951,171.1369461329951,29287.854331727664,122.48775041899326,-153.8490289529288,153.8490289529288,23669.52370975912
space1_time0,2020-12-01 07:00:00,-10.75,-164.25,1,0,-1.9600799083709717,130.61497173538194,-132.57505164375291,132.57505164375291,17576.14431834375,122.48775041899326,-124.44783032736423,124.44783032736423,15487.262473188435
space1_time0,2020-12-01 07:00:00,-15.5,-165.5,1,0,-28.094478607177734,90.37009884700296,-118.4645774541807,118.4645774541807,14033.856111397577,122.48775041899326,-150.58222902617098,150.58222902617098,22675.007698490208
space1_time0,2020-12-01 09:00:00,57.0,-173.75,1,0,125.44511413574219,154.49382799696207,-29.04871386121988,29.04871386121988,843.827776991028,122.48775041899326,2.9573637167489295,2.9573637167489295,8.746000153143042
space1_time0,2020-12-01 09:00:00,53.25,-174.0,1,0,123.48503875732422,155.8453785343815,-32.36033977705728,32.36033977705728,1047.1915904865955,122.48775041899326,0.9972883383309608,0.9972883383309608,0.9945840297709289
space1_time0,2020-12-01 09:00:00,49.5,-174.5,1,0,114.9913558959961,150.13321738108277,-35.14186148508668,35.14186148508668,1234.9504286370186,122.48775041899326,-7.496394522997164,7.496394522997164,56.19593084442188
space1_time0,2020-12-01 09:00:00,45.5,-175.5,1,0,137.20559692382812,157.4577712743101,-20.252174350481965,20.252174350481965,410.15056592231963,122.48775041899326,14.717846504834867,14.717846504834867,216.6150057398799
space1_time0,2020-12-01 09:00:00,41.5,-176.5,1,0,153.5395965576172,157.6318287963717,-4.092232238754519,4.092232238754519,16.746364695901825,122.48775041899326,31.05184613862393,31.05184613862393,964.2171486167739
space1_time0,2020-12-01 09:00:00,37.5,-177.5,1,0,81.66999816894531,144.46771205383493,-62.79771388488962,62.79771388488962,3943.552869168458,122.48775041899326,-40.817752250047945,40.817752250047945,1666.088898746294
space1_time0,2020-12-01 09:00:00,33.5,-178.25,1,0,18.294078826904297,169.07588567811698,-150.78180685121268,150.78180685121268,22735.153277316407,122.48775041899326,-104.19367159208896,104.19367159208896,10856.321199840086
space1_time0,2020-12-01 09:00:00,29.25,-178.75,1,0,-0.6533600091934204,183.84884262338264,-184.50220263257606,184.50220263257606,34041.062776272156,122.48775041899326,-123.14111042818668,123.14111042818668,15163.733077486866
space1_time0,2020-12-01 09:00:00,25.25,-179.75,1,0,13.06719970703125,175.95605858228427,-162.88885887525302,162.88885887525302,26532.780345682095,122.48775041899326,-109.42055071196201,109.42055071196201,11972.85691810905
space1_time0,2020-12-01 09:00:00,21.0,179.5,1,0,-22.2142391204834,149.23148604207225,-171.44572516255565,171.44572516255565,29393.636676514565,122.48775041899326,-144.70198953947664,144.70198953947664,20938.665776682807
space1_time0,2020-12-01 09:00:00,17.0,178.5,1,0,-6.533599853515625,136.6849618127787,-143.21856166629433,143.21856166629433,20511.556405762152,122.48775041899326,-129.02135027250887,129.02135027250887,16646.508826141424
space1_time0,2020-12-01 09:00:00,13.0,177.75,1,0,-15.680639266967773,109.38070556292733,-125.0613448298951,125.0613448298951,15640.339970661931,122.48775041899326,-138.16838968596102,138.16838968596102,19090.503908411578
space1_time0,2020-12-01 09:00:00,8.75,177.0,1,0,-5.880239963531494,71.38914654972126,-77.26938651325275,77.26938651325275,5970.558092134447,122.48775041899326,-128.36799038252474,128.36799038252474,16478.340954847965
space1_time0,2020-12-01 09:00:00,4.75,176.0,1,0,-21.56087875366211,75.51440080812131,-97.07527956178342,97.07527956178342,9423.609901998405,122.48775041899326,-144.04862917265535,144.04862917265535,20750.007566521173
space1_time0,2020-12-01 09:00:00,0.5,175.0,1,0,-14.373919486999512,102.56131298036378,-116.93523246736329,116.93523246736329,13673.848592196295,122.48775041899326,-136.86166990599276,136.86166990599276,18731.11668945692
space1_time0,2020-12-01 09:00:00,-3.75,173.75,1,0,-14.373919486999512,91.73604761927119,-106.1099671062707,106.1099671062707,11259.32511929385,122.48775041899326,-136.86166990599276,136.86166990599276,18731.11668945692
space1_time0,2020-12-01 09:00:00,-7.75,172.75,1,0,-13.720560073852539,95.14752147295418,-108.86808154680672,108.86808154680672,11852.259179682158,122.48775041899326,-136.20831049284578,136.20831049284578,18552.703847315483
space1_time0,2020-12-01 09:00:00,-12.25,171.75,1,0,-16.333999633789062,80.30090637471707,-96.63490600850614,96.63490600850614,9338.305059272816,122.48775041899326,-138.8217500527823,138.8217500527823,19271.478287717164
space1_time0,2020-12-01 09:00:00,-16.75,170.25,1,0,-2.6134400367736816,101.2139632268527,-103.82740326362638,103.82740326362638,10780.129668467695,122.48775041899326,-125.10119045576694,125.10119045576694,15650.307853450073
space1_time0,2020-12-01 10:00:00,56.25,163.0,1,0,143.73919677734375,139.79431967561652,3.9448771017272293,3.9448771017272293,15.562055347731825,122.48775041899326,21.251446358350492,21.251446358350492,451.6239723218484
space1_time0,2020-12-01 10:00:00,52.0,162.0,1,0,145.69927978515625,145.832002037094,-0.1327222519377358,0.1327222519377358,0.01761519615942381,122.48775041899326,23.211529366162992,23.211529366162992,538.7750955162469
space1_time0,2020-12-01 10:00:00,48.0,161.0,1,0,146.35263061523438,145.34865405377386,1.0039765614605187,1.0039765614605187,1.0079689359620867,122.48775041899326,23.864880196241117,23.864880196241117,569.5325067809415
space1_time0,2020-12-01 10:00:00,44.0,160.0,1,0,192.08782958984375,146.58681849577502,45.50101109406873,45.50101109406873,2070.3420105825658,122.48775041899326,69.60007917085049,69.60007917085049,4844.171020588657
space1_time0,2020-12-01 10:00:00,40.0,159.0,1,0,162.0332794189453,148.6252945286942,13.4079848902511,13.4079848902511,179.77405881720182,122.48775041899326,39.545528999952055,39.545528999952055,1563.848863886049
space1_time0,2020-12-01 10:00:00,35.75,158.25,1,0,187.51431274414062,128.8346114012409,58.67970134289973,58.67970134289973,3443.3073496919087,122.48775041899326,65.02656232514737,65.02656232514737,4228.453807826275
space1_time0,2020-12-01 10:00:00,31.75,157.5,1,0,175.7538299560547,131.6968519056155,44.0569780504392,44.0569780504392,1941.0173149368813,122.48775041899326,53.26607953706143,53.26607953706143,2837.2752292485543
space1_time0,2020-12-01 10:00:00,27.75,156.5,1,0,184.90087890625,151.4995524849308,33.4013264213192,33.4013264213192,1115.648606703516,122.48775041899326,62.41312848725674,62.41312848725674,3895.398607566819
space1_time0,2020-12-01 10:00:00,23.75,155.75,1,0,199.92816162109375,144.58950920314754,55.33865241794621,55.33865241794621,3062.3664514342636,122.48775041899326,77.44041120210049,77.44041120210049,5997.017287150411
space1_time0,2020-12-01 10:00:00,19.5,155.0,1,0,207.1151123046875,135.2958893048717,71.81922299981579,71.81922299981579,5158.00079229727,122.48775041899326,84.62736188569424,84.62736188569424,7161.790379732254
space1_time0,2020-12-01 10:00:00,15.5,154.0,1,0,225.40919494628906,90.65848939026296,134.7507055560261,134.7507055560261,18157.752647846846,122.48775041899326,102.9214445272958,102.9214445272958,10592.823743585228
space1_time0,2020-12-01 10:00:00,11.5,153.25,1,0,214.95542907714844,93.4916106489165,121.46381842823193,121.46381842823193,14753.459187166494,122.48775041899326,92.46767865815518,92.46767865815518,8550.271596427847
space1_time0,2020-12-01 10:00:00,7.25,152.5,1,0,166.60679626464844,75.84692590313263,90.75987036151581,90.75987036151581,8237.354068039156,122.48775041899326,44.11904584565518,44.11904584565518,1946.4902063310235
space1_time0,2020-12-01 10:00:00,3.25,151.5,1,0,145.69927978515625,118.88999540964903,26.809284375507218,26.809284375507218,718.7377287268155,122.48775041899326,23.211529366162992,23.211529366162992,538.7750955162469
space1_time0,2020-12-01 10:00:00,-1.0,150.5,1,0,143.08583068847656,107.93453383485091,35.15129685362565,35.15129685362565,1235.6136704917126,122.48775041899326,20.598080269483305,20.598080269483305,424.2809107880774
space1_time0,2020-12-01 11:00:00,-5.25,149.5,1,0,162.68663024902344,81.43482580263625,81.25180444638718,81.25180444638718,6601.855725793944,122.48775041899326,40.19887983003018,40.19887983003018,1615.9499395892071
space1_time0,2020-12-01 11:00:00,-9.5,148.25,1,0,124.13839721679688,68.02872052060233,56.10967669619454,56.10967669619454,3148.2958189514766,122.48775041899326,1.650646797803617,1.650646797803617,2.724634851099335
space1_time0,2020-12-01 11:00:00,-13.75,147.0,1,0,100.61743927001953,55.21717433682352,45.40026493319601,45.40026493319601,2061.1840560043875,122.48775041899326,-21.870311148973727,21.870311148973727,478.3105097529245
space1_time0,2020-12-01 12:00:00,45.0,135.25,1,0,143.73919677734375,138.34278128406677,5.396415493276976,5.396415493276976,29.12130017607979,122.48775041899326,21.251446358350492,21.251446358350492,451.6239723218484
space1_time0,2020-12-01 12:00:00,41.25,134.5,1,0,101.92415618896484,169.8856669731072,-67.96151078414235,67.96151078414235,4618.766948063097,122.48775041899326,-20.563594230028414,20.563594230028414,422.86140765725787
space1_time0,2020-12-01 12:00:00,37.5,134.0,1,0,40.50831985473633,140.13560057135982,-99.62728071662349,99.62728071662349,9925.595062988898,122.48775041899326,-81.97943056425693,81.97943056425693,6720.627035639824
space1_time0,2020-12-01 12:00:00,34.0,133.5,1,0,24.174320220947266,153.57171790308064,-129.39739768213337,129.39739768213337,16743.686526908175,122.48775041899326,-98.31343019804599,98.31343019804599,9665.530557306061
space1_time0,2020-12-01 12:00:00,30.25,132.75,1,0,11.1071195602417,165.09044665061495,-153.98332709037325,153.98332709037325,23710.865021820875,122.48775041899326,-111.38063085875156,111.38063085875156,12405.64493049348
space1_time0,2020-12-01 12:00:00,26.25,132.0,1,0,4.573519706726074,121.46102160158183,-116.88750189485576,116.88750189485576,13662.68809921991,122.48775041899326,-117.91423071226718,117.91423071226718,13903.765804465773
space1_time0,2020-12-01 12:00:00,22.25,131.25,1,0,0.0,121.17161981727074,-121.17161981727074,121.17161981727074,14682.561449141198,122.48775041899326,-122.48775041899326,122.48775041899326,15003.249002705583
space1_time0,2020-12-01 12:00:00,18.25,130.0,1,0,-26.78775978088379,90.16337507925,-116.95113486013379,116.95113486013379,13677.5679450732,122.48775041899326,-149.27551019987703,149.27551019987703,22283.177945433592
space1_time0,2020-12-01 12:00:00,14.25,129.25,1,0,1.3067200183868408,73.89668469127716,-72.58996467289032,72.58996467289032,5269.302971211464,122.48775041899326,-121.18103040060642,121.18103040060642,14684.842128952696
space1_time0,2020-12-01 12:00:00,10.0,128.5,1,0,-11.1071195602417,45.91065257824759,-57.01777213848929,57.01777213848929,3251.026339636686,122.48775041899326,-133.59486997923494,133.59486997923494,17847.58928476869
space1_time0,2020-12-01 12:00:00,5.5,127.5,1,0,-16.333999633789062,56.29738900717487,-72.63138864096393,72.63138864096393,5275.318615914744,122.48775041899326,-138.8217500527823,138.8217500527823,19271.478287717164
space1_time1,2020-12-02 04:00:00,35.25,-107.5,1,1,179.0206298828125,142.03629581575905,36.98433406705345,36.98433406705345,1367.8409663834107,124.49919247514084,54.521437407671655,54.521437407671655,2972.587136998658
space1_time1,2020-12-02 04:00:00,31.25,-108.5,1,1,191.43447875976562,106.87519797191543,84.5592807878502,84.5592807878502,7150.271967358492,124.49919247514084,66.93528628462478,66.93528628462478,4480.3325500046785
space1_time1,2020-12-02 04:00:00,27.25,-109.25,1,1,234.5562286376953,117.69494288530665,116.86128575238867,116.86128575238867,13656.560107701438,124.49919247514084,110.05703616255447,110.05703616255447,12112.551208885821
space1_time1,2020-12-02 04:00:00,23.0,-110.0,1,1,224.75582885742188,153.52768225928827,71.2281465981336,71.2281465981336,5073.448867805212,124.49919247514084,100.25663638228103,100.25663638228103,10051.393138688916
space1_time1,2020-12-02 04:00:00,19.0,-111.0,1,1,229.9827117919922,168.0438168824761,61.93889490951608,61.93889490951608,3836.426702612077,124.49919247514084,105.48351931685134,105.48351931685134,11126.77284746855
space1_time1,2020-12-02 04:00:00,15.0,-111.75,1,1,221.48902893066406,129.89535452283664,91.59367440782742,91.59367440782742,8389.4011915271,124.49919247514084,96.98983645552322,96.98983645552322,9407.02837566914
space1_time1,2020-12-02 04:00:00,11.0,-112.5,1,1,200.58151245117188,92.98772105525482,107.59379139591705,107.59379139591705,11576.423946948114,124.49919247514084,76.08231997603103,76.08231997603103,5788.51941293517
space1_time1,2020-12-02 04:00:00,6.75,-113.5,1,1,159.41983032226562,137.0378813627321,22.38194895953353,22.38194895953353,500.9516392271641,124.49919247514084,34.92063784712478,34.92063784712478,1219.4509476500436
space1_time1,2020-12-02 04:00:00,2.75,-114.5,1,1,246.31671142578125,159.37535001460824,86.941361411173,86.941361411173,7558.800324028202,124.49919247514084,121.8175189506404,121.8175189506404,14839.507923289635
space1_time1,2020-12-02 04:00:00,-1.5,-115.25,1,1,240.4364776611328,170.5066530755037,69.92982458562912,69.92982458562912,4890.180366576859,124.49919247514084,115.93728518599197,115.93728518599197,13441.454096298032
space1_time1,2020-12-02 04:00:00,-5.75,-116.5,1,1,260.6906433105469,160.59597755349955,100.09466575704732,100.09466575704732,10018.942113015022,124.49919247514084,136.19145083540604,136.19145083540604,18548.11128065282
space1_time1,2020-12-02 04:00:00,-10.0,-117.5,1,1,253.50367736816406,158.354079515534,95.14959785263005,95.14959785263005,9053.445971517222,124.49919247514084,129.00448489302323,129.00448489302323,16642.157122514258
space1_time1,2020-12-02 04:00:00,-14.25,-119.0,1,1,220.18231201171875,146.1605822542958,74.02172975742295,74.02172975742295,5479.216476280953,124.49919247514084,95.6831195365779,95.6831195365779,9155.259364251056
space1_time1,2020-12-02 06:00:00,50.0,-128.5,1,1,173.14039611816406,166.3122993579348,6.828096760229272,6.828096760229272,46.62290536705348,124.49919247514084,48.64120364302322,48.64120364302322,2365.9666918420553
space1_time1,2020-12-02 06:00:00,46.0,-129.25,1,1,168.56687927246094,168.3702695738219,0.19660969863903688,0.19660969863903688,0.0386553735989329,124.49919247514084,44.06768679732009,44.06768679732009,1941.9610196666997
space1_time1,2020-12-02 06:00:00,42.0,-130.25,1,1,197.31471252441406,171.40553044994178,25.909182074472284,25.909182074472284,671.2857157681559,124.49919247514084,72.81552004927322,72.81552004927322,5302.09996004611
space1_time1,2020-12-02 06:00:00,38.0,-131.25,1,1,203.19496154785156,170.83644653604208,32.35851501180949,32.35851501180949,1047.0734937695,124.49919247514084,78.69576907271072,78.69576907271072,6193.0240699454125
space1_time1,2020-12-02 06:00:00,33.75,-132.0,1,1,186.2075958251953,169.37652569219134,16.831070133003976,16.831070133003976,283.2849218220985,124.49919247514084,61.70840335005447,61.70840335005447,3807.9270440130135
space1_time1,2020-12-02 06:00:00,29.75,-133.0,1,1,196.00799560546875,164.63412381826083,31.373871787207918,31.373871787207918,984.3198309201609,124.49919247514084,71.5088031303279,71.5088031303279,5113.508925131994
space1_time1,2020-12-02 06:00:00,25.75,-133.75,1,1,180.32736206054688,165.71398372835512,14.613378332191758,14.613378332191758,213.55082627977157,124.49919247514084,55.82816958540603,55.82816958540603,3116.7845192568548
space1_time1,2020-12-02 06:00:00,21.75,-134.5,1,1,180.980712890625,168.0511140358029,12.929598854822103,12.929598854822103,167.17452654661705,124.49919247514084,56.481520415484155,56.481520415484155,3190.1621484447533
space1_time1,2020-12-02 06:00:00,17.5,-135.5,1,1,131.9787139892578,169.30260817401114,-37.32389418475333,37.32389418475333,1393.0730771146634,124.49919247514084,7.479521514116968,7.479521514116968,55.943242080138575
space1_time1,2020-12-02 06:00:00,13.5,-136.25,1,1,121.52495574951172,148.3102471116649,-26.785291362153174,26.785291362153174,717.4518333554374,124.49919247514084,-2.974236725629126,2.974236725629126,8.846084100081065
space1_time1,2020-12-02 06:00:00,9.5,-137.0,1,1,23.520959854125977,114.51193452773695,-90.99097467361098,90.99097467361098,8279.357472053714,124.49919247514084,-100.97823262101487,100.97823262101487,10196.603463263791
space1_time1,2020-12-02 06:00:00,5.25,-138.0,1,1,0.0,133.56119207915043,-133.56119207915043,133.56119207915043,17838.592029603715,124.49919247514084,-124.49919247514084,124.49919247514084,15500.048926962167
space1_time1,2020-12-02 06:00:00,1.0,-139.0,1,1,2.6134400367736816,161.42886469825723,-158.81542466148355,158.81542466148355,25222.339110407356,124.49919247514084,-121.88575243836716,121.88575243836716,14856.136647466927
space1_time1,2020-12-02 06:00:00,-3.0,-140.0,1,1,-33.32135772705078,152.65456268094985,-185.97592040800063,185.97592040800063,34587.04297160298,124.49919247514084,-157.8205502021916,157.8205502021916,24907.32606612248
space1_time1,2020-12-02 06:00:00,-7.25,-141.0,1,1,-15.680639266967773,158.19785036341304,-173.8784896303808,173.8784896303808,30233.729156142446,124.49919247514084,-140.1798317421086,140.1798317421086,19650.38522724588
space1_time1,2020-12-02 06:00:00,-11.75,-142.25,1,1,7.186959743499756,140.81970271605812,-133.63274297255836,133.63274297255836,17857.709994369845,124.49919247514084,-117.31223273164109,117.31223273164109,13762.159948482722
space1_time1,2020-12-02 06:00:00,-16.0,-143.5,1,1,2.6134400367736816,146.0487164409895,-143.4352764042158,143.4352764042158,20573.67851715379,124.49919247514084,-121.88575243836716,121.88575243836716,14856.136647466927
space1_time1,2020-12-02 07:00:00,56.75,-151.0,1,1,131.9787139892578,149.97017953260107,-17.991465543343253,17.991465543343253,323.69283239730754,124.49919247514084,7.479521514116968,7.479521514116968,55.943242080138575
space1_time1,2020-12-02 07:00:00,52.5,-152.0,1,1,158.1131134033203,154.56632599869909,3.5467874046212273,3.5467874046212273,12.579700893579782,124.49919247514084,33.61392092817947,33.61392092817947,1129.8956801659017
space1_time1,2020-12-02 07:00:00,48.5,-153.0,1,1,177.06056213378906,147.86139467193482,29.199167461854245,29.199167461854245,852.5913804654076,124.49919247514084,52.56136965864822,52.56136965864822,2762.6975803930654
space1_time1,2020-12-02 07:00:00,44.5,-153.75,1,1,179.6739959716797,153.91310947740646,25.760886494273223,25.760886494273223,663.6232729708286,124.49919247514084,55.17480349653884,55.17480349653884,3044.258940881675
space1_time1,2020-12-02 07:00:00,40.5,-155.0,1,1,199.92816162109375,151.75472812655656,48.17343349453719,48.17343349453719,2320.679694652598,124.49919247514084,75.4289691459529,75.4289691459529,5689.529386421115
space1_time1,2020-12-02 07:00:00,36.5,-155.75,1,1,203.19496154785156,148.97760795738756,54.217353590464,54.217353590464,2939.5214303534,124.49919247514084,78.69576907271072,78.69576907271072,6193.0240699454125
space1_time1,2020-12-02 07:00:00,32.25,-156.5,1,1,167.91351318359375,166.4738117896125,1.4397013939812382,1.4397013939812382,2.0727401038315203,124.49919247514084,43.414320708452905,43.414320708452905,1884.8032425764027
space1_time1,2020-12-02 07:00:00,28.25,-157.25,1,1,173.14039611816406,164.6942038741279,8.446192244036155,8.446192244036155,71.3381634232165,124.49919247514084,48.64120364302322,48.64120364302322,2365.9666918420553
space1_time1,2020-12-02 07:00:00,24.25,-158.25,1,1,228.67599487304688,170.93127568156692,57.74471919147996,57.74471919147996,3334.452594502874,124.49919247514084,104.17680239790603,104.17680239790603,10852.80615785236
space1_time1,2020-12-02 07:00:00,20.0,-159.0,1,1,224.10247802734375,173.34006962787117,50.76240839947258,50.76240839947258,2576.822106514844,124.49919247514084,99.6032855522029,99.6032855522029,9920.814492793672
space1_time1,2020-12-02 07:00:00,16.0,-159.75,1,1,252.85031127929688,169.06258807521633,83.78772320408055,83.78772320408055,7020.382559723618,124.49919247514084,128.35111880415604,128.35111880415604,16474.00969827858
space1_time1,2020-12-02 07:00:00,12.0,-160.75,1,1,245.00999450683594,159.41052229833014,85.5994722085058,85.5994722085058,7327.2696423747575,124.49919247514084,120.51080203169509,120.51080203169509,14522.853406322407
space1_time1,2020-12-02 07:00:00,7.75,-161.5,1,1,228.67599487304688,113.48255318740775,115.19344168563913,115.19344168563913,13269.529007382742,124.49919247514084,104.17680239790603,104.17680239790603,10852.80615785236
space1_time1,2020-12-02 07:00:00,3.75,-162.5,1,1,251.54359436035156,116.34804999996005,135.19554436039152,135.19554436039152,18277.835214902592,124.49919247514084,127.04440188521072,127.04440188521072,16140.280050370933
space1_time1,2020-12-02 07:00:00,-0.5,-163.5,1,1,221.48902893066406,148.82396995934593,72.66505897131813,72.66505897131813,5280.210795305142,124.49919247514084,96.98983645552322,96.98983645552322,9407.02837566914
space1_time1,2020-12-02 07:00:00,-4.75,-164.5,1,1,203.19496154785156,144.48971347776597,58.70524807008559,58.70524807008559,3446.3061509702875,124.49919247514084,78.69576907271072,78.69576907271072,6193.0240699454125
space1_time1,2020-12-02 07:00:00,-9.0,-165.75,1,1,211.68862915039062,90.43955488213817,121.24907426825246,121.24907426825246,14701.3380109082,124.49919247514084,87.18943667524978,87.18943667524978,7601.997867747392
space1_time1,2020-12-02 07:00:00,-13.25,-166.75,1,1,191.43447875976562,85.69714337653738,105.73733538322824,105.73733538322824,11180.384093945291,124.49919247514084,66.93528628462478,66.93528628462478,4480.3325500046785
space1_time1,2020-12-02 07:00:00,-17.75,-168.25,1,1,139.81903076171875,82.11448556892145,57.7045451927973,57.7045451927973,3329.8145359075857,124.49919247514084,15.319838286577905,15.319838286577905,234.69744512689826
space1_time1,2020-12-02 09:00:00,55.25,-175.25,1,1,158.1131134033203,138.88035101970618,19.23276238361413,19.23276238361413,369.89914890456265,124.49919247514084,33.61392092817947,33.61392092817947,1129.8956801659017
space1_time1,2020-12-02 09:00:00,51.25,-176.5,1,1,154.8463134765625,147.70653611108168,7.139777365480825,7.139777365480825,50.97642082863231,124.49919247514084,30.347121001421655,30.347121001421655,920.9477530749273
space1_time1,2020-12-02 09:00:00,47.0,-177.5,1,1,147.00599670410156,147.24191173495097,-0.23591503084941223,0.23591503084941223,0.055655901780679126,124.49919247514084,22.506804228960718,22.506804228960718,506.55623660076407
space1_time1,2020-12-02 09:00:00,43.0,-178.5,1,1,165.95343017578125,154.36075598177106,11.592674194010186,11.592674194010186,134.39009496846973,124.49919247514084,41.454237700640405,41.454237700640405,1718.4538233411963
space1_time1,2020-12-02 09:00:00,39.0,-179.25,1,1,152.88623046875,149.51290868325788,3.3733217854921236,3.3733217854921236,11.37929986847577,124.49919247514084,28.387037993609155,28.387037993609155,805.8239260506097
space1_time1,2020-12-02 09:00:00,35.0,179.75,1,1,133.28543090820312,144.41181429552228,-11.126383387319152,11.126383387319152,123.7964072816116,124.49919247514084,8.78623843306228,8.78623843306228,77.1979858026207
space1_time1,2020-12-02 09:00:00,30.75,179.0,1,1,116.29808044433594,150.8276925813138,-34.529612136977875,34.529612136977875,1192.2941143301298,124.49919247514084,-8.201112030804907,8.201112030804907,67.25823854181299
space1_time1,2020-12-02 09:00:00,26.75,178.25,1,1,34.62807846069336,178.11872009773853,-143.49064163704517,143.49064163704517,20589.564237410923,124.49919247514084,-89.87111401444749,89.87111401444749,8076.8171341978195
space1_time1,2020-12-02 09:00:00,22.75,177.25,1,1,3.9201598167419434,170.74915057934518,-166.82899076260324,166.82899076260324,27831.912158868756,124.49919247514084,-120.5790326583989,120.5790326583989,14539.303116835228
space1_time1,2020-12-02 09:00:00,19.0,176.75,1,1,10.453760147094727,167.4258606260688,-156.97210047897408,156.97210047897408,24640.240328781136,124.49919247514084,-114.04543232804612,114.04543232804612,13006.360634890947
space1_time1,2020-12-02 09:00:00,14.5,175.75,1,1,7.840319633483887,144.00287531889353,-136.16255568540964,136.16255568540964,18540.24157078228,124.49919247514084,-116.65887284165696,116.65887284165696,13609.292612685887
space1_time1,2020-12-02 09:00:00,10.5,174.75,1,1,-12.413839340209961,116.04155403772849,-128.45539337793844,128.45539337793844,16500.78808788091,124.49919247514084,-136.9130318153508,136.9130318153508,18745.17828087126
space1_time1,2020-12-02 09:00:00,6.25,173.75,1,1,-35.93479919433594,70.92379213879471,-106.85859133313065,106.85859133313065,11418.758541701025,124.49919247514084,-160.43399166947677,160.43399166947677,25739.06568300174
space1_time1,2020-12-02 09:00:00,2.25,172.75,1,1,-32.667999267578125,115.53519872737076,-148.20319799494888,148.20319799494888,21964.18789593002,124.49919247514084,-157.16719174271896,157.16719174271896,24701.526160292586
space1_time1,2020-12-02 09:00:00,-2.0,171.75,1,1,-6.533599853515625,125.36101402450821,-131.89461387802385,131.89461387802385,17396.189170033,124.49919247514084,-131.03279232865646,131.03279232865646,17169.59266544481
space1_time1,2020-12-02 09:00:00,-6.25,170.75,1,1,3.9201598167419434,76.0917059862708,-72.17154616952885,72.17154616952885,5208.732076500435,124.49919247514084,-120.5790326583989,120.5790326583989,14539.303116835228
space1_time1,2020-12-02 09:00:00,-10.5,169.5,1,1,1.9600799083709717,44.62491404000923,-42.66483413163826,42.66483413163826,1820.288071480205,124.49919247514084,-122.53911256676987,122.53911256676987,15015.834108651497
space1_time1,2020-12-02 09:00:00,-15.0,168.5,1,1,-3.2667999267578125,60.671159529107044,-63.937959455864856,63.937959455864856,4088.0626593798183,124.49919247514084,-127.76599240189866,127.76599240189866,16324.148814442025
space1_time1,2020-12-02 10:00:00,53.75,160.0,1,1,150.27279663085938,135.2239250367845,15.048871594074882,15.048871594074882,226.46853625495388,124.49919247514084,25.77360415571853,25.77360415571853,664.2786711756715
space1_time1,2020-12-02 10:00:00,49.5,159.0,1,1,153.5395965576172,134.7708838936979,18.768712663919274,18.768712663919274,352.2645750607637,124.49919247514084,29.040404082476343,29.040404082476343,843.3450692735087
space1_time1,2020-12-02 10:00:00,45.5,158.0,1,1,167.91351318359375,141.98008132346433,25.933431860129417,25.933431860129417,672.5428880439755,124.49919247514084,43.414320708452905,43.414320708452905,1884.8032425764027
space1_time1,2020-12-02 10:00:00,41.5,157.25,1,1,172.48703002929688,160.43091103905573,12.056118990241146,12.056118990241146,145.3500051068532,124.49919247514084,47.98783755415603,47.98783755415603,2302.832553124068
space1_time1,2020-12-02 11:00:00,37.5,156.25,1,1,188.1676788330078,166.02259749451693,22.145081338490883,22.145081338490883,490.4046274883771,124.49919247514084,63.66848635786697,63.66848635786697,4053.676155101892
space1_time1,2020-12-02 11:00:00,33.25,155.25,1,1,166.60679626464844,164.73140345769028,1.8753928069581605,1.8753928069581605,3.5170981803904082,124.49919247514084,42.10760378950759,42.10760378950759,1773.0502968941541
space1_time1,2020-12-02 11:00:00,29.25,154.5,1,1,164.64671325683594,142.28855632254908,22.358156934286853,22.358156934286853,499.8871814981993,124.49919247514084,40.14752078169509,40.14752078169509,1611.8234249166394
space1_time1,2020-12-02 11:00:00,25.25,153.75,1,1,130.6719970703125,176.7097781701601,-46.03778109984759,46.03778109984759,2119.4772885974844,124.49919247514084,6.172804595171655,6.172804595171655,38.1035165701723
space1_time1,2020-12-02 11:00:00,21.0,153.0,1,1,95.39055633544922,145.0762764297475,-49.68572009429829,49.68572009429829,2468.6707812889567,124.49919247514084,-29.108636139691626,29.108636139691626,847.3126979129614
space1_time1,2020-12-02 11:00:00,17.0,152.0,1,1,9.800399780273438,123.59455599762481,-113.79415621735137,113.79415621735137,12949.109989218969,124.49919247514084,-114.69879269486741,114.69879269486741,13155.813045660168
space1_time1,2020-12-02 11:00:00,13.0,151.25,1,1,-14.373919486999512,83.32927107008354,-97.70319055708305,97.70319055708305,9545.913445033682,124.49919247514084,-138.87311196214034,138.87311196214034,19285.741226049166
space1_time1,2020-12-02 11:00:00,9.0,150.25,1,1,-11.760479927062988,62.220227414096215,-73.9807073411592,73.9807073411592,5473.145058698247,124.49919247514084,-136.25967240220382,136.25967240220382,18566.698323155906
space1_time1,2020-12-02 11:00:00,4.75,149.25,1,1,-6.533599853515625,64.82209072768602,-71.35569058120164,71.35569058120164,5091.634578320189,124.49919247514084,-131.03279232865646,131.03279232865646,17169.59266544481
space1_time1,2020-12-02 11:00:00,0.5,148.25,1,1,4.573519706726074,79.6612992725907,-75.08777956586462,75.08777956586462,5638.174640131877,124.49919247514084,-119.92567276841477,119.92567276841477,14382.1669889569
space1_time1,2020-12-02 11:00:00,-3.5,147.5,1,1,-15.0272798538208,79.5662318187502,-94.593511672571,94.593511672571,8947.932450548826,124.49919247514084,-139.52647232896163,139.52647232896163,19467.636480564495
space1_time1,2020-12-02 11:00:00,-7.75,146.25,1,1,19.600799560546875,63.31702369149417,-43.716224130947296,43.716224130947296,1911.1082522672186,124.49919247514084,-104.89839291459397,104.89839291459397,11003.672836064537
space1_time1,2020-12-02 11:00:00,-12.25,145.0,1,1,16.333999633789062,52.86946667529346,-36.5354670415044,36.5354670415044,1334.8403519408541,124.49919247514084,-108.16519284135178,108.16519284135178,11699.708942406818
space1_time1,2020-12-02 11:00:00,-16.75,143.5,1,1,19.600799560546875,99.92418005863907,-80.32338049809219,80.32338049809219,6451.845454641297,124.49919247514084,-104.89839291459397,104.89839291459397,11003.672836064537
space1_time1,2020-12-02 12:00:00,44.0,133.5,1,1,153.5395965576172,146.59091807934962,6.948678478267567,6.948678478267567,48.28413259433887,124.49919247514084,29.040404082476343,29.040404082476343,843.3450692735087
space1_time1,2020-12-02 12:00:00,40.0,132.5,1,1,156.1530303955078,159.33657891375216,-3.1835485182443506,3.1835485182443506,10.1349811680158,124.49919247514084,31.653837920366968,31.653837920366968,1001.9654550888617
space1_time1,2020-12-02 12:00:00,35.75,131.75,1,1,151.5795135498047,169.5877152406055,-18.008201690800803,18.008201690800803,324.2953281365609,124.49919247514084,27.080321074663843,27.080321074663843,733.3437895068827
space1_time1,2020-12-02 12:00:00,31.75,130.75,1,1,165.30007934570312,157.24235963142297,8.057719714280154,8.057719714280154,64.92684699389905,124.49919247514084,40.80088687056228,40.80088687056228,1664.7123694244215
space1_time1,2020-12-02 12:00:00,27.75,130.0,1,1,152.88623046875,157.84462530515353,-4.958394836403528,4.958394836403528,24.585679353673168,124.49919247514084,28.387037993609155,28.387037993609155,805.8239260506097
space1_time1,2020-12-02 12:00:00,23.75,129.25,1,1,121.52495574951172,111.61717158847348,9.907784161038236,9.907784161038236,98.16418698172015,124.49919247514084,-2.974236725629126,2.974236725629126,8.846084100081065
space1_time1,2020-12-02 12:00:00,19.5,128.25,1,1,25.48103904724121,89.07827302569086,-63.59723397844965,63.59723397844965,4044.608169709671,124.49919247514084,-99.01815342789963,99.01815342789963,9804.594708271072
space1_time1,2020-12-02 12:00:00,15.5,127.5,1,1,-10.453760147094727,80.36704220070234,-90.82080234779707,90.82080234779707,8248.418139097621,124.49919247514084,-134.95295262223556,134.95295262223556,18212.299421459356
space1_time1,2020-12-02 12:00:00,11.5,126.75,1,1,-8.493680000305176,74.47397746178291,-82.96765746208808,82.96765746208808,6883.6321847463805,124.49919247514084,-132.992872475446,132.992872475446,17687.104129270243
space1_time3,2020-12-04 08:00:00,39.5,-160.0,1,3,318.1863098144531,146.31200870129544,171.87430111315768,171.87430111315768,29540.775383136395,125.41893933233315,192.76737048212,192.76737048212,37159.259122590905
space1_time3,2020-12-04 08:00:00,35.25,-160.5,1,3,158.1131134033203,138.92588118112937,19.187232222190943,19.187232222190943,368.1498803482824,125.41893933233315,32.69417407098716,32.69417407098716,1068.909018184009
space1_time3,2020-12-04 08:00:00,31.25,-161.5,1,3,150.92616271972656,148.75925294998495,2.1669097697416078,2.1669097697416078,4.695497950201627,125.41893933233315,25.50722338739341,25.50722338739341,650.6184449343893
space1_time3,2020-12-04 08:00:00,27.25,-162.25,1,3,181.6340789794922,144.96055182091433,36.673527158577855,36.673527158577855,1344.9475942509475,125.41893933233315,56.215139647159035,56.215139647159035,3160.1419255495916
space1_time3,2020-12-04 08:00:00,23.25,-163.25,1,3,197.31471252441406,134.3347973272537,62.97991519716035,62.97991519716035,3966.4697182415093,125.41893933233315,71.89577319208091,71.89577319208091,5169.00220288714
space1_time3,2020-12-04 08:00:00,19.25,-164.0,1,3,205.8083953857422,153.8040254750589,52.004369910683295,52.004369910683295,2704.454489807182,125.41893933233315,80.38945605340903,80.38945605340903,6462.464644562982
space1_time3,2020-12-04 08:00:00,15.0,-164.75,1,3,177.06056213378906,115.70740186866159,61.35316026512747,61.35316026512747,3764.2102745184166,125.41893933233315,51.64162280145591,51.64162280145591,2666.857205567851
space1_time3,2020-12-04 08:00:00,11.0,-165.75,1,3,187.51431274414062,92.05120782451573,95.4631049196249,95.4631049196249,9113.20440089531,125.41893933233315,62.09537341180747,62.09537341180747,3855.8353991518065
space1_time3,2020-12-04 08:00:00,6.75,-166.5,1,3,141.12576293945312,65.31906695966477,75.80669597978836,75.80669597978836,5746.65515537206,125.41893933233315,15.706823607119972,15.706823607119972,246.70430782518125
space1_time3,2020-12-04 08:00:00,2.75,-167.5,1,3,85.59015655517578,67.0415446842072,18.548611870968585,18.548611870968585,344.0510023398367,125.41893933233315,-39.82878277715737,39.82878277715737,1586.3319375099877
space1_time3,2020-12-04 08:00:00,-1.5,-168.5,1,3,64.6826400756836,99.38149629590635,-34.69885622022275,34.69885622022275,1204.0106229916912,125.41893933233315,-60.73629925664956,60.73629925664956,3688.8980473932897
space1_time3,2020-12-04 08:00:00,-5.75,-169.5,1,3,86.89688110351562,111.20670670618489,-24.309825602669264,24.309825602669264,590.967620832194,125.41893933233315,-38.52205822881753,38.52205822881753,1483.9489701844082
space1_time3,2020-12-04 08:00:00,-10.0,-170.75,1,3,81.01663970947266,64.12256834030374,16.894071369168913,16.894071369168913,285.4096474265728,125.41893933233315,-44.4022996228605,44.4022996228605,1971.5642117982775
space1_time3,2020-12-04 08:00:00,-14.25,-172.0,1,3,91.47039794921875,55.61690348462181,35.85349446459694,35.85349446459694,1285.4730653228835,125.41893933233315,-33.9485413831144,33.9485413831144,1152.503462041031
space1_time3,2020-12-04 09:00:00,58.25,-179.25,1,3,168.56687927246094,145.6105332134067,22.956346059054226,22.956346059054226,526.9938243830545,125.41893933233315,43.147939940127785,43.147939940127785,1861.7447210768744
space1_time3,2020-12-04 09:00:00,54.25,179.5,1,3,189.47439575195312,134.24362876339418,55.23076698855894,55.23076698855894,3050.437622144492,125.41893933233315,64.05545641961997,64.05545641961997,4103.101497125834
space1_time3,2020-12-04 09:00:00,50.0,178.5,1,3,178.36727905273438,139.53136937940036,38.835909673334015,38.835909673334015,1508.2278801553584,125.41893933233315,52.94833972040122,52.94833972040122,2803.5266791470176
space1_time3,2020-12-04 09:00:00,46.0,177.5,1,3,139.81903076171875,127.96456418768105,11.854466574037701,11.854466574037701,140.52837775497716,125.41893933233315,14.400091429385597,14.400091429385597,207.36263317466452
space1_time3,2020-12-04 09:00:00,42.0,176.75,1,3,155.4996795654297,121.08942894842953,34.41025061700016,34.41025061700016,1184.0653475247598,125.41893933233315,30.080740233096535,30.080740233096535,904.8509329710325
space1_time3,2020-12-04 09:00:00,38.0,175.75,1,3,114.9913558959961,97.00607134438025,17.985284551615848,17.985284551615848,323.4704604025917,125.41893933233315,-10.42758343633706,10.42758343633706,108.73449632177099
space1_time3,2020-12-04 09:00:00,33.75,175.0,1,3,158.1131134033203,106.33798023700663,51.77513316631368,51.77513316631368,2680.6644143895146,125.41893933233315,32.69417407098716,32.69417407098716,1068.909018184009
space1_time3,2020-12-04 09:00:00,29.75,174.0,1,3,208.4218292236328,97.56351907241825,110.85831015121457,110.85831015121457,12289.564929582883,125.41893933233315,83.00288989129966,83.00288989129966,6889.4797303072155
space1_time3,2020-12-04 09:00:00,25.75,173.25,1,3,159.41983032226562,117.84748468812303,41.57234563414259,41.57234563414259,1728.2599215246148,125.41893933233315,34.00089098993247,34.00089098993247,1156.060588109271
space1_time3,2020-12-04 09:00:00,21.75,172.5,1,3,146.35263061523438,118.45185596127403,27.90077465396034,27.90077465396034,778.4532262910758,125.41893933233315,20.933691282901222,20.933691282901222,438.2194307278146
space1_time3,2020-12-04 09:00:00,17.5,171.5,1,3,113.68463897705078,78.36975401126709,35.31488496578369,35.31488496578369,1247.1411001465349,125.41893933233315,-11.734300355282372,11.734300355282372,137.69380482798
space1_time3,2020-12-04 09:00:00,13.5,170.75,1,3,58.14904022216797,54.51994788086554,3.6290923413024316,3.6290923413024316,13.170311221699965,125.41893933233315,-67.26989911016518,67.26989911016518,4525.239326291803
space1_time3,2020-12-04 09:00:00,9.5,169.75,1,3,7.840319633483887,48.429401959321204,-40.58908232583732,40.58908232583732,1647.4736040535993,125.41893933233315,-117.57861969884927,117.57861969884927,13824.731810286625
space1_time3,2020-12-04 09:00:00,5.25,169.0,1,3,-3.2667999267578125,1.4832128498977948,-4.750012776655607,4.750012776655607,22.562621378391512,125.41893933233315,-128.68573925909095,128.68573925909095,16560.01948865874
space1_time3,2020-12-04 09:00:00,1.5,168.0,1,3,-12.413839340209961,19.418195097361338,-31.8320344375713,31.8320344375713,1013.278416434725,125.41893933233315,-137.8327786725431,137.8327786725431,18997.87487659425
space1_time3,2020-12-04 09:00:00,-3.0,167.0,1,3,4.573519706726074,74.76273848766131,-70.18921878093524,70.18921878093524,4926.526433077992,125.41893933233315,-120.84541962560708,120.84541962560708,14603.61544448906
space1_time3,2020-12-04 09:00:00,-7.5,165.75,1,3,-2.6134400367736816,-1.7974193433546626,-0.8160206934190191,0.8160206934190191,0.6658897720880567,125.41893933233315,-128.03237936910682,128.03237936910682,16392.29016691489
space1_time3,2020-12-04 09:00:00,-11.75,164.5,1,3,16.333999633789062,4.839752633264177,11.494247000524886,11.494247000524886,132.11771410907534,125.41893933233315,-109.08493969854409,109.08493969854409,11899.524069035
space1_time3,2020-12-04 09:00:00,-16.25,163.0,1,3,7.840319633483887,35.986752903663465,-28.14643327017958,28.14643327017958,792.2217058326719,125.41893933233315,-117.57861969884927,117.57861969884927,13824.731810286625
space1_time3,2020-12-04 11:00:00,52.5,155.0,1,3,160.7265625,136.10203465139207,24.624527848607926,24.624527848607926,606.3673717668673,125.41893933233315,35.30762316766685,35.30762316766685,1246.6282537499646
space1_time3,2020-12-04 11:00:00,48.75,154.0,1,3,147.65936279296875,136.60645291738743,11.05290987558132,11.05290987558132,122.1668167177231,125.41893933233315,22.240423460635597,22.240423460635597,494.63643570839025
space1_time3,2020-12-04 11:00:00,44.5,153.0,1,3,173.79376220703125,136.5579977017126,37.235764505318656,37.235764505318656,1386.5021582955487,125.41893933233315,48.3748228746981,48.3748228746981,2340.123488158414
space1_time3,2020-12-04 11:00:00,40.5,152.25,1,3,177.06056213378906,141.6924047839996,35.36815734978947,35.36815734978947,1250.906554319467,125.41893933233315,51.64162280145591,51.64162280145591,2666.857205567851
space1_time3,2020-12-04 11:00:00,36.5,151.25,1,3,183.5941619873047,149.2104262528425,34.38373573446219,34.38373573446219,1182.2412830573323,125.41893933233315,58.175222654971535,58.175222654971535,3384.3565309555133
space1_time3,2020-12-04 11:00:00,32.5,150.5,1,3,210.3819122314453,93.14000396786155,117.24190826358377,117.24190826358377,13745.665053286592,125.41893933233315,84.96297289911216,84.96297289911216,7218.706763855267
space1_time3,2020-12-04 11:00:00,28.25,149.5,1,3,212.3419952392578,63.19505703535617,149.14693820390164,149.14693820390164,22244.809175598453,125.41893933233315,86.92305590692466,86.92305590692466,7555.61764819835
space1_time3,2020-12-04 11:00:00,24.25,148.75,1,3,182.2874298095703,64.91301315314989,117.37441665642042,117.37441665642042,13776.753685434984,125.41893933233315,56.86849047723716,56.86849047723716,3234.0252091596135
space1_time3,2020-12-04 11:00:00,20.25,148.0,1,3,140.47239685058594,55.845259800844424,84.62713704974152,84.62713704974152,7161.752325235734,125.41893933233315,15.053457518252785,15.053457518252785,226.60658325384128
space1_time3,2020-12-04 11:00:00,14.0,142.5,1,3,139.16567993164062,11.32619007021073,127.8394898614299,127.8394898614299,16342.935168030637,125.41893933233315,13.746740599307472,13.746740599307472,188.97287710464835
space1_time3,2020-12-04 11:00:00,12.25,146.25,1,3,80.36328125,29.113199428879188,51.250081821120816,51.250081821120816,2626.570886671578,125.41893933233315,-45.05565808233315,45.05565808233315,2030.0123252321127
space1_time3,2020-12-04 11:00:00,7.75,145.25,1,3,189.47439575195312,25.505069824406554,163.96932592754658,163.96932592754658,26885.939845134,125.41893933233315,64.05545641961997,64.05545641961997,4103.101497125834
space1_time3,2020-12-04 11:00:00,3.75,144.25,1,3,179.6739959716797,-1.4928609633866836,181.16685693506636,181.16685693506636,32821.4300517308,125.41893933233315,54.255056639346535,54.255056639346535,2943.6111709387005
space1_time3,2020-12-04 11:00:00,-0.5,143.5,1,3,138.51231384277344,2.3911694496885856,136.12114439308485,136.12114439308485,18528.965950883055,125.41893933233315,13.093374510440285,13.093374510440285,171.43645607064735
space1_time3,2020-12-04 11:00:00,-4.75,142.25,1,3,147.00599670410156,46.075533544570014,100.93046315953154,100.93046315953154,10186.958393597553,125.41893933233315,21.58705737176841,21.58705737176841,466.00104597202085
space1_time3,2020-12-04 11:00:00,-9.0,141.25,1,3,144.39256286621094,1.7962283700457098,142.59633449616524,142.59633449616524,20333.714611742245,125.41893933233315,18.973623533877785,18.973623533877785,359.9983900053209
space1_time3,2020-12-04 11:00:00,-13.25,140.0,1,3,75.78975677490234,42.65172228191996,33.138034492982385,33.138034492982385,1098.1293300580903,125.41893933233315,-49.62918255743081,49.62918255743081,2463.0557613187943
space2_time0,2020-12-01 12:00:00,1.5,126.5,2,0,-24.174320220947266,80.38003386940716,-104.55435409035442,104.55435409035442,10931.612959251213,127.54566972474257,-151.71998994568983,151.71998994568983,23018.955349120224
space2_time0,2020-12-01 12:00:00,-2.5,125.75,2,0,-33.9747200012207,50.425546237278645,-84.40026623849934,84.40026623849934,7123.404941129572,127.54566972474257,-161.52038972596327,161.52038972596327,26088.836297227062
space2_time0,2020-12-01 12:00:00,-7.0,124.75,2,0,-32.667999267578125,64.86112282660864,-97.52912209418676,97.52912209418676,9511.929656462788,127.54566972474257,-160.2136689923207,160.2136689923207,25668.4197319809
space2_time0,2020-12-01 12:00:00,-11.25,123.5,2,0,-13.06719970703125,64.26258851663962,-77.32978822367087,77.32978822367087,5979.896146717787,127.54566972474257,-140.61286943177382,140.61286943177382,19771.97904983707
space2_time0,2020-12-01 12:00:00,-15.5,122.25,2,0,-15.0272798538208,70.87232894390144,-85.89960879772224,85.89960879772224,7378.74279160172,127.54566972474257,-142.57294957856337,142.57294957856337,20327.04595153157
space2_time0,2020-12-01 17:00:00,50.0,64.75,2,0,155.4996795654297,140.88722741899096,14.612452146438727,14.612452146438727,213.52375773196175,127.54566972474257,27.95400984068712,27.95400984068712,781.4266661732324
space2_time0,2020-12-01 17:00:00,46.0,63.75,2,0,184.2475128173828,144.53461190557218,39.712900911810635,39.712900911810635,1577.11449883129,127.54566972474257,56.701843092640246,56.701843092640246,3215.0990101023945
space2_time0,2020-12-01 17:00:00,41.75,63.0,2,0,160.7265625,155.38082637158263,5.3457361284173714,5.3457361284173714,28.576894754666746,127.54566972474257,33.18089277525743,33.18089277525743,1100.9716453631308
space2_time0,2020-12-01 17:00:00,37.75,62.25,2,0,175.7538299560547,150.20615254254895,25.54767741350574,25.54767741350574,652.6838212245513,127.54566972474257,48.20816023131212,48.20816023131212,2324.0267128878636
space2_time0,2020-12-01 17:00:00,33.75,61.25,2,0,179.0206298828125,132.567336372261,46.453293510551504,46.453293510551504,2157.9084779774466,127.54566972474257,51.47496015806993,51.47496015806993,2649.671523274887
space2_time0,2020-12-01 17:00:00,30.25,60.75,2,0,189.47439575195312,116.91947215111237,72.55492360084075,72.55492360084075,5264.216938723838,127.54566972474257,61.92872602721056,61.92872602721056,3835.1671073533066
space2_time0,2020-12-01 17:00:00,25.75,59.5,2,0,207.7684783935547,123.60482692033074,84.16365147322395,84.16365147322395,7083.520229306312,127.54566972474257,80.22280866881212,80.22280866881212,6435.699030712837
space2_time0,2020-12-01 17:00:00,21.5,58.75,2,0,211.68862915039062,121.22620417816437,90.46242497222626,90.46242497222626,8183.450331855665,127.54566972474257,84.14295942564806,84.14295942564806,7080.037620906255
space2_time0,2020-12-01 17:00:00,17.75,58.0,2,0,226.71591186523438,109.20731901484871,117.50859285038567,117.50859285038567,13808.26939367771,127.54566972474257,99.17024214049181,99.17024214049181,9834.736926203777
space2_time0,2020-12-01 17:00:00,13.5,57.0,2,0,246.31671142578125,109.98384954312152,136.33286188265973,136.33286188265973,18586.649229116374,127.54566972474257,118.77104170103868,118.77104170103868,14106.56034674987
space2_time0,2020-12-01 17:00:00,9.5,56.25,2,0,243.70327758789062,107.81802226202147,135.88525532586914,135.88525532586914,18464.80261497665,127.54566972474257,116.15760786314806,116.15760786314806,13492.589864488875
space2_time0,2020-12-01 17:00:00,4.75,54.25,2,0,243.04991149902344,105.79707472140106,137.25283677762238,137.25283677762238,18838.34120350465,127.54566972474257,115.50424177428087,115.50424177428087,13341.22986785153
space2_time0,2020-12-01 17:00:00,1.25,54.5,2,0,227.36927795410156,85.03041214505014,142.3388658090514,142.3388658090514,20260.352719807146,127.54566972474257,99.823608229359,99.823608229359,9964.75275992855
space2_time0,2020-12-01 17:00:00,-3.0,53.25,2,0,233.9028778076172,77.8923660651171,156.01051174250009,156.01051174250009,24339.279774156756,127.54566972474257,106.35720808287462,106.35720808287462,11311.85571118389
space2_time0,2020-12-01 17:00:00,-7.25,52.0,2,0,220.18231201171875,65.95932022005888,154.22299179165987,154.22299179165987,23784.731197170386,127.54566972474257,92.63664228697618,92.63664228697618,8581.547494205184
space2_time0,2020-12-01 17:00:00,-11.5,51.0,2,0,227.36927795410156,90.6063764085563,136.76290154554528,136.76290154554528,18704.09123915651,127.54566972474257,99.823608229359,99.823608229359,9964.75275992855
space2_time0,2020-12-01 17:00:00,-15.5,50.0,2,0,226.06256103515625,95.6151532691787,130.44740776597754,130.44740776597754,17016.526192863217,127.54566972474257,98.51689131041368,98.51689131041368,9705.577873467862
space2_time0,2020-12-01 18:00:00,44.5,39.25,2,0,177.06056213378906,146.64040428946998,30.42015784431908,30.42015784431908,925.3860032732875,127.54566972474257,49.514892409046496,49.514892409046496,2451.7245702794503
space2_time0,2020-12-01 18:00:00,40.5,38.5,2,0,182.2874298095703,148.38624064072638,33.90118916884393,33.90118916884393,1149.290627061741,127.54566972474257,54.741760084827746,54.741760084827746,2996.66029718484
space2_time0,2020-12-01 18:00:00,36.25,37.75,2,0,165.95343017578125,136.93427420537571,29.019155970405535,29.019155970405535,842.1114132347232,127.54566972474257,38.40776045103868,38.40776045103868,1475.1560628643713
space2_time0,2020-12-01 18:00:00,32.25,36.75,2,0,179.0206298828125,129.6618968953347,49.358732987477794,49.358732987477794,2436.2845221291286,127.54566972474257,51.47496015806993,51.47496015806993,2649.671523274887
space2_time0,2020-12-01 18:00:00,28.25,35.75,2,0,180.980712890625,118.80070197655671,62.18001091406829,62.18001091406829,3866.353757273652,127.54566972474257,53.43504316588243,53.43504316588243,2855.303838139719
space2_time0,2020-12-01 18:00:00,24.25,35.0,2,0,165.30007934570312,70.30497998194443,94.9950993637587,94.9950993637587,9024.068903130388,127.54566972474257,37.75440962096056,37.75440962096056,1425.3954458272792
space2_time0,2020-12-01 18:00:00,20.0,34.25,2,0,138.51231384277344,76.57395666104402,61.938357181729415,61.938357181729415,3836.360090371492,127.54566972474257,10.966644118030871,10.966644118030871,120.2672832115411
space2_time0,2020-12-01 18:00:00,16.0,33.5,2,0,81.66999816894531,67.70915513776667,13.96084303117864,13.96084303117864,194.90513814120922,127.54566972474257,-45.875671555797254,45.875671555797254,2104.577240695385
space2_time0,2020-12-01 19:00:00,12.0,32.5,2,0,21.56087875366211,44.516261106903634,-22.955382353241525,22.955382353241525,526.9495789835124,127.54566972474257,-105.98479097108046,105.98479097108046,11232.775917183617
space2_time0,2020-12-01 19:00:00,7.75,31.75,2,0,16.98736000061035,58.56230376587152,-41.57494376526117,41.57494376526117,1728.4759490846284,127.54566972474257,-110.55830972413222,110.55830972413222,12223.139849057148
space2_time0,2020-12-01 19:00:00,3.75,30.75,2,0,16.98736000061035,111.52321306848431,-94.53585306787396,94.53585306787396,8937.027515270654,127.54566972474257,-110.55830972413222,110.55830972413222,12223.139849057148
space2_time0,2020-12-01 19:00:00,-0.5,29.75,2,0,-13.720560073852539,93.93006520173587,-107.65062527558841,107.65062527558841,11588.657122225155,127.54566972474257,-141.2662297985951,141.2662297985951,19956.14768150948
space2_time0,2020-12-01 19:00:00,-4.75,28.75,2,0,15.0272798538208,90.78150693086195,-75.75422707704115,75.75422707704115,5738.702920039915,127.54566972474257,-112.51838987092177,112.51838987092177,12660.38805914475
space2_time0,2020-12-01 19:00:00,-9.0,27.75,2,0,-2.6134400367736816,90.7615062938369,-93.37494633061058,93.37494633061058,8718.880602244408,127.54566972474257,-130.15910976151625,130.15910976151625,16941.393853910435
space2_time0,2020-12-01 19:00:00,-13.25,26.5,2,0,5.880239963531494,79.00910811724546,-73.12886815371397,73.12886815371397,5347.8313574432805,127.54566972474257,-121.66542976121107,121.66542976121107,14802.476798980186
space2_time0,2020-12-01 19:00:00,-17.75,25.0,2,0,13.720560073852539,73.64937384157892,-59.92881376772638,59.92881376772638,3591.4627196068313,127.54566972474257,-113.82510965089003,113.82510965089003,12956.155587037138
space2_time1,2020-12-02 12:00:00,7.25,125.75,2,1,-6.533599853515625,51.881013179738815,-58.41461303325444,58.41461303325444,3412.2670158248593,123.39558239722788,-129.9291822507435,129.9291822507435,16881.592400346923
space2_time1,2020-12-02 12:00:00,3.25,124.75,2,1,-16.98736000061035,51.03146312029351,-68.01882312090386,68.01882312090386,4626.5602987528055,123.39558239722788,-140.38294239783824,140.38294239783824,19707.37051627477
space2_time1,2020-12-02 12:00:00,-1.0,123.75,2,1,-10.453760147094727,75.26065663004712,-85.71441677714185,85.71441677714185,7346.961243445576,123.39558239722788,-133.8493425443226,133.8493425443226,17915.64649954741
space2_time1,2020-12-02 12:00:00,-5.25,122.75,2,1,-9.147039413452148,62.38388653644111,-71.53092594989326,71.53092594989326,5116.673367249113,123.39558239722788,-132.54262181068003,132.54262181068003,17567.546596448956
space2_time1,2020-12-02 12:00:00,-9.5,121.75,2,1,-5.226880073547363,59.4280116736976,-64.65489174724496,64.65489174724496,4180.2550268479645,123.39558239722788,-128.62246247077525,128.62246247077525,16543.737852045986
space2_time1,2020-12-02 12:00:00,-13.75,120.25,2,1,-26.1343994140625,51.39834924340136,-77.53274865746386,77.53274865746386,6011.327114381464,123.39558239722788,-149.52998181129038,149.52998181129038,22359.215460484833
space2_time1,2020-12-02 14:00:00,40.75,109.25,2,1,141.12576293945312,135.50132246957946,5.624440469873662,5.624440469873662,31.634330599152655,123.39558239722788,17.73018054222524,17.73018054222524,314.3593020599026
space2_time1,2020-12-02 14:00:00,36.75,107.75,2,1,146.35263061523438,134.26846183257942,12.084168782654956,12.084168782654956,146.02713516769256,123.39558239722788,22.95704821800649,22.95704821800649,527.026062883875
space2_time1,2020-12-02 14:00:00,33.0,106.75,2,1,148.96607971191406,139.231849636227,9.734230075687066,9.734230075687066,94.75523516641061,123.39558239722788,25.57049731468618,25.57049731468618,653.850332920373
space2_time1,2020-12-02 14:00:00,29.25,106.0,2,1,30.0545597076416,137.70240617165902,-107.64784646401742,107.64784646401742,11588.058848340668,123.39558239722788,-93.34102268958628,93.34102268958628,8712.54651673786
space2_time1,2020-12-02 14:00:00,25.5,105.0,2,1,6.533599853515625,133.23331863164998,-126.69971877813435,126.69971877813435,16052.81873845833,123.39558239722788,-116.86198254371226,116.86198254371226,13656.722964046909
space2_time1,2020-12-02 14:00:00,22.0,104.5,2,1,-5.226880073547363,131.43476102835803,-136.6616411019054,136.6616411019054,18676.404148665995,123.39558239722788,-128.62246247077525,128.62246247077525,16543.737852045986
space2_time1,2020-12-02 14:00:00,18.25,103.75,2,1,-18.947439193725586,92.16828563972352,-111.11572483344911,111.11572483344911,12346.704305262778,123.39558239722788,-142.34302159095347,142.34302159095347,20261.535795642645
space2_time1,2020-12-02 14:00:00,14.25,103.0,2,1,-26.1343994140625,84.37413334976337,-110.50853276382587,110.50853276382587,12212.135813613575,123.39558239722788,-149.52998181129038,149.52998181129038,22359.215460484833
space2_time1,2020-12-02 14:00:00,10.0,102.0,2,1,-24.174320220947266,55.30984153436034,-79.48416175530761,79.48416175530761,6317.731969943905,123.39558239722788,-147.56990261817515,147.56990261817515,21776.876158737698
space2_time1,2020-12-02 14:00:00,5.75,101.25,2,1,-17.64072036743164,95.03655106668926,-112.6772714341209,112.6772714341209,12696.167497838556,123.39558239722788,-141.03630276465952,141.03630276465952,19891.238697524706
space2_time1,2020-12-02 14:00:00,1.75,100.0,2,1,-22.867599487304688,95.56083715929033,-118.42843664659502,118.42843664659502,14025.29460655657,123.39558239722788,-146.26318188453257,146.26318188453257,21392.918374987858
space2_time1,2020-12-02 14:00:00,-2.5,99.25,2,1,-32.01464080810547,52.975876272418205,-84.99051708052367,84.99051708052367,7223.387993614786,123.39558239722788,-155.41022320533335,155.41022320533335,24152.337476731533
space2_time1,2020-12-02 14:00:00,-6.75,98.0,2,1,-21.56087875366211,63.68107614455156,-85.24195489821366,85.24195489821366,7266.190874869092,123.39558239722788,-144.95646115089,144.95646115089,21012.37562938948
space2_time1,2020-12-02 14:00:00,-11.25,96.75,2,1,-6.533599853515625,74.43035600503751,-80.96395585855313,80.96395585855313,6555.16214826574,123.39558239722788,-129.9291822507435,129.9291822507435,16881.592400346923
space2_time1,2020-12-02 14:00:00,-15.75,95.5,2,1,-13.06719970703125,64.31118610432362,-77.37838581135487,77.37838581135487,5987.414590770885,123.39558239722788,-136.46278210425913,136.46278210425913,18622.090899634506
space2_time1,2020-12-02 15:00:00,49.0,86.5,2,1,134.5921630859375,133.4015355477511,1.1906275381863907,1.1906275381863907,1.4175939346877853,123.39558239722788,11.196580688709616,11.196580688709616,125.3634191187851
space2_time1,2020-12-02 15:00:00,45.0,85.25,2,1,159.41983032226562,144.75403057183962,14.665799750426004,14.665799750426004,215.08568231959543,123.39558239722788,36.02424792503774,36.02424792503774,1297.746438564586
space2_time1,2020-12-02 15:00:00,41.0,84.25,2,1,141.12576293945312,135.50692086164776,5.618842077805368,5.618842077805368,31.57138629531615,123.39558239722788,17.73018054222524,17.73018054222524,314.3593020599026
space2_time1,2020-12-02 15:00:00,36.75,83.75,2,1,172.48703002929688,116.51586052921851,55.97116950007836,55.97116950007836,3132.771815206502,123.39558239722788,49.09144763206899,49.09144763206899,2409.970230612172
space2_time1,2020-12-02 15:00:00,32.75,82.75,2,1,137.20559692382812,107.84910699422936,29.356489929598766,29.356489929598766,861.8035009866337,123.39558239722788,13.810014526600241,13.810014526600241,190.71650122490968
space2_time1,2020-12-02 15:00:00,28.75,82.0,2,1,170.52696228027344,126.08461765501146,44.44234462526198,44.44234462526198,1975.1219957905525,123.39558239722788,47.131379883045554,47.131379883045554,2221.366969679951
space2_time1,2020-12-02 15:00:00,24.75,81.25,2,1,228.0226287841797,83.41004464191734,144.61258414226234,144.61258414226234,20912.799492302904,123.39558239722788,104.6270463869518,104.6270463869518,10946.818835657365
space2_time1,2020-12-02 15:00:00,20.75,80.25,2,1,226.06256103515625,72.85856351966927,153.20399751548698,153.20399751548698,23471.46485472534,123.39558239722788,102.66697863792837,102.66697863792837,10540.50850264084
space2_time1,2020-12-02 15:00:00,16.5,79.5,2,1,208.4218292236328,93.32078391875525,115.10104530487756,115.10104530487756,13248.250630275475,123.39558239722788,85.02624682640493,85.02624682640493,7229.4626493847345
space2_time1,2020-12-02 15:00:00,12.5,78.5,2,1,177.06056213378906,85.89251364068475,91.16804849310431,91.16804849310431,8311.613066041018,123.39558239722788,53.66497973656118,53.66497973656118,2879.930050125522
space2_time1,2020-12-02 15:00:00,8.5,77.75,2,1,110.41783905029297,78.50081416774387,31.9170248825491,31.9170248825491,1018.6964773532584,123.39558239722788,-12.977743346934915,12.977743346934915,168.42182237891345
space2_time1,2020-12-02 15:00:00,4.25,76.75,2,1,145.04591369628906,46.50812628225284,98.53778741403622,98.53778741403622,9709.695548453794,123.39558239722788,21.65033129906118,21.65033129906118,468.7368453591081
space2_time1,2020-12-02 15:00:00,0.0,75.75,2,1,179.6739959716797,60.361268647923616,119.31272732375606,119.31272732375606,14235.526901432968,123.39558239722788,56.278413574451804,56.278413574451804,3167.259834457041
space2_time1,2020-12-02 16:00:00,-4.25,74.75,2,1,163.9933624267578,42.28954532837187,121.70381709838594,121.70381709838594,14811.819096317378,123.39558239722788,40.59778002952993,40.59778002952993,1648.179743326099
space2_time1,2020-12-02 16:00:00,-8.25,73.75,2,1,126.75183868408203,78.28319508984006,48.46864359424197,48.46864359424197,2349.209411865653,123.39558239722788,3.3562562868541477,3.3562562868541477,11.264456263047991
space2_time1,2020-12-02 16:00:00,-12.75,72.5,2,1,128.7119140625,63.42583841095514,65.28607565154486,65.28607565154486,4262.271673979239,123.39558239722788,5.316331665272116,5.316331665272116,28.263382375174995
space2_time1,2020-12-02 16:00:00,-17.0,71.25,2,1,189.47439575195312,75.07971340088865,114.39468235106447,114.39468235106447,13086.143350200942,123.39558239722788,66.07881335472524,66.07881335472524,4366.409574368615
space2_time2,2020-12-02 17:00:00,47.5,61.75,2,2,376.98870849609375,150.4892010202348,226.49950747585896,226.49950747585896,51302.02688680669,132.8019508290291,244.18675766706465,244.18675766706465,59627.17261995376
space2_time2,2020-12-02 17:00:00,23.25,56.75,2,2,381.5622253417969,130.2887882560708,251.27343708572607,251.27343708572607,63138.34018487434,132.8019508290291,248.76027451276778,248.76027451276778,61881.674175667584
space2_time2,2020-12-02 17:00:00,19.0,55.75,2,2,258.7305603027344,116.38818064598651,142.34237965674788,142.34237965674788,20261.353046345754,132.8019508290291,125.92860947370528,125.92860947370528,15858.014683980975
space2_time2,2020-12-02 17:00:00,15.0,55.0,2,2,248.93016052246094,106.8930501762752,142.03711034618573,142.03711034618573,20174.540715494542,132.8019508290291,116.12820969343184,116.12820969343184,13485.761086601677
space2_time2,2020-12-02 17:00:00,11.0,54.0,2,2,250.89022827148438,118.45293322520568,132.43729504627868,132.43729504627868,17539.63711917507,132.8019508290291,118.08827744245528,118.08827744245528,13944.841269326293
space2_time2,2020-12-02 17:00:00,6.75,53.25,2,2,213.64871215820312,88.4279451218121,125.22076703639102,125.22076703639102,15680.240497182112,132.8019508290291,80.84676132917403,80.84676132917403,6536.198817416429
space2_time2,2020-12-02 17:00:00,2.75,52.25,2,2,231.2894287109375,73.30762928518325,157.98179942575425,157.98179942575425,24958.248949799246,132.8019508290291,98.4874778819084,98.4874778819084,9699.783299539396
space2_time2,2020-12-02 17:00:00,-1.5,51.25,2,2,223.44911193847656,55.50139537171698,167.9477165667596,167.9477165667596,28206.435499988616,132.8019508290291,90.64716110944747,90.64716110944747,8216.907817202125
space2_time2,2020-12-02 17:00:00,-5.75,50.25,2,2,221.48902893066406,65.30825987549244,156.18076905517162,156.18076905517162,24392.432622664855,132.8019508290291,88.68707810163497,88.68707810163497,7865.3978222055
space2_time2,2020-12-02 17:00:00,-10.0,49.25,2,2,218.87559509277344,55.79234570901714,163.0832493837563,163.0832493837563,26596.146229564452,132.8019508290291,86.07364426374434,86.07364426374434,7408.672236841609
space2_time2,2020-12-02 17:00:00,-14.25,47.75,2,2,213.64871215820312,74.40915749875177,139.23955465945136,139.23955465945136,19387.65358176234,132.8019508290291,80.84676132917403,80.84676132917403,6536.198817416429
space2_time2,2020-12-03 14:00:00,44.0,107.0,2,2,117.60479736328125,133.30268221725822,-15.697884853976973,15.697884853976973,246.42358888871965,132.8019508290291,-15.197153465747846,15.197153465747846,230.95347346149177
space2_time2,2020-12-03 14:00:00,40.0,106.0,2,2,150.27279663085938,135.63181590422852,14.640980726630858,14.640980726630858,214.35831663757622,132.8019508290291,17.47084580183028,17.47084580183028,305.2304530313307
space2_time2,2020-12-03 14:00:00,35.75,105.25,2,2,145.69927978515625,150.4925330660002,-4.793253280843942,4.793253280843942,22.97527701432121,132.8019508290291,12.897328956127154,12.897328956127154,166.34109420255595
space2_time2,2020-12-03 14:00:00,31.75,104.25,2,2,160.7265625,149.13921268716794,11.58734981283206,11.58734981283206,134.26667568493914,132.8019508290291,27.924611670970904,27.924611670970904,779.7839369745244
space2_time2,2020-12-03 14:00:00,27.75,103.5,2,2,143.08583068847656,148.19636929727963,-5.110538608803068,5.110538608803068,26.117604872066803,132.8019508290291,10.283879859447467,10.283879859447467,105.75818496354925
space2_time2,2020-12-03 14:00:00,23.75,102.75,2,2,86.89688110351562,160.9125337230365,-74.01565261952086,74.01565261952086,5478.316832693586,132.8019508290291,-45.90506972551347,45.90506972551347,2107.2754265042536
space2_time2,2020-12-03 14:00:00,19.75,102.0,2,2,-13.720560073852539,145.87350553722044,-159.59406561107298,159.59406561107298,25470.265778271467,132.8019508290291,-146.52251090288163,146.52251090288163,21468.84620128507
space2_time2,2020-12-03 14:00:00,15.5,101.0,2,2,-13.06719970703125,119.18095942939831,-132.24815913642956,132.24815913642956,17489.575594974398,132.8019508290291,-145.86915053606035,145.86915053606035,21277.809078111834
space2_time2,2020-12-03 14:00:00,11.5,100.0,2,2,-11.1071195602417,69.43478460800351,-80.54190416824521,80.54190416824521,6486.998327046796,132.8019508290291,-143.9090703892708,143.9090703892708,20709.820540304096
space2_time2,2020-12-03 14:00:00,7.5,99.0,2,2,-3.2667999267578125,88.23668103228258,-91.50348095904039,91.50348095904039,8372.887027621467,132.8019508290291,-136.0687507557869,136.0687507557869,18514.70493224046
space2_time2,2020-12-03 14:00:00,3.25,98.0,2,2,-18.294078826904297,112.38480284326107,-130.67888167016537,130.67888167016537,17076.970114565083,132.8019508290291,-151.0960296559334,151.0960296559334,22830.010177786702
space2_time2,2020-12-03 14:00:00,-1.0,96.75,2,2,-23.520959854125977,70.94619005860612,-94.4671499127321,94.4671499127321,8924.0424126346,132.8019508290291,-156.32291068315507,156.32291068315507,24436.85240445368
space2_time2,2020-12-03 14:00:00,-5.25,95.5,2,2,-18.947439193725586,69.26615663258757,-88.21359582631315,88.21359582631315,7781.638488608133,132.8019508290291,-151.74939002275468,151.74939002275468,23027.87737227812
space2_time2,2020-12-03 14:00:00,-9.75,94.5,2,2,-24.174320220947266,62.28920180703631,-86.46352202798357,86.46352202798357,7475.9406414836,132.8019508290291,-156.97627104997636,156.97627104997636,24641.549672755646
space2_time2,2020-12-03 14:00:00,-13.75,93.75,2,2,-16.333999633789062,63.64007251518584,-79.9740721489749,79.9740721489749,6395.852216089443,132.8019508290291,-149.13595046281816,149.13595046281816,22241.53172044815
space2_time2,2020-12-03 15:00:00,46.5,83.25,2,2,150.92616271972656,142.6384673323197,8.28769538740687,8.28769538740687,68.68589483444512,132.8019508290291,18.124211890697467,18.124211890697467,328.48705665889946
space2_time2,2020-12-03 15:00:00,42.5,82.5,2,2,155.4996795654297,140.87994723665318,14.619732328776507,14.619732328776507,213.73657336507296,132.8019508290291,22.69772873640059,22.69772873640059,515.1868897912252
space2_time2,2020-12-03 15:00:00,38.5,81.5,2,2,170.52696228027344,144.19050016512372,26.336462115149715,26.336462115149715,693.6092367427162,132.8019508290291,37.72501145124434,37.72501145124434,1423.1764889965168
space2_time2,2020-12-03 15:00:00,34.25,80.75,2,2,142.43247985839844,127.74279616123165,14.689683697166785,14.689683697166785,215.78680712280763,132.8019508290291,9.630529029369342,9.630529029369342,92.7470893855256
space2_time2,2020-12-03 16:00:00,30.25,79.75,2,2,130.0186309814453,142.64943446554835,-12.63080348410304,12.63080348410304,159.53719665402951,132.8019508290291,-2.7833198475837833,2.7833198475837833,7.746869373953815
space2_time2,2020-12-03 16:00:00,26.25,79.0,2,2,114.33799743652344,138.66893332352637,-24.330935887002937,24.330935887002937,591.9944411374474,132.8019508290291,-18.46395339250566,18.46395339250566,340.9175748806212
space2_time2,2020-12-03 16:00:00,22.25,78.25,2,2,30.70792007446289,141.1030902664847,-110.39517019202182,110.39517019202182,12187.093601725464,132.8019508290291,-102.0940307545662,102.0940307545662,10423.19111571431
space2_time2,2020-12-03 16:00:00,18.0,77.5,2,2,0.0,139.10208680239336,-139.10208680239336,139.10208680239336,19349.390552780576,132.8019508290291,-132.8019508290291,132.8019508290291,17636.35814399586
space2_time2,2020-12-03 16:00:00,14.0,76.5,2,2,19.600799560546875,133.2046202905433,-113.60382072999641,113.60382072999641,12905.828084453164,132.8019508290291,-113.20115126848222,113.20115126848222,12814.500648509795
space2_time2,2020-12-03 16:00:00,10.0,75.5,2,2,-5.880239963531494,83.22720458321852,-89.10744454675002,89.10744454675002,7940.1366736521295,132.8019508290291,-138.6821907925606,138.6821907925606,19232.750043024178
space2_time2,2020-12-03 16:00:00,5.75,74.5,2,2,-6.533599853515625,71.45273186958195,-77.98633172309758,77.98633172309758,6081.867935625016,132.8019508290291,-139.33555068254472,139.33555068254472,19414.395684007988
space2_time2,2020-12-03 16:00:00,1.75,73.5,2,2,-16.333999633789062,77.33453786704315,-93.66853750083222,93.66853750083222,8773.79491754481,132.8019508290291,-149.13595046281816,149.13595046281816,22241.53172044815
space2_time2,2020-12-03 16:00:00,-2.5,72.5,2,2,-11.1071195602417,70.17900693013591,-81.28612649037761,81.28612649037761,6607.434359809669,132.8019508290291,-143.9090703892708,143.9090703892708,20709.820540304096
space2_time2,2020-12-03 16:00:00,-6.75,71.5,2,2,-12.413839340209961,39.78819207340275,-52.20203141361271,52.20203141361271,2725.052083707808,132.8019508290291,-145.21579016923906,145.21579016923906,21087.625714476468
space2_time2,2020-12-03 16:00:00,-11.25,70.25,2,2,-26.78775978088379,41.17807376116682,-67.9658335420506,67.9658335420506,4619.354529065731,132.8019508290291,-159.58971060991288,159.58971060991288,25468.87573255574
space2_time2,2020-12-03 16:00:00,-15.75,69.0,2,2,-19.600799560546875,80.24408641302824,-99.84488597357512,99.84488597357512,9969.001255076217,132.8019508290291,-152.40275038957597,152.40275038957597,23226.598326307398
space2_time2,2020-12-03 17:00:00,49.25,60.0,2,2,153.5395965576172,145.7132814727771,7.8263150848400755,7.8263150848400755,61.25120780719532,132.8019508290291,20.73764572858809,20.73764572858809,430.0499503644279
space2_time2,2020-12-03 17:00:00,45.0,58.75,2,2,141.77911376953125,149.02367054198663,-7.2445567724553825,7.2445567724553825,52.48360282932915,132.8019508290291,8.977162940502154,8.977162940502154,80.58945446032529
space2_time2,2020-12-03 17:00:00,41.0,58.0,2,2,165.95343017578125,155.76758887493057,10.185841300850683,10.185841300850683,103.75136300611554,132.8019508290291,33.151479346752154,33.151479346752154,1099.0205828781347
space2_time2,2020-12-03 17:00:00,36.75,57.25,2,2,159.41983032226562,152.44689655707325,6.97293376519238,6.97293376519238,48.621805293759984,132.8019508290291,26.61787949323653,26.61787949323653,708.5115087164618
space2_time2,2020-12-03 17:00:00,32.75,56.25,2,2,148.96607971191406,153.23975503367564,-4.273675321761573,4.273675321761573,18.264300755833883,132.8019508290291,16.164128882884967,16.164128882884967,261.279062542516
space2_time2,2020-12-03 17:00:00,28.5,54.75,2,2,156.806396484375,137.59556447342518,19.210832010949815,19.210832010949815,369.0560665529341,132.8019508290291,24.004445655345904,24.004445655345904,576.2134112204549
space2_time2,2020-12-03 17:00:00,25.0,54.5,2,2,209.0751953125,113.17328652463196,95.90190878786804,95.90190878786804,9197.17610915656,132.8019508290291,76.2732444834709,76.2732444834709,5817.6078240353245
space2_time2,2020-12-03 17:00:00,20.5,53.75,2,2,169.22023010253906,103.81972379286763,65.40050630967143,65.40050630967143,4277.226225561372,132.8019508290291,36.41827927350997,36.41827927350997,1326.2910652433657
space2_time2,2020-12-03 17:00:00,16.5,53.0,2,2,71.21623992919922,124.37031069441602,-53.1540707652168,53.1540707652168,2825.3552389136753,132.8019508290291,-61.58571089982988,61.58571089982988,3792.7997870374247
space2_time2,2020-12-03 17:00:00,12.5,52.0,2,2,-4.573519706726074,105.9797120536274,-110.55323176035347,110.55323176035347,12222.017052658428,132.8019508290291,-137.37547053575517,137.37547053575517,18872.019904920136
space2_time2,2020-12-03 17:00:00,8.5,51.25,2,2,0.0,88.10617039303523,-88.10617039303523,88.10617039303523,7762.697261326557,132.8019508290291,-132.8019508290291,132.8019508290291,17636.35814399586
space2_time2,2020-12-03 17:00:00,4.25,50.25,2,2,-22.2142391204834,79.59039152462289,-101.80463064510629,101.80463064510629,10364.182820786515,132.8019508290291,-155.0161899495125,155.0161899495125,24030.01914646334
space2_time2,2020-12-03 17:00:00,0.0,49.0,2,2,-12.413839340209961,91.4755793010487,-103.88941864125866,103.88941864125866,10793.011305618702,132.8019508290291,-145.21579016923906,145.21579016923906,21087.625714476468
space2_time2,2020-12-03 17:00:00,-4.25,47.75,2,2,-17.64072036743164,79.97686863809147,-97.61758900552312,97.61758900552312,9529.193683251227,132.8019508290291,-150.44267119646074,150.44267119646074,22632.997316726396
space2_time2,2020-12-03 17:00:00,-8.5,46.75,2,2,-15.680639266967773,79.57023356876049,-95.25087283572826,95.25087283572826,9072.728775968075,132.8019508290291,-148.48259009599687,148.48259009599687,22047.07956161583
space2_time2,2020-12-03 17:00:00,-13.0,45.5,2,2,-9.147039413452148,84.5647642992672,-93.71180371271934,93.71180371271934,8781.902155091238,132.8019508290291,-141.94899024248124,141.94899024248124,20149.515830860037
space2_time2,2020-12-03 17:00:00,-17.25,44.5,2,2,-2.6134400367736816,73.74283787322622,-76.3562779099999,76.3562779099999,5830.281176269139,132.8019508290291,-135.41539086580278,135.41539086580278,18337.328083338143
space2_time2,2020-12-03 19:00:00,43.5,34.5,2,2,194.70127868652344,165.4254464353818,29.27583225114165,29.27583225114165,857.0743539969857,132.8019508290291,61.89932785749434,61.89932785749434,3831.526789209575
space2_time2,2020-12-03 19:00:00,39.5,33.5,2,2,197.31471252441406,147.1485950925418,50.166117431872266,50.166117431872266,2516.6393381883986,132.8019508290291,64.51276169538497,64.51276169538497,4161.89642156553
space2_time2,2020-12-03 19:00:00,35.5,32.75,2,2,204.50167846679688,146.32888098051455,58.17279748628232,58.17279748628232,3384.074367380015,132.8019508290291,71.69972763776778,71.69972763776778,5140.850943330081
space2_time2,2020-12-03 19:00:00,31.25,31.75,2,2,162.0332794189453,142.74842964529466,19.28484977365065,19.28484977365065,371.9054307922735,132.8019508290291,29.231328589916217,29.231328589916217,854.4705711316532
space2_time2,2020-12-03 19:00:00,27.25,31.0,2,2,214.95542907714844,140.108571708234,74.84685736891444,74.84685736891444,5602.052058002622,132.8019508290291,82.15347824811934,82.15347824811934,6749.193988264218
space2_time2,2020-12-03 19:00:00,23.25,30.0,2,2,228.67599487304688,138.3226777060142,90.35331716703269,90.35331716703269,8163.721923086403,132.8019508290291,95.87404404401778,95.87404404401778,9191.83232135426
space2_time2,2020-12-03 19:00:00,19.25,29.25,2,2,209.0751953125,123.17336970097045,85.90182561152955,85.90182561152955,7379.123643393634,132.8019508290291,76.2732444834709,76.2732444834709,5817.6078240353245
space2_time2,2020-12-03 19:00:00,15.0,28.5,2,2,212.995361328125,114.01034094493777,98.98502038318723,98.98502038318723,9798.034260259992,132.8019508290291,80.1934104990959,80.1934104990959,6430.983087476505
space2_time2,2020-12-03 19:00:00,11.0,27.5,2,2,230.63607788085938,79.43796619599794,151.19811168486143,151.19811168486143,22860.868977067832,132.8019508290291,97.83412705183028,97.83412705183028,9571.516415993668
space2_time2,2020-12-03 19:00:00,6.75,26.75,2,2,209.0751953125,71.12957558212264,137.94561973037736,137.94561973037736,19028.994002797874,132.8019508290291,76.2732444834709,76.2732444834709,5817.6078240353245
space2_time2,2020-12-03 19:00:00,2.75,25.75,2,2,196.00799560546875,111.73522703857505,84.2727685668937,84.2727685668937,7101.899521929227,132.8019508290291,63.206044776439654,63.206044776439654,3995.0040962812946
space2_time2,2020-12-03 19:00:00,-1.5,24.75,2,2,179.6739959716797,79.99676885879158,99.6772271128881,99.6772271128881,9935.549604914275,132.8019508290291,46.87204514265059,46.87204514265059,2196.988615854675
space2_time2,2020-12-03 19:00:00,-5.75,23.75,2,2,129.3652801513672,91.60271020282332,37.76256994854387,37.76256994854387,1426.0116891186685,132.8019508290291,-3.4366706776619083,3.4366706776619083,11.810705346701159
space2_time2,2020-12-03 19:00:00,-10.0,22.5,2,2,121.52495574951172,103.90367430835867,17.621281441153045,17.621281441153045,310.5095596283247,132.8019508290291,-11.276995079517377,11.276995079517377,127.17061802345913
space2_time2,2020-12-03 19:00:00,-14.25,21.25,2,2,129.3652801513672,92.82944045421478,36.53583969715241,36.53583969715241,1334.867582376018,132.8019508290291,-3.4366706776619083,3.4366706776619083,11.810705346701159
space2_time3,2020-12-04 12:00:00,38.75,120.25,2,3,166.60679626464844,144.411408522587,22.195387742061428,22.195387742061428,492.6352370204507,126.10995800502765,40.49683825962079,40.49683825962079,1639.993909025886
space2_time3,2020-12-04 12:00:00,34.75,121.75,2,3,161.37991333007812,142.97432656734242,18.40558676273571,18.40558676273571,338.765624080592,126.10995800502765,35.269955325050475,35.269955325050475,1243.9697486310563
space2_time3,2020-12-04 12:00:00,30.25,122.25,2,3,182.9407958984375,125.371284397523,57.5695115009145,57.5695115009145,3314.248654453927,126.10995800502765,56.83083789340985,56.83083789340985,3229.744135667029
space2_time3,2020-12-04 12:00:00,26.5,122.5,2,3,220.18231201171875,119.86487365978478,100.31743835193397,100.31743835193397,10063.588437494072,126.10995800502765,94.0723540066911,94.0723540066911,8849.60778836021
space2_time3,2020-12-04 12:00:00,22.5,123.0,2,3,203.19496154785156,83.0908871454543,120.10407440239726,120.10407440239726,14424.988688056577,126.10995800502765,77.08500354282391,77.08500354282391,5942.0977711971755
space2_time3,2020-12-04 12:00:00,18.5,123.25,2,3,188.1676788330078,84.0469815409431,104.12069729206472,104.12069729206472,10841.119604585774,126.10995800502765,62.05772082798016,62.05772082798016,3851.160714363523
space2_time3,2020-12-04 13:00:00,14.5,122.5,2,3,175.10047912597656,37.32065570639965,137.77982341957693,137.77982341957693,18983.279741529797,126.10995800502765,48.99052112094891,48.99052112094891,2400.0711597021414
space2_time3,2020-12-04 13:00:00,10.5,121.75,2,3,189.47439575195312,20.167445330426368,169.30695042152675,169.30695042152675,28664.843461037315,126.10995800502765,63.364437746925475,63.364437746925475,4015.051970983994
space2_time3,2020-12-04 13:00:00,6.25,120.75,2,3,150.92616271972656,19.24704240799081,131.67912031173574,131.67912031173574,17339.390726072575,126.10995800502765,24.816204714698912,24.816204714698912,615.8440164418445
space2_time3,2020-12-04 13:00:00,2.25,120.0,2,3,194.04791259765625,19.503287919859083,174.54462467779717,174.54462467779717,30465.826003913084,126.10995800502765,67.9379545926286,67.9379545926286,4615.565674230065
space2_time3,2020-12-04 13:00:00,-2.0,119.0,2,3,188.82102966308594,26.501281230816115,162.31974843226982,162.31974843226982,26347.70073111536,126.10995800502765,62.71107165805829,62.71107165805829,3932.6785085021215
space2_time3,2020-12-04 13:00:00,-6.25,118.0,2,3,183.5941619873047,30.402059016997033,153.19210297030764,153.19210297030764,23467.82041246534,126.10995800502765,57.48420398227704,57.48420398227704,3304.433707476035
space2_time3,2020-12-04 13:00:00,-10.5,116.75,2,3,109.11111450195312,22.004136727508673,87.10697777444446,87.10697777444446,7587.625576997561,126.10995800502765,-16.998843503074525,16.998843503074525,288.960680442019
space2_time3,2020-12-04 13:00:00,-15.0,115.25,2,3,88.8569564819336,24.51246986915594,64.34448661277766,64.34448661277766,4140.212957461923,126.10995800502765,-37.253001523094056,37.253001523094056,1387.7861224796482
space2_time3,2020-12-04 14:00:00,45.5,104.5,2,3,148.31271362304688,131.0820635991328,17.23065002391408,17.23065002391408,296.8953002466103,126.10995800502765,22.202755618019225,22.202755618019225,492.96235703348424
space2_time3,2020-12-04 14:00:00,41.5,104.0,2,3,149.6194305419922,134.9123078011502,14.707122740841982,14.707122740841982,216.29945931419135,126.10995800502765,23.509472536964537,23.509472536964537,552.6952989662898
space2_time3,2020-12-04 14:00:00,37.5,103.0,2,3,131.3253631591797,132.00249333943108,-0.677130180251396,0.677130180251396,0.4585052810072881,126.10995800502765,5.215405154152037,5.215405154152037,27.20045092195564
space2_time3,2020-12-04 14:00:00,33.75,102.0,2,3,101.27079772949219,120.90640386131392,-19.63560613182173,19.63560613182173,385.55702816403516,126.10995800502765,-24.839160275535463,24.839160275535463,616.983883193739
space2_time3,2020-12-04 14:00:00,29.5,101.25,2,3,28.094478607177734,115.61513174251361,-87.52065313533588,87.52065313533588,7659.864725235778,126.10995800502765,-98.01547939784992,98.01547939784992,9607.03420159034
space2_time3,2020-12-04 14:00:00,25.25,100.5,2,3,12.413839340209961,104.79136048757407,-92.3775211473641,92.3775211473641,8533.606413331703,126.10995800502765,-113.69611866481769,113.69611866481769,12926.807399444306
space2_time3,2020-12-04 14:00:00,21.25,99.75,2,3,6.533599853515625,92.53440685255201,-86.00080699903639,86.00080699903639,7396.138804485506,126.10995800502765,-119.57635815151203,119.57635815151203,14298.505428778677
space2_time3,2020-12-04 14:00:00,17.0,99.0,2,3,-2.6134400367736816,71.8983203325647,-74.51176036933838,74.51176036933838,5552.002433337705,126.10995800502765,-128.72339804180132,128.72339804180132,16569.71320342802
space2_time3,2020-12-04 14:00:00,13.0,98.0,2,3,-12.413839340209961,59.944312401750636,-72.3581517419606,72.3581517419606,5235.702123512596,126.10995800502765,-138.5237973452376,138.5237973452376,19188.842430944456
space2_time3,2020-12-04 14:00:00,9.0,97.25,2,3,-1.3067200183868408,53.20669782725709,-54.51341784564393,54.51341784564393,2971.7127252137698,126.10995800502765,-127.41667802341449,127.41667802341449,16235.009838522477
space2_time3,2020-12-04 14:00:00,4.75,96.25,2,3,0.0,56.16580880214315,-56.16580880214315,56.16580880214315,3154.5980783989007,126.10995800502765,-126.10995800502765,126.10995800502765,15903.721508029837
space2_time3,2020-12-04 14:00:00,0.5,95.25,2,3,11.1071195602417,26.176177783634117,-15.069058223392418,15.069058223392418,227.07651573999064,126.10995800502765,-115.00283844478595,115.00283844478595,13225.652850357537
space2_time3,2020-12-04 14:00:00,-3.5,94.25,2,3,-4.573519706726074,24.17024829292787,-28.743767999653944,28.743767999653944,826.2041988179301,126.10995800502765,-130.6834777117537,130.6834777117537,17078.17134683843
space2_time3,2020-12-04 14:00:00,-8.0,93.25,2,3,-7.186959743499756,20.858836962412166,-28.045796705911922,28.045796705911922,786.56671286934,126.10995800502765,-133.2969177485274,133.2969177485274,17768.068281257678
space2_time3,2020-12-04 14:00:00,-12.25,92.0,2,3,0.0,59.752202188113934,-59.752202188113934,59.752202188113934,3570.3256663292477,126.10995800502765,-126.10995800502765,126.10995800502765,15903.721508029837
space2_time3,2020-12-04 14:00:00,-16.5,90.5,2,3,15.0272798538208,54.1172120779101,-39.089932224089296,39.089932224089296,1528.0228012838948,126.10995800502765,-111.08267815120685,111.08267815120685,12339.361385244607
space2_time3,2020-12-04 16:00:00,48.0,81.25,2,3,163.33999633789062,135.6102888101511,27.72970752773952,27.72970752773952,768.9366795739738,126.10995800502765,37.230038332862975,37.230038332862975,1386.0757542664464
space2_time3,2020-12-04 16:00:00,44.0,80.25,2,3,147.65936279296875,135.52981404529328,12.129548747675472,12.129548747675472,147.1259528222356,126.10995800502765,21.5494047879411,21.5494047879411,464.37684671453883
space2_time3,2020-12-04 16:00:00,40.0,79.25,2,3,199.27479553222656,124.75868606386899,74.51610946835757,74.51610946835757,5552.650570300249,126.10995800502765,73.16483752719891,73.16483752719891,5353.093450381414
space2_time3,2020-12-04 16:00:00,36.0,78.75,2,3,177.06056213378906,121.59975478626912,55.460807347519946,55.460807347519946,3075.9011516387222,126.10995800502765,50.95060412876141,50.95060412876141,2595.9640610857596
space2_time3,2020-12-04 16:00:00,31.75,77.75,2,3,156.806396484375,119.13801478309416,37.668381701280836,37.668381701280836,1418.9069799933889,126.10995800502765,30.69643847934735,30.69643847934735,942.2713353163566
space2_time3,2020-12-04 16:00:00,27.75,77.0,2,3,171.18031311035156,85.93936436161101,85.24094874874055,85.24094874874055,7266.0193435854135,126.10995800502765,45.07035510532391,45.07035510532391,2031.3369093199972
space2_time3,2020-12-04 16:00:00,23.75,76.25,2,3,207.7684783935547,84.37194202982583,123.39653636372886,123.39653636372886,15226.705186565057,126.10995800502765,81.65852038852704,81.65852038852704,6668.113952043486
space2_time3,2020-12-04 16:00:00,19.75,75.25,2,3,214.95542907714844,82.02681749660255,132.9286115805459,132.9286115805459,17670.015776731638,126.10995800502765,88.84547107212079,88.84547107212079,7893.517730027052
space2_time3,2020-12-04 16:00:00,15.5,74.5,2,3,244.35662841796875,69.2115290323971,175.14509938557165,175.14509938557165,30675.805838781773,126.10995800502765,118.2466704129411,118.2466704129411,13982.27506374672
space2_time3,2020-12-04 16:00:00,11.5,73.75,2,3,220.83567810058594,63.75971911859601,157.0759589819899,157.0759589819899,24672.856890111776,126.10995800502765,94.72572009555829,94.72572009555829,8972.962047622055
space2_time3,2020-12-04 16:00:00,7.5,72.75,2,3,190.1277618408203,37.29786659602182,152.82989524479848,152.82989524479848,23356.976880536076,126.10995800502765,64.01780383579266,64.01780383579266,4098.2792079580295
space2_time3,2020-12-04 16:00:00,3.25,71.75,2,3,156.1530303955078,21.717095838261795,134.43593455724601,134.43593455724601,18073.020500280134,126.10995800502765,30.043072390480162,30.043072390480162,902.5861986596315
space2_time3,2020-12-04 16:00:00,-1.0,70.75,2,3,210.3819122314453,52.53398401835369,157.84792821309162,157.84792821309162,24915.968441165325,126.10995800502765,84.27195422641766,84.27195422641766,7101.762269139434
space2_time3,2020-12-04 16:00:00,-5.25,69.75,2,3,195.35462951660156,32.85860151391992,162.49602800268164,162.49602800268164,26404.959116648297,126.10995800502765,69.24467151157391,69.24467151157391,4794.824532745776
space2_time3,2020-12-04 16:00:00,-9.5,68.75,2,3,200.58151245117188,24.279906197434926,176.30160625373696,176.30160625373696,31082.256367647704,126.10995800502765,74.47155444614422,74.47155444614422,5546.012421625023
space2_time3,2020-12-04 16:00:00,-13.75,67.5,2,3,165.30007934570312,66.6707150188728,98.62936432683033,98.62936432683033,9727.751507514631,126.10995800502765,39.190121340675475,39.190121340675475,1535.8656106968672
space2_time3,2020-12-04 17:00:00,46.5,56.75,2,3,163.33999633789062,141.14876549219818,22.191230845692445,22.191230845692445,492.4507264468118,126.10995800502765,37.230038332862975,37.230038332862975,1386.0757542664464
space2_time3,2020-12-04 17:00:00,42.5,55.75,2,3,162.68663024902344,138.83325286837237,23.853377380651068,23.853377380651068,568.983612463756,126.10995800502765,36.57667224399579,36.57667224399579,1337.852952444692
space2_time3,2020-12-04 17:00:00,38.5,55.0,2,3,161.37991333007812,135.86726455569112,25.512648774387003,25.512648774387003,650.8952474852307,126.10995800502765,35.269955325050475,35.269955325050475,1243.9697486310563
space2_time3,2020-12-04 17:00:00,33.0,50.75,2,3,173.14039611816406,122.08953530722344,51.05086081094062,51.05086081094062,2606.190389538033,126.10995800502765,47.03043811313641,47.03043811313641,2211.862109113554
space2_time3,2020-12-04 17:00:00,30.75,53.5,2,3,173.79376220703125,110.90044051181542,62.89332169521583,62.89332169521583,3955.5699138579066,126.10995800502765,47.6838042020036,47.6838042020036,2273.7451831750163
space2_time3,2020-12-04 17:00:00,26.25,52.5,2,3,214.3020782470703,95.31568768601542,118.98639056105489,118.98639056105489,14157.761138747892,126.10995800502765,88.19212024204266,88.19212024204266,7777.850072786911
space2_time3,2020-12-04 17:00:00,22.25,51.75,2,3,173.14039611816406,58.86289043657325,114.27750568159081,114.27750568159081,13059.34830480602,126.10995800502765,47.03043811313641,47.03043811313641,2211.862109113554
space2_time3,2020-12-04 17:00:00,18.0,50.75,2,3,199.92816162109375,41.60688112435123,158.32128049674253,158.32128049674253,25065.627858128228,126.10995800502765,73.8182036160661,73.8182036160661,5449.127185102994
space2_time3,2020-12-04 17:00:00,14.0,50.0,2,3,167.91351318359375,59.11505091252949,108.79846227106427,108.79846227106427,11837.105392548196,126.10995800502765,41.8035551785661,41.8035551785661,1747.5372255674206
space2_time3,2020-12-04 17:00:00,10.0,49.25,2,3,171.18031311035156,66.87121981960071,104.30909329075085,104.30909329075085,10880.386943138565,126.10995800502765,45.07035510532391,45.07035510532391,2031.3369093199972
space2_time3,2020-12-04 17:00:00,5.75,48.25,2,3,152.23287963867188,67.19376499335273,85.03911464531915,85.03911464531915,7231.651019659733,126.10995800502765,26.122921633644225,26.122921633644225,682.4070346775175
space2_time3,2020-12-04 17:00:00,1.75,47.5,2,3,139.81903076171875,67.77809515621749,72.04093560550126,72.04093560550126,5189.89640291598,126.10995800502765,13.7090727566911,13.7090727566911,187.9386758482501
space2_time3,2020-12-04 17:00:00,-2.5,46.25,2,3,150.92616271972656,27.29956234177962,123.62660037794694,123.62660037794694,15283.53632100859,126.10995800502765,24.816204714698912,24.816204714698912,615.8440164418445
space2_time3,2020-12-04 17:00:00,-6.75,45.25,2,3,105.84431457519531,55.049275544023025,50.79503903117229,50.79503903117229,2580.135990178316,126.10995800502765,-20.265643429832338,20.265643429832338,410.69630362510657
space2_time3,2020-12-04 17:00:00,-11.0,44.0,2,3,79.05655670166016,58.25752090799334,20.799035793666818,20.799035793666818,432.5998899462335,126.10995800502765,-47.053401303367494,47.053401303367494,2214.022574215746
space2_time3,2020-12-04 17:00:00,-15.5,42.5,2,3,64.6826400756836,71.18363758719131,-6.50099751150772,6.50099751150772,42.26296864462957,126.10995800502765,-61.427317929344056,61.427317929344056,3773.3153879927136
space2_time3,2020-12-04 19:00:00,41.0,31.25,2,3,188.1676788330078,125.62004036441778,62.54763846859004,62.54763846859004,3912.2070779974442,126.10995800502765,62.05772082798016,62.05772082798016,3851.160714363523
space2_time3,2020-12-04 19:00:00,37.0,30.5,2,3,183.5941619873047,114.61283726267844,68.98132472462625,68.98132472462625,4758.423160764332,126.10995800502765,57.48420398227704,57.48420398227704,3304.433707476035
space2_time3,2020-12-04 19:00:00,33.0,29.75,2,3,163.9933624267578,103.69378717686521,60.2995752498926,60.2995752498926,3636.03877531746,126.10995800502765,37.88340442173016,37.88340442173016,1435.1523305803644
space2_time3,2020-12-04 19:00:00,28.75,29.0,2,3,156.1530303955078,96.27075059887473,59.882279796633085,59.882279796633085,3585.887433642251,126.10995800502765,30.043072390480162,30.043072390480162,902.5861986596315
space2_time3,2020-12-04 19:00:00,24.75,28.0,2,3,116.9514389038086,89.23540535830892,27.71603354549967,27.71603354549967,768.178515495263,126.10995800502765,-9.158519101219056,9.158519101219056,83.87847212739432
space2_time3,2020-12-04 19:00:00,20.75,27.25,2,3,13.06719970703125,82.57541131343116,-69.50821160639991,69.50821160639991,4831.391480720067,126.10995800502765,-113.0427582979964,113.0427582979964,12778.665203619234
space2_time3,2020-12-04 19:00:00,16.5,26.25,2,3,-3.9201598167419434,73.04256042591255,-76.9627202426545,76.9627202426545,5923.2603071491,126.10995800502765,-130.03011782176958,130.03011782176958,16907.83154074328
space2_time3,2020-12-04 19:00:00,12.5,25.5,2,3,-11.760479927062988,57.74284756245092,-69.50332748951391,69.50332748951391,4830.7125321146195,126.10995800502765,-137.87043793209062,137.87043793209062,19008.257655586454
space2_time3,2020-12-04 19:00:00,8.5,24.5,2,3,-3.9201598167419434,50.47951380194027,-54.399673618682215,54.399673618682215,2959.3244898191497,126.10995800502765,-130.03011782176958,130.03011782176958,16907.83154074328
space2_time3,2020-12-04 19:00:00,4.25,23.75,2,3,-15.0272798538208,72.8931510322682,-87.920430886089,87.920430886089,7730.002167195552,126.10995800502765,-141.13723785884844,141.13723785884844,19919.71991042516
space2_time3,2020-12-04 19:00:00,0.25,22.75,2,3,-15.680639266967773,48.24799368277692,-63.928632949744696,63.928632949744696,4086.870110823183,126.10995800502765,-141.7905972719954,141.7905972719954,20104.57347474919
space2_time3,2020-12-04 19:00:00,-4.25,21.25,2,3,-4.573519706726074,53.374113068177635,-57.94763277490371,57.94763277490371,3357.9281442150946,126.10995800502765,-130.6834777117537,130.6834777117537,17078.17134683843
space2_time3,2020-12-04 19:00:00,-8.5,20.5,2,3,5.880239963531494,65.49348263857993,-59.61324267504844,59.61324267504844,3553.7387022342164,126.10995800502765,-120.22971804149616,120.22971804149616,14455.185100337667
space2_time3,2020-12-04 19:00:00,-12.75,19.25,2,3,8.493680000305176,63.1657920231511,-54.67211202284592,54.67211202284592,2989.039833038614,126.10995800502765,-117.61627800472247,117.61627800472247,13833.588851684164
space3_time0,2020-12-01 02:00:00,81.25,-62.25,3,0,112.37791442871094,170.96260714216726,-58.58469271345632,58.58469271345632,3432.166220330102,116.68283383691752,-4.304919408206587,4.304919408206587,18.53233111115375
space3_time0,2020-12-01 02:00:00,76.75,-67.0,3,0,135.24551391601562,157.06618433895525,-21.820670422939628,21.820670422939628,476.1416577065523,116.68283383691752,18.5626800790981,18.5626800790981,344.5730917189455
space3_time0,2020-12-01 02:00:00,72.5,-70.0,3,0,116.9514389038086,174.12887718219386,-57.17743827838527,57.17743827838527,3269.259448078557,116.68283383691752,0.26860506689106955,0.26860506689106955,0.07214868195955595
space3_time0,2020-12-01 02:00:00,68.25,-72.0,3,0,125.44511413574219,159.82740589009688,-34.382291754354696,34.382291754354696,1182.141986281567,116.68283383691752,8.762280298824663,8.762280298824663,76.77755603517083
space3_time0,2020-12-01 02:00:00,64.0,-73.75,3,0,135.24551391601562,165.3931217149252,-30.147607798909576,30.147607798909576,908.8782559968735,116.68283383691752,18.5626800790981,18.5626800790981,344.5730917189455
space3_time0,2020-12-01 02:00:00,59.75,-75.0,3,0,146.35263061523438,152.85199237863452,-6.499361763400145,6.499361763400145,42.241703331547846,116.68283383691752,29.66979677831685,29.66979677831685,880.296840866621
space3_time0,2020-12-01 02:00:00,55.75,-76.25,3,0,134.5921630859375,165.34113152535173,-30.748968439414227,30.748968439414227,945.4990600880922,116.68283383691752,17.909329249019976,17.909329249019976,320.74407414980243
space3_time0,2020-12-01 02:00:00,51.5,-77.5,3,0,162.68663024902344,158.64520014838263,4.0414301006408095,4.0414301006408095,16.333157258365585,116.68283383691752,46.00379641210591,46.00379641210591,2116.349284326489
space3_time0,2020-12-01 05:00:00,78.0,-114.5,3,0,102.5775146484375,168.82993292668516,-66.25241827824766,66.25241827824766,4389.382927715885,116.68283383691752,-14.105319188480024,14.105319188480024,198.96002940890276
space3_time0,2020-12-01 05:00:00,73.5,-117.75,3,0,118.91151428222656,171.51203146446923,-52.60051718224267,52.60051718224267,2766.814407839406,116.68283383691752,2.2286804453090383,2.2286804453090383,4.967016527302893
space3_time0,2020-12-01 05:00:00,69.25,-120.0,3,0,128.05856323242188,162.48122511143154,-34.42266187900967,34.42266187900967,1184.9196508366254,116.68283383691752,11.37572939550435,11.37572939550435,129.40721927974178
space3_time0,2020-12-01 05:00:00,62.75,-124.25,3,0,131.9787139892578,163.66652670932555,-31.68781272006774,31.68781272006774,1004.1174749820868,116.68283383691752,15.295880152340288,15.295880152340288,233.96394963475757
space3_time0,2020-12-01 05:00:00,59.0,-125.25,3,0,131.9787139892578,158.3305109708477,-26.3517969815899,26.3517969815899,694.4172041589305,116.68283383691752,15.295880152340288,15.295880152340288,233.96394963475757
space3_time0,2020-12-01 05:00:00,55.5,-126.0,3,0,147.65936279296875,174.03392998227463,-26.37456718930588,26.37456718930588,695.6177944232102,116.68283383691752,30.976528956051226,30.976528956051226,959.54534616508
space3_time0,2020-12-01 05:00:00,52.0,-126.5,3,0,131.9787139892578,160.65525237377292,-28.676538384515112,28.676538384515112,822.3438537185685,116.68283383691752,15.295880152340288,15.295880152340288,233.96394963475757
space3_time0,2020-12-01 07:00:00,80.5,-135.5,3,0,118.91151428222656,157.212019253692,-38.30050497146544,38.30050497146544,1466.9286810692493,116.68283383691752,2.2286804453090383,2.2286804453090383,4.967016527302893
space3_time0,2020-12-01 07:00:00,76.25,-139.75,3,0,120.2182388305664,169.39822239361973,-49.17998356305333,49.17998356305333,2418.6707832621955,116.68283383691752,3.535404993648882,3.535404993648882,12.499088469117451
space3_time0,2020-12-01 07:00:00,72.0,-142.75,3,0,116.29808044433594,172.4273494670544,-56.12926902271846,56.12926902271846,3150.494841024702,116.68283383691752,-0.3847533925815867,0.3847533925815867,0.14803517310304057
space3_time0,2020-12-01 07:00:00,67.75,-144.75,3,0,143.73919677734375,151.74987715486094,-8.01068037751719,8.01068037751719,64.17100011073894,116.68283383691752,27.056362940426226,27.056362940426226,732.0467755640697
space3_time0,2020-12-01 07:00:00,63.5,-146.5,3,0,111.07119750976562,151.79665874488012,-40.725461235114494,40.725461235114494,1658.5631928128134,116.68283383691752,-5.611636327151899,5.611636327151899,31.490462268210855
space3_time0,2020-12-01 07:00:00,59.25,-147.75,3,0,135.8988800048828,168.97824149012655,-33.07936148524374,33.07936148524374,1094.2441562714268,116.68283383691752,19.21604616796529,19.21604616796529,369.2564303293734
space3_time0,2020-12-01 09:00:00,79.0,-161.75,3,0,114.33799743652344,167.47338502381965,-53.13538758729621,53.13538758729621,2823.369414052192,116.68283383691752,-2.3448364003940867,2.3448364003940867,5.498257744613098
space3_time0,2020-12-01 09:00:00,74.75,-165.5,3,0,124.13839721679688,167.88508763037393,-43.746690413577056,43.746690413577056,1913.7729221413547,116.68283383691752,7.455563379879351,7.455563379879351,55.58542531139801
space3_time0,2020-12-01 09:00:00,67.75,-170.75,3,0,151.5795135498047,169.12666087457652,-17.547147324771828,17.547147324771828,307.9023792372471,116.68283383691752,34.89667971288716,34.89667971288716,1217.7782549838305
space3_time0,2020-12-01 09:00:00,64.25,-172.0,3,0,128.7119140625,170.11017690407084,-41.39826284157084,41.39826284157084,1713.816166299785,116.68283383691752,12.029080225582476,12.029080225582476,144.69877107349936
space3_time0,2020-12-01 09:00:00,60.5,-173.25,3,0,114.9913558959961,174.15713800117922,-59.165782105183126,59.165782105183126,3500.5897721180077,116.68283383691752,-1.6914779409214304,1.6914779409214304,2.861097624623802
space3_time0,2020-12-01 10:00:00,77.25,172.5,3,0,131.3253631591797,148.66544112440823,-17.340077965228545,17.340077965228545,300.67830384020453,116.68283383691752,14.642529322262163,14.642529322262163,214.40366495330724
space3_time0,2020-12-01 10:00:00,73.0,169.5,3,0,154.8463134765625,154.39287669748,0.45343677908249447,0.45343677908249447,0.2056049126247069,116.68283383691752,38.163479639644976,38.163479639644976,1456.4511782055965
space3_time0,2020-12-01 10:00:00,68.75,167.25,3,0,133.28543090820312,145.17962914162777,-11.894198233424646,11.894198233424646,141.47195161600197,116.68283383691752,16.6025970712856,16.6025970712856,275.64622951146123
space3_time0,2020-12-01 10:00:00,64.5,165.75,3,0,142.43247985839844,148.9075240532327,-6.475044194834254,6.475044194834254,41.926197325056776,116.68283383691752,25.749646021480913,25.749646021480913,663.0442702315678
space3_time0,2020-12-01 10:00:00,60.25,164.25,3,0,137.20559692382812,153.30407847692913,-16.09848155310101,16.09848155310101,259.1611083155335,116.68283383691752,20.5227630869106,20.5227630869106,421.1838047214603
space3_time0,2020-12-01 12:00:00,80.0,151.25,3,0,107.80439758300781,150.86450093459214,-43.06010335158433,43.06010335158433,1854.1725006491242,116.68283383691752,-8.878436253909712,8.878436253909712,78.82663031473831
space3_time0,2020-12-01 12:00:00,75.75,147.25,3,0,122.83168029785156,150.8116855832596,-27.980005285408026,27.980005285408026,782.8806957714611,116.68283383691752,6.148846460934038,6.148846460934038,37.808312800141046
space3_time0,2020-12-01 12:00:00,71.5,144.25,3,0,129.3652801513672,152.89403781313237,-23.528757661765184,23.528757661765184,553.6024371060738,116.68283383691752,12.682446314449663,12.682446314449663,160.84444451889786
space3_time0,2020-12-01 12:00:00,67.25,142.5,3,0,128.05856323242188,148.49948747779482,-20.44092424537294,20.44092424537294,417.83138400507534,116.68283383691752,11.37572939550435,11.37572939550435,129.40721927974178
space3_time0,2020-12-01 12:00:00,63.0,141.0,3,0,120.2182388305664,146.56796957736032,-26.34973074679391,26.34973074679391,694.3083104285363,116.68283383691752,3.535404993648882,3.535404993648882,12.499088469117451
space3_time0,2020-12-01 12:00:00,58.75,139.5,3,0,148.96607971191406,153.15579598179173,-4.189716269877664,4.189716269877664,17.553722422077605,116.68283383691752,32.28324587499654,32.28324587499654,1042.207964225481
space3_time0,2020-12-01 12:00:00,52.5,137.75,3,0,151.5795135498047,155.93404131794907,-4.354527768144379,4.354527768144379,18.96191208354047,116.68283383691752,34.89667971288716,34.89667971288716,1217.7782549838305
space3_time0,2020-12-01 12:00:00,48.75,136.5,3,0,152.23287963867188,160.64011788889758,-8.407238250225703,8.407238250225703,70.68165499605814,116.68283383691752,35.55004580175435,35.55004580175435,1263.805756506832
space3_time0,2020-12-01 17:00:00,79.5,78.25,3,0,105.84431457519531,152.23931373462406,-46.39499915942875,46.39499915942875,2152.4959470033946,116.68283383691752,-10.838519261722212,10.838519261722212,117.4734997867234
space3_time0,2020-12-01 17:00:00,75.25,74.0,3,0,120.87159729003906,160.8449043673104,-39.97330707727133,39.97330707727133,1597.86527869383,116.68283383691752,4.188763453121538,4.188763453121538,17.545739266206674
space3_time0,2020-12-01 17:00:00,70.75,71.75,3,0,116.29808044433594,152.53852841395107,-36.24044796961513,36.24044796961513,1313.3700690383816,116.68283383691752,-0.3847533925815867,0.3847533925815867,0.14803517310304057
space3_time0,2020-12-01 17:00:00,66.5,69.75,3,0,125.44511413574219,175.27649265182563,-49.83137851608345,49.83137851608345,2483.1662848131828,116.68283383691752,8.762280298824663,8.762280298824663,76.77755603517083
space3_time0,2020-12-01 17:00:00,62.25,68.25,3,0,134.5921630859375,167.5638891432135,-32.97172605727599,32.97172605727599,1087.1347191960524,116.68283383691752,17.909329249019976,17.909329249019976,320.74407414980243
space3_time0,2020-12-01 17:00:00,58.25,67.0,3,0,173.14039611816406,166.37151465355666,6.768881464607404,6.768881464607404,45.817756281905666,116.68283383691752,56.45756228124654,56.45756228124654,3187.456338740832
space3_time0,2020-12-01 17:00:00,54.25,66.0,3,0,174.44711303710938,180.82247776284976,-6.375364725740383,6.375364725740383,40.64527538621474,116.68283383691752,57.76427920019185,57.76427920019185,3336.711951517717
space3_time0,2020-12-01 18:00:00,78.0,52.25,3,0,122.17831420898438,157.6182965947791,-35.439982385794735,35.439982385794735,1255.992351505441,116.68283383691752,5.495480372066851,5.495480372066851,30.20030451977201
space3_time0,2020-12-01 18:00:00,73.5,49.0,3,0,142.43247985839844,154.31238720596943,-11.879907347570992,11.879907347570992,141.13219858687123,116.68283383691752,25.749646021480913,25.749646021480913,663.0442702315678
space3_time0,2020-12-01 18:00:00,69.25,46.75,3,0,159.41983032226562,157.3897173781339,2.03011294413173,2.03011294413173,4.121358565931201,116.68283383691752,42.7369964853481,42.7369964853481,1826.450868588656
space3_time0,2020-12-01 18:00:00,65.0,45.0,3,0,147.00599670410156,159.28496862475592,-12.278971920654357,12.278971920654357,150.77315142821814,116.68283383691752,30.32316286718404,30.32316286718404,919.4942062697689
space3_time0,2020-12-01 18:00:00,60.75,43.75,3,0,163.33999633789062,157.5391588887863,5.8008374491043355,5.8008374491043355,33.6497151109313,116.68283383691752,46.6571625009731,46.6571625009731,2176.8908126422107
space3_time0,2020-12-01 18:00:00,56.75,42.5,3,0,169.22023010253906,160.43142184586844,8.78880825667062,8.78880825667062,77.24315057252167,116.68283383691752,52.53739626562154,52.53739626562154,2760.178006370944
space3_time0,2020-12-01 18:00:00,52.5,41.25,3,0,137.8589630126953,163.80576812502784,-25.946805112332527,25.946805112332527,673.2366955373653,116.68283383691752,21.17612917577779,21.17612917577779,448.4284468692273
space3_time0,2020-12-01 18:00:00,48.5,40.5,3,0,137.20559692382812,169.22021364531895,-32.014616721490825,32.014616721490825,1024.9356838239598,116.68283383691752,20.5227630869106,20.5227630869106,421.1838047214603
space3_time0,2020-12-01 20:00:00,80.75,31.25,3,0,98.00399780273438,162.2997415851146,-64.29574378238021,64.29574378238021,4133.942668529484,116.68283383691752,-18.67883603418315,18.67883603418315,348.89891559189886
space3_time0,2020-12-01 20:00:00,76.25,26.75,3,0,110.41783905029297,164.68906274152948,-54.271223691236514,54.271223691236514,2945.3657209442317,116.68283383691752,-6.2649947866245554,6.2649947866245554,39.25015967643286
space3_time0,2020-12-01 20:00:00,72.0,23.75,3,0,129.3652801513672,165.34875966042412,-35.983479509056934,35.983479509056934,1294.8107975787202,116.68283383691752,12.682446314449663,12.682446314449663,160.84444451889786
space3_time0,2020-12-01 20:00:00,67.75,22.0,3,0,151.5795135498047,154.68783918599718,-3.1083256361924896,3.1083256361924896,9.661688260611445,116.68283383691752,34.89667971288716,34.89667971288716,1217.7782549838305
space3_time0,2020-12-01 20:00:00,63.5,20.25,3,0,135.24551391601562,170.38432156546955,-35.13880764945392,35.13880764945392,1234.7358030253215,116.68283383691752,18.5626800790981,18.5626800790981,344.5730917189455
space3_time0,2020-12-01 20:00:00,59.25,19.0,3,0,154.8463134765625,160.34637581958663,-5.500062343024126,5.500062343024126,30.25068577715204,116.68283383691752,38.163479639644976,38.163479639644976,1456.4511782055965
space3_time0,2020-12-01 20:00:00,55.0,17.75,3,0,180.980712890625,162.3147016337319,18.666011256893114,18.666011256893114,348.41997624246045,116.68283383691752,64.29787905370748,64.29787905370748,4134.217250805194
space3_time0,2020-12-01 20:00:00,51.0,17.0,3,0,179.0206298828125,162.62763890046304,16.39299098234946,16.39299098234946,268.7301533473907,116.68283383691752,62.337796045894976,62.337796045894976,3886.0008158595992
space3_time0,2020-12-01 20:00:00,47.0,16.0,3,0,169.87359619140625,149.7643967053026,20.10919948610365,20.10919948610365,404.37990397191123,116.68283383691752,53.190762354488726,53.190762354488726,2829.257199851695
space3_time0,2020-12-01 20:00:00,43.0,14.75,3,0,184.90087890625,147.93800087382047,36.96287803242953,36.96287803242953,1366.2543524402615,116.68283383691752,68.21804506933248,68.21804506933248,4653.701673081477
space3_time0,2020-12-01 21:00:00,79.0,5.0,3,0,124.79175567626953,154.78863963464627,-29.996883958376742,29.996883958376742,899.8130472123199,116.68283383691752,8.108921839352007,8.108921839352007,65.75461339671993
space3_time0,2020-12-01 21:00:00,74.75,1.5,3,0,133.28543090820312,154.43818313334575,-21.15275222514262,21.15275222514262,447.4389266982761,116.68283383691752,16.6025970712856,16.6025970712856,275.64622951146123
space3_time0,2020-12-01 21:00:00,70.25,-1.0,3,0,143.08583068847656,148.57306732640896,-5.487236637932398,5.487236637932398,30.109765920667645,116.68283383691752,26.40299685155904,26.40299685155904,697.1182427434364
space3_time0,2020-12-01 21:00:00,66.0,-3.0,3,0,123.48503875732422,158.6915567084022,-35.206517951077984,35.206517951077984,1239.4989062395764,116.68283383691752,6.8022049204066946,6.8022049204066946,46.26999177920504
space3_time0,2020-12-01 22:00:00,62.0,-4.25,3,0,167.91351318359375,160.0311984277148,7.8823147558789515,7.8823147558789515,62.130885910747054,116.68283383691752,51.230679346676226,51.230679346676226,2624.582506321958
space3_time0,2020-12-01 22:00:00,57.75,-5.75,3,0,175.10047912597656,146.55116202896969,28.549317097006877,28.549317097006877,815.0635067054492,116.68283383691752,58.41764528905904,58.41764528905904,3412.621281118322
space3_time0,2020-12-01 22:00:00,53.75,-6.75,3,0,163.33999633789062,142.7403784962189,20.599617841671716,20.599617841671716,424.3442552229197,116.68283383691752,46.6571625009731,46.6571625009731,2176.8908126422107
space3_time1,2020-12-01 23:00:00,77.25,-20.75,3,1,112.37791442871094,155.35377562896406,-42.97586120025312,42.97586120025312,1846.9246459034216,114.699589825996,-2.3216753972850626,2.3216753972850626,5.390176650358753
space3_time1,2020-12-01 23:00:00,73.0,-23.75,3,1,120.2182388305664,142.44108193118717,-22.222843100620764,22.222843100620764,493.8547554748079,114.699589825996,5.518649004570406,5.518649004570406,30.455486835645935
space3_time1,2020-12-01 23:00:00,68.75,-26.0,3,1,130.6719970703125,147.54558570804468,-16.873588637732183,16.873588637732183,284.71799351540466,114.699589825996,15.9724072443165,15.9724072443165,255.11779317829422
space3_time1,2020-12-01 23:00:00,64.5,-27.5,3,1,124.13839721679688,156.33453583196652,-32.196138615169644,32.196138615169644,1036.591341727218,114.699589825996,9.438807390800875,9.438807390800875,89.09108496063722
space3_time1,2020-12-01 23:00:00,60.25,-29.0,3,1,140.47239685058594,161.05635579123287,-20.583958940646937,20.583958940646937,423.699365670239,114.699589825996,25.772807024589937,25.772807024589937,664.2375819267525
space3_time1,2020-12-01 23:00:00,56.25,-30.25,3,1,160.7265625,174.4731189272451,-13.74655642724511,13.74655642724511,188.96781360743387,114.699589825996,46.026972674004,46.026972674004,2118.4822135335107
space3_time1,2020-12-02 01:00:00,80.0,-41.75,3,1,105.19095611572266,158.9218701083926,-53.73091399266994,53.73091399266994,2887.011118487694,114.699589825996,-9.508633710273344,9.508633710273344,90.41411503614661
space3_time1,2020-12-02 01:00:00,75.75,-46.25,3,1,118.91151428222656,161.52426188900552,-42.61274760677895,42.61274760677895,1815.8462585990453,114.699589825996,4.211924456230562,4.211924456230562,17.740307624993118
space3_time1,2020-12-02 01:00:00,71.5,-48.75,3,1,111.72455596923828,154.52819755092122,-42.80364158168294,42.80364158168294,1832.1517326531766,114.699589825996,-2.975033856757719,2.975033856757719,8.850826448854708
space3_time1,2020-12-02 01:00:00,67.25,-50.75,3,1,134.5921630859375,157.24390030521528,-22.651737219277777,22.651737219277777,513.1011990512142,114.699589825996,19.8925732599415,19.8925732599415,395.71447090213957
space3_time1,2020-12-02 01:00:00,63.0,-52.25,3,1,148.96607971191406,153.42636667070684,-4.4602869587927785,4.4602869587927785,19.894159754776933,114.699589825996,34.26648988591806,34.26648988591806,1174.192329101725
space3_time1,2020-12-02 01:00:00,58.75,-53.75,3,1,140.47239685058594,159.3341690775002,-18.86177222691427,18.86177222691427,355.7664515399945,114.699589825996,25.772807024589937,25.772807024589937,664.2375819267525
space3_time1,2020-12-02 02:00:00,78.5,-68.25,3,1,114.9913558959961,160.24174942437963,-45.25039352838354,45.25039352838354,2047.598114473575,114.699589825996,0.2917660700000937,0.2917660700000937,0.08512743960329958
space3_time1,2020-12-02 02:00:00,74.0,-71.5,3,1,114.33799743652344,155.41690447712918,-41.07890704060574,41.07890704060574,1687.476603650728,114.699589825996,-0.36159238947256256,0.36159238947256256,0.13074905612447738
space3_time1,2020-12-02 02:00:00,69.75,-73.75,3,1,126.75183868408203,165.3806911054886,-38.62885242140658,38.62885242140658,1492.1882393948088,114.699589825996,12.052248858086031,12.052248858086031,145.25670253723604
space3_time1,2020-12-02 02:00:00,65.5,-75.75,3,1,122.83168029785156,161.96514004198096,-39.1334597441294,39.1334597441294,1531.427671545396,114.699589825996,8.132090471855562,8.132090471855562,66.13089544244403
space3_time1,2020-12-02 02:00:00,61.25,-77.0,3,1,114.33799743652344,165.18081545027823,-50.842818013754794,50.842818013754794,2584.992143579789,114.699589825996,-0.36159238947256256,0.36159238947256256,0.13074905612447738
space3_time1,2020-12-02 02:00:00,57.25,-78.0,3,1,130.6719970703125,169.39614113373722,-38.72414406342472,38.72414406342472,1499.5593334448718,114.699589825996,15.9724072443165,15.9724072443165,255.11779317829422
space3_time1,2020-12-02 02:00:00,53.25,-79.25,3,1,168.56687927246094,168.37975618484955,0.18712308761138274,0.18712308761138274,0.035015049917217225,114.699589825996,53.86728944646494,53.86728944646494,2901.684872309233
space3_time1,2020-12-02 04:00:00,81.25,-88.75,3,1,123.48503875732422,156.49687384311932,-33.0118350857951,33.0118350857951,1089.7812557317322,114.699589825996,8.785448931328219,8.785448931328219,77.18411292497613
space3_time1,2020-12-02 04:00:00,76.75,-93.75,3,1,126.09848022460938,160.41466832737152,-34.31618810276214,34.31618810276214,1177.6007659041538,114.699589825996,11.398890398613375,11.398890398613375,129.93470231960018
space3_time1,2020-12-02 04:00:00,72.5,-96.75,3,1,120.2182388305664,158.21613555616148,-37.99789672559507,37.99789672559507,1443.8401555689884,114.699589825996,5.518649004570406,5.518649004570406,30.455486835645935
space3_time1,2020-12-02 04:00:00,68.25,-98.75,3,1,128.05856323242188,155.01810462769342,-26.959541395271543,26.959541395271543,726.8168722433599,114.699589825996,13.358973406425875,13.358973406425875,178.46217047359374
space3_time1,2020-12-02 04:00:00,64.0,-100.25,3,1,128.05856323242188,147.9426829429403,-19.884119710518434,19.884119710518434,395.37821666222766,114.699589825996,13.358973406425875,13.358973406425875,178.46217047359374
space3_time1,2020-12-02 04:00:00,59.75,-101.75,3,1,132.632080078125,159.4013276581689,-26.769247580043896,26.769247580043896,716.592616001686,114.699589825996,17.932490252129,17.932490252129,321.5742066427016
space3_time1,2020-12-02 04:00:00,55.75,-102.75,3,1,156.806396484375,166.18542694832274,-9.379030463947743,9.379030463947743,87.96621244365981,114.699589825996,42.106806658379,42.106806658379,1772.98316696611
space3_time1,2020-12-02 04:00:00,51.5,-104.0,3,1,128.05856323242188,163.72592338937935,-35.66736015695747,35.66736015695747,1272.1605805661172,114.699589825996,13.358973406425875,13.358973406425875,178.46217047359374
space3_time1,2020-12-02 04:00:00,47.5,-105.0,3,1,162.0332794189453,163.14327926089152,-1.1099998419462054,1.1099998419462054,1.2320996491206009,114.699589825996,47.33368959294931,47.33368959294931,2240.4781704816783
space3_time1,2020-12-02 04:00:00,43.5,-105.75,3,1,180.32736206054688,152.46377381731193,27.863588243234943,27.863588243234943,776.3795497885405,114.699589825996,65.62777223455087,65.62777223455087,4307.0044884700865
space3_time1,2020-12-02 04:00:00,39.5,-106.75,3,1,152.23287963867188,153.7167312202974,-1.4838515816255153,1.4838515816255153,2.2018155162925432,114.699589825996,37.533289812675875,37.533289812675875,1408.7478441623186
space3_time1,2020-12-02 05:00:00,79.5,-115.25,3,1,119.56488037109375,171.96956226957883,-52.40468189848508,52.40468189848508,2746.25068488141,114.699589825996,4.86529054509775,4.86529054509775,23.67105208821756
space3_time1,2020-12-02 06:00:00,75.25,-119.25,3,1,100.61743927001953,165.0565072627425,-64.43906799272298,64.43906799272298,4152.393483770776,114.699589825996,-14.082150555976469,14.082150555976469,198.30696428118836
space3_time1,2020-12-02 06:00:00,70.75,-121.5,3,1,128.05856323242188,157.39220116330034,-29.333637930878467,29.333637930878467,860.462314259872,114.699589825996,13.358973406425875,13.358973406425875,178.46217047359374
space3_time1,2020-12-02 06:00:00,66.75,-123.5,3,1,137.8589630126953,140.58782001938428,-2.728857006688969,2.728857006688969,7.44666056295548,114.699589825996,23.159373186699312,23.159373186699312,536.3565664008071
space3_time1,2020-12-02 06:00:00,62.25,-125.0,3,1,152.88623046875,142.16137516163556,10.724855307114439,10.724855307114439,115.02252135854074,114.699589825996,38.186640642754,38.186640642754,1458.2195235788315
space3_time1,2020-12-02 06:00:00,58.25,-126.25,3,1,141.12576293945312,164.3726211690371,-23.246858229583978,23.246858229583978,540.4164175463764,114.699589825996,26.426173113457125,26.426173113457125,698.3426254224042
space3_time1,2020-12-02 06:00:00,54.25,-127.25,3,1,139.81903076171875,153.44522426053484,-13.626193498816093,13.626193498816093,185.67314926717796,114.699589825996,25.11944093572275,25.11944093572275,630.9863129232638
space3_time1,2020-12-02 07:00:00,78.0,-141.0,3,1,108.45775604248047,160.5890364933842,-52.131280450903745,52.131280450903745,2717.670401450779,114.699589825996,-6.241833783515531,6.241833783515531,38.960488981035816
space3_time1,2020-12-02 07:00:00,73.5,-144.25,3,1,116.29808044433594,161.96274408206915,-45.66466363773321,45.66466363773321,2085.261505147314,114.699589825996,1.5984906183399374,1.5984906183399374,2.5551722569207955
space3_time1,2020-12-02 07:00:00,69.25,-146.5,3,1,127.40519714355469,141.50694874797554,-14.101751604420855,14.101751604420855,198.85939831278614,114.699589825996,12.705607317558687,12.705607317558687,161.43245730800086
space3_time1,2020-12-02 07:00:00,65.0,-148.25,3,1,150.92616271972656,137.50281049433397,13.423352225392591,13.423352225392591,180.18638496695223,114.699589825996,36.22657289373056,36.22657289373056,1312.364583624774
space3_time1,2020-12-02 07:00:00,61.0,-149.5,3,1,126.09848022460938,150.47888731298784,-24.380407088378462,24.380407088378462,594.4042497950547,114.699589825996,11.398890398613375,11.398890398613375,129.93470231960018
space3_time1,2020-12-02 09:00:00,80.75,-162.0,3,1,101.92415618896484,146.83430496975197,-44.910148780787125,44.910148780787125,2016.9214635124354,114.699589825996,-12.775433637031156,12.775433637031156,163.2117046141871
space3_time1,2020-12-02 09:00:00,76.25,-166.5,3,1,116.9514389038086,146.63608865768242,-29.684649753873828,29.684649753873828,881.1784310101615,114.699589825996,2.2518490778125937,2.2518490778125937,5.070824269245429
space3_time1,2020-12-02 09:00:00,72.0,-169.25,3,1,142.43247985839844,158.08901011287628,-15.656530254477843,15.656530254477843,245.12693960938003,114.699589825996,27.732890032402437,27.732890032402437,769.1131895493264
space3_time1,2020-12-02 09:00:00,67.75,-171.25,3,1,147.00599670410156,155.13112362241222,-8.125126918310656,8.125126918310656,66.01768743865641,114.699589825996,32.30640687810556,32.30640687810556,1043.7039253737064
space3_time1,2020-12-02 09:00:00,63.25,-173.0,3,1,158.7664794921875,143.08060577895156,15.685873713235935,15.685873713235935,246.0466341475861,114.699589825996,44.0668896661915,44.0668896661915,1941.8907648522952
space3_time1,2020-12-02 09:00:00,59.25,-174.5,3,1,162.0332794189453,143.62328688681757,18.409992532127745,18.409992532127745,338.92782503299935,114.699589825996,47.33368959294931,47.33368959294931,2240.4781704816783
space3_time1,2020-12-02 10:00:00,79.0,171.75,3,1,124.79175567626953,156.86418516670594,-32.072429490436406,32.072429490436406,1028.6407334190149,114.699589825996,10.092165850273531,10.092165850273531,101.85181154942727
space3_time1,2020-12-02 10:00:00,74.75,168.0,3,1,127.40519714355469,150.17413589312454,-22.768938749569855,22.768938749569855,518.4245717816636,114.699589825996,12.705607317558687,12.705607317558687,161.43245730800086
space3_time1,2020-12-02 10:00:00,70.25,165.75,3,1,150.92616271972656,152.10800715787215,-1.181844438145589,1.181844438145589,1.396756275975663,114.699589825996,36.22657289373056,36.22657289373056,1312.364583624774
space3_time1,2020-12-02 10:00:00,66.0,163.75,3,1,137.20559692382812,140.81930102802872,-3.6137041042005933,3.6137041042005933,13.058857352716213,114.699589825996,22.506007097832125,22.506007097832125,506.52035548767
space3_time1,2020-12-02 10:00:00,61.75,162.25,3,1,139.16567993164062,142.909646473298,-3.743966541657386,3.743966541657386,14.017285465049968,114.699589825996,24.466090105644625,24.466090105644625,598.5895650575218
space3_time1,2020-12-02 10:00:00,57.75,161.0,3,1,147.65936279296875,133.63089116336405,14.028471629604695,14.028471629604695,196.7980162626238,114.699589825996,32.95977296697275,32.95977296697275,1086.3466340343878
space3_time1,2020-12-02 12:00:00,77.25,146.0,3,1,137.8589630126953,152.8558478096162,-14.996884796920881,14.996884796920881,224.90655361211665,114.699589825996,23.159373186699312,23.159373186699312,536.3565664008071
space3_time1,2020-12-02 12:00:00,73.0,143.0,3,1,141.77911376953125,153.13293826337832,-11.353824493847071,11.353824493847071,128.9093306370817,114.699589825996,27.07952394353525,27.07952394353525,733.3006170084989
space3_time1,2020-12-02 12:00:00,68.75,140.75,3,1,128.7119140625,144.49614464898474,-15.784230586484739,15.784230586484739,249.14193520732036,114.699589825996,14.012324236504,14.012324236504,196.3452305089174
space3_time1,2020-12-02 12:00:00,64.5,139.25,3,1,120.2182388305664,145.15308638926467,-24.934847558698266,24.934847558698266,621.7466227755209,114.699589825996,5.518649004570406,5.518649004570406,30.455486835645935
space3_time1,2020-12-02 12:00:00,60.25,137.75,3,1,122.83168029785156,144.68732636194488,-21.85564606409332,21.85564606409332,477.6692648789179,114.699589825996,8.132090471855562,8.132090471855562,66.13089544244403
space3_time1,2020-12-02 12:00:00,56.0,136.5,3,1,138.51231384277344,145.73506590127485,-7.222752058501413,7.222752058501413,52.168147298586405,114.699589825996,23.812724016777437,23.812724016777437,567.045825099209
space3_time1,2020-12-02 12:00:00,52.0,135.5,3,1,132.632080078125,138.9859237303716,-6.35384365224661,6.35384365224661,40.37132915719454,114.699589825996,17.932490252129,17.932490252129,321.5742066427016
space3_time1,2020-12-02 12:00:00,48.0,134.5,3,1,160.0731964111328,153.9842498727223,6.088946538410511,6.088946538410511,37.075269947621344,114.699589825996,45.37360658513681,45.37360658513681,2058.764174542771
space3_time1,2020-12-02 14:00:00,80.5,123.75,3,1,133.9387969970703,153.01003331551735,-19.071236318447035,19.071236318447035,363.71205471405324,114.699589825996,19.239207171074312,19.239207171074312,370.14709257151725
space3_time1,2020-12-02 14:00:00,75.75,120.25,3,1,108.45775604248047,148.27827978707307,-39.820523744592606,39.820523744592606,1585.6741112936636,114.699589825996,-6.241833783515531,6.241833783515531,38.960488981035816
space3_time1,2020-12-02 14:00:00,71.25,117.75,3,1,134.5921630859375,146.56257618352564,-11.970413097588136,11.970413097588136,143.2907897269096,114.699589825996,19.8925732599415,19.8925732599415,395.71447090213957
space3_time1,2020-12-02 14:00:00,67.0,116.0,3,1,147.65936279296875,144.67360738397406,2.9857554089946916,2.9857554089946916,8.914735362341059,114.699589825996,32.95977296697275,32.95977296697275,1086.3466340343878
space3_time1,2020-12-02 14:00:00,63.0,114.25,3,1,145.69927978515625,152.9761940564191,-7.276914271262854,7.276914271262854,52.95348131130899,114.699589825996,30.99968995916025,30.99968995916025,960.9807775640609
space3_time1,2020-12-02 14:00:00,58.75,113.25,3,1,128.05856323242188,149.98745529835514,-21.92889206593327,21.92889206593327,480.8763072393511,114.699589825996,13.358973406425875,13.358973406425875,178.46217047359374
space3_time1,2020-12-02 14:00:00,54.75,112.25,3,1,143.73919677734375,149.16241213856867,-5.423215361224919,5.423215361224919,29.41126485422593,114.699589825996,29.03960695134775,29.03960695134775,843.2987718887646
space3_time1,2020-12-02 14:00:00,50.5,111.0,3,1,114.33799743652344,154.41411626829708,-40.07611883177364,40.07611883177364,1606.0953006184418,114.699589825996,-0.36159238947256256,0.36159238947256256,0.13074905612447738
space3_time1,2020-12-02 14:00:00,46.5,110.0,3,1,118.2581558227539,150.53782884081681,-32.27967301806291,32.27967301806291,1041.9772901530584,114.699589825996,3.558565996757906,3.558565996757906,12.663391953281591
space3_time1,2020-12-02 15:00:00,78.5,98.75,3,1,122.83168029785156,153.15342644368573,-30.32174614583417,30.32174614583417,919.4082893324093,114.699589825996,8.132090471855562,8.132090471855562,66.13089544244403
space3_time1,2020-12-02 15:00:00,74.25,95.5,3,1,130.0186309814453,147.98415615179096,-17.965525170345643,17.965525170345643,322.76009464632284,114.699589825996,15.319041155449312,15.319041155449312,234.67302192234982
space3_time1,2020-12-02 15:00:00,69.75,92.75,3,1,126.09848022460938,145.002943850056,-18.904463625446624,18.904463625446624,357.3787449658345,114.699589825996,11.398890398613375,11.398890398613375,129.93470231960018
space3_time1,2020-12-02 15:00:00,65.5,91.25,3,1,133.9387969970703,157.46128678797615,-23.522489790905837,23.522489790905837,553.3075259632693,114.699589825996,19.239207171074312,19.239207171074312,370.14709257151725
space3_time1,2020-12-02 15:00:00,61.5,89.75,3,1,137.20559692382812,162.54253684458257,-25.336939920754446,25.336939920754446,641.9605245479203,114.699589825996,22.506007097832125,22.506007097832125,506.52035548767
space3_time1,2020-12-02 15:00:00,57.25,88.5,3,1,143.73919677734375,164.34990074897948,-20.61070397163573,20.61070397163573,424.8011182064008,114.699589825996,29.03960695134775,29.03960695134775,843.2987718887646
space3_time1,2020-12-02 15:00:00,53.25,87.5,3,1,167.91351318359375,160.79427961242092,7.119233571172828,7.119233571172828,50.68348664091421,114.699589825996,53.21392335759775,53.21392335759775,2831.7216391082875
space3_time2,2020-12-02 17:00:00,81.25,78.0,3,2,115.64471435546875,155.84039107664336,-40.19567672117461,40.19567672117461,1615.6924270731781,125.02198887915839,-9.377274523689636,9.377274523689636,87.93327749263868
space3_time2,2020-12-02 17:00:00,76.75,73.0,3,2,117.60479736328125,155.98969109097723,-38.38489372769598,38.38489372769598,1473.4000664865143,125.02198887915839,-7.4171915158771355,7.4171915158771355,55.01472998319976
space3_time2,2020-12-02 17:00:00,72.5,70.0,3,2,141.12576293945312,161.5587359413601,-20.432973001906987,20.432973001906987,417.50638569665983,125.02198887915839,16.10377406029474,16.10377406029474,259.3315389850217
space3_time2,2020-12-02 17:00:00,68.25,68.0,3,2,147.00599670410156,159.32667121801808,-12.320674513916515,12.320674513916515,151.79902047787195,125.02198887915839,21.984007824943177,21.984007824943177,483.2966000471628
space3_time2,2020-12-02 17:00:00,64.0,66.5,3,2,137.8589630126953,158.55983887280178,-20.700875860106464,20.700875860106464,428.5262613755385,125.02198887915839,12.836974133536927,12.836974133536927,164.78790490509613
space3_time2,2020-12-02 17:00:00,60.0,65.0,3,2,138.51231384277344,153.4298336991808,-14.917519856407353,14.917519856407353,222.53239866630764,125.02198887915839,13.490324963615052,13.490324963615052,181.98886762393545
space3_time2,2020-12-02 17:00:00,55.75,64.0,3,2,164.64671325683594,157.76386097673088,6.882852280105055,6.882852280105055,47.37365550974736,125.02198887915839,39.62472437767755,39.62472437767755,1570.1187820069138
space3_time2,2020-12-02 17:00:00,51.75,62.75,3,2,150.27279663085938,156.52730644917239,-6.254509818313011,6.254509818313011,39.118893067373854,125.02198887915839,25.25080775170099,25.25080775170099,637.6032921133627
space3_time2,2020-12-02 20:00:00,78.0,25.75,3,2,130.6719970703125,154.02584037086015,-23.353843300547652,23.353843300547652,545.4019969065345,125.02198887915839,5.6500081911541145,5.6500081911541145,31.922592560108587
space3_time2,2020-12-02 20:00:00,73.5,22.5,3,2,125.44511413574219,156.5729334503807,-31.127819314638515,31.127819314638515,968.9411352847826,125.02198887915839,0.42312525658380196,0.42312525658380196,0.17903498275910823
space3_time2,2020-12-02 20:00:00,69.25,20.25,3,2,157.4597625732422,147.8657342927943,9.594028280447901,9.594028280447901,92.04537864603411,125.02198887915839,32.4377736940838,32.4377736940838,1052.209162228595
space3_time2,2020-12-02 20:00:00,65.0,18.5,3,2,124.13839721679688,149.44001138877715,-25.301614171980276,25.301614171980276,640.1716797077531,125.02198887915839,-0.8835916623615105,0.8835916623615105,0.7807342257947777
space3_time2,2020-12-02 20:00:00,61.0,17.0,3,2,175.7538299560547,150.72977366080653,25.024056295248158,25.024056295248158,626.2033934677489,125.02198887915839,50.7318410768963,50.7318410768963,2573.719699051463
space3_time2,2020-12-02 20:00:00,54.5,14.75,3,2,154.19296264648438,154.5763598477231,-0.3833972012387221,0.3833972012387221,0.1469934139176852,125.02198887915839,29.17097376732599,29.17097376732599,850.945710534021
space3_time2,2020-12-02 20:00:00,50.75,13.25,3,2,150.27279663085938,154.64308775954572,-4.370291128686347,4.370291128686347,19.099444549474583,125.02198887915839,25.25080775170099,25.25080775170099,637.6032921133627
space3_time2,2020-12-02 20:00:00,47.0,12.5,3,2,135.24551391601562,136.81407021024216,-1.5685562942265392,1.5685562942265392,2.4603688481576933,125.02198887915839,10.22352503685724,10.22352503685724,104.52046417924682
space3_time2,2020-12-02 20:00:00,43.25,11.5,3,2,120.2182388305664,146.16209682971933,-25.943857999152925,25.943857999152925,673.0837678802112,125.02198887915839,-4.803750048591979,4.803750048591979,23.076014529347443
space3_time2,2020-12-02 22:00:00,80.75,4.75,3,2,115.64471435546875,148.69650899608735,-33.051794640618596,33.051794640618596,1092.4211289656241,125.02198887915839,-9.377274523689636,9.377274523689636,87.93327749263868
space3_time2,2020-12-02 22:00:00,76.25,0.25,3,2,141.12576293945312,156.06403652267517,-14.938273583222042,14.938273583222042,223.1520176471895,125.02198887915839,16.10377406029474,16.10377406029474,259.3315389850217
space3_time2,2020-12-02 22:00:00,72.0,-2.75,3,2,131.3253631591797,150.46701586261085,-19.141652703431163,19.141652703431163,366.40286821877356,125.02198887915839,6.303374280021302,6.303374280021302,39.732527314034066
space3_time2,2020-12-02 22:00:00,67.75,-4.5,3,2,150.27279663085938,148.18511132106931,2.0876853097900607,2.0876853097900607,4.358429952713222,125.02198887915839,25.25080775170099,25.25080775170099,637.6032921133627
space3_time2,2020-12-02 22:00:00,63.5,-6.25,3,2,185.55422973632812,145.6715629706957,39.88266676563242,39.88266676563242,1590.6271083384809,125.02198887915839,60.53224085716974,60.53224085716974,3664.1521831904097
space3_time2,2020-12-02 22:00:00,59.25,-7.5,3,2,181.6340789794922,157.58328517143727,24.05079380805492,24.05079380805492,578.4406827975729,125.02198887915839,56.6120901003338,56.6120901003338,3204.9287455283124
space3_time2,2020-12-02 22:00:00,55.25,-8.75,3,2,178.36727905273438,160.8995188249614,17.46776022777297,17.46776022777297,305.12264737496724,125.02198887915839,53.34529017357599,53.34529017357599,2845.719983703023
space3_time2,2020-12-02 22:00:00,51.0,-9.75,3,2,134.5921630859375,158.5280231462659,-23.935860060328395,23.935860060328395,572.925396827624,125.02198887915839,9.570174206779114,9.570174206779114,91.58823434810026
space3_time2,2020-12-02 23:00:00,79.0,-21.5,3,2,128.7119140625,164.90589995076564,-36.193985888265644,36.193985888265644,1310.0046144799726,125.02198887915839,3.6899251833416145,3.6899251833416145,13.615547858658648
space3_time2,2020-12-02 23:00:00,74.75,-25.25,3,2,109.11111450195312,161.92221801275213,-52.811103510799,52.811103510799,2789.0126540283263,125.02198887915839,-15.91087437720526,15.91087437720526,253.15592344720687
space3_time2,2020-12-02 23:00:00,70.25,-27.5,3,2,128.7119140625,153.68588045853002,-24.973966396030022,24.973966396030022,623.6989975500368,125.02198887915839,3.6899251833416145,3.6899251833416145,13.615547858658648
space3_time2,2020-12-02 23:00:00,66.25,-29.5,3,2,113.68463897705078,159.91560514554922,-46.23096616849844,46.23096616849844,2137.3022328728475,125.02198887915839,-11.337349902107604,11.337349902107604,128.5355028028193
space3_time2,2020-12-02 23:00:00,62.0,-31.0,3,2,147.65936279296875,172.99118293855395,-25.331820145585198,25.331820145585198,641.701111888276,125.02198887915839,22.637373913810364,22.637373913810364,512.450697713662
space3_time2,2020-12-02 23:00:00,57.75,-32.25,3,2,172.48703002929688,167.5634375513957,4.923592477901167,4.923592477901167,24.241762888444953,125.02198887915839,47.46504115013849,47.46504115013849,2252.9301313843403
space3_time2,2020-12-03 14:00:00,77.25,119.25,3,2,137.20559692382812,147.47446392938755,-10.268867005559429,10.268867005559429,105.44962957786707,125.02198887915839,12.18360804466974,12.18360804466974,148.4403049861412
space3_time2,2020-12-03 14:00:00,73.0,116.25,3,2,122.17831420898438,143.66463652486348,-21.486322315879107,21.486322315879107,461.6620466618445,125.02198887915839,-2.8436746701740105,2.8436746701740105,8.086485629789268
space3_time2,2020-12-03 14:00:00,68.75,114.25,3,2,139.81903076171875,138.9478076938401,0.8712230678786455,0.8712230678786455,0.7590296340038789,125.02198887915839,14.797041882560364,14.797041882560364,218.95244847424559
space3_time2,2020-12-03 14:00:00,64.5,112.75,3,2,139.16567993164062,145.39590931622868,-6.230229384588057,6.230229384588057,38.81575818458448,125.02198887915839,14.14369105248224,14.14369105248224,200.04399658806616
space3_time2,2020-12-03 14:00:00,60.5,111.25,3,2,127.40519714355469,144.82927854331393,-17.424081399759245,17.424081399759245,303.5986126254361,125.02198887915839,2.383208264396302,2.383208264396302,5.679681631486834
space3_time2,2020-12-03 14:00:00,56.25,109.75,3,2,126.09848022460938,132.9667283929975,-6.868248168388135,6.868248168388135,47.17283290256697,125.02198887915839,1.0764913454509895,1.0764913454509895,1.1588336168308815
space3_time2,2020-12-03 14:00:00,52.0,109.0,3,2,107.15103912353516,137.6810727884627,-30.530033664927544,30.530033664927544,932.0829555816091,125.02198887915839,-17.87094975562323,17.87094975562323,319.37084516800996
space3_time2,2020-12-03 14:00:00,48.0,108.0,3,2,107.15103912353516,131.92282608528163,-24.77178696174647,24.77178696174647,613.6414292781525,125.02198887915839,-17.87094975562323,17.87094975562323,319.37084516800996
space3_time2,2020-12-03 15:00:00,80.0,98.5,3,2,123.48503875732422,139.00479679043085,-15.519758033106626,15.519758033106626,240.86288940617766,125.02198887915839,-1.5369501218341668,1.5369501218341668,2.36221567700606
space3_time2,2020-12-03 15:00:00,75.75,94.0,3,2,127.40519714355469,144.4402557261817,-17.035058582627016,17.035058582627016,290.1932209135344,125.02198887915839,2.383208264396302,2.383208264396302,5.679681631486834
space3_time2,2020-12-03 15:00:00,71.5,91.5,3,2,147.00599670410156,140.3550122379287,6.650984466172872,6.650984466172872,44.235594369272846,125.02198887915839,21.984007824943177,21.984007824943177,483.2966000471628
space3_time2,2020-12-03 15:00:00,67.25,89.5,3,2,145.69927978515625,143.1546571053117,2.5446226798445366,2.5446226798445366,6.475104582779191,125.02198887915839,20.677290905997864,20.677290905997864,427.550359211262
space3_time2,2020-12-03 15:00:00,63.0,87.75,3,2,152.88623046875,149.92751742577892,2.958713042971084,2.958713042971084,8.753982870647212,125.02198887915839,27.864241589591614,27.864241589591614,776.4159593631271
space3_time2,2020-12-03 15:00:00,58.75,86.5,3,2,134.5921630859375,147.01984617981972,-12.427683093882223,12.427683093882223,154.44730708196602,125.02198887915839,9.570174206779114,9.570174206779114,91.58823434810026
space3_time2,2020-12-03 15:00:00,54.5,85.5,3,2,125.44511413574219,147.63457973121217,-22.189465595469983,22.189465595469983,492.372383412546,125.02198887915839,0.42312525658380196,0.42312525658380196,0.17903498275910823
space3_time2,2020-12-03 15:00:00,50.5,84.25,3,2,156.1530303955078,148.80300428149812,7.350026114009694,7.350026114009694,54.02288387662444,125.02198887915839,31.131041516349427,31.131041516349427,969.1417458926717
space3_time2,2020-12-03 17:00:00,78.5,72.25,3,2,120.2182388305664,159.4800140102397,-39.26177517967329,39.26177517967329,1541.48699025921,125.02198887915839,-4.803750048591979,4.803750048591979,23.076014529347443
space3_time2,2020-12-03 17:00:00,74.0,68.5,3,2,142.43247985839844,166.71761483879058,-24.285134980392144,24.285134980392144,589.7677810158661,125.02198887915839,17.410490979240052,17.410490979240052,303.1251961381992
space3_time2,2020-12-03 17:00:00,69.75,66.5,3,2,146.35263061523438,151.54465420023027,-5.192023584995894,5.192023584995894,26.957108907153618,125.02198887915839,21.33064173607599,21.33064173607599,454.9962768728269
space3_time2,2020-12-03 17:00:00,65.5,64.75,3,2,137.8589630126953,155.9649197122083,-18.105956699513,18.105956699513,327.82566800463974,125.02198887915839,12.836974133536927,12.836974133536927,164.78790490509613
space3_time2,2020-12-03 17:00:00,61.25,63.0,3,2,133.9387969970703,155.77884658353122,-21.840049586460907,21.840049586460907,476.9877659390712,125.02198887915839,8.916808117911927,8.916808117911927,79.50946701166004
space3_time2,2020-12-03 17:00:00,57.25,61.75,3,2,157.4597625732422,159.1102755931713,-1.6505130199291216,1.6505130199291216,2.724193228955549,125.02198887915839,32.4377736940838,32.4377736940838,1052.209162228595
space3_time2,2020-12-03 17:00:00,53.0,60.75,3,2,161.37991333007812,157.16266863587802,4.2172446942001045,4.2172446942001045,17.785152810758934,125.02198887915839,36.35792445091974,36.35792445091974,1321.8986703787875
space3_time2,2020-12-03 19:00:00,81.25,51.75,3,2,125.44511413574219,156.07587431180397,-30.630760176061784,30.630760176061784,938.2434689634125,125.02198887915839,0.42312525658380196,0.42312525658380196,0.17903498275910823
space3_time2,2020-12-03 19:00:00,76.75,46.25,3,2,135.8988800048828,151.83364299508654,-15.934762990203723,15.934762990203723,253.9166715539663,125.02198887915839,10.876891125724427,10.876891125724427,118.3067605608628
space3_time2,2020-12-03 19:00:00,72.5,43.75,3,2,133.9387969970703,163.3571769969205,-29.418379999850174,29.418379999850174,865.4410818155848,125.02198887915839,8.916808117911927,8.916808117911927,79.50946701166004
space3_time2,2020-12-03 19:00:00,68.25,41.5,3,2,165.95343017578125,165.92727251770202,0.026157658079227986,0.026157658079227986,0.0006842230761898011,125.02198887915839,40.931441296622864,40.931441296622864,1675.3828866188837
space3_time2,2020-12-03 19:00:00,64.0,40.0,3,2,157.4597625732422,158.17334572851698,-0.7135831552747902,0.7135831552747902,0.5092009194919254,125.02198887915839,32.4377736940838,32.4377736940838,1052.209162228595
space3_time2,2020-12-03 19:00:00,60.0,38.5,3,2,169.87359619140625,154.3457621669381,15.527834024468149,15.527834024468149,241.11362949143071,125.02198887915839,44.851607312247864,44.851607312247864,2011.666678492086
space3_time2,2020-12-03 19:00:00,55.75,37.25,3,2,171.18031311035156,153.38683325317328,17.793479857178284,17.793479857178284,316.60792542780933,125.02198887915839,46.15832423119318,46.15832423119318,2130.590895831955
space3_time2,2020-12-03 19:00:00,51.5,36.25,3,2,159.41983032226562,151.80782111610912,7.6120092061565,7.6120092061565,57.942684154611314,125.02198887915839,34.39784144310724,34.39784144310724,1183.211495945146
space3_time2,2020-12-03 19:00:00,47.5,35.25,3,2,163.33999633789062,160.18225324221345,3.1577430956771764,3.1577430956771764,9.971341458296877,125.02198887915839,38.31800745873224,38.31800745873224,1468.2696956074594
space3_time2,2020-12-03 20:00:00,79.5,25.25,3,2,123.48503875732422,155.0130950779281,-31.528056320603895,31.528056320603895,994.0183353551712,125.02198887915839,-1.5369501218341668,1.5369501218341668,2.36221567700606
space3_time2,2020-12-03 20:00:00,75.25,21.0,3,2,126.75183868408203,159.10715190150052,-32.355313217418484,32.355313217418484,1046.8662933972553,125.02198887915839,1.7298498049236457,1.7298498049236457,2.9923803475943753
space3_time2,2020-12-03 20:00:00,70.75,18.75,3,2,135.24551391601562,158.8928087895834,-23.647294873567773,23.647294873567773,559.1945548374647,125.02198887915839,10.22352503685724,10.22352503685724,104.52046417924682
space3_time2,2020-12-03 20:00:00,66.75,16.75,3,2,138.51231384277344,144.30271215751176,-5.790398314738326,5.790398314738326,33.52871264332445,125.02198887915839,13.490324963615052,13.490324963615052,181.98886762393545
space3_time2,2020-12-03 20:00:00,60.5,16.25,3,2,144.39256286621094,145.6432357854633,-1.2506729192523665,1.2506729192523665,1.5641827509512363,125.02198887915839,19.370573987052552,19.370573987052552,375.219136587877
space3_time2,2020-12-03 20:00:00,58.25,13.75,3,2,132.632080078125,149.87723472330234,-17.245154645177337,17.245154645177337,297.39535873608145,125.02198887915839,7.6100911989666145,7.6100911989666145,57.913488056589124
space3_time2,2020-12-03 20:00:00,54.25,12.75,3,2,111.72455596923828,154.54205230539668,-42.8174963361584,42.8174963361584,1833.3379924969379,125.02198887915839,-13.297432909920104,13.297432909920104,176.82172199382626
space3_time2,2020-12-03 20:00:00,50.0,11.75,3,2,148.96607971191406,144.58056845275735,4.385511259156715,4.385511259156715,19.232709004190315,125.02198887915839,23.944090832755677,23.944090832755677,573.3194858072544
space3_time2,2020-12-03 20:00:00,46.0,11.0,3,2,149.6194305419922,139.96229577772831,9.657134764263873,9.657134764263873,93.26025185515384,125.02198887915839,24.597441662833802,24.597441662833802,605.0341363565121
space3_time2,2020-12-03 22:00:00,78.0,-1.5,3,2,127.40519714355469,151.76571420322185,-24.36051705966716,24.36051705966716,593.4347914143348,125.02198887915839,2.383208264396302,2.383208264396302,5.679681631486834
space3_time2,2020-12-03 22:00:00,73.5,-4.25,3,2,118.91151428222656,157.89325319873203,-38.98173891650546,38.98173891650546,1519.5759689545966,125.02198887915839,-6.110474596931823,6.110474596931823,37.337899799749124
space3_time2,2020-12-03 22:00:00,69.25,-6.25,3,2,118.2581558227539,156.75378227227998,-38.49562644952607,38.49562644952607,1481.9132557414512,125.02198887915839,-6.763833056404479,6.763833056404479,45.74943761490996
space3_time2,2020-12-03 22:00:00,65.0,-8.25,3,2,121.52495574951172,155.93033362703636,-34.40537787752464,34.40537787752464,1183.7300268952622,125.02198887915839,-3.497033129646667,3.497033129646667,12.22924070984636
space3_time2,2020-12-03 22:00:00,60.75,-9.5,3,2,117.60479736328125,163.13095835257803,-45.526160989296784,45.526160989296784,2072.631334423368,125.02198887915839,-7.4171915158771355,7.4171915158771355,55.01472998319976
space3_time2,2020-12-03 22:00:00,56.75,-10.5,3,2,150.27279663085938,160.65548379100264,-10.382687160143263,10.382687160143263,107.80019266540377,125.02198887915839,25.25080775170099,25.25080775170099,637.6032921133627
space3_time2,2020-12-03 22:00:00,52.75,-11.75,3,2,154.8463134765625,165.0969641024224,-10.25065062585989,10.25065062585989,105.07583825344176,125.02198887915839,29.824324597404114,29.824324597404114,889.490337691324
space3_time2,2020-12-03 23:00:00,80.75,-21.5,3,2,118.2581558227539,159.84628471014986,-41.58812888739595,41.58812888739595,1729.5724643546578,125.02198887915839,-6.763833056404479,6.763833056404479,45.74943761490996
space3_time2,2020-12-03 23:00:00,76.5,-25.75,3,2,127.40519714355469,159.59656860444383,-32.191371460889144,32.191371460889144,1036.284396532948,125.02198887915839,2.383208264396302,2.383208264396302,5.679681631486834
space3_time2,2020-12-03 23:00:00,71.75,-28.5,3,2,162.68663024902344,152.95419651630257,9.732433732720864,9.732433732720864,94.72026636180297,125.02198887915839,37.66464136986505,37.66464136986505,1418.62520952055
space3_time2,2020-12-03 23:00:00,67.5,-31.0,3,2,175.10047912597656,161.0244965448236,14.07598258115297,14.07598258115297,198.13328562492185,125.02198887915839,50.07849024681818,50.07849024681818,2507.8551854006632
space3_time2,2020-12-03 23:00:00,63.25,-32.75,3,2,188.82102966308594,157.94058045202658,30.880449211059357,30.880449211059357,953.6021434768164,125.02198887915839,63.79904078392755,63.79904078392755,4070.3176049492513
space3_time2,2020-12-03 23:00:00,59.25,-34.0,3,2,141.12576293945312,153.88011128747883,-12.754348348025701,12.754348348025701,162.67340178278593,125.02198887915839,16.10377406029474,16.10377406029474,259.3315389850217
space3_time2,2020-12-03 23:00:00,55.25,-35.25,3,2,175.10047912597656,152.7806994471358,22.319779678840774,22.319779678840774,498.17256491199356,125.02198887915839,50.07849024681818,50.07849024681818,2507.8551854006632
space3_time2,2020-12-04 01:00:00,79.0,-48.0,3,2,103.88423919677734,157.62770040019237,-53.74346120341502,53.74346120341502,2888.359622122976,125.02198887915839,-21.137749682381042,21.137749682381042,446.8044616349998
space3_time2,2020-12-04 01:00:00,74.75,-51.75,3,2,121.52495574951172,157.99080478428627,-36.46584903477455,36.46584903477455,1329.758145826968,125.02198887915839,-3.497033129646667,3.497033129646667,12.22924070984636
space3_time2,2020-12-04 01:00:00,70.25,-54.5,3,2,122.17831420898438,159.39661857289713,-37.21830436391275,37.21830436391275,1385.202179724847,125.02198887915839,-2.8436746701740105,2.8436746701740105,8.086485629789268
space3_time2,2020-12-04 01:00:00,66.0,-56.25,3,2,114.9913558959961,158.91583303552082,-43.924477139524726,43.924477139524726,1929.3596919806303,125.02198887915839,-10.030632983162292,10.030632983162292,100.61359804290326
space3_time2,2020-12-04 01:00:00,62.0,-57.5,3,2,141.12576293945312,154.5285249185079,-13.402761979054787,13.402761979054787,179.6340286671966,125.02198887915839,16.10377406029474,16.10377406029474,259.3315389850217
space3_time2,2020-12-04 01:00:00,57.75,-58.5,3,2,156.1530303955078,159.33897605152995,-3.1859456560221417,3.1859456560221417,10.150249723126356,125.02198887915839,31.131041516349427,31.131041516349427,969.1417458926717
space3_time3,2020-12-04 03:00:00,77.25,-73.75,3,3,108.45775604248047,159.71376884566178,-51.25601280318131,51.25601280318131,2627.178848479886,116.1356532257294,-7.6778971832489304,7.6778971832489304,58.95010515654186
space3_time3,2020-12-04 03:00:00,73.0,-77.0,3,3,131.3253631591797,144.793214753304,-13.467851594124312,13.467851594124312,181.38302656135676,116.1356532257294,15.189709933450288,15.189709933450288,230.72728786235837
space3_time3,2020-12-04 03:00:00,68.75,-79.0,3,3,156.806396484375,152.2418938136051,4.564502670769912,4.564502670769912,20.834684631465656,116.1356532257294,40.6707432586456,40.6707432586456,1654.1093572106665
space3_time3,2020-12-04 03:00:00,64.5,-80.75,3,3,165.30007934570312,141.16072776080688,24.139351584896247,24.139351584896247,582.7082949392329,116.1356532257294,49.164426119973726,49.164426119973726,2417.1407957063548
space3_time3,2020-12-04 03:00:00,60.25,-82.0,3,3,155.4996795654297,149.25048173544704,6.2491978299826485,6.2491978299826485,39.052473518259845,116.1356532257294,39.36402633970029,39.36402633970029,1549.526569672618
space3_time3,2020-12-04 03:00:00,56.25,-83.25,3,3,160.7265625,146.5701278285193,14.156434671480696,14.156434671480696,200.40464260790077,116.1356532257294,44.5909092742706,44.5909092742706,1988.349189906232
space3_time3,2020-12-04 03:00:00,52.25,-84.25,3,3,163.33999633789062,146.41095541839326,16.929040919497368,16.929040919497368,286.5924264540163,116.1356532257294,47.204343112161226,47.204343112161226,2228.250008650643
space3_time3,2020-12-04 03:00:00,48.25,-85.5,3,3,165.30007934570312,145.24439602212183,20.05568332358129,20.05568332358129,402.2304335757767,116.1356532257294,49.164426119973726,49.164426119973726,2417.1407957063548
space3_time3,2020-12-04 09:00:00,79.5,-168.0,3,3,100.61743927001953,142.1699251898939,-41.55248591987436,41.55248591987436,1726.6090861213568,116.1356532257294,-15.518213955709868,15.518213955709868,240.8149643751885
space3_time3,2020-12-04 09:00:00,75.25,-172.25,3,3,138.51231384277344,143.881501860026,-5.369188017252554,5.369188017252554,28.828179964608417,116.1356532257294,22.37666061704404,22.37666061704404,500.7149403703697
space3_time3,2020-12-04 09:00:00,71.0,-174.5,3,3,117.60479736328125,145.57965841237112,-27.974861049089867,27.974861049089867,782.5928507158854,116.1356532257294,1.4691441375518508,1.4691441375518508,2.1583844969029715
space3_time3,2020-12-04 09:00:00,66.5,-176.5,3,3,145.69927978515625,141.65342465092255,4.045855134233705,4.045855134233705,16.368943767205227,116.1356532257294,29.56362655942685,29.56362655942685,874.0080153452487
space3_time3,2020-12-04 09:00:00,62.5,-178.0,3,3,112.37791442871094,132.4291087230909,-20.051194294379968,20.051194294379968,402.0503926309758,116.1356532257294,-3.7577387970184617,3.7577387970184617,14.120600866617755
space3_time3,2020-12-04 11:00:00,78.0,166.0,3,3,120.87159729003906,135.316557972043,-14.444960682003938,14.444960682003938,208.65688910463967,116.1356532257294,4.735944064309663,4.735944064309663,22.42916618026993
space3_time3,2020-12-04 11:00:00,73.5,162.5,3,3,143.08583068847656,135.35963538486453,7.72619530361203,7.72619530361203,59.694093869556596,116.1356532257294,26.950177462747163,26.950177462747163,726.3120652735652
space3_time3,2020-12-04 11:00:00,69.25,160.25,3,3,130.0186309814453,135.68459349264683,-5.6659625112015135,5.6659625112015135,32.10313117834096,116.1356532257294,13.882977755715913,13.882977755715913,192.73707136570286
space3_time3,2020-12-04 11:00:00,65.0,158.75,3,3,146.35263061523438,130.73402789131066,15.618602723923715,15.618602723923715,243.9407510477573,116.1356532257294,30.216977389504976,30.216977389504976,913.065722557855
space3_time3,2020-12-04 11:00:00,60.75,157.25,3,3,133.9387969970703,135.76342831557503,-1.8246313185047143,1.8246313185047143,3.329279448468252,116.1356532257294,17.803143771340913,17.803143771340913,316.95192814303476
space3_time3,2020-12-04 11:00:00,56.75,156.0,3,3,137.8589630126953,135.35537342362633,2.50358958906898,2.50358958906898,6.267960830494585,116.1356532257294,21.723309786965913,21.723309786965913,471.902188100489
space3_time3,2020-12-04 12:00:00,80.75,145.25,3,3,111.72455596923828,134.95672155667762,-23.23216558743934,23.23216558743934,539.7335178822007,116.1356532257294,-4.411097256491118,4.411097256491118,19.45777900622347
space3_time3,2020-12-04 12:00:00,76.25,140.5,3,3,128.7119140625,135.1139437150888,-6.402029652588794,6.402029652588794,40.9859836726262,116.1356532257294,12.5762608367706,12.5762608367706,158.16233663448998
space3_time3,2020-12-04 12:00:00,72.0,137.5,3,3,136.55223083496094,139.17915639516858,-2.6269255602076385,2.6269255602076385,6.900737898872215,116.1356532257294,20.41657760923154,20.41657760923154,416.8366412737746
space3_time3,2020-12-04 12:00:00,67.75,135.5,3,3,134.5921630859375,131.12138468663875,3.4707783992987515,3.4707783992987515,12.046302697038804,116.1356532257294,18.4565098602081,18.4565098602081,340.64275621995887
space3_time3,2020-12-04 12:00:00,63.5,134.0,3,3,142.43247985839844,121.40930605791229,21.02317380048615,21.02317380048615,441.9738366454472,116.1356532257294,26.29682663266904,26.29682663266904,691.5230909486517
space3_time3,2020-12-04 12:00:00,59.25,132.75,3,3,128.05856323242188,133.96955971232674,-5.910996479904867,5.910996479904867,34.939879385447725,116.1356532257294,11.922910006692476,11.922910006692476,142.15578302768756
space3_time3,2020-12-04 12:00:00,55.25,131.5,3,3,130.6719970703125,130.12621271090651,0.5457843594059852,0.5457843594059852,0.29788056697220167,116.1356532257294,14.5363438445831,14.5363438445831,211.305292367949
space3_time3,2020-12-04 12:00:00,51.0,130.5,3,3,154.8463134765625,127.24719485846065,27.599118618101855,27.599118618101855,761.7113484960564,116.1356532257294,38.7106602508331,38.7106602508331,1498.5152170554297
space3_time3,2020-12-04 12:00:00,47.0,129.5,3,3,133.9387969970703,138.240982386588,-4.302185389517689,4.302185389517689,18.50879912577947,116.1356532257294,17.803143771340913,17.803143771340913,316.95192814303476
space3_time3,2020-12-04 12:00:00,43.0,128.5,3,3,137.20559692382812,134.89797283434277,2.3076240894853584,2.3076240894853584,5.325128938373129,116.1356532257294,21.069943698098726,21.069943698098726,443.94252744105023
space3_time3,2020-12-04 14:00:00,79.0,119.0,3,3,133.9387969970703,132.5655707626418,1.3732262344285004,1.3732262344285004,1.8857502909226789,116.1356532257294,17.803143771340913,17.803143771340913,316.95192814303476
space3_time3,2020-12-04 14:00:00,74.75,115.0,3,3,137.20559692382812,137.36261656908997,-0.15701964526184042,0.15701964526184042,0.024655168998154207,116.1356532257294,21.069943698098726,21.069943698098726,443.94252744105023
space3_time3,2020-12-04 14:00:00,70.25,112.5,3,3,128.05856323242188,138.42670533091672,-10.368142098494843,10.368142098494843,107.49837057458105,116.1356532257294,11.922910006692476,11.922910006692476,142.15578302768756
space3_time3,2020-12-04 14:00:00,63.5,108.5,3,3,140.47239685058594,139.80124810374247,0.6711487468434711,0.6711487468434711,0.4504406403895617,116.1356532257294,24.33674362485654,24.33674362485654,592.2770902619953
space3_time3,2020-12-04 14:00:00,60.0,107.0,3,3,120.87159729003906,135.5424772836765,-14.670879993637442,14.670879993637442,215.23471978771136,116.1356532257294,4.735944064309663,4.735944064309663,22.42916618026993
space3_time3,2020-12-04 14:00:00,56.25,106.0,3,3,120.87159729003906,132.46253421063986,-11.590936920600797,11.590936920600797,134.34981869734668,116.1356532257294,4.735944064309663,4.735944064309663,22.42916618026993
space3_time3,2020-12-04 14:00:00,52.5,105.5,3,3,128.05856323242188,138.9256281793714,-10.867064946949512,10.867064946949512,118.09310056121879,116.1356532257294,11.922910006692476,11.922910006692476,142.15578302768756
space3_time3,2020-12-04 14:00:00,49.0,105.25,3,3,112.37791442871094,136.79294580848492,-24.41503137977398,24.41503137977398,596.093757275348,116.1356532257294,-3.7577387970184617,3.7577387970184617,14.120600866617755
space3_time3,2020-12-04 15:00:00,81.75,98.5,3,3,116.9514389038086,138.23005737395007,-21.27861847014148,21.27861847014148,452.7796039978462,116.1356532257294,0.8157856780791946,0.8157856780791946,0.6655062725591312
space3_time3,2020-12-04 15:00:00,77.25,93.0,3,3,130.0186309814453,136.07465304754928,-6.056022066103964,6.056022066103964,36.67540326513812,116.1356532257294,13.882977755715913,13.882977755715913,192.73707136570286
space3_time3,2020-12-04 15:00:00,73.0,90.0,3,3,144.39256286621094,135.39029167004156,9.002271196169374,9.002271196169374,81.04088668938078,116.1356532257294,28.25690964048154,28.25690964048154,798.4529424303385
space3_time3,2020-12-04 16:00:00,68.75,87.75,3,3,133.28543090820312,135.83174635917112,-2.5463154509679953,2.5463154509679953,6.4837223758383455,116.1356532257294,17.149777682473726,17.149777682473726,294.11487455827387
space3_time3,2020-12-04 16:00:00,64.5,86.0,3,3,115.64471435546875,137.9098991771843,-22.265184821715536,22.265184821715536,495.7384551451519,116.1356532257294,-0.4909388702606492,0.4909388702606492,0.24102097433280253
space3_time3,2020-12-04 16:00:00,60.5,84.75,3,3,145.69927978515625,146.55732418333199,-0.8580443981757355,0.8580443981757355,0.7362401892407602,116.1356532257294,29.56362655942685,29.56362655942685,874.0080153452487
space3_time3,2020-12-04 16:00:00,56.25,83.5,3,3,142.43247985839844,154.27869134711236,-11.84621148871392,11.84621148871392,140.33272663533765,116.1356532257294,26.29682663266904,26.29682663266904,691.5230909486517
space3_time3,2020-12-04 16:00:00,52.25,82.25,3,3,154.19296264648438,146.66137732480524,7.531585321679131,7.531585321679131,56.72477745773254,116.1356532257294,38.057309420754976,38.057309420754976,1448.3588003470854
space3_time3,2020-12-04 17:00:00,80.0,71.75,3,3,100.61743927001953,140.59117350372955,-39.97373423371002,39.97373423371002,1597.8994285872802,116.1356532257294,-15.518213955709868,15.518213955709868,240.8149643751885
space3_time3,2020-12-04 17:00:00,75.75,67.5,3,3,126.09848022460938,146.5080223312035,-20.40954210659413,20.40954210659413,416.5494090008388,116.1356532257294,9.962826998879976,9.962826998879976,99.25792180961179
space3_time3,2020-12-04 17:00:00,71.5,64.75,3,3,139.81903076171875,144.39921793332655,-4.580187171607804,4.580187171607804,20.978114526960695,116.1356532257294,23.68337753598935,23.68337753598935,560.902371512205
space3_time3,2020-12-04 17:00:00,67.25,62.75,3,3,159.41983032226562,143.09437735494814,16.32545296731749,16.32545296731749,266.5204145880954,116.1356532257294,43.284177096536226,43.284177096536226,1873.519986924311
space3_time3,2020-12-04 17:00:00,63.0,61.5,3,3,166.60679626464844,155.54198208509646,11.064814179551973,11.064814179551973,122.43011282801442,116.1356532257294,50.47114303891904,50.47114303891904,2547.336279655026
space3_time3,2020-12-04 17:00:00,59.0,60.0,3,3,181.6340789794922,150.7896509754833,30.844428004008876,30.844428004008876,951.3787388944869,116.1356532257294,65.49842575376279,65.49842575376279,4290.043776221177
space3_time3,2020-12-04 17:00:00,54.75,58.75,3,3,161.37991333007812,137.2054461072396,24.17446722283853,24.17446722283853,584.4048655080944,116.1356532257294,45.244260104348726,45.244260104348726,2047.0430723899617
space3_time3,2020-12-04 17:00:00,50.5,58.0,3,3,162.0332794189453,141.4766075280461,20.556671890899224,20.556671890899224,422.5767592300863,116.1356532257294,45.89762619321591,45.89762619321591,2106.5920901721793
space3_time3,2020-12-04 19:00:00,78.5,45.5,3,3,141.12576293945312,143.39906548482932,-2.273302545376197,2.273302545376197,5.167904462813896,116.1356532257294,24.990109713723726,24.990109713723726,624.505583503949
space3_time3,2020-12-04 19:00:00,74.0,42.25,3,3,137.20559692382812,140.35921863236467,-3.153621708536548,3.153621708536548,9.945329880552976,116.1356532257294,21.069943698098726,21.069943698098726,443.94252744105023
space3_time3,2020-12-04 19:00:00,69.75,40.0,3,3,158.7664794921875,136.4887127838485,22.277766708338987,22.277766708338987,496.2988895111769,116.1356532257294,42.6308262664581,42.6308262664581,1817.387348160934
space3_time3,2020-12-04 19:00:00,65.5,38.0,3,3,156.1530303955078,142.62468811562775,13.528342279880064,13.528342279880064,183.01604484159054,116.1356532257294,40.01737716977841,40.01737716977841,1601.3904755483027
space3_time3,2020-12-04 19:00:00,61.5,36.75,3,3,168.56687927246094,142.7547193679211,25.81215990453984,25.81215990453984,666.2675989375341,116.1356532257294,52.43122604673154,52.43122604673154,2749.0334647634595
space3_time3,2020-12-04 19:00:00,57.25,35.5,3,3,147.65936279296875,137.37414158316767,10.28522120980108,10.28522120980108,105.78577533454198,116.1356532257294,31.52370956723935,31.52370956723935,993.7442648796577
space3_time3,2020-12-04 19:00:00,53.25,34.5,3,3,152.23287963867188,145.47113258533878,6.761747053333096,6.761747053333096,45.7212232132588,116.1356532257294,36.097226412942476,36.097226412942476,1303.0097547072319
space3_time3,2020-12-04 19:00:00,49.25,33.25,3,3,164.64671325683594,147.86926536202714,16.7774478948088,16.7774478948088,281.4827578630243,116.1356532257294,48.51106003110654,48.51106003110654,2353.3229453416225
space3_time3,2020-12-04 19:00:00,45.0,32.5,3,3,204.50167846679688,151.75013780684654,52.75154065995034,52.75154065995034,2782.7250419983934,116.1356532257294,88.36602524106748,88.36602524106748,7808.5544169049745
space3_time3,2020-12-04 20:00:00,81.25,25.0,3,3,115.64471435546875,143.40918350702077,-27.76446915155202,27.76446915155202,770.8657472674838,116.1356532257294,-0.4909388702606492,0.4909388702606492,0.24102097433280253
space3_time3,2020-12-04 20:00:00,76.75,20.0,3,3,145.69927978515625,142.95684096092364,2.7424388242326074,2.7424388242326074,7.5209707046583265,116.1356532257294,29.56362655942685,29.56362655942685,874.0080153452487
space3_time3,2020-12-04 20:00:00,72.5,17.25,3,3,133.9387969970703,130.50205140739322,3.4367455896770878,3.4367455896770878,11.811220248164913,116.1356532257294,17.803143771340913,17.803143771340913,316.95192814303476
space3_time3,2020-12-04 20:00:00,68.25,15.0,3,3,126.09848022460938,133.18478557395935,-7.086305349349971,7.086305349349971,50.215723504226006,116.1356532257294,9.962826998879976,9.962826998879976,99.25792180961179
space3_time3,2020-12-04 20:00:00,64.0,13.5,3,3,133.28543090820312,133.59568627220833,-0.3102553640052008,0.3102553640052008,0.09625839089399967,116.1356532257294,17.149777682473726,17.149777682473726,294.11487455827387
space3_time3,2020-12-04 20:00:00,59.75,12.0,3,3,175.10047912597656,121.32920517636096,53.771273949615605,53.771273949615605,2891.34990216461,116.1356532257294,58.96482590024716,58.96482590024716,3476.8506934464585
space3_time3,2020-12-04 20:00:00,55.75,10.75,3,3,139.81903076171875,132.17699113803008,7.6420396236886745,7.6420396236886745,58.40076961002774,116.1356532257294,23.68337753598935,23.68337753598935,560.902371512205
space3_time3,2020-12-04 20:00:00,49.75,10.5,3,3,156.1530303955078,123.68149967898037,32.47153071652744,32.47153071652744,1054.400307074385,116.1356532257294,40.01737716977841,40.01737716977841,1601.3904755483027
space3_time3,2020-12-04 20:00:00,46.25,9.25,3,3,142.43247985839844,125.45123663173425,16.98124322666419,16.98124322666419,288.36262152312844,116.1356532257294,26.29682663266904,26.29682663266904,691.5230909486517
space3_time3,2020-12-04 22:00:00,79.5,-1.5,3,3,102.5775146484375,147.09876959861884,-44.521254950181344,44.521254950181344,1982.1421423390468,116.1356532257294,-13.5581385772919,13.5581385772919,183.8231216810508
space3_time3,2020-12-04 22:00:00,75.25,-5.25,3,3,127.40519714355469,146.76235665521924,-19.35715951166455,19.35715951166455,374.69962436002527,116.1356532257294,11.269543917825288,11.269543917825288,127.00262011579295
space3_time3,2020-12-04 22:00:00,71.0,-8.0,3,3,134.5921630859375,142.16776101616347,-7.5755979302259675,7.5755979302259675,57.389684000443964,116.1356532257294,18.4565098602081,18.4565098602081,340.64275621995887
space3_time3,2020-12-04 22:00:00,66.5,-9.75,3,3,130.0186309814453,147.58787109781719,-17.569240116371873,17.569240116371873,308.67819826673076,116.1356532257294,13.882977755715913,13.882977755715913,192.73707136570286
space3_time3,2020-12-04 22:00:00,62.5,-11.25,3,3,146.35263061523438,142.52167750807834,3.8309531071560343,3.8309531071560343,14.676201709228474,116.1356532257294,30.216977389504976,30.216977389504976,913.065722557855
space3_time3,2020-12-04 22:00:00,58.25,-12.5,3,3,130.0186309814453,141.10315719370035,-11.084526212255042,11.084526212255042,122.86672135016912,116.1356532257294,13.882977755715913,13.882977755715913,192.73707136570286
space3_time3,2020-12-04 22:00:00,54.25,-13.75,3,3,167.91351318359375,140.70762539205126,27.205887791542494,27.205887791542494,740.160330526001,116.1356532257294,51.77785995786435,51.77785995786435,2680.9467818162125
