fold_id,hour,latitude,longitude,space_fold,time_fold,observed,predicted,rf_mean_predicted,kriged_residual_factor,rf_log_variance,kriging_log_variance,predicted_log_variance,rf_radiance_variance,kriging_radiance_variance,predicted_radiance_variance,residual,abs_error,squared_error,rf_mean_residual,baseline_predicted,baseline_residual,baseline_abs_error,baseline_squared_error
space0_time0,2020-01-01 02:00:00,74.25,-56.5,0,0,97.35063934326172,106.05964727264161,121.57572526842115,0.872375196927492,0.026739495250813424,0.03786615534229323,0.06460565059310665,325.1852103464965,475.63164212895356,800.8168524754501,-8.709007929379894,8.709007929379894,75.84681911400186,-24.225085925159433,141.6668981967569,-44.316258853495185,44.316258853495185,1963.9307987699904
space0_time0,2020-01-01 02:00:00,78.75,-51.0,0,0,103.88423919677734,102.78665196878,119.02391192900232,0.8635798496531705,0.027188957494644977,0.035116274955628045,0.06230523245027302,309.9147159949586,412.9490113314191,722.8637273263778,1.0975872279973373,1.0975872279973373,1.204697723062879,-15.13967273222498,141.6668981967569,-37.78265899997956,37.78265899997956,1427.5293211087364
space0_time0,2020-01-01 06:00:00,79.75,-97.0,0,0,101.92415618896484,124.36083346167827,119.76759205943026,1.0383512878840278,0.023233919834405748,0.04492063171523451,0.06815455154964026,389.1740106540027,778.5625631190239,1167.7365737730265,-22.436677272713425,22.436677272713425,503.4044870398951,-17.843435870465413,141.6668981967569,-39.74274200779206,39.74274200779206,1579.4855422979197
space0_time0,2020-01-01 07:00:00,61.25,-136.75,0,0,148.31271362304688,143.81806015240122,125.3958999069209,1.1469119824424463,0.03354344284914071,0.04047380673327504,0.07401724958241575,759.7732493573604,951.3325138224178,1711.1057631797783,4.494653470645659,4.494653470645659,20.201909821187066,22.916813716125972,141.6668981967569,6.645815426289971,6.645815426289971,44.16686268031375
space0_time0,2020-01-01 07:00:00,65.25,-135.25,0,0,133.28543090820312,141.56307400736176,124.27306394545927,1.1391291846597646,0.028053233167786677,0.03902089320582584,0.06707412637361251,609.7035683111243,877.0236299854719,1486.7271982965963,-8.277643099158638,8.277643099158638,68.51937527704862,9.012366962743855,141.6668981967569,-8.381467288553779,8.381467288553779,70.24899390909704
space0_time0,2020-01-01 07:00:00,78.25,-124.0,0,0,96.69728088378906,127.99116651090067,114.40263747646387,1.118778109789928,0.039539680407371894,0.04059592490205241,0.0801356053094243,715.8298804053853,765.0007587310165,1480.8306391364017,-31.293885627111607,31.293885627111607,979.3072776427424,-17.705356592674804,141.6668981967569,-44.96961731296784,44.96961731296784,2022.266481274777
space0_time0,2020-01-01 07:00:00,82.5,-113.25,0,0,94.73719787597656,124.66542225173404,114.47668757673864,1.089002703438335,0.039156608922636456,0.04395875623496884,0.08311536515760529,674.4102105779501,789.2597469312734,1463.6699575092234,-29.92822437575748,29.92822437575748,895.6986142856842,-19.73948970076208,141.6668981967569,-46.92970032078034,46.92970032078034,2202.3967721982503
space0_time0,2020-01-02 02:00:00,76.75,-56.25,0,0,98.00399780273438,103.14900223901735,118.84994999055198,0.8678926852490663,0.025248852948239968,0.038432416181886156,0.06368126913012612,289.9495200928513,455.63999005475966,745.589510147611,-5.145004436282974,5.145004436282974,26.471070649371487,-20.845952187817602,141.6668981967569,-43.66290039402253,43.66290039402253,1906.4488708183328
space0_time0,2020-01-02 04:00:00,75.25,-82.25,0,0,94.73719787597656,118.11704984616767,117.65361946672239,1.0039389385685353,0.024003269462546696,0.04244303352916008,0.06644630299170678,362.2225765246644,662.1590729140634,1024.381649438728,-23.379851970191112,23.379851970191112,546.6174781480493,-22.916421590745827,141.6668981967569,-46.92970032078034,46.92970032078034,2202.3967721982503
space0_time0,2020-01-02 04:00:00,79.5,-76.0,0,0,84.28343963623047,121.43826940858773,121.12331374287494,1.0026002893743595,0.02365421718594409,0.041597656446513025,0.06525187363245712,376.7947306154396,684.6294162795639,1061.4241468950036,-37.15482977235726,37.15482977235726,1380.4813754128454,-36.83987410664447,141.6668981967569,-57.383458560526435,57.383458560526435,3292.8613163676546
space0_time0,2020-01-02 06:00:00,82.0,-92.75,0,0,33.32135772705078,121.17429831648832,117.36946789872563,1.0324175484977556,0.04353981455063111,0.04509639175198486,0.08863620630261598,713.9876034731651,773.0284813179985,1487.0160847911636,-87.85294058943754,87.85294058943754,7718.139170211241,-84.04811017167485,141.6668981967569,-108.34554046970612,108.34554046970612,11738.756139672727
space0_time0,2020-01-02 07:00:00,63.75,-138.25,0,0,154.8463134765625,144.34423160449342,126.08225790287723,1.1448417406649207,0.034062710653140954,0.03865348868405158,0.07271619933719253,776.3828521680252,913.6536410781259,1690.0364932461512,10.502081872069084,10.502081872069084,110.29372364764208,28.76405557368527,141.6668981967569,13.179415279805596,13.179415279805596,173.69698711757323
space0_time0,2020-01-02 07:00:00,80.75,-121.75,0,0,70.56288146972656,129.75186792711048,117.28659273377886,1.1062804784654776,0.0442861736928483,0.04150892115531406,0.08579509484816236,830.6304405841041,812.656449343373,1643.2868899274772,-59.18898645738392,59.18898645738392,3503.336117852377,-46.7237112640523,141.6668981967569,-71.10401672703034,71.10401672703034,5055.781194717811
space0_time0,2020-01-02 09:00:00,62.0,-163.0,0,0,145.04591369628906,147.38346652865857,122.72002693447358,1.200973225073965,0.025904333434269906,0.03302581736100804,0.05893015079527795,604.6446191601598,793.9359349909719,1398.5805541511318,-2.3375528323695107,2.3375528323695107,5.464153244118722,22.325886761815482,141.6668981967569,3.3790154995321586,3.3790154995321586,11.417745746078564
space0_time0,2020-01-02 09:00:00,66.25,-161.25,0,0,150.27279663085938,144.85650906864066,120.2986928030854,1.204140341788696,0.027876077162483522,0.028837236906401328,0.05671331406888485,627.7767708746243,668.1028973831505,1295.879668257775,5.416287562218713,5.416287562218713,29.33617095664513,29.974103827773973,141.6668981967569,8.605898434102471,8.605898434102471,74.06148785808736
space0_time0,2020-01-02 09:00:00,70.5,-158.75,0,0,126.75183868408203,143.488446328647,119.21039261258349,1.203657191155839,0.02528219817381566,0.02568843334740355,0.05097063152121921,554.7361748502562,578.1995933694938,1132.9357682197501,-16.73660764456497,16.73660764456497,280.1140354481106,7.541446071498541,141.6668981967569,-14.915059512674873,14.915059512674873,222.4590002666332
space0_time0,2020-01-03 03:00:00,79.25,-55.25,0,0,111.72455596923828,106.47133559018633,119.57678167508354,0.8904014148791224,0.027987722510218423,0.03785543388295698,0.0658431563931754,343.6528214522163,480.3856208607649,824.0384423129813,5.253220379051953,5.253220379051953,27.596324350886746,-7.852225705845257,141.6668981967569,-29.942342227518623,29.942342227518623,896.5438580698449
space0_time0,2020-01-04 03:00:00,77.25,-60.5,0,0,130.0186309814453,115.63244771909692,118.10268130433872,0.9790840177550566,0.0249029769510955,0.03511966362974143,0.06002264058083693,358.0115524843088,520.2845976468086,878.2961501311174,14.386183262348396,14.386183262348396,206.96226885787314,11.915949677106596,141.6668981967569,-11.648267215311591,11.648267215311591,135.68212911930286
space0_time0,2020-01-04 04:00:00,80.0,-80.0,0,0,109.76448059082031,120.22417947291854,119.30989554476312,1.0076631022429519,0.025110725402457384,0.04265016707305709,0.06776089247551448,393.31020848419445,691.0863156934671,1084.3965241776616,-10.459698882098223,10.459698882098223,109.40530070416682,-9.54541495394281,141.6668981967569,-31.90241760593659,31.90241760593659,1017.764249103573
space0_time0,2020-01-04 06:00:00,57.25,-121.5,0,0,146.35263061523438,135.6121637393066,125.7726895734973,1.0782321996863986,0.032940071174912156,0.045255259165392074,0.07819533034030424,665.969138930396,951.47187032003,1617.4410092504259,10.74046687592778,10.74046687592778,115.35762871290184,20.579941041737072,141.6668981967569,4.685732418477471,4.685732418477471,21.95608829757073
space0_time0,2020-01-04 06:00:00,61.5,-120.0,0,0,141.77911376953125,128.5339278881858,116.90508688763137,1.0994724978198083,0.02702035838285913,0.04399234124969986,0.07101269963255899,485.7890207808122,819.550437277138,1305.3394580579502,13.245185881345463,13.245185881345463,175.43494903139322,24.87402688189988,141.6668981967569,0.11221557277434613,0.11221557277434613,0.012592334773074572
space0_time0,2020-01-04 06:00:00,65.75,-118.25,0,0,143.73919677734375,133.1415757656543,121.69184483587864,1.0940879065907618,0.025060951252645697,0.04316960906383635,0.06823056031648204,481.626499515217,858.4784029945191,1340.1049025097361,10.597621011689455,10.597621011689455,112.30957110740182,22.04735194146511,141.6668981967569,2.072298580586846,2.072298580586846,4.2944214071022575
space0_time0,2020-01-04 06:00:00,69.75,-115.75,0,0,126.09848022460938,133.6199720191964,122.54321771936524,1.0903905944855954,0.024048449578964237,0.04297056426187987,0.0670190138408441,464.69536720744566,858.673891920177,1323.3692591276226,-7.521491794587035,7.521491794587035,56.572838816040104,3.55526250524413,141.6668981967569,-15.568417972147529,15.568417972147529,242.37563815548617
space0_time0,2020-01-04 06:00:00,74.25,-112.5,0,0,93.43048095703125,130.35422921703787,119.92068726404402,1.0870036871121411,0.027890366060508116,0.04325595072481157,0.07114631678531969,516.0280521129225,829.342586405025,1345.3706385179476,-36.92374826000662,36.92374826000662,1363.3631855683418,-26.49020630701277,141.6668981967569,-48.236417239725654,48.236417239725654,2326.7519481249024
space0_time0,2020-01-04 06:00:00,78.5,-107.25,0,0,118.91151428222656,122.38384368386605,114.41837040824902,1.0696170837532117,0.04086965414863715,0.04420588628083321,0.08507554042947035,680.3022947756845,767.8212551654018,1448.1235499410864,-3.4723294016394846,3.4723294016394846,12.057071473490021,4.4931438739775444,141.6668981967569,-22.75538391453034,22.75538391453034,517.8074970976662
space0_time0,2020-01-04 08:00:00,68.25,-141.0,0,0,133.28543090820312,141.2578213944964,122.5511277667365,1.1526439941325242,0.023996145732407617,0.03533650127684464,0.059332647009252254,514.227687125848,780.0700585489585,1294.2977456748065,-7.972390486293278,7.972390486293278,63.559010065939574,10.734303141466626,141.6668981967569,-8.381467288553779,8.381467288553779,70.24899390909704
space0_time0,2020-01-04 08:00:00,81.25,-125.75,0,0,113.03128051757812,126.82509503291737,112.88706546751095,1.1234687916430763,0.03787657177425359,0.04016501070771261,0.0780415824819662,671.3126619672541,740.2046480112137,1411.517309978468,-13.79381451533925,13.79381451533925,190.2693188835838,0.1442150500671744,141.6668981967569,-28.63561767917878,28.63561767917878,819.9985998680962
space0_time0,2020-01-04 09:00:00,79.75,-153.25,0,0,100.61743927001953,139.92381591213118,116.84687663023749,1.1974972711929714,0.0416187168952597,0.025304285143297543,0.06692300203855725,889.6209279580435,559.271599201543,1448.8925271595865,-39.306376642111644,39.306376642111644,1544.9912447315398,-16.229437360217958,141.6668981967569,-41.04945892673737,41.04945892673737,1685.0580781778986
space0_time0,2020-01-05 03:00:00,79.75,-59.25,0,0,129.3652801513672,116.71418959618335,119.43044562291202,0.9772565863539948,0.02495102317840259,0.03518303594253904,0.060134059120941635,365.4945274783052,531.1227569402051,896.6172844185103,12.651090555183842,12.651090555183842,160.05009223546182,9.93483452845517,141.6668981967569,-12.301618045389716,12.301618045389716,151.3298065346579
space0_time0,2020-01-05 05:00:00,82.5,-75.75,0,0,113.03128051757812,115.49286572533781,115.17825817622982,1.002731483824201,0.02158749518703471,0.04213745042717598,0.06372494561421069,310.23019022965565,625.1891792850031,935.4193695146587,-2.4615852077596827,2.4615852077596827,6.0594017350612805,-2.146977658651693,141.6668981967569,-28.63561767917878,28.63561767917878,819.9985998680962
space0_time0,2020-01-05 06:00:00,59.5,-123.25,0,0,147.65936279296875,133.28794613528837,122.49115467288738,1.0881434377137988,0.027266660818223362,0.04426090498693761,0.07152756580516098,527.4873734350736,887.471492263072,1414.9588656981455,14.371416657680385,14.371416657680385,206.53761674865325,25.168208120081374,141.6668981967569,5.992464596211846,5.992464596211846,35.909631936852406
space0_time0,2020-01-05 06:00:00,63.75,-121.5,0,0,140.47239685058594,128.4619101634089,116.99670014164494,1.0979960119207068,0.025255065448081655,0.043030361532152145,0.0682854269802338,451.9067650838108,796.7559133158132,1248.662678399624,12.010486687177035,12.010486687177035,144.2517904628568,23.475696708941,141.6668981967569,-1.1945013461709664,1.1945013461709664,1.4268334660042508
space0_time0,2020-01-05 06:00:00,68.0,-119.5,0,0,137.8589630126953,127.89070773698258,116.4870264715577,1.0978965779353063,0.02365701532772093,0.04244561231551356,0.06610262764323449,418.30506380599803,775.786916143268,1194.091979949266,9.968255275712735,9.968255275712735,99.36611324177478,21.371936541137615,141.6668981967569,-3.8079351840615914,3.8079351840615914,14.500370366014186
space0_time0,2020-01-05 06:00:00,72.25,-116.75,0,0,125.44511413574219,130.10053055123018,118.94955464816188,1.0937454195272238,0.02156041946462966,0.04250954796716471,0.06406996743179437,393.30618119144174,800.7500178835165,1194.0561990749584,-4.655416415487991,4.655416415487991,21.67290200159506,6.495559487580309,141.6668981967569,-16.221784061014716,16.221784061014716,263.1462781221911
space0_time0,2020-01-05 06:00:00,76.75,-112.25,0,0,122.83168029785156,122.7541131647877,113.921129455238,1.0775359562513847,0.037429703454522255,0.04332868756328999,0.08075839101781224,623.0379835725488,750.9633711531798,1374.0013547257286,0.07756713306386587,0.07756713306386587,0.006016660131747473,8.91055084261356,141.6668981967569,-18.83521789890534,18.83521789890534,354.76543329924414
space0_time0,2020-01-05 06:00:00,81.0,-104.75,0,0,116.9514389038086,121.26589394609097,115.1507267857833,1.0531057626035123,0.03836037271322503,0.044729039135122044,0.08308941184834708,624.8876093514873,759.5578837662639,1384.445493117751,-4.3144550422823755,4.3144550422823755,18.614522311875813,1.800712118025288,141.6668981967569,-24.71545929294831,24.71545929294831,610.853928061385
space0_time0,2020-01-05 09:00:00,52.5,-173.75,0,0,151.5795135498047,145.67708063501016,120.62672486267356,1.2076683736614335,0.09515165261170233,0.04414920191759203,0.13930085452929436,2435.1298728667707,1211.0132489930143,3646.143121859785,5.902432914794531,5.902432914794531,34.83871431364986,30.952788687131132,141.6668981967569,9.912615353047784,9.912615353047784,98.25994313747863
space0_time0,2020-01-06 05:00:00,80.5,-84.0,0,0,116.9514389038086,119.84430589244735,118.28895418034902,1.0131487485275,0.02140040966017168,0.043508502175018275,0.06490891183518996,331.5139478775002,696.2650711344015,1027.7790190119017,-2.892866988638758,2.892866988638758,8.368679413955876,-1.3375152765404295,141.6668981967569,-24.71545929294831,24.71545929294831,610.853928061385
space0_time0,2020-01-06 06:00:00,62.0,-124.75,0,0,130.6719970703125,138.41117656928478,123.82220078697584,1.117821971258675,0.02564992927667615,0.04305412611530625,0.0687040553919824,533.1482667595031,926.2263704114739,1459.3746371709772,-7.739179498972277,7.739179498972277,59.894899317312785,6.849796283336659,141.6668981967569,-10.994901126444404,10.994901126444404,120.88785078028842
space0_time0,2020-01-06 06:00:00,66.0,-123.25,0,0,136.55223083496094,133.42638291971616,121.27110264972436,1.1002322895100634,0.023763825693861446,0.042008601171710944,0.06577242686557239,457.23014333728497,835.3351020677825,1292.5652454050673,3.1258479152447762,3.1258479152447762,9.770925189240113,15.281128185236582,141.6668981967569,-5.114667361795966,5.114667361795966,26.15982222182091
space0_time0,2020-01-06 06:00:00,70.25,-120.25,0,0,133.9387969970703,127.22407031166792,115.5932408035328,1.1006185952334646,0.04192639047003522,0.04188500512748804,0.08381139559752326,753.6346912285544,785.1114849170043,1538.7461761455588,6.714726685402397,6.714726685402397,45.08755445965506,18.34555619353752,141.6668981967569,-7.728101199686591,7.728101199686591,59.72354815259733
space0_time0,2020-01-06 06:00:00,74.75,-117.0,0,0,130.0186309814453,126.42376049509905,115.78683046882283,1.0918664927885764,0.040699156159370954,0.042319174350331605,0.08301833050970256,721.3813319124896,781.8911825222071,1503.2725144346969,3.5948704863462666,3.5948704863462666,12.923093813603444,14.231800512622485,141.6668981967569,-11.648267215311591,11.648267215311591,135.68212911930286
space0_time0,2020-01-06 06:00:00,79.0,-111.5,0,0,129.3652801513672,126.3374850257685,117.17385940643737,1.0782053750362999,0.039474114778558854,0.043599242149039145,0.083073356927598,698.3209092704132,804.0201592096992,1502.3410684801124,3.0277951255986864,3.0277951255986864,9.167543322599165,12.191420744929815,141.6668981967569,-12.301618045389716,12.301618045389716,151.3298065346579
space0_time0,2020-01-06 08:00:00,60.25,-149.5,0,0,130.0186309814453,144.97056286090006,124.24353060424794,1.1668258472360529,0.03256268826842491,0.03724254226271963,0.06980523053114454,745.9092850667444,883.4236173606974,1629.3329024274417,-14.951931879454747,14.951931879454747,223.56026692785517,5.775100377197376,141.6668981967569,-11.648267215311591,11.648267215311591,135.68212911930286
space0_time0,2020-01-07 06:00:00,81.5,-108.5,0,0,104.53759765625,124.44025822136857,115.8561962161905,1.0740923859537046,0.03990981009331057,0.04435268850850603,0.0842624986018166,685.9482208199516,795.1256552088479,1481.0738760287995,-19.902660565118566,19.902660565118566,396.11589757032567,-11.318598559940497,141.6668981967569,-37.129300540506904,37.129300540506904,1378.5849586272864
space0_time0,2020-01-07 07:00:00,64.25,-126.25,0,0,137.20559692382812,135.01611566993608,120.33225821228856,1.122027606527108,0.02794227885129635,0.041902629211677755,0.06984490806297411,553.9212377624997,860.224368649798,1414.1456064122976,2.1894812538920405,2.1894812538920405,4.793828161144662,16.87333871153956,141.6668981967569,-4.461301272928779,4.461301272928779,19.903209047835944
space0_time0,2020-01-07 07:00:00,68.5,-124.25,0,0,126.75183868408203,131.6578242587626,118.91988511674757,1.1071136179580876,0.021526334884569617,0.041132914643595545,0.06265924952816516,401.5677022165125,791.783926956985,1193.3516291734975,-4.905985574680557,4.905985574680557,24.068694458973713,7.831953567334466,141.6668981967569,-14.915059512674873,14.915059512674873,222.4590002666332
space0_time0,2020-01-07 07:00:00,72.75,-121.25,0,0,126.09848022460938,129.83781509633852,117.58280320026415,1.104224525717438,0.02083907997045308,0.04131770164470992,0.062156781615163,377.75332243670886,772.6558793353903,1150.409201772099,-3.7393348717291417,3.7393348717291417,13.982625282929597,8.515677024345223,141.6668981967569,-15.568417972147529,15.568417972147529,242.37563815548617
space0_time0,2020-01-07 07:00:00,77.25,-116.75,0,0,110.41783905029297,131.34451593654055,121.70406084181373,1.07921227137406,0.02364126460114275,0.042374955034053904,0.06601621963519666,440.8682479953277,816.7797967170357,1257.6480447123633,-20.926676886247577,20.926676886247577,437.9258055014086,-11.28622179152076,141.6668981967569,-31.249059146463935,31.249059146463935,976.5036975392013
space0_time0,2020-01-07 08:00:00,58.5,-152.75,0,0,166.60679626464844,153.99462569147673,130.78087887114225,1.1775010767683156,0.043398251664772826,0.03791310101994241,0.08131135268471523,1140.9177223220759,1038.0538075119562,2178.971529834032,12.61217057317171,12.61217057317171,159.06684656677842,35.82591739350619,141.6668981967569,24.939898067891534,24.939898067891534,621.9985156368199
space0_time0,2020-01-07 08:00:00,62.75,-151.25,0,0,153.5395965576172,138.41584115520806,117.92387308721082,1.173772854736906,0.02421645706699796,0.034674627939508595,0.058891085006506555,498.11247609131976,734.560896926057,1232.673373017377,15.123755402409131,15.123755402409131,228.72797747189938,35.615723470406365,141.6668981967569,11.872698360860284,11.872698360860284,140.96096636797446
space0_time0,2020-01-07 08:00:00,67.0,-149.25,0,0,146.35263061523438,143.0970175301857,121.866131392358,1.1742148199442968,0.026613980916287472,0.0322498283018428,0.058863809218130274,585.7701037764914,731.0261036595205,1316.7962074360119,3.2556130850486795,3.2556130850486795,10.59901655954018,24.486499222876375,141.6668981967569,4.685732418477471,4.685732418477471,21.95608829757073
space0_time0,2020-01-07 08:00:00,80.0,-136.75,0,0,105.19095611572266,130.64363318136756,113.68387710699552,1.1491834770766134,0.03848540879725418,0.035205028132873684,0.07369043693012786,720.8746527268542,684.1725532240655,1405.0472059509198,-25.452677065644906,25.452677065644906,647.8387698080062,-8.492920991272868,141.6668981967569,-36.47594208103425,36.47594208103425,1330.494350698965
space0_time0,2020-01-09 05:00:00,58.0,-109.5,0,0,128.05856323242188,126.28451359671789,120.18383573362499,1.0507612178114736,0.033331623415245336,0.04575143146671254,0.07908305488195788,585.0055233579236,835.407994497725,1420.4135178556485,1.7740496357039888,1.7740496357039888,3.1472521099414554,7.8747274987968865,141.6668981967569,-13.608334964335029,13.608334964335029,185.18678050154324
space0_time0,2020-01-09 05:00:00,75.0,-100.25,0,0,122.17831420898438,123.76040818183276,119.52611796534373,1.0354256482898305,0.02342443190551086,0.0441377792569712,0.06756221116248207,388.39256583891694,757.0221567174399,1145.4147225563568,-1.5820939728483836,1.5820939728483836,2.503021338923182,2.6521962436406454,141.6668981967569,-19.48858398777253,19.48858398777253,379.8049058484638
space0_time0,2020-01-09 05:00:00,79.25,-94.5,0,0,111.72455596923828,119.26907319260191,116.02954897966092,1.0279198207821088,0.024633457371247457,0.04444589488435193,0.06907935225559939,380.13854557668736,710.024524192941,1090.1630697696285,-7.544517223363627,7.544517223363627,56.91974013363041,-4.304993010422635,141.6668981967569,-29.942342227518623,29.942342227518623,896.5438580698449
space0_time0,2020-01-09 07:00:00,64.75,-131.0,0,0,137.8589630126953,138.17111060961457,122.87633063788483,1.1244729549810804,0.023994989848065505,0.04033136953056057,0.06432635937862607,494.43876709144365,858.2666176308354,1352.7053847222792,-0.3121475969192602,0.3121475969192602,0.09743612226246894,14.982632374810478,141.6668981967569,-3.8079351840615914,3.8079351840615914,14.500370366014186
space0_time0,2020-01-09 07:00:00,69.0,-128.75,0,0,123.48503875732422,135.7050415582269,121.30375141485862,1.1187208967191453,0.02321603614764217,0.03972042664451098,0.06293646279215315,460.64254390294747,813.345661933718,1273.9882058366654,-12.220002800902677,12.220002800902677,149.32846845406925,2.1812873424655947,141.6668981967569,-18.181859439432685,18.181859439432685,330.58001267528743
space0_time0,2020-01-09 07:00:00,82.0,-112.25,0,0,84.28343963623047,124.67568055111606,115.24749606200605,1.0818081503830455,0.04726858543432785,0.0437814678208241,0.09105005325515195,824.1064438963332,798.8524005561233,1622.9588444524566,-40.39224091488559,40.39224091488559,1631.5331261261576,-30.96405642577558,141.6668981967569,-57.383458560526435,57.383458560526435,3292.8613163676546
space0_time0,2020-01-09 08:00:00,59.25,-157.75,0,0,157.4597625732422,139.67046344126825,118.04591484622635,1.183187606476779,0.03150332997392504,0.036225861934554154,0.0677291919084792,668.0959591364498,794.7199319056671,1462.8158910421168,17.789299131973934,17.789299131973934,316.45916360684856,39.413847727015835,141.6668981967569,15.792864376485284,15.792864376485284,249.41456521405792
space0_time0,2020-01-09 08:00:00,63.25,-156.25,0,0,147.65936279296875,144.42311990738378,121.81015902237596,1.1856410094732235,0.023323037788616,0.0326857635549838,0.0560088013435998,520.5437676941799,750.2438011577007,1270.7875688518807,3.2362428855849714,3.2362428855849714,10.473268014499343,25.849203770592794,141.6668981967569,5.992464596211846,5.992464596211846,35.909631936852406
space0_time0,2020-01-09 08:00:00,67.5,-154.25,0,0,133.9387969970703,146.1922264576672,123.16483639351627,1.1869639966928351,0.02404839834777004,0.029651147483798847,0.053699545831568885,548.8942011267335,695.2006075500856,1244.094808676819,-12.253429460596891,12.253429460596891,150.14653354582381,10.773960603554045,141.6668981967569,-7.728101199686591,7.728101199686591,59.72354815259733
space0_time0,2020-01-09 08:00:00,80.5,-140.75,0,0,92.77711486816406,133.635255851479,115.20370661190756,1.1599909393684935,0.041876302414237745,0.033044226592043965,0.07492052900628171,823.1387646086218,674.3061665221857,1497.4449311308076,-40.85814098331494,40.85814098331494,1669.38768461244,-22.4265917437435,141.6668981967569,-48.88978332859284,48.88978332859284,2390.2109139167546
space0_time0,2020-01-10 02:00:00,76.25,-53.25,0,0,107.15103912353516,103.37266512109223,118.77125263404861,0.8703508873447547,0.03402736464868806,0.03516605397597692,0.06919341862466498,396.369256399091,424.05468996811027,820.4239463672013,3.7783740024429306,3.7783740024429306,14.276110102336611,-11.620213510513452,141.6668981967569,-34.51585907322175,34.51585907322175,1191.344527562504
space0_time0,2020-01-10 05:00:00,77.5,-100.25,0,0,102.5775146484375,121.56619266288736,117.36305265771047,1.0358131448526255,0.02697925573697668,0.044313003322616056,0.07129225905959274,433.99934322759236,738.7433280662622,1172.7426712938545,-18.98867801444986,18.98867801444986,360.5698927364515,-14.785538009272969,141.6668981967569,-39.089383548319404,39.089383548319404,1527.9799061876236
space0_time0,2020-01-10 05:00:00,81.75,-91.75,0,0,94.0838394165039,122.85088739884684,119.8078171632366,1.0253995966846143,0.026700091553962208,0.04466549959570201,0.07136559114966422,438.6052039652713,760.4195380032962,1199.0247419685675,-28.76704798234293,28.76704798234293,827.5430496184205,-25.7239777467327,141.6668981967569,-47.583058780253,47.583058780253,2264.147482885012
space0_time0,2020-01-10 07:00:00,63.0,-134.75,0,0,138.51231384277344,140.09509774104077,123.76744393451992,1.1319220409460757,0.026020613757579598,0.039887222051655735,0.06590783580923533,552.6489881195828,875.5760551227418,1428.2250432423245,-1.582783898267337,1.582783898267337,2.505204868614348,14.74486990825352,141.6668981967569,-3.1545843539834664,3.1545843539834664,9.951402446397283
space0_time0,2020-01-10 09:00:00,61.5,-159.0,0,0,148.96607971191406,144.7608118858548,121.75972086992063,1.188905582663966,0.02598366406800887,0.033734459419552845,0.05971812348756171,585.5879923055937,783.3241688452202,1368.912161150814,4.20526782605927,4.20526782605927,17.684277488889258,27.206358841993435,141.6668981967569,7.299181515157159,7.299181515157159,53.27805079121195
space0_time0,2020-01-10 09:00:00,65.75,-157.25,0,0,144.39256286621094,144.77664546561712,121.51533688980889,1.1914269356542357,0.026159174551798035,0.030011135504408912,0.05617031005620694,587.6358542093166,693.3744288538209,1281.0102830631374,-0.3840825994061845,0.3840825994061845,0.14751944316661159,22.877225976402045,141.6668981967569,2.7256646694540336,2.7256646694540336,7.429247890309966
space0_time0,2020-01-10 09:00:00,70.0,-154.75,0,0,129.3652801513672,144.0489842891673,121.07856896339467,1.1897149555237738,0.024937853525525647,0.02745884391740612,0.05239669744293177,552.1556323875994,624.1153640589761,1176.2709964465755,-14.683704137800106,14.683704137800106,215.61116720644796,8.286711187972514,141.6668981967569,-12.301618045389716,12.301618045389716,151.3298065346579
space0_time0,2020-01-11 02:00:00,74.25,-57.75,0,0,127.40519714355469,105.48011745641033,122.11144530127694,0.8638020555416951,0.03749142034402241,0.038163769866392964,0.07565519021041538,458.4545933191247,484.6686613328679,943.1232546519925,21.92507968714436,21.92507968714436,480.7091192876303,5.293751842277743,141.6668981967569,-14.261701053202216,14.261701053202216,203.39611693090922
space0_time0,2020-01-11 02:00:00,78.75,-52.5,0,0,125.44511413574219,109.82798379373173,123.24697983504687,0.8911210963605349,0.03291059259503329,0.03484714830375441,0.0677577408987877,431.87153564265014,473.04439731542067,904.9159329580708,15.617130342010455,15.617130342010455,243.8947601193436,2.1981343006953153,141.6668981967569,-16.221784061014716,16.221784061014716,263.1462781221911
space0_time0,2020-01-11 06:00:00,79.75,-99.0,0,0,103.88423919677734,120.44761948698917,116.28052682542436,1.0358365478324763,0.019864792597230764,0.044578171138524976,0.06444296373575574,310.4476854827896,719.5302695520187,1029.9779550348082,-16.563380290211825,16.563380290211825,274.34556663817756,-12.396287628647016,141.6668981967569,-37.78265899997956,37.78265899997956,1427.5293211087364
space0_time0,2020-01-11 09:00:00,59.75,-162.25,0,0,143.73919677734375,153.40484798562684,128.6052657037914,1.1928348901277088,0.03761807526706773,0.03510221265650153,0.07272028792356926,970.1771204685738,938.8077144967893,1908.984834965363,-9.665651208283094,9.665651208283094,93.42481328018444,15.133931073552361,141.6668981967569,2.072298580586846,2.072298580586846,4.2944214071022575
space0_time0,2020-01-11 09:00:00,63.75,-160.75,0,0,139.81903076171875,148.7266118497732,124.35225184402206,1.196010604104898,0.03228451988041056,0.031056732510862172,0.06334125239127274,773.231988470347,767.7577564536892,1540.9897449240361,-8.907581088054457,8.907581088054457,79.34500084026541,15.466778917696686,141.6668981967569,-1.8478674350381539,1.8478674350381539,3.414614057474486
space0_time0,2020-01-11 09:00:00,68.0,-158.75,0,0,151.5795135498047,146.46738770755798,122.23108026818319,1.198282690345194,0.024076415306545217,0.02734165980848928,0.051418075115034496,550.3549801221706,641.2749585462102,1191.6299386683809,5.112125842246712,5.112125842246712,26.133830626966656,29.348433281621496,141.6668981967569,9.912615353047784,9.912615353047784,98.25994313747863
space0_time0,2020-01-12 02:00:00,76.75,-57.75,0,0,114.9913558959961,103.97800033440815,117.47655684958235,0.8850957426981978,0.032124958623525254,0.03816273511278617,0.07028769373631143,378.6566404223001,465.92171442073567,844.5783548430358,11.013355561587943,11.013355561587943,121.29400072596007,-2.485200953586258,141.6668981967569,-26.67554230076081,26.67554230076081,711.5845570396793
space0_time0,2020-01-12 04:00:00,75.25,-83.5,0,0,113.68463897705078,119.17067242202997,119.35904458999228,0.9984218023141069,0.025386312471855094,0.042311790181263215,0.0676981026531183,390.7181114679157,673.6689213440001,1064.3870328119158,-5.486033444979185,5.486033444979185,30.096562959430184,-5.674405612941499,141.6668981967569,-27.982259219706123,27.982259219706123,783.0068310388283
space0_time0,2020-01-12 04:00:00,79.5,-78.0,0,0,105.84431457519531,121.02533674046627,121.13652521732122,0.9990821226161521,0.027240285849802575,0.0417139074082353,0.06895419325803788,433.35046407843487,686.9098600314222,1120.260324109857,-15.18102216527096,15.18102216527096,230.46343398244818,-15.292210642125909,141.6668981967569,-35.82258362156159,35.82258362156159,1283.2574973237727
space0_time0,2020-01-14 03:00:00,77.25,-62.25,0,0,99.96408081054688,118.16478817664805,121.27299309097639,0.9743701805727131,0.03196901746959893,0.03541701568810455,0.06738603315770347,485.2117515528552,555.9693897954213,1041.1811413482765,-18.20070736610117,18.20070736610117,331.2657486264494,-21.30891228042951,141.6668981967569,-41.70281738621003,41.70281738621003,1739.1249779475816
space0_time0,2020-01-14 04:00:00,80.25,-82.25,0,0,110.41783905029297,121.66316856058555,121.05666863930388,1.0050100496577248,0.026354618775630737,0.04281080694829664,0.06916542572392738,423.5927792063894,712.3360129841182,1135.9287921905075,-11.245329510292578,11.245329510292578,126.45743579505711,-10.63882958901091,141.6668981967569,-31.249059146463935,31.249059146463935,976.5036975392013
space0_time0,2020-01-14 06:00:00,57.25,-122.25,0,0,116.9514389038086,134.1217478621918,124.6075401912394,1.0763533864511783,0.035524326693336904,0.045086696491231884,0.08061102318456878,705.1313639865101,931.7748891689382,1636.9062531554482,-17.170308958383202,17.170308958383202,294.81950972633445,-7.6561012874308005,141.6668981967569,-24.71545929294831,24.71545929294831,610.853928061385
space0_time0,2020-01-14 06:00:00,61.25,-120.75,0,0,131.3253631591797,135.52349187583744,122.69516757229921,1.1045544381035142,0.0228707969729193,0.04386482281436653,0.06673561978728583,454.2230529514296,900.7848240487135,1355.0078770001433,-4.198128716657749,4.198128716657749,17.624284721626438,8.630195586880475,141.6668981967569,-10.341535037577216,10.341535037577216,106.9473469334372
space0_time0,2020-01-14 06:00:00,65.5,-119.0,0,0,131.3253631591797,129.02012826258706,120.70955052084658,1.068847723364733,0.023977569997197818,0.04299073755066474,0.06696830754786255,431.93772768620937,800.858687808725,1232.7964154949343,2.305234896592623,2.305234896592623,5.314107928468401,10.61581263833311,141.6668981967569,-10.341535037577216,10.341535037577216,106.9473469334372
space0_time0,2020-01-14 06:00:00,69.75,-116.75,0,0,130.0186309814453,129.2121487943569,119.0170689437649,1.0856606530564885,0.027004938456449357,0.04251255841285398,0.06951749686930334,489.9121375013176,798.5595157787545,1288.4716532800721,0.8064821870884202,0.8064821870884202,0.6504135180909216,11.001562037680415,141.6668981967569,-11.648267215311591,11.648267215311591,135.68212911930286
space0_time0,2020-01-14 06:00:00,74.25,-113.75,0,0,133.28543090820312,126.11388050799914,116.83013307649153,1.079463638250153,0.04337300387480126,0.042761227867403634,0.08613423174220489,768.4316958419514,790.9313566614628,1559.363052503414,7.171550400203984,7.171550400203984,51.431135142665916,16.45529783171159,141.6668981967569,-8.381467288553779,8.381467288553779,70.24899390909704
space0_time0,2020-01-14 09:00:00,79.75,-155.5,0,0,82.97671508789062,137.46581707810677,114.44560411659032,1.2011454536782804,0.03968471765754482,0.023087610166756724,0.06277232782430155,814.5548444336906,488.9765165335939,1303.5313609672844,-54.48910199021614,54.48910199021614,2969.0622357001766,-31.468889028699692,141.6668981967569,-58.69018310886628,58.69018310886628,3444.5375933522528
space0_time0,2020-01-15 03:00:00,79.75,-61.25,0,0,92.77711486816406,116.46219325960868,119.64265480673485,0.9734169928587446,0.026709967240467532,0.03560062329531881,0.062310590535786345,390.7665096064488,537.331349460768,928.0978590672169,-23.68507839144462,23.68507839144462,560.9829384088769,-26.86553993857079,141.6668981967569,-48.88978332859284,48.88978332859284,2390.2109139167546
space0_time0,2020-01-15 06:00:00,59.5,-123.75,0,0,124.79175567626953,138.29581449482998,124.59295878911222,1.109980979975854,0.026255141018697283,0.043934995589178016,0.07019013660787529,545.7947104520428,945.9966621895339,1491.7913726415768,-13.504058818560452,13.504058818560452,182.3596045751403,0.19879688715731447,141.6668981967569,-16.875142520487373,16.875142520487373,284.7704350867609
space0_time0,2020-01-15 06:00:00,63.75,-122.25,0,0,129.3652801513672,135.733578512123,122.42007405640037,1.1087526254034856,0.02453116929590282,0.04279483654453316,0.06732600584043598,489.406717248213,883.0493085591503,1372.4560258073634,-6.3682983607558015,6.3682983607558015,40.55522401160503,6.945206094966821,141.6668981967569,-12.301618045389716,12.301618045389716,151.3298065346579
space0_time0,2020-01-15 06:00:00,68.0,-120.25,0,0,131.9787139892578,134.9764339979547,123.4401127632244,1.093456826767962,0.025829599032970264,0.042206972359545764,0.06803657139251602,510.2727438196673,862.7064066550623,1372.9791504747295,-2.997720008696888,2.997720008696888,8.98632525054167,8.538601226033407,141.6668981967569,-9.688184207499091,9.688184207499091,93.86091323843479
space0_time0,2020-01-15 06:00:00,72.25,-117.75,0,0,125.44511413574219,131.12734490081283,120.73731516712702,1.0860548349887003,0.024253580395687844,0.042030682063052924,0.06628426245874076,451.0519106326953,808.0381616210954,1259.0900722537906,-5.682230765070642,5.682230765070642,32.28774646751529,4.707798968615165,141.6668981967569,-16.221784061014716,16.221784061014716,263.1462781221911
space0_time0,2020-01-15 06:00:00,76.75,-114.0,0,0,121.52495574951172,130.9616310487713,122.78173927024395,1.0666214033710935,0.027115823793421506,0.042719126234088786,0.06983495002751029,505.5234642557832,824.7551970841085,1330.2786613398916,-9.436675299259576,9.436675299259576,89.05084070365581,-1.2567835207322275,141.6668981967569,-20.141942447245185,20.141942447245185,405.69784554813737
space0_time0,2020-01-15 06:00:00,81.0,-107.25,0,0,128.05856323242188,125.56054450870609,117.76955123793005,1.0661545636277059,0.046359599901460144,0.04419386957380379,0.09055346947526394,818.9901564168362,816.8849968279903,1635.8751532448264,2.498018723715788,2.498018723715788,6.240097544034653,10.28901199449183,141.6668981967569,-13.608334964335029,13.608334964335029,185.18678050154324
space0_time0,2020-01-15 09:00:00,52.5,-174.25,0,0,137.8589630126953,153.4172208409817,127.26401636562629,1.2055035289803986,0.07247826459642467,0.04398785496147207,0.11646611955789674,1987.7882112498482,1278.5725163876664,3266.3607276375146,-15.5582578282864,15.5582578282864,242.05938665143506,10.594946647069023,141.6668981967569,-3.8079351840615914,3.8079351840615914,14.500370366014186
space0_time0,2020-01-16 03:00:00,77.75,-66.75,0,0,108.45775604248047,117.32658414588985,119.93400100004358,0.9782595691596014,0.02604027217814707,0.03739635072332784,0.0634366229014749,386.9504818698303,573.6238764758308,960.574358345661,-8.868828103409385,8.868828103409385,78.6561119278241,-11.476244957563111,141.6668981967569,-33.209142154276435,33.209142154276435,1102.84712262294
space0_time0,2020-01-16 06:00:00,61.75,-125.5,0,0,142.43247985839844,135.87639652645757,121.89133003219783,1.1147338903477837,0.024398169038986,0.042733267728892195,0.0671314367678782,487.6507054496741,883.3186573099364,1370.9693627596105,6.556083331940869,6.556083331940869,42.982228655352884,20.54114982620061,141.6668981967569,0.7655816616415336,0.7655816616415336,0.5861152806418117
space0_time0,2020-01-16 06:00:00,66.0,-123.75,0,0,150.92616271972656,133.01970555926735,120.88430551757857,1.1003885491150387,0.024486493197243043,0.041804174224388854,0.0662906674216319,468.67981773633625,827.1512257616193,1295.8310434979555,17.90645716045921,17.90645716045921,320.641208039361,30.041857202147995,141.6668981967569,9.259264522969659,9.259264522969659,85.73397950632454
space0_time0,2020-01-16 06:00:00,70.25,-121.5,0,0,116.9514389038086,133.09827521274372,121.26484615199341,1.0975833428751336,0.04702109381003139,0.04149401266877296,0.08851510647880434,931.8150361966522,859.4772396737513,1791.2922758704035,-16.14683630893512,16.14683630893512,260.72032278754557,-4.3134072481848165,141.6668981967569,-24.71545929294831,24.71545929294831,610.853928061385
space0_time0,2020-01-16 06:00:00,74.75,-118.5,0,0,100.61743927001953,129.48831368642985,118.90848596272649,1.0889745390166663,0.04361485858849426,0.04171385080451437,0.08532870939300863,814.0642346624478,812.5132428855919,1626.5774775480397,-28.870874416410317,28.870874416410317,833.5273895681357,-18.291046692706956,141.6668981967569,-41.04945892673737,41.04945892673737,1685.0580781778986
space0_time0,2020-01-18 03:00:00,78.5,-71.25,0,0,111.72455596923828,122.1314859056553,123.98946005362545,0.9850150638032737,0.028967579955472715,0.03919851152415729,0.06816609147963001,469.32865175903055,657.1267218086346,1126.455373567665,-10.406929936417015,10.406929936417015,108.30419070149266,-12.264904084387169,141.6668981967569,-29.942342227518623,29.942342227518623,896.5438580698449
space0_time0,2020-01-18 05:00:00,51.5,-110.0,0,0,150.92616271972656,136.9584776905411,131.57554894187345,1.04091131514903,0.031051651959685227,0.0474068495010843,0.07845850146076952,639.8775488970794,1016.046359649069,1655.9239085461484,13.967685029185475,13.967685029185475,195.09622507453204,19.350613777853113,141.6668981967569,9.259264522969659,9.259264522969659,85.73397950632454
space0_time0,2020-01-18 05:00:00,55.5,-108.5,0,0,150.92616271972656,130.51997948583485,125.69961055520093,1.0383483203276676,0.03130752207848865,0.04620611553226178,0.07751363761075043,585.4401626805651,898.2268781784359,1483.667040859001,20.40618323389171,20.40618323389171,416.41231417516315,25.22655216452563,141.6668981967569,9.259264522969659,9.259264522969659,85.73397950632454
space0_time0,2020-01-18 05:00:00,59.75,-107.0,0,0,131.9787139892578,125.59494459059245,121.23285962370805,1.0359810449116167,0.030238231938627565,0.04520354620414181,0.07544177814276938,522.2126085571588,810.7106337665335,1332.9232423236922,6.383769398665365,6.383769398665365,40.752511735336356,10.74585436554976,141.6668981967569,-9.688184207499091,9.688184207499091,93.86091323843479
space0_time0,2020-01-18 05:00:00,76.75,-97.5,0,0,99.96408081054688,123.44165524905033,120.55788772817837,1.0239201895057581,0.031325571826919564,0.04398617257251083,0.07531174439943039,522.817329156025,762.3214351369618,1285.1387642929867,-23.477574438503453,23.477574438503453,551.1965015154707,-20.593806917631497,141.6668981967569,-41.70281738621003,41.70281738621003,1739.1249779475816
space0_time0,2020-01-18 07:00:00,66.5,-128.5,0,0,134.5921630859375,136.55897118458486,122.81825778010469,1.11187842632552,0.030950974347814523,0.04030757063470289,0.07125854498251741,629.5065366327426,849.5681131355574,1479.0746497682999,-1.9668080986473626,1.9668080986473626,3.868334096904854,11.773905305832812,141.6668981967569,-7.074735110819404,7.074735110819404,50.05187688826084
space0_time0,2020-01-18 07:00:00,70.75,-126.5,0,0,141.12576293945312,133.02290536507456,119.85251716809404,1.1098882902768652,0.05483923186677623,0.03990315122694518,0.0947423830937214,1096.6118170053453,836.5967901349342,1933.2086071402796,8.102857574378561,8.102857574378561,65.65630087066401,21.273245771359086,141.6668981967569,-0.5411352573037789,0.5411352573037789,0.292827366697227
space0_time0,2020-01-18 07:00:00,75.25,-123.0,0,0,105.19095611572266,132.23140166492152,119.78068599453262,1.103945937251997,0.054394236240425754,0.040550523788111685,0.09494476002853744,1074.7839406120574,840.1521880015559,1914.9361286136134,-27.040445549198864,27.040445549198864,731.1856954991887,-14.589729878809962,141.6668981967569,-36.47594208103425,36.47594208103425,1330.494350698965
space0_time0,2020-01-18 08:00:00,61.0,-155.0,0,0,154.8463134765625,142.78490090540953,121.40757113546067,1.1760790498485225,0.027892240001162406,0.034887145649088555,0.06277938565025096,614.021395030951,792.5120340736087,1406.5334291045597,12.061412571152971,12.061412571152971,145.47767321156692,33.43874234110183,141.6668981967569,13.179415279805596,13.179415279805596,173.69698711757323
space0_time0,2020-01-18 08:00:00,65.0,-153.5,0,0,135.8988800048828,146.53121617464163,124.36982327000415,1.1781894700977866,0.03115638010734243,0.03177160043362305,0.06292798054096549,723.6351666903939,761.5126124522914,1485.1477791426853,-10.632336169758815,10.632336169758815,113.04657242676156,11.529056734878665,141.6668981967569,-5.768018191874091,5.768018191874091,33.27003386179046
space0_time0,2020-01-18 08:00:00,69.25,-151.5,0,0,156.1530303955078,142.79356138633574,121.33628144212216,1.1768414170039383,0.029209335684308422,0.029399937736646384,0.0586092734209548,640.8417239548938,664.2056339636235,1305.0473579185173,13.359469009172074,13.359469009172074,178.47541220702905,34.816748953385655,141.6668981967569,14.486132198750909,14.486132198750909,209.84802607968783
space0_time1,2020-01-19 05:00:00,75.0,-101.75,0,1,118.2581558227539,111.08534886497652,110.93707454293965,1.001336562394923,0.03640023602981742,0.037682588036543854,0.07408282406636127,492.62870574032183,529.2304663828612,1021.859172123183,7.172806957777382,7.172806957777382,51.449159653539624,7.321081279814251,139.62729640382207,-21.369140581068166,21.369140581068166,456.6401691734543
space0_time1,2020-01-19 05:00:00,79.5,-97.0,0,1,87.55023956298828,106.09747969634748,106.12903293629942,0.999702689838219,0.03286236168284948,0.037123687860062655,0.06998604954291213,403.32855871570393,471.8608979634726,875.1894566791766,-18.547240133359196,18.547240133359196,344.00011656449004,-18.578793373311143,139.62729640382207,-52.07705684083379,52.07705684083379,2712.0198492034338
space0_time1,2020-01-19 08:00:00,59.0,-158.0,0,1,139.16567993164062,127.29178200217716,131.72588618112005,0.966338399326871,0.04412935875779802,0.03895794722238309,0.0830873059801811,794.3840494740346,731.026915843958,1525.4109653179926,11.873897929463467,11.873897929463467,140.98945203931683,7.439793750520579,139.62729640382207,-0.4616164721814471,0.4616164721814471,0.2130897673892447
space0_time1,2020-01-19 08:00:00,63.25,-156.5,0,1,177.7139129638672,121.60104897093687,125.07288151125223,0.9722415243147415,0.03891109441918197,0.03519039438579975,0.07410148880498171,631.8395263887444,592.9846123220237,1224.8241387107682,56.112863992930315,56.112863992930315,3148.6535054890956,52.64103145261495,139.62729640382207,38.086616560045115,38.086616560045115,1450.5903609919028
space0_time1,2020-01-19 08:00:00,67.5,-154.75,0,1,125.44511413574219,122.29586454757067,127.24540893395097,0.9611023735327889,0.03457522342380671,0.03161834095260868,0.06619356437641538,562.1673057398209,531.3857156031588,1093.5530213429797,3.1492495881715143,3.1492495881715143,9.917772968598452,-1.8002947982087818,139.62729640382207,-14.182182268079885,14.182182268079885,201.1342938850395
space0_time1,2020-01-19 09:00:00,54.75,-159.5,0,1,153.5395965576172,122.41443320684432,127.45368121536703,0.9604621227063068,0.09503103915723216,0.04277328710669384,0.137804326263926,1714.6580554668853,826.5672638606429,2541.2253193275283,31.125163350772866,31.125163350772866,968.7757936122944,26.08591534225016,139.62729640382207,13.912300153795115,13.912300153795115,193.5520955692876
space0_time1,2020-01-20 07:00:00,62.75,-135.25,0,1,135.8988800048828,121.74899350339713,129.49819642608966,0.9401597617838996,0.035566117893481825,0.038282639847826545,0.07384875774130836,577.810334302061,645.3427020052435,1223.1530363073045,14.149886501485682,14.149886501485682,200.2192880049267,6.400683578793149,139.62729640382207,-3.7284163989392596,3.7284163989392596,13.901088843879196
space0_time1,2020-01-20 07:00:00,67.25,-133.25,0,1,144.39256286621094,121.80544798275999,127.78420632370462,0.9532120712492497,0.03820294791475658,0.03605157468323417,0.07425452259799074,622.3012980470137,609.465804294855,1231.7671023418688,22.58711488345095,22.58711488345095,510.1777587582115,16.608356542506314,139.62729640382207,4.765266462388865,4.765266462388865,22.707764457568093
space0_time1,2020-01-20 09:00:00,61.25,-159.75,0,1,131.9787139892578,126.07702222018179,130.01387997284735,0.9697197118224016,0.038134464957125615,0.03693321370485698,0.07506767866198259,666.0366541202571,669.7252600625477,1335.761914182805,5.901691769076024,5.901691769076024,34.829965737179684,1.9648340164104638,139.62729640382207,-7.64858241456426,7.64858241456426,58.50081295238164
space0_time1,2020-01-20 09:00:00,65.5,-158.25,0,1,136.55223083496094,120.80630030829833,123.84563903791832,0.9754586535849726,0.03812094882609833,0.03307544544666446,0.07119639427276278,608.9297976406546,547.4731529844917,1156.4029506251463,15.745930526662605,15.745930526662605,247.9343281504853,12.70659179704262,139.62729640382207,-3.0750655688611346,3.0750655688611346,9.456028252795253
space0_time1,2020-01-20 09:00:00,69.75,-156.0,0,1,108.45775604248047,122.00015268096217,126.33722094851579,0.9656707007246818,0.034871953965924754,0.02955553371863965,0.06442748768456441,563.3416831696903,493.08122218840487,1056.4229053580952,-13.542396638481705,13.542396638481705,183.39650671396058,-17.879464906035324,139.62729640382207,-31.169540361341603,31.169540361341603,971.5402463373033
space0_time1,2020-01-21 07:00:00,61.0,-138.25,0,1,148.96607971191406,122.40586097151078,130.0504480260683,0.9412182951263249,0.03832663689141841,0.039030388668958846,0.07735702556037725,632.4846235764412,669.5006228992962,1301.9852464757373,26.560218740403286,26.560218740403286,705.44521953807,18.915631685845767,139.62729640382207,9.33878330809199,9.33878330809199,87.21287367549758
space0_time1,2020-01-21 07:00:00,65.25,-136.75,0,1,145.69927978515625,121.61772123780682,127.53934460607806,0.95357022269041,0.030970656313673885,0.03653897966788792,0.0675096359815618,497.74366817405075,607.4046110164961,1105.1482791905469,24.08155854734943,24.08155854734943,579.9214620694185,18.15993517907819,139.62729640382207,6.071983381334178,6.071983381334178,36.86898218319843
space0_time1,2020-01-21 09:00:00,63.75,-161.5,0,1,130.0186309814453,114.85664778889766,118.01046460706314,0.9732751088755843,0.04876027603476295,0.03462673124934425,0.0833870072841072,716.5130888559872,530.463371860617,1246.9764607166044,15.161983192547652,15.161983192547652,229.8857343310975,12.00816637438217,139.62729640382207,-9.60866542237676,9.60866542237676,92.32645119917875
space0_time1,2020-01-21 09:00:00,68.0,-159.75,0,1,132.632080078125,122.0810531448863,127.05348674836934,0.960863462068294,0.03444770159300855,0.030722790062754454,0.065170491655763,557.5215586950486,513.6996481790388,1071.2212068740873,10.551026933238703,10.551026933238703,111.3241693459285,5.5785933297556625,139.62729640382207,-6.995216325697072,6.995216325697072,48.933051443298844
space0_time1,2020-01-22 02:00:00,77.0,-59.75,0,1,107.15103912353516,112.61090217409227,113.28608496618713,0.9940400200757541,0.018093783763212228,0.02582681014819261,0.043920593911404834,241.9355467501366,353.0079112070868,594.9434579572235,-5.459863050557118,5.459863050557118,29.810104530838878,-6.1350458426519765,139.62729640382207,-32.476257280286916,32.476257280286916,1054.707286935389
space0_time1,2020-01-22 07:00:00,63.5,-140.0,0,1,152.23287963867188,121.61183239404222,128.32063240673665,0.9477184620519203,0.03717464794868879,0.0371366077639659,0.07431125571265469,603.3493878957775,625.5480516805693,1228.8974395763466,30.62104724462965,30.62104724462965,937.6485343578411,23.912247231935225,139.62729640382207,12.605583234849803,12.605583234849803,158.90072869072642
space0_time1,2020-01-22 07:00:00,67.75,-138.25,0,1,133.9387969970703,118.50595751200359,123.5255586720395,0.9593638659561708,0.036914399547418056,0.034743736126657154,0.07165813567407521,567.3321914654957,553.4465546158796,1120.7787460813752,15.432839485066722,15.432839485066722,238.1725345718345,10.413238325030818,139.62729640382207,-5.68849940675176,5.68849940675176,32.35902550061512
space0_time1,2020-01-22 09:00:00,53.5,-167.25,0,1,167.91351318359375,125.54835992115979,131.0440574535219,0.9580622148065637,0.06448021877974891,0.044611768567668575,0.10909198734741749,1170.8562352110469,855.4139241886044,2026.2701593996512,42.365153262433964,42.365153262433964,1794.806210949519,36.86945573007185,139.62729640382207,28.286216779771678,28.286216779771678,800.1100597122369
space0_time1,2020-01-22 09:00:00,61.75,-164.75,0,1,103.88423919677734,126.42734055834231,130.23936878240838,0.9707305996665662,0.05234996866218743,0.036661992392805015,0.08901196105499244,939.0161809884419,687.5054520472804,1626.5216330357223,-22.543101361564965,22.543101361564965,508.19141899779214,-26.355129585631033,139.62729640382207,-35.74305720704473,35.74305720704473,1277.566138506072
space0_time1,2020-01-22 09:00:00,66.25,-162.75,0,1,120.87159729003906,116.85020905181153,119.65518755873006,0.9765578194798972,0.04948513565364072,0.03228488988360438,0.0817700255372451,751.6850197473859,510.84732667383633,1262.5323464212222,4.02138823822753,4.02138823822753,16.171563362554718,1.2164097313089997,139.62729640382207,-18.75569911378301,18.75569911378301,351.77624924676076
space0_time1,2020-01-22 09:00:00,70.5,-160.75,0,1,134.5921630859375,118.1829589117355,121.9125421183513,0.9694077152210051,0.04978607226111013,0.028399966065857186,0.07818603832696731,770.9551401299216,457.28472026496723,1228.2398603948889,16.409204174202003,16.409204174202003,269.26198163064845,12.679620967586203,139.62729640382207,-5.035133317884572,5.035133317884572,25.352567528871297
space0_time1,2020-01-24 03:00:00,77.5,-64.5,0,1,116.9514389038086,115.25759557470012,116.52058994351293,0.9891607623217056,0.0218758342365828,0.027919417877781964,0.049795252114364766,308.8079515650655,404.06250965190316,712.8704612169686,1.693843329108475,1.693843329108475,2.869105223565281,0.43084896029566266,139.62729640382207,-22.67585750001348,22.67585750001348,514.1945133609175
space0_time1,2020-01-24 06:00:00,57.0,-122.75,0,1,149.6194305419922,117.67421955692049,127.82729056758886,0.9205719610766537,0.05266144963777119,0.042772413306656556,0.09543386294442774,823.7346483776087,701.7208837126191,1525.4555320902277,31.945210985071697,31.945210985071697,1020.4965048807454,21.792139974403327,139.62729640382207,9.992134138170115,9.992134138170115,99.84274463518463
space0_time1,2020-01-24 06:00:00,61.25,-121.5,0,1,143.73919677734375,118.6618397972894,127.52179709759719,0.9305220166123688,0.03813209728426667,0.04081198617949883,0.0789440834637655,592.2491127585658,659.398227647783,1251.6473404063488,25.077356980054347,25.077356980054347,628.8738331050805,16.217399679746563,139.62729640382207,4.111900373521678,4.111900373521678,16.907724681767714
space0_time1,2020-01-24 06:00:00,65.5,-120.0,0,1,123.48503875732422,117.26572010205798,125.30714650121796,0.9358262746883169,0.04797992276630815,0.03912680407320333,0.08710672683951148,737.3811467086365,628.0697714507257,1365.4509181593621,6.219318655266235,6.219318655266235,38.679924535742614,-1.8221077438937385,139.62729640382207,-16.142257646497853,16.142257646497853,260.5724819259184
space0_time1,2020-01-24 06:00:00,69.75,-118.0,0,1,122.83168029785156,108.16382877482133,114.1475971911508,0.9475786738961391,0.044562502817927015,0.0379035012781216,0.08246600409604862,578.9762748253942,513.1777882123114,1092.1540630377056,14.667851523030237,14.667851523030237,215.14586830166044,8.684083106700768,139.62729640382207,-16.79561610597051,16.79561610597051,282.092720379136
space0_time1,2020-01-25 06:00:00,59.5,-124.75,0,1,141.12576293945312,116.1118192977794,125.28821618577854,0.9267577018225537,0.045850472941391406,0.04141243735033025,0.08726291029172165,690.222042669977,651.204944225675,1341.4269868956521,25.01394364167372,25.01394364167372,625.6973765088292,15.837546753674587,139.62729640382207,1.498466535631053,1.498466535631053,2.2454019584061298
space0_time1,2020-01-25 06:00:00,63.75,-123.0,0,1,121.52495574951172,117.87861025618757,126.35143171644125,0.9329424182602972,0.03863320769909913,0.039545786960125305,0.07817899465922443,591.8335640998689,629.96538788499,1221.7989519848588,3.646345493324148,3.646345493324148,13.295835456685325,-4.826475966929536,139.62729640382207,-18.102340654310353,18.102340654310353,327.6947371646974
space0_time1,2020-01-25 06:00:00,68.0,-121.5,0,1,138.51231384277344,121.36991328056091,128.34532948959392,0.9456511878011223,0.0364972309001958,0.03802538985556521,0.07452262075576101,589.9240995483195,637.9613093804752,1227.8854089287947,17.14240056221253,17.14240056221253,293.86189703534444,10.166984353179515,139.62729640382207,-1.1149825610486346,1.1149825610486346,1.2431861114425722
space0_time1,2020-01-25 06:00:00,72.25,-119.25,0,1,128.7119140625,114.96782906394758,120.981139442435,0.9502954724496651,0.0459207211575063,0.03703451818936149,0.08295523934686778,674.8357465906489,567.2783916537618,1242.1141382444107,13.744084998552424,13.744084998552424,188.89987244743378,7.730774620065006,139.62729640382207,-10.915382341322072,10.915382341322072,119.14557165724572
space0_time1,2020-01-25 06:00:00,76.75,-116.0,0,1,109.11111450195312,121.89064561064978,120.10078035753946,1.0149030276721087,0.042925389020528816,0.036723966310661646,0.07964935533119047,705.6685168812235,628.2359466837289,1333.9044635649525,-12.77953110869666,12.77953110869666,163.31641535814566,-10.989665855586338,139.62729640382207,-30.516181901868947,30.516181901868947,931.2373578679538
space0_time1,2020-01-25 09:00:00,52.25,-175.0,0,1,171.18031311035156,122.63418998856753,127.98510854524683,0.9581910847480539,0.08320029617499552,0.04711692367835121,0.13031721985334674,1486.401127341401,898.2578502504751,2384.658977591876,48.546123121784035,48.546123121784035,2356.7260701554146,43.19520456510473,139.62729640382207,31.55301670652949,31.55301670652949,995.5928632825292
space0_time1,2020-01-26 03:00:00,78.0,-69.25,0,1,118.2581558227539,115.33473635198908,115.69053410111664,0.9969245733724713,0.02001609740081967,0.03002043038111803,0.0500365277819377,282.737841516612,434.80627071870657,717.5441122353186,2.923419470764827,2.923419470764827,8.546381402046903,2.5676217216372663,139.62729640382207,-21.369140581068166,21.369140581068166,456.6401691734543
space0_time1,2020-01-26 06:00:00,61.75,-126.25,0,1,122.17831420898438,120.90643325988127,129.6947289059325,0.932238605838597,0.037472984938137624,0.040163541376020774,0.0776365263141584,603.2492464925609,672.1602661479094,1275.4095126404704,1.2718809491031067,1.2718809491031067,1.6176811486914193,-7.516414696948118,139.62729640382207,-17.448982194837697,17.448982194837697,304.466979635763
space0_time1,2020-01-26 06:00:00,66.0,-124.75,0,1,163.9933624267578,120.83559309573249,128.9887856219098,0.9367914622432695,0.0427198550688416,0.03835063260988227,0.08107048767872388,691.0946239481533,646.0678044245732,1337.1624283727265,43.15776933102532,43.15776933102532,1862.5930536299898,35.004576804848,139.62729640382207,24.36606602293574,24.36606602293574,593.7051734340636
space0_time1,2020-01-26 06:00:00,70.25,-122.75,0,1,133.28543090820312,108.95623272817687,114.87064611195575,0.9485124043089773,0.04518808167662229,0.03705311062933262,0.08224119230595492,595.7915996013029,509.0277811912359,1104.8193807925388,24.329198180026253,24.329198180026253,591.9098840829928,18.414784796247375,139.62729640382207,-6.341865495618947,6.341865495618947,40.21925796452215
space0_time1,2020-01-26 06:00:00,74.75,-120.5,0,1,127.40519714355469,110.58496807959654,117.03651610729001,0.9448757683304654,0.04569296077044144,0.036258441892248985,0.08195140266269042,620.572342735902,513.0193950754767,1133.5917378113786,16.820229063958152,16.820229063958152,282.92010576402254,10.368681036264675,139.62729640382207,-12.222099260267385,12.222099260267385,149.37971032782855
space0_time1,2020-01-29 08:00:00,54.75,-160.25,0,1,152.88623046875,121.29305304222723,126.55463067397599,0.9584244558754758,0.07711175170504153,0.043067208921390196,0.12017896062643173,1329.9572553850714,788.6536884327483,2118.6109438178196,31.59317742652277,31.59317742652277,998.128859903748,26.331599794774007,139.62729640382207,13.258934064927928,13.258934064927928,175.79933253810623
space0_time1,2020-01-29 08:00:00,59.0,-158.75,0,1,147.65936279296875,127.22071707060164,131.70614450047228,0.9659436737224163,0.03747262049769862,0.03929640758475517,0.07676902808245378,667.3176227013994,727.1836321604852,1394.5012548618847,20.438645722367113,20.438645722367113,417.7382389644355,15.953218292496473,139.62729640382207,8.032066389146678,8.032066389146678,64.51409047965976
space0_time1,2020-01-29 08:00:00,63.0,-157.5,0,1,124.13839721679688,123.2876335292857,126.9154944813508,0.971415145432868,0.03101895046781632,0.03579664811081156,0.06681559857862789,511.9609880784833,610.8952258954187,1122.856213973902,0.8507636875111757,0.8507636875111757,0.7237988519876134,-2.7770972645539302,139.62729640382207,-15.488899187025197,15.488899187025197,239.9059980258298
space0_time1,2020-01-29 08:00:00,67.5,-156.0,0,1,131.9787139892578,119.98763882769559,125.38199763072645,0.9569766082454818,0.03192904867487742,0.03204726682860454,0.06397631550348196,497.960972650961,516.0511393480692,1014.0121119990303,11.991075161562222,11.991075161562222,143.78588353023446,6.596716358531367,139.62729640382207,-7.64858241456426,7.64858241456426,58.50081295238164
space0_time1,2020-01-30 02:00:00,76.5,-57.75,0,1,94.73719787597656,117.59307574290641,117.3428939010114,1.0021320578824828,0.020272769023590296,0.026035280030431172,0.04630804905402147,296.6180087076363,389.85866366301076,686.4766723706471,-22.855877866929845,22.855877866929845,522.3911530680135,-22.60569602503483,139.62729640382207,-44.89009852784551,44.89009852784551,2015.1209458396777
space0_time1,2020-01-30 07:00:00,67.0,-134.5,0,1,119.56488037109375,120.80023455992915,126.72000887025676,0.9532846125635248,0.03624033070395012,0.036317973381894485,0.0725583040858446,579.0720880422751,601.7526663746689,1180.824754416944,-1.2353541888354016,1.2353541888354016,1.5260999718731731,-7.155128499163013,139.62729640382207,-20.062416032728322,20.062416032728322,402.50053707027445
space0_time1,2020-01-30 09:00:00,61.25,-160.5,0,1,144.39256286621094,123.10084754355927,127.01281403827028,0.9692002218490154,0.03484560506282679,0.03736043055716249,0.07220603561998928,577.5869573056581,642.0426335525839,1219.629590858242,21.29171532265167,21.29171532265167,453.33714138083985,17.37974882794066,139.62729640382207,4.765266462388865,4.765266462388865,22.707764457568093
space0_time1,2020-01-30 09:00:00,65.5,-159.25,0,1,107.80439758300781,123.66533054039066,126.86114847717985,0.9748085369307211,0.034138358585834076,0.033577478561413465,0.06771583714724755,568.3047877826322,578.2163653384442,1146.5211531210764,-15.860932957382843,15.860932957382843,251.56919427859327,-19.05675089417204,139.62729640382207,-31.82289882081426,31.82289882081426,1012.6968893597816
space0_time1,2020-01-30 09:00:00,69.75,-157.5,0,1,129.3652801513672,119.23245635345069,123.40204743608435,0.9662113298015308,0.03813284078391562,0.03006903705641897,0.06820187784033459,591.58151530777,482.65282606801895,1074.234341375789,10.132823797916501,10.132823797916501,102.67411811962299,5.963232715282842,139.62729640382207,-10.262016252454885,10.262016252454885,105.30897756564819
space0_time1,2020-02-08 07:00:00,69.0,-132.75,0,1,110.41783905029297,118.99666122608402,124.88542975620229,0.9528466327768248,0.036457236048199226,0.03622185788535714,0.07267909393355637,565.4029387891487,582.5414048247125,1147.9443436138613,-8.578822175791046,8.578822175791046,73.59618992384422,-14.467590705909316,139.62729640382207,-29.209457353529103,29.209457353529103,853.1923988876354
space0_time1,2020-02-08 08:00:00,58.75,-159.75,0,1,130.0186309814453,126.27144586191397,130.9999566969864,0.9639044855105574,0.056774667170266434,0.04009145045830896,0.09686611762857539,1026.171889177459,760.5403381702893,1786.7122273477482,3.7471851195313377,3.7471851195313377,14.041396320037085,-0.9813257155410895,139.62729640382207,-9.60866542237676,9.60866542237676,92.32645119917875
space0_time1,2020-02-08 08:00:00,63.0,-158.75,0,1,137.20559692382812,124.86177600981318,128.63368760471153,0.9706771090440214,0.038316480655076826,0.036462232730861424,0.07477871338593825,656.2472490922961,648.2770159085647,1304.5242650008609,12.343820914014941,12.343820914014941,152.36991475727265,8.5719093191166,139.62729640382207,-2.421699479993947,2.421699479993947,5.8646283714029535
space0_time1,2020-02-08 08:00:00,67.5,-157.25,0,1,141.12576293945312,120.42489161846801,125.640056179757,0.9584912270826474,0.03439924736018371,0.03280463107695308,0.0672038784371368,542.8237693637128,535.348107281453,1078.1718766451659,20.700871320985115,20.700871320985115,428.526073447984,15.485706759696129,139.62729640382207,1.498466535631053,1.498466535631053,2.2454019584061298
space0_time1,2020-02-09 07:00:00,67.0,-136.0,0,1,131.3253631591797,119.15723825068156,125.53680614182666,0.949181693503197,0.03480932877127578,0.03664317885888688,0.07145250763016266,540.1925770231012,589.3376562744384,1129.5302332975396,12.168124908498129,12.168124908498129,148.0632637888126,5.788557017353028,139.62729640382207,-8.301933244642385,8.301933244642385,68.92209559849843
space0_time1,2020-02-09 09:00:00,61.25,-161.5,0,1,140.47239685058594,123.59390387207627,127.62118158111869,0.9684435008425101,0.04966231110249873,0.03805692663763123,0.08771923774012996,849.074250456253,679.8013563228999,1528.8756067791528,16.87849297850967,16.87849297850967,284.88352522560024,12.851215269467247,139.62729640382207,0.8451004467638654,0.8451004467638654,0.714194765120485
space0_time1,2020-02-09 09:00:00,65.5,-160.75,0,1,133.28543090820312,122.82765657699265,126.12001713258297,0.9738950197562275,0.033648442211950264,0.034399108487155515,0.06804755069910579,552.6333948232074,584.5162799656239,1137.1496747888314,10.457774331210473,10.457774331210473,109.36504396252465,7.165413775620152,139.62729640382207,-6.341865495618947,6.341865495618947,40.21925796452215
space0_time1,2020-02-09 09:00:00,70.0,-159.0,0,1,137.20559692382812,121.10099739086223,125.62861106448615,0.9639603300931202,0.03732369444384,0.030816906615778995,0.068140601059619,597.0395449844241,510.03036762144876,1107.0699126058728,16.104599532965892,16.104599532965892,259.35812611720525,11.576985859341974,139.62729640382207,-2.421699479993947,2.421699479993947,5.8646283714029535
space0_time1,2020-02-10 07:00:00,60.75,-140.0,0,1,129.3652801513672,118.36041736721,122.70912161042413,0.9645608721980722,0.04422008150358945,0.0397914901562975,0.08401157165988696,688.8995944276819,646.4913857285173,1335.3909801561992,11.004862784157183,11.004862784157183,121.10700489812778,6.6561585409430535,139.62729640382207,-10.262016252454885,10.262016252454885,105.30897756564819
space0_time1,2020-02-10 07:00:00,65.25,-139.0,0,1,125.44511413574219,122.09494247050594,129.1839399864785,0.9451247769907425,0.040657360252177005,0.03716786536477941,0.07782522561695641,668.6396688258094,635.4994791975714,1304.1391480233808,3.350171665236246,3.350171665236246,11.223650186551803,-3.738825850736305,139.62729640382207,-14.182182268079885,14.182182268079885,201.1342938850395
space0_time1,2020-02-10 09:00:00,68.0,-162.25,0,1,139.81903076171875,122.50122225063456,127.8680181257051,0.9580286301943424,0.028083414058033714,0.03236797042478065,0.06045138448281437,454.04297126048994,539.3790333559994,993.4220046164893,17.317808511084195,17.317808511084195,299.9064916265802,11.951012636013644,139.62729640382207,0.19173435789667792,0.19173435789667792,0.03676206399805138
space0_time1,2020-02-11 07:00:00,67.75,-140.75,0,1,118.2581558227539,122.48443352718814,128.77996231878575,0.9511140655872108,0.03458372467597397,0.03547859307372976,0.07006231774970373,566.2296958838125,601.5922597536053,1167.821955637418,-4.226277704434239,4.226277704434239,17.861423234997936,-10.521806496031843,139.62729640382207,-21.369140581068166,21.369140581068166,456.6401691734543
space0_time1,2020-02-11 09:00:00,53.25,-168.5,0,1,114.9913558959961,129.03873107325717,134.7058967819775,0.9579293420399206,0.0614069208155371,0.04579091958287655,0.10719784039841365,1173.8578132596574,923.4746200792367,2097.332433338894,-14.047375177261074,14.047375177261074,197.32874937073058,-19.714540885981393,139.62729640382207,-24.63594050782598,24.63594050782598,606.9295647051409
space0_time1,2020-02-11 09:00:00,61.75,-166.5,0,1,144.39256286621094,112.67639650905261,116.31544464270127,0.9687139730684339,0.06391352441369354,0.0380795426882088,0.10199306710190234,927.9108526633596,581.7080140936255,1509.618866756985,31.71616635715833,31.71616635715833,1005.9152083949418,28.07711822350967,139.62729640382207,4.765266462388865,4.765266462388865,22.707764457568093
space0_time1,2020-02-11 09:00:00,57.0,-157.75,0,1,120.2182388305664,126.74015204831339,131.90560083475413,0.9608398070002209,0.0721122215551636,0.04171440277672029,0.1138266243318839,1345.9367877659129,824.0552822049094,2169.9920699708223,-6.5219132177469845,6.5219132177469845,42.535352019822824,-11.687362004187719,139.62729640382207,-19.409057573255666,19.409057573255666,376.7115158819531
space0_time1,2020-02-14 09:00:00,51.75,-176.5,0,1,173.14039611816406,129.34856556062758,135.07646108770604,0.9575951614296494,0.05447577854096954,0.048721771876416964,0.10319755041738651,1038.550861942931,978.015454446828,2016.566316389759,43.791830557536485,43.791830557536485,1917.7244235799863,38.063935030458026,139.62729640382207,33.51309971434199,33.51309971434199,1123.1278524634292
space0_time1,2020-02-15 06:00:00,65.75,-127.5,0,1,102.5775146484375,120.26021840310946,127.6805444539572,0.941883659076003,0.03755765004141567,0.03906138940179525,0.07661903944321091,597.5836112503392,645.784552599356,1243.368163849695,-17.682703754671962,17.682703754671962,312.6780120754899,-25.103029805519697,139.62729640382207,-37.04978175538457,37.04978175538457,1372.6863281216274
space0_time1,2020-02-16 06:00:00,68.25,-129.5,0,1,109.11111450195312,120.64111331141004,127.29440535261803,0.9477330364773082,0.038247912028408985,0.03776320574168474,0.07601111777009373,612.2679324451342,627.9247113008273,1240.1926437459615,-11.529998809456913,11.529998809456913,132.94087254607783,-18.183290850664903,139.62729640382207,-30.516181901868947,30.516181901868947,931.2373578679538
space0_time1,2020-02-16 08:00:00,58.0,-156.0,0,1,122.17831420898438,130.00805684920192,135.17405612520812,0.9617826125508797,0.04413641940397525,0.041231784395347075,0.08536820379932233,830.6764990499622,809.8413341247278,1640.5178331746902,-7.829742640217546,7.829742640217546,61.30486981204083,-12.99574191622375,139.62729640382207,-17.448982194837697,17.448982194837697,304.466979635763
space0_time1,2020-02-16 08:00:00,62.25,-155.0,0,1,124.13839721679688,125.00423238914604,129.06359185114815,0.968547601970633,0.03748855665259728,0.03790388379239511,0.07539244044499238,643.6601820785693,675.7926479810312,1319.4528300596005,-0.8658351723491648,0.8658351723491648,0.749670545676908,-4.925194634351271,139.62729640382207,-15.488899187025197,15.488899187025197,239.9059980258298
space0_time1,2020-02-16 08:00:00,66.75,-154.0,0,1,118.2581558227539,119.30091494325703,124.99392994786847,0.9544536682142422,0.041374238603463884,0.0345517486906792,0.07592598729414309,648.6450058052046,562.6325340135357,1211.2775398187405,-1.0427591205031206,1.0427591205031206,1.0873465833924416,-6.73577412511456,139.62729640382207,-21.369140581068166,21.369140581068166,456.6401691734543
space0_time1,2020-02-17 05:00:00,59.25,-109.75,0,1,109.11111450195312,118.67454275327493,128.4451826612224,0.923931441370458,0.05143888318408335,0.04274332715041617,0.09418221033449953,816.821517728802,711.4437227439893,1528.2652404727912,-9.56342825132181,9.56342825132181,91.45915991818012,-19.334068159269265,139.62729640382207,-30.516181901868947,30.516181901868947,931.2373578679538
space0_time1,2020-02-17 07:00:00,66.5,-132.5,0,1,111.07119750976562,119.38816747421906,126.48561884354493,0.9438872858889593,0.04576965381175914,0.03810883840128382,0.08387849221304296,725.9468536583893,630.311551870392,1356.2584055287812,-8.316969964453435,8.316969964453435,69.17198938962056,-15.414421333779302,139.62729640382207,-28.556098894056447,28.556098894056447,815.4507840471318
space0_time1,2020-02-17 08:00:00,56.0,-158.75,0,1,111.72455596923828,126.11045837390537,131.41061886803894,0.9596671826083103,0.05303559554558114,0.04297180129724419,0.09600739684282533,953.5260712578993,810.5483741018984,1764.0744453597977,-14.385902404667092,14.385902404667092,206.95418799660644,-19.686062898800657,139.62729640382207,-27.90274043458379,27.90274043458379,778.5629237597573
space0_time1,2020-02-17 08:00:00,60.25,-158.0,0,1,120.2182388305664,126.74530371480293,131.29636663409633,0.9653374801149182,0.0389087475453066,0.03951869270018196,0.07842744024548856,689.3629370312862,728.1727395173972,1417.5356765486833,-6.527064884236523,6.527064884236523,42.60257600303354,-11.078127803529924,139.62729640382207,-19.409057573255666,19.409057573255666,376.7115158819531
space0_time1,2020-02-17 08:00:00,64.75,-157.0,0,1,135.24551391601562,122.06703814406481,125.596434959972,0.9718989092562057,0.048620205804288955,0.03597746941780615,0.0845976752220951,807.8940869714443,623.6185823378382,1431.5126693092825,13.178475771950815,13.178475771950815,173.67222367189464,9.649078956043624,139.62729640382207,-4.381782487806447,4.381782487806447,19.200017770447257
space0_time1,2020-02-17 08:00:00,69.25,-156.0,0,1,107.15103912353516,119.8403242238717,124.84232679963674,0.9599334400119529,0.03528384018377999,0.03269709420935821,0.0679809343931382,552.064546934523,529.2755848023876,1081.3401317369107,-12.689285100336548,12.689285100336548,161.01795635762312,-17.69128767610158,139.62729640382207,-32.476257280286916,32.476257280286916,1054.707286935389
space0_time1,2020-02-20 07:00:00,65.0,-140.5,0,1,135.24551391601562,119.09910589407941,126.65055733234126,0.9403756951621917,0.039202388091167474,0.037904880028085605,0.07710726811925309,612.572204738021,615.5760432343462,1228.1482479723672,16.14640802193621,16.14640802193621,260.706492010846,8.59495658367436,139.62729640382207,-4.381782487806447,4.381782487806447,19.200017770447257
space0_time1,2020-02-20 09:00:00,67.75,-164.0,0,1,118.91151428222656,119.76498642233447,125.62068992472831,0.9533858355187943,0.035050807883655534,0.03390329479736916,0.0689541026810247,548.1981624171723,548.8494208807206,1097.0475832978927,-0.8534721401079111,0.8534721401079111,0.7284146939403777,-6.709175642501748,139.62729640382207,-20.71578212159551,20.71578212159551,429.1436289094162
space0_time1,2020-02-21 09:00:00,52.75,-169.5,0,1,154.19296264648438,119.13789210760008,124.45851501349937,0.9572498281429587,0.09774160036629911,0.04700815042168593,0.14474975078798505,1684.3815181441205,870.629382391703,2555.0109005358236,35.055070538884294,35.055070538884294,1228.8579704861536,29.73444763298501,139.62729640382207,14.565666242662303,14.565666242662303,212.15863309263216
space0_time1,2020-02-21 09:00:00,65.75,-167.0,0,1,135.8988800048828,118.13555050053569,124.63056655409943,0.9478858498910507,0.03376540396964398,0.035794570330582545,0.06955997430022653,513.8015105843905,563.9594664828202,1077.7609770672107,17.763329504347126,17.763329504347126,315.53587508000913,11.268313450783381,139.62729640382207,-3.7284163989392596,3.7284163989392596,13.901088843879196
space0_time1,2020-02-24 06:00:00,63.25,-126.75,0,1,121.52495574951172,121.19273364464927,130.0403655672778,0.9319624188686928,0.040971995574417296,0.04084871939926496,0.08182071497368226,666.656162299589,692.4049863524657,1359.0611486520547,0.33222210486245274,0.33222210486245274,0.11037152695923855,-8.515409817766084,139.62729640382207,-18.102340654310353,18.102340654310353,327.6947371646974
space0_time1,2020-02-25 10:00:00,51.25,179.5,0,1,139.16567993164062,140.0110525719094,132.4464989218941,1.0571140325458983,0.05764106232690694,0.031155201297148126,0.08879626362405507,1271.1507649982298,718.1827268527497,1989.3334918509795,-0.8453726402687778,0.8453726402687778,0.7146549009150044,6.719181009746535,139.62729640382207,-0.4616164721814471,0.4616164721814471,0.2130897673892447
space0_time1,2020-02-26 08:00:00,57.75,-156.75,0,1,125.44511413574219,127.93252880555005,133.02257678365157,0.961735457986354,0.04429238600721009,0.0422724398698169,0.08656482587702699,808.2377677091456,805.4925509355176,1613.7303186446632,-2.487414669807862,2.487414669807862,6.187231739575354,-7.577462647909385,139.62729640382207,-14.182182268079885,14.182182268079885,201.1342938850395
space0_time1,2020-02-26 08:00:00,62.25,-156.0,0,1,114.33799743652344,123.3378784851516,126.9823371377881,0.9712994835755625,0.04494483374930417,0.03889513393192626,0.08383996768123042,760.4666296084488,686.2653853908938,1446.7320149993425,-8.999881048628168,8.999881048628168,80.99785888945647,-12.644339701264656,139.62729640382207,-25.289298967298635,25.289298967298635,639.5486422574118
space0_time1,2020-02-26 10:00:00,52.0,178.0,0,1,98.65735626220703,139.51724933728372,132.39733433976656,1.0537768757431747,0.06440708363668897,0.030243345879462424,0.0946504295161514,1423.496776238664,700.7244276612837,2124.221203899948,-40.859893075076684,40.859893075076684,1669.5308621066995,-33.73997807755953,139.62729640382207,-40.96994014161504,40.96994014161504,1678.5359952075194
space0_time1,2020-02-27 08:00:00,56.25,-159.75,0,1,102.5775146484375,131.73999050966904,137.22089914024966,0.9600577706098633,0.04331778074730408,0.043628040753999946,0.08694582150130403,838.1115700809161,881.6209074862985,1719.7324775672146,-29.162475861231542,29.162475861231542,850.4499983569124,-34.64338449181216,139.62729640382207,-37.04978175538457,37.04978175538457,1372.6863281216274
space0_time1,2020-02-27 08:00:00,60.25,-159.0,0,1,96.04391479492188,127.57250300200161,132.08395521458957,0.9658440557351688,0.04472774867461361,0.040506353355889355,0.08523410203050297,810.6933310733552,766.1336676780809,1576.8269987514361,-31.528588207079736,31.528588207079736,994.0518743316073,-36.04004041966769,139.62729640382207,-43.5833816089002,43.5833816089002,1899.5111524670199
space0_time1,2020-02-28 08:00:00,62.75,-161.0,0,1,101.92415618896484,125.61719293621952,129.2160001309255,0.9721489042296658,0.040798758893217414,0.0387604877490228,0.0795592466422402,711.5193589406266,703.399635321617,1414.9189942622436,-23.69303674725468,23.69303674725468,561.3599903067607,-27.29184394196065,139.62729640382207,-37.70314021485723,37.70314021485723,1421.5267820611843
space0_time1,2020-02-29 09:00:00,60.75,-164.0,0,1,128.05856323242188,121.81412070557441,125.942290103798,0.9672217378704064,0.05502432017981602,0.04057797543431516,0.09560229561413118,923.5760661408818,714.402791752705,1637.9788578935868,6.244442526847465,6.244442526847465,38.99306247110115,2.116273128623874,139.62729640382207,-11.568733171400197,11.568733171400197,133.83558719105525
space0_time1,2020-03-02 09:00:00,56.75,-169.5,0,1,144.39256286621094,120.15334117077427,124.84266553402034,0.962438126876038,0.0909145178667533,0.04458927534687453,0.13550379321362782,1573.4208043714493,825.5678210255129,2398.988625396962,24.23922169543667,24.23922169543667,587.5398684005277,19.549897332190596,139.62729640382207,4.765266462388865,4.765266462388865,22.707764457568093
space0_time2,2020-03-07 08:00:00,57.5,-157.75,0,2,116.29808044433594,143.6892888624123,135.6155206428663,1.0595342493342457,0.027777615175489063,0.02675614841375348,0.05453376358924254,614.1483018143557,607.9148367591895,1222.063138573545,-27.39120841807636,27.39120841807636,750.2782986024972,-19.317440198530363,134.97655385690123,-18.678473412565296,18.678473412565296,348.88536902390865
space0_time2,2020-03-08 08:00:00,55.5,-160.25,0,2,123.48503875732422,139.49249244694457,131.34085783521599,1.0620647279611646,0.0424438806537231,0.028176938813051333,0.07062081946677443,905.3909633260255,622.6324684422025,1528.023431768228,-16.00745368962035,16.00745368962035,256.2385736253401,-7.855819077891766,134.97655385690123,-11.491515099577015,11.491515099577015,132.05491928380653
space0_time2,2020-03-09 05:00:00,43.75,-116.25,0,2,135.8988800048828,148.21532890298022,138.0851037698553,1.0733621864818148,0.04003548914367364,0.03277613281750281,0.07281162196117645,965.10745149429,819.387848223914,1784.495299718204,-12.316448898097406,12.316448898097406,151.6949134594448,-2.186223764972482,134.97655385690123,0.922326147981579,0.922326147981579,0.8506855232505375
space0_time2,2020-03-09 05:00:00,48.0,-115.75,0,2,149.6194305419922,145.1303118169675,136.09943393409083,1.0663549995898594,0.026645052572408522,0.031208449747416572,0.0578535023198251,602.6387334904075,726.5745171733239,1329.2132506637313,4.489118725024696,4.489118725024696,20.15218692736735,13.519996607901362,134.97655385690123,14.642876685090954,14.642876685090954,214.41383761478025
space0_time2,2020-03-09 05:00:00,52.25,-115.0,0,2,141.12576293945312,145.54863872398244,136.9540644962207,1.0627551599828489,0.026506163435794376,0.029634590656451555,0.056140754092245934,601.8846129781896,692.0847664429783,1293.969379421168,-4.42287578452931,4.42287578452931,19.561830205375763,4.1716984432324296,134.97655385690123,6.1492090825518915,6.1492090825518915,37.81277234093867
space0_time2,2020-03-09 05:00:00,56.75,-114.5,0,2,130.6719970703125,141.1173708462829,133.6813383213868,1.0556250604479955,0.03101935308302673,0.028021141280308602,0.05904049436333533,665.5609433314098,619.2388414964964,1284.7997848279063,-10.44537377597041,10.44537377597041,109.10583331973034,-3.0093412510742894,134.97655385690123,-4.3045567865887335,4.3045567865887335,18.529209128967125
space0_time2,2020-03-10 05:00:00,54.75,-117.25,0,2,98.00399780273438,143.43381068134383,135.38533423213048,1.0594486581198932,0.03010231239702321,0.0288680112724693,0.05897032366949251,666.9088019196881,658.6995746866105,1325.6083766062986,-45.429812878609454,45.429812878609454,2063.8678981854696,-37.3813364293961,134.97655385690123,-36.97255605416686,36.97255605416686,1366.9699011785103
space0_time2,2020-03-12 04:00:00,31.25,-101.5,0,2,169.87359619140625,154.89309969398607,141.9688566837877,1.0910357617303699,0.05749544834964364,0.03469207349641518,0.09218752184605881,1556.965302215409,983.6847852042189,2540.650087419628,14.980496497420177,14.980496497420177,224.41527530921817,27.904739507618558,134.97655385690123,34.89704233450502,34.89704233450502,1217.8035636962354
space0_time2,2020-03-12 04:00:00,35.5,-100.75,0,2,127.40519714355469,151.05008869377193,139.15629377286064,1.085470765270057,0.07505285599277302,0.033393452932704265,0.10844630892547728,1982.0119701611895,930.8237308677102,2912.8357010288996,-23.64489155021724,23.64489155021724,559.0808964215346,-11.751096629305948,134.97655385690123,-7.571356713346546,7.571356713346546,57.32544248073781
space0_time2,2020-03-12 04:00:00,39.75,-100.0,0,2,141.12576293945312,150.55788939052775,138.52661375432967,1.086851726972371,0.06431918753408204,0.03210225496323616,0.09642144249731821,1658.3052605057537,868.4421795366572,2526.7474400424107,-9.432126451074623,9.432126451074623,88.96500938906156,2.5991491851234514,134.97655385690123,6.1492090825518915,6.1492090825518915,37.81277234093867
space0_time2,2020-03-12 04:00:00,42.75,-99.5,0,2,154.8463134765625,148.61987432467345,137.34122597636284,1.0821213606339273,0.04248133884090027,0.031198682131075593,0.07368002097197587,1031.830029369956,786.1955610608859,1818.025590430842,6.226439151889053,6.226439151889053,38.768544512176874,17.505087500199664,134.97655385690123,19.869759619661266,19.869759619661266,394.8073473431214
space0_time2,2020-03-12 04:00:00,48.0,-98.75,0,2,131.3253631591797,143.5218483640928,134.00246868111196,1.0710388381398726,0.032771067046340356,0.0296396560585551,0.062410723104895455,730.4102063035292,681.5507346427509,1411.96094094628,-12.196485204913103,12.196485204913103,148.75425135366422,-2.677105521932276,134.97655385690123,-3.651190697721546,3.651190697721546,13.33119351112835
space0_time2,2020-03-12 04:00:00,52.5,-98.25,0,2,137.20559692382812,140.36195921845615,132.20029900279212,1.0617370783366504,0.036651423328679364,0.028319174697613542,0.0649705980262929,784.8544476647019,626.4367990272264,1411.2912466919283,-3.1563622946280248,3.1563622946280248,9.96262293494949,5.005297921036004,134.97655385690123,2.2290430669268915,2.2290430669268915,4.968632994214842
space0_time2,2020-03-12 04:00:00,56.75,-98.0,0,2,112.37791442871094,137.33395065281127,130.6966975673385,1.0507836327084938,0.031567347954612704,0.027143045927023053,0.05871039388163576,641.452229554928,567.9745850298326,1209.4268145847605,-24.95603622410033,24.95603622410033,622.8037440186079,-18.318783138627566,134.97655385690123,-22.598639428190296,22.598639428190296,510.69850400535705
space0_time2,2020-03-14 04:00:00,48.5,-103.75,0,2,124.79175567626953,144.96040278807726,135.27093033938925,1.0716301161260406,0.045881858313642214,0.0301770069924288,0.07605886530607102,1064.5668324917112,727.2813543432422,1791.8481868349536,-20.16864711180773,20.16864711180773,406.7743263206303,-10.479174663119721,134.97655385690123,-10.184798180631702,10.184798180631702,103.73011398019884
space0_time2,2020-03-15 03:00:00,31.25,-84.5,0,2,137.20559692382812,154.61378194879225,139.44503579384786,1.108779391597486,0.07094356833245026,0.031109565653174586,0.10205313398562485,1946.3763546424686,898.0380472494562,2844.414401891925,-17.408185024964126,17.408185024964126,303.0449058633853,-2.2394388700197396,134.97655385690123,2.2290430669268915,2.2290430669268915,4.968632994214842
space0_time2,2020-03-15 06:00:00,53.75,-129.75,0,2,124.79175567626953,144.18997797500893,135.61040181586006,1.0632663574789694,0.04779833641192612,0.029749525674835436,0.07754786208676157,1099.9733414748252,711.6449987496442,1811.6183402244694,-19.398222298739398,19.398222298739398,376.29102835131044,-10.818646139590527,134.97655385690123,-10.184798180631702,10.184798180631702,103.73011398019884
space0_time2,2020-03-16 03:00:00,37.5,-86.0,0,2,163.9933624267578,141.95458451469676,129.28241371058547,1.09801929311499,0.08526871665722811,0.030122439518164013,0.11539115617539213,2013.0276589704588,753.168045703554,2766.1957046740126,22.03877791206105,22.03877791206105,485.70773185715,34.71094871617234,134.97655385690123,29.01680856985658,29.01680856985658,841.9751795797022
space0_time2,2020-03-16 03:00:00,41.75,-85.25,0,2,139.81903076171875,148.41330496368877,136.31162839827664,1.0887794879102564,0.07157629670613304,0.029048791716197574,0.10062508842233062,1807.3868415389888,771.2283598086213,2578.6152013476103,-8.594274201970023,8.594274201970023,73.86154905864748,3.507402363442111,134.97655385690123,4.8424769048175165,4.8424769048175165,23.449582573691035
space0_time2,2020-03-16 03:00:00,46.25,-84.5,0,2,135.8988800048828,144.4527230513662,133.96719888894796,1.0782693394306926,0.04609202386801053,0.027928272772563018,0.07402029664057355,1059.915026905288,666.405117252571,1726.320144157859,-8.553843046483394,8.553843046483394,73.16823086387231,1.9316811159348504,134.97655385690123,0.922326147981579,0.922326147981579,0.8506855232505375
space0_time2,2020-03-16 03:00:00,50.5,-84.0,0,2,104.53759765625,137.5897071554507,128.8336171124193,1.0679643266973624,0.04459042587442304,0.026884063740908692,0.07147448961533173,927.1994305622109,579.3273609661968,1506.5267915284076,-33.0521094992007,33.0521094992007,1092.441942347153,-24.29601945616929,134.97655385690123,-30.438956200651234,30.438956200651234,926.5300545851642
space0_time2,2020-03-16 03:00:00,55.0,-83.75,0,2,64.02928161621094,142.91742945245133,135.89587737769315,1.0516686172549836,0.03442596916432915,0.026195946953602653,0.0606219161179318,760.1184631193235,596.1891419312426,1356.307605050566,-78.88814783624039,78.88814783624039,6223.339869032519,-71.86659576148222,134.97655385690123,-70.9472722406903,70.9472722406903,5033.515438394624
space0_time2,2020-03-17 03:00:00,48.5,-87.0,0,2,160.7265625,144.14928745264748,134.30109573176878,1.0733291985982591,0.047645638604840085,0.027912419800522392,0.07555805840536248,1093.5780816014558,665.2798613211191,1758.857942922575,16.577275047352515,16.577275047352515,274.8060479955763,26.425466768231217,134.97655385690123,25.750008643098766,25.750008643098766,663.0629451196612
space0_time2,2020-03-17 03:00:00,52.75,-86.5,0,2,135.24551391601562,141.6695906222578,133.27512926942225,1.062985955435584,0.02607612751506826,0.026840121315571154,0.05291624883063942,559.0520860121443,590.8605571665458,1149.9126431786901,-6.424076706242175,6.424076706242175,41.26876152768332,1.9703846465933736,134.97655385690123,0.26896005911439147,0.26896005911439147,0.07233951339881696
space0_time2,2020-03-18 03:00:00,50.75,-89.0,0,2,111.72455596923828,146.34536430116884,136.95779936052728,1.0685434855442573,0.03358919636598798,0.027760566788220396,0.06134976315420837,777.885424943846,662.9179994025659,1440.803424346412,-34.62080833193056,34.62080833193056,1198.6003695562727,-25.233243391288994,134.97655385690123,-23.251997887662952,23.251997887662952,540.6554057678824
space0_time2,2020-03-18 05:00:00,45.0,-114.0,0,2,137.8589630126953,146.78924723317618,136.3151705630689,1.0768372047428225,0.031873711466412734,0.03249532976128089,0.06436904122769363,744.2449822083752,783.5784989344337,1527.8234811428088,-8.930284220480871,8.930284220480871,79.74997625856965,1.5437924496264088,134.97655385690123,2.882409155794079,2.882409155794079,8.308282541405536
space0_time2,2020-03-18 05:00:00,49.25,-113.5,0,2,142.43247985839844,148.3045967129776,138.65945443799217,1.069559932383108,0.02860824829083104,0.031022288224100372,0.059630536514931415,677.5240499515128,756.9348296244995,1434.4588795760124,-5.872116854579161,5.872116854579161,34.481756353832665,3.7730254204062703,134.97655385690123,7.455926001497204,7.455926001497204,55.590832539802086
space0_time2,2020-03-18 05:00:00,53.75,-113.25,0,2,119.56488037109375,145.34642913596736,137.08245243511902,1.0602847159067252,0.03417490107210154,0.02949947800919249,0.06367437908129403,782.729226106907,697.4931454546947,1480.222371561602,-25.781548764873605,25.781548764873605,664.6882567155557,-17.517572064025273,134.97655385690123,-15.411673485807484,15.411673485807484,237.51967963314138
space0_time2,2020-03-19 05:00:00,43.0,-116.75,0,2,186.2075958251953,152.48474637056384,141.83517433664483,1.0750841396270459,0.03962814838273471,0.03348345448856846,0.07311160287130317,1011.2117550050762,886.209579877217,1897.4213348822932,33.72284945463147,33.72284945463147,1137.2305753397382,44.372421488550486,134.97655385690123,51.23104196829408,51.23104196829408,2624.6196611571095
space0_time2,2020-03-19 05:00:00,51.75,-115.75,0,2,130.0186309814453,147.89956921540414,138.80321237311819,1.0655341954034458,0.02802489708798868,0.030366672219116365,0.05839156930710504,659.0778587369091,735.3124846380869,1394.390343374996,-17.88093823395883,17.88093823395883,319.72795212665073,-8.784581391672873,134.97655385690123,-4.957922875455921,4.957922875455921,24.58099923896911
space0_time2,2020-03-20 04:00:00,-27.0,-109.0,0,2,224.75582885742188,144.56666462421225,137.5613807491821,1.0509247859891941,0.07705428705200787,0.05099772003834712,0.128052007090355,1902.764191823535,1342.4084908586678,3245.172682682203,80.18916423320962,80.18916423320962,6430.302060420666,87.19444810823978,134.97655385690123,89.77927500052064,89.77927500052064,8060.318219619111
space0_time2,2020-03-22 04:00:00,30.25,-101.5,0,2,183.5941619873047,156.0868304102997,142.40061349117886,1.0961106598039245,0.06572043011856422,0.03520906443714732,0.10092949455571154,1830.6916821881243,1031.40714358864,2862.0988257767644,27.507331577004976,27.507331577004976,756.6532904872951,41.19354849612583,134.97655385690123,48.617608130403454,48.617608130403454,2363.671820321472
space0_time2,2020-03-22 04:00:00,34.5,-101.0,0,2,137.8589630126953,146.54546552804283,134.29567579209095,1.0912150719946954,0.05878838232741146,0.033984829730301355,0.09277321205771281,1426.7748543364225,863.8788547514177,2290.65370908784,-8.686502515347513,8.686502515347513,75.45532594913867,3.5632872206043658,134.97655385690123,2.882409155794079,2.882409155794079,8.308282541405536
space0_time2,2020-03-22 04:00:00,38.75,-100.5,0,2,171.83367919921875,148.35350686260932,136.52402282991451,1.086647637444967,0.04607380756939807,0.03277214453184027,0.07884595210123835,1122.8850832028995,830.7842853584073,1953.6693685613068,23.480172336609428,23.480172336609428,551.3184929568787,35.309656369304236,134.97655385690123,36.85712534231752,36.85712534231752,1358.4476884993041
space0_time2,2020-03-22 04:00:00,43.0,-100.0,0,2,158.7664794921875,153.77708680173706,142.08826360147637,1.0822645227972174,0.031088310826486276,0.0315597669238801,0.06264807775036638,794.9802295295276,832.7169056577733,1627.6971351873008,4.989392690450444,4.989392690450444,24.89403941952032,16.67821589071113,134.97655385690123,23.789925635286266,23.789925635286266,565.9605617324506
space0_time2,2020-03-22 04:00:00,47.25,-99.5,0,2,136.55223083496094,154.1819789817092,143.52430410423472,1.074256934698212,0.03252227857288896,0.03035015688196557,0.06287243545485453,836.8249326858208,805.8694472184928,1642.6943799043138,-17.629748146748256,17.629748146748256,310.80801971777356,-6.972073269273778,134.97655385690123,1.575676978059704,1.575676978059704,2.4827579391873607
space0_time2,2020-03-22 04:00:00,51.75,-99.0,0,2,109.76448059082031,145.85476000290268,137.09416581506275,1.0639020204525533,0.03512660008012131,0.02908746602477251,0.06421406610489383,810.989285742777,693.460581407142,1504.449867149919,-36.09027941208237,36.09027941208237,1302.5082680421763,-27.32968522424244,134.97655385690123,-25.21207326608092,25.21207326608092,635.6486383742323
space0_time2,2020-03-26 03:00:00,40.75,-85.75,0,2,127.40519714355469,147.1909134666169,134.74849694111924,1.092338072839021,0.05344853945982102,0.02970887603434048,0.0831574154941615,1292.6190322103594,748.9323787658386,2041.551410976198,-19.785716323062218,19.785716323062218,391.4745704166907,-7.343299797564555,134.97655385690123,-7.571356713346546,7.571356713346546,57.32544248073781
space0_time2,2020-03-26 03:00:00,45.25,-85.5,0,2,122.83168029785156,140.6861559285138,130.13430131161408,1.0810843452536982,0.04586704695528892,0.02871897146703406,0.07458601842232299,1000.907109348344,650.4813965555346,1651.3885059038785,-17.85447563066225,17.85447563066225,318.78230004591217,-7.3026210137625185,134.97655385690123,-12.144873559049671,12.144873559049671,147.49795376530383
space0_time2,2020-03-26 03:00:00,49.75,-85.0,0,2,103.88423919677734,143.8933018277791,133.68726590674427,1.0763426183624267,0.0334625340796331,0.02767819183228903,0.06114072591192213,748.9962130575673,638.7466725929504,1387.7428856505176,-40.00906263100177,40.00906263100177,1600.725092611422,-29.80302670996693,134.97655385690123,-31.09231466012389,31.09231466012389,966.732030924155
space0_time2,2020-03-27 03:00:00,47.5,-87.5,0,2,123.48503875732422,145.14577769706068,134.73114188735386,1.0772993954019505,0.05802661256062988,0.028644310238941213,0.08667092279957109,1372.5809967507435,707.4950465678955,2080.0760433186388,-21.66073893973646,21.66073893973646,469.18761141541546,-11.246103130029638,134.97655385690123,-11.491515099577015,11.491515099577015,132.05491928380653
space0_time2,2020-03-28 05:00:00,44.0,-114.5,0,2,126.09848022460938,147.91754765178834,136.34686400183404,1.0848621179127282,0.032583407820659126,0.033357439929556705,0.06594084775021583,774.0486456251026,819.0006760831312,1593.049321708234,-21.819067427178965,21.819067427178965,476.0717033917821,-10.24838377722466,134.97655385690123,-8.878073632291859,8.878073632291859,78.82019142039596
space0_time2,2020-03-28 05:00:00,48.5,-114.0,0,2,100.61743927001953,145.06666782022575,134.370346100623,1.079603290681359,0.034489024307896465,0.03186072633918538,0.06634975064708185,789.1185101909925,753.5663625442961,1542.6848727352885,-44.449228550206215,44.449228550206215,1975.7339187084672,-33.75290683060348,134.97655385690123,-34.3591145868817,34.3591145868817,1180.548755194467
space0_time2,2020-04-02 04:00:00,31.25,-104.25,0,2,167.26016235351562,170.2779862123956,155.15565941996306,1.0974655184926299,0.04383092826426682,0.03577942399669734,0.07961035226096416,1406.7746855999274,1194.9584117412467,2601.733097341174,-3.0178238588799786,3.0178238588799786,9.107260843225244,12.104502933552567,134.97655385690123,32.28360849661439,32.28360849661439,1042.2313775626728
space0_time2,2020-04-11 04:00:00,19.25,-103.5,0,2,178.36727905273438,164.19278368257002,147.5948685999666,1.1124559087998478,0.053873975833756305,0.03908810428638282,0.09296208012013912,1637.612640614419,1244.6245135822292,2882.237154196648,14.174495370164351,14.174495370164351,200.91631899881062,30.772410452767787,134.97655385690123,43.39072519583314,43.39072519583314,1882.755033020309
space0_time2,2020-04-11 04:00:00,23.5,-103.0,0,2,187.51431274414062,165.34057629573354,148.9164356660673,1.110290986728262,0.06975749198073149,0.03784313498538293,0.10760062696611442,2199.458687113153,1258.969184503551,3458.4278716167037,22.173736448407084,22.173736448407084,491.6745880834168,38.59787707807334,134.97655385690123,52.53775888723939,52.53775888723939,2760.216108893702
space0_time2,2020-04-11 04:00:00,27.75,-102.25,0,2,190.1277618408203,159.58016775654738,144.06732579851138,1.1076777254804593,0.06278353838801973,0.03658642931568349,0.09936996770370321,1822.4853670884777,1116.0125996906816,2938.4979667791595,30.54759408427293,30.54759408427293,933.1555043375065,46.060436042308936,134.97655385690123,55.15120798391908,55.15120798391908,3041.6557420854997
space0_time2,2020-04-11 04:00:00,31.75,-101.75,0,2,176.40719604492188,153.08899197679017,138.95657645761435,1.1017038263279795,0.0677282396443428,0.03548337234242638,0.10321161198676918,1820.8406987616734,1004.3358135348795,2825.176512296553,23.318204068131706,23.318204068131706,543.7386409630341,37.45061958730753,134.97655385690123,41.43064218802064,41.43064218802064,1716.4981121117958
space0_time2,2020-04-11 04:00:00,36.0,-101.25,0,2,143.08583068847656,160.8528218400984,145.76778171454245,1.1034867921300813,0.07133620105026106,0.034341384602821726,0.10567758565308279,2126.40056703155,1079.0206541905409,3205.421221222091,-17.766991151621824,17.766991151621824,315.66597458180814,-2.6819510260658888,134.97655385690123,8.109276831575329,8.109276831575329,65.76037073112441
space0_time2,2020-04-11 04:00:00,40.5,-101.0,0,2,144.39256286621094,152.10047641784462,138.74909898365303,1.0962267685483467,0.05004429634279655,0.033221266623437204,0.08326556296623375,1290.2973625960697,892.9084835444246,2183.205846140494,-7.7079135516336805,7.7079135516336805,59.41193131945814,5.64346388255791,134.97655385690123,9.416009009309704,9.416009009309704,88.66122566340151
space0_time2,2020-04-15 03:00:00,39.0,-86.5,0,2,134.5921630859375,157.30892672155284,142.2474156476993,1.105882493578344,0.04670686474849022,0.031002604981603406,0.07770946973009363,1278.845229748801,882.445256784171,2161.290486532972,-22.716763635615337,22.716763635615337,516.0513500764154,-7.655252561761813,134.97655385690123,-0.38439077096373353,0.38439077096373353,0.14775626480209345
space0_time2,2020-04-21 04:00:00,21.75,-103.5,0,2,167.91351318359375,162.97632846935232,146.3224483713799,1.1138163028526102,0.06914026541718672,0.038695321943354066,0.10783558736054079,2117.934967709153,1250.8258193731542,3368.7607870823076,4.937184714241425,4.937184714241425,24.375792902539185,21.591064812213858,134.97655385690123,32.93695932669252,32.93695932669252,1084.843289688197
space0_time2,2020-04-21 04:00:00,26.0,-102.75,0,2,156.1530303955078,168.5432523530898,151.65571319456998,1.1113544541302813,0.05959934317535836,0.03744681239686903,0.09704615557222739,1922.2812589297175,1267.7240153421708,3190.005274271888,-12.390221957581986,12.390221957581986,153.51760015814676,4.497317200937829,134.97655385690123,21.17647653860658,21.17647653860658,448.4431585901549
space0_time2,2020-04-21 04:00:00,30.25,-102.25,0,2,160.0731964111328,151.28078816768652,135.9247571268704,1.1129744968128434,0.08096723571464211,0.036303636464455044,0.11727087217909715,2170.238165435199,1031.6169908811808,3201.8551563163796,8.792408243446289,8.792408243446289,77.30644271942225,24.148439284262423,134.97655385690123,25.09664255423158,25.09664255423158,629.8414674948674
space0_time2,2020-04-21 04:00:00,34.75,-101.75,0,2,186.2075958251953,155.99337778620506,140.78360339840606,1.1080365470171738,0.0760653049917351,0.0351171474002252,0.1111824523919603,2149.348935946921,1048.8179940630957,3198.1669300100166,30.214218038990253,30.214218038990253,912.898971707644,45.423992426789255,134.97655385690123,51.23104196829408,51.23104196829408,2624.6196611571095
space0_time2,2020-04-22 04:00:00,24.0,-105.5,0,2,161.37991333007812,158.5790213809475,142.70820720507828,1.1112116428809318,0.07913477839492929,0.038537138237430185,0.11767191663235947,2329.4872332190557,1202.9237410053377,3532.4109742243936,2.80089194913063,2.80089194913063,7.84499571070478,18.671706124999844,134.97655385690123,26.40335947317689,26.40335947317689,697.1373914697999
space0_time2,2020-05-01 04:00:00,20.0,-103.75,0,2,216.2621612548828,160.9342756663612,144.17194896271903,1.1162662142271285,0.07648051897449377,0.0395026545534011,0.11598317352789488,2311.7036167529495,1265.0725414847825,3576.776158237732,55.32788558852161,55.32788558852161,3061.1749236965375,72.09021229216378,134.97655385690123,81.28560739798158,81.28560739798158,6607.349970058797
space0_time2,2020-05-01 04:00:00,24.25,-103.25,0,2,202.54159545898438,169.50593469268878,152.11379386158058,1.1143363819255903,0.0572107688819315,0.03831447118678987,0.09552524006872137,1861.2986945344226,1307.4091010186169,3168.7077955530394,33.03566076629559,33.03566076629559,1091.354882265762,50.4278015974038,134.97655385690123,67.56504160208314,67.56504160208314,4565.0348466912255
space0_time2,2020-05-01 04:00:00,28.5,-102.75,0,2,161.37991333007812,166.47044058462097,149.74079342490168,1.1117240451120591,0.06090635924895236,0.03716806519423291,0.09807442444318526,1919.6535307968172,1230.2252319678753,3149.8787627646925,-5.090527254542849,5.090527254542849,25.913467729243553,11.639119905176443,134.97655385690123,26.40335947317689,26.40335947317689,697.1373914697999
space0_time2,2020-05-01 04:00:00,33.0,-102.5,0,2,142.43247985839844,166.1785229159554,149.4620711759636,1.1118441060562534,0.05798075546697939,0.03606031575892302,0.09404107122590241,1811.0330229963556,1180.4714361150295,2991.504459111385,-23.74604305755696,23.74604305755696,563.8745608913491,-7.029591317565149,134.97655385690123,7.455926001497204,7.455926001497204,55.590832539802086
space0_time2,2020-05-02 04:00:00,26.5,-105.5,0,2,167.26016235351562,159.02599919561038,143.06167108774628,1.1115905328553901,0.07441199407131356,0.038226879997440066,0.11263887406875363,2186.5338387287406,1188.1399075702116,3374.673746298952,8.234163157905243,8.234163157905243,67.80144291100405,24.19849126576935,134.97655385690123,32.28360849661439,32.28360849661439,1042.2313775626728
space0_time2,2020-05-11 04:00:00,22.25,-103.75,0,2,159.41983032226562,159.47253837511664,142.87038851378207,1.1162042746158907,0.08722400872313293,0.039245909103470575,0.1264699178266035,2630.335582883224,1260.4403948026409,3890.7759776858647,-0.05270805285101687,0.05270805285101687,0.002778138835345588,16.54944180848355,134.97655385690123,24.44327646536439,24.44327646536439,597.4737643622367
space0_time2,2020-05-11 04:00:00,26.5,-103.25,0,2,141.12576293945312,168.67270079662768,151.3827157812117,1.1142137325664356,0.05948363503277532,0.03810688429889736,0.09759051933167268,1922.4314171623164,1293.0358303207001,3215.4672474830168,-27.546937857174555,27.546937857174555,758.8337853070367,-10.256952841758562,134.97655385690123,6.1492090825518915,6.1492090825518915,37.81277234093867
space0_time2,2020-05-11 04:00:00,31.0,-103.0,0,2,141.12576293945312,161.67092612592683,145.0261951961956,1.1147705137490078,0.06731862832871414,0.03701132742927223,0.10432995575798637,2020.2684965071994,1170.0549066833048,3190.323403190504,-20.5451631864737,20.5451631864737,422.1037303588342,-3.9004322567424765,134.97655385690123,6.1492090825518915,6.1492090825518915,37.81277234093867
space0_time2,2020-05-12 04:00:00,24.25,-105.75,0,2,190.1277618408203,169.55934257940297,152.25392108225563,1.1136615817453923,0.060936863672406825,0.03918055068583936,0.10011741435824618,1996.6569345405596,1349.567760748692,3346.224695289252,20.568419261417347,20.568419261417347,423.0598709134441,37.87384075856468,134.97655385690123,55.15120798391908,55.15120798391908,3041.6557420854997
space0_time2,2020-05-21 04:00:00,19.75,-104.0,0,2,201.8882293701172,163.52604952920385,146.37719416671084,1.1171552403372478,0.06126148213259798,0.04024733789943882,0.1015088200320368,1869.8931144291857,1292.3204131596249,3162.2135275888104,38.36217984091334,38.36217984091334,1471.656842146578,55.51103520340635,134.97655385690123,66.91167551321595,66.91167551321595,4477.172319985903
space0_time2,2020-05-21 04:00:00,24.0,-103.75,0,2,188.82102966308594,165.053607494309,147.9649481223661,1.1154912672818342,0.07300090520129689,0.03915933222941766,0.11216023743071454,2308.0075977211095,1309.2749871523156,3617.282584873425,23.767422168776932,23.767422168776932,564.8903565488691,40.85608154071983,134.97655385690123,53.844475806184704,53.844475806184704,2899.22757484281
space0_time2,2020-05-22 04:00:00,26.5,-106.0,0,2,198.62142944335938,166.10530908876794,149.84736467440143,1.1084966989555864,0.06860365220642738,0.03881599869718553,0.10741965090361291,2181.4651648281965,1302.2063002172745,3483.671465045471,32.516120354591436,32.516120354591436,1057.2980829142755,48.77406476895794,134.97655385690123,63.64487558645814,63.64487558645814,4050.6701884157355
space0_time2,2020-09-30 09:00:00,52.0,-174.0,0,2,176.40719604492188,133.7599431243596,135.3244305439185,0.988438987599869,0.06187495031534768,0.04764564310557995,0.10952059342092763,1274.196638941005,1036.3314573236564,2310.528096264661,42.647252920562266,42.647252920562266,1818.7881816704069,41.082765501003365,134.97655385690123,41.43064218802064,41.43064218802064,1716.4981121117958
space0_time2,2020-10-04 08:00:00,56.75,-158.5,0,2,166.60679626464844,140.11417080851848,138.72144476212017,1.010039731411294,0.05294246602839553,0.04628183770382947,0.099224303732225,1178.7124905925457,1082.8009773889244,2261.51346798147,26.492625456129957,26.492625456129957,701.859203558785,27.885351502528266,134.97655385690123,31.630242407747204,31.630242407747204,1000.4722347728497
space0_time3,2020-10-08 05:00:00,54.0,-119.5,0,3,143.73919677734375,118.97112670394272,132.8099899545915,0.8957995309285068,0.05763475584610379,0.07561403268737024,0.13324878853347402,959.4274863899933,1345.575449709537,2305.0029360995304,24.768070073401034,24.768070073401034,613.4572951609039,10.929206822752263,137.45964941871432,6.279547358629429,6.279547358629429,39.43271502926984
space0_time3,2020-10-08 05:00:00,58.5,-119.0,0,3,123.48503875732422,114.92556421747278,128.99922511741184,0.8909011981496046,0.0644667763853021,0.0763126984823414,0.1407794748676435,1012.4718962806065,1286.0086305405782,2298.480526821185,8.559474539851436,8.559474539851436,73.26460439836495,-5.514186360087621,137.45964941871432,-13.974610661390102,13.974610661390102,195.2897431374379
space0_time3,2020-10-08 08:00:00,52.5,-169.75,0,3,120.87159729003906,121.24118984029366,122.44503596781473,0.9901682733154039,0.12870925356191573,0.09802517850518822,0.22673443206710395,2532.959553369245,2160.0560242385914,4693.015577607836,-0.3695925502545947,0.3695925502545947,0.1365986532036951,-1.5734386777756697,137.45964941871432,-16.58805212867526,16.58805212867526,275.16347342364776
space0_time3,2020-10-09 05:00:00,60.25,-121.25,0,3,147.00599670410156,117.7506897117144,131.3020092067179,0.8967927484364029,0.061057561301101335,0.07797122411142803,0.13902878541252936,1003.1635589358441,1373.405907472923,2376.569466408767,29.255306992387162,29.255306992387162,855.8729872188171,15.70398749738365,137.45964941871432,9.546347285387242,9.546347285387242,91.13274649322037
space0_time3,2020-10-09 08:00:00,52.75,-170.25,0,3,139.81903076171875,125.7014574106368,126.78036133379065,0.9914899759568182,0.1151318198390059,0.09844549193227743,0.21357731177128333,2387.106730381039,2270.8348370392473,4657.941567420286,14.117573351081944,14.117573351081944,199.30587732317906,13.038669427928099,137.45964941871432,2.3593813430044293,2.3593813430044293,5.566680321717384
space0_time3,2020-10-12 07:00:00,59.75,-152.0,0,3,139.16567993164062,118.59173941513343,124.06159571854617,0.9559101567916146,0.10986008284996845,0.0920526413409104,0.20191272419087886,1998.5387543952925,1852.2032635906746,3850.7420179859673,20.573940516507193,20.573940516507193,423.2870283767763,15.104084213094453,137.45964941871432,1.7060305129263043,1.7060305129263043,2.910540111035589
space0_time3,2020-10-13 06:00:00,63.25,-130.0,0,3,147.00599670410156,116.38470040094458,127.67720402194541,0.9115542691625682,0.03719824834416487,0.08342631340853446,0.12062456175269934,579.1664456178321,1379.9970088018122,1959.1634544196443,30.62129630315698,30.62129630315698,937.6637872857355,19.32879268215615,137.45964941871432,9.546347285387242,9.546347285387242,91.13274649322037
space0_time3,2020-10-13 07:00:00,57.0,-154.75,0,3,146.35263061523438,131.75189655662328,136.90603719308044,0.9623527147368371,0.07965640017435194,0.09310788761618,0.17276428779053193,1710.7123258150698,2180.218992156226,3890.9313179712954,14.600734058611096,14.600734058611096,213.18143505028604,9.446593422153938,137.45964941871432,8.892981196520054,8.892981196520054,79.08511456165925
space0_time3,2020-10-13 07:00:00,61.5,-154.25,0,3,99.31071472167969,123.67861559653484,128.77398365476367,0.9604316965770873,0.05274273813182775,0.09342279824778207,0.14616553637960983,958.8133362576876,1827.5585292709065,2786.3718655285943,-24.367900874855152,24.367900874855152,593.7945930467665,-29.46326893308398,137.45964941871432,-38.14893469703463,38.14893469703463,1455.341218518613
space0_time3,2020-10-16 03:00:00,54.25,-89.75,0,3,160.7265625,113.0904589749772,131.56352376430985,0.8595882486210515,0.06360677167198384,0.06599797779560411,0.12960474946758793,956.1524862468788,1058.5304488294819,2014.6829350763605,47.636103525022804,47.636103525022804,2269.1983590466903,29.16303873569015,137.45964941871432,23.26691308128568,23.26691308128568,541.3492443321027
space0_time3,2020-10-16 06:00:00,60.0,-137.0,0,3,140.47239685058594,123.1146347848335,132.6275521053022,0.9282734456795546,0.05373509463445542,0.08644789483006844,0.14018298946452387,962.6729208953452,1661.4928783905962,2624.1657992859414,17.35776206575244,17.35776206575244,301.29190393127436,7.844844745283751,137.45964941871432,3.0127474318716168,3.0127474318716168,9.076647088249022
space0_time3,2020-10-16 06:00:00,64.25,-136.5,0,3,141.77911376953125,117.55300348563974,126.85298831318796,0.9266869078039579,0.044905425657491276,0.08708107997031585,0.13198650562780712,724.227258190475,1500.5866708105755,2224.8139290010504,24.226110283891515,24.226110283891515,586.9044194872743,14.926125456343286,137.45964941871432,4.319464350816929,4.319464350816929,18.657772277978317
space0_time3,2020-10-16 08:00:00,62.5,-160.75,0,3,130.0186309814453,119.10432109241124,122.53187510307289,0.9720272459082303,0.0642604123979626,0.09681692151070015,0.16107733390866275,1106.0690349428532,1806.6015498300706,2912.6705847729236,10.914309889034072,10.914309889034072,119.12216035386695,7.486755878372421,137.45964941871432,-7.441018437269008,7.441018437269008,55.36875538377731
space0_time3,2020-10-17 06:00:00,61.75,-139.0,0,3,141.77911376953125,121.12175154705926,129.87804029523787,0.9325806831680407,0.06272773770194998,0.08785204072960077,0.15057977843155074,1104.058871134644,1667.4426178688834,2771.5014890035272,20.65736222247199,20.65736222247199,426.72661399041283,11.901073474293383,137.45964941871432,4.319464350816929,4.319464350816929,18.657772277978317
space0_time3,2020-10-19 05:00:00,62.5,-119.25,0,3,152.23287963867188,117.82089453409515,129.74951466395012,0.9080642408509202,0.05321061588044176,0.07949384621736245,0.1327044620978042,866.3263125854431,1383.2358894361787,2249.562202021622,34.41198510457673,34.41198510457673,1184.1847188376107,22.483364974721752,137.45964941871432,14.773230219957554,14.773230219957554,218.24833113186713
space0_time3,2020-10-20 05:00:00,64.25,-121.25,0,3,118.91151428222656,116.00900382166851,127.96063456572041,0.90659916008846,0.0451563900277336,0.08110266855022122,0.12625905857795483,705.3078321380939,1349.5642436480887,2054.8720757861824,2.902510460558048,2.902510460558048,8.424566973648892,-9.04912028349385,137.45964941871432,-18.54813513648776,18.54813513648776,344.03331704141175
space0_time3,2020-10-20 09:00:00,52.5,-171.5,0,3,164.64671325683594,118.8602008129319,118.84558126897969,1.0001230129365863,0.1365256780461199,0.10128215235642604,0.23780783040254594,2621.496610515363,2189.5535365767096,4811.050147092073,45.786512443904044,45.786512443904044,2096.4047217757798,45.80113198785625,137.45964941871432,27.187063838121617,27.187063838121617,739.1364401381
space0_time3,2020-10-21 05:00:00,61.75,-124.0,0,3,131.9787139892578,119.54083581348314,130.1907438544278,0.9181976557960773,0.046039687907490114,0.0819021710398882,0.1279418589473783,765.1826908670245,1451.4210730265452,2216.6037638935695,12.43787817577467,12.43787817577467,154.70081351541185,1.7879701348300046,137.45964941871432,-5.480935429456508,5.480935429456508,30.040653181871598
space0_time3,2020-10-21 05:00:00,66.25,-123.25,0,3,125.44511413574219,115.76464943954036,127.0491893948781,0.9111797563677124,0.05915447086994772,0.08277940116374786,0.1419338720336956,941.2156563946721,1414.1812352795446,2355.396891674217,9.680464696201824,9.680464696201824,93.71139673440987,-1.6040752591359109,137.45964941871432,-12.014535282972133,12.014535282972133,144.3490580657823
space0_time3,2020-10-21 07:00:00,60.0,-148.25,0,3,152.23287963867188,118.52325101963274,123.81161952896038,0.9572869773495645,0.13167718641823706,0.09238199053776355,0.2240591769560006,2473.616465922286,1940.45548909881,4414.071955021096,33.70962861903914,33.70962861903914,1136.3390616335423,28.421260109711497,137.45964941871432,14.773230219957554,14.773230219957554,218.24833113186713
space0_time3,2020-10-21 07:00:00,64.5,-147.5,0,3,132.632080078125,117.52521948612755,122.93008006371004,0.9560330508628858,0.05955459741191349,0.0928064036966407,0.1523610011085542,987.0593625440843,1660.2839211145376,2647.3432836586217,15.106860591997446,15.106860591997446,228.21723694604543,9.702000014414963,137.45964941871432,-4.827569340589321,4.827569340589321,23.30542573819801
space0_time3,2020-10-22 06:00:00,63.5,-125.75,0,3,130.6719970703125,116.79172574519646,127.38841814710484,0.9168158883198345,0.049255489351864336,0.0833551281300154,0.13261061748187974,786.3401364667211,1422.217374859898,2208.557511326619,13.880271325116041,13.880271325116041,192.66193205883863,3.2835789232076564,137.45964941871432,-6.787652348401821,6.787652348401821,46.07222440276475
space0_time3,2020-10-22 07:00:00,61.75,-150.25,0,3,135.24551391601562,124.39208026177047,129.42569097676,0.9611081024408566,0.07109137595751795,0.09370402438205298,0.16479540033957094,1344.3144340172612,1924.3961363901603,3268.7105704074215,10.853433654245151,10.853433654245151,117.79702208710125,5.81982293925563,137.45964941871432,-2.2141355026986957,2.2141355026986957,4.902396024310806
space0_time3,2020-10-22 07:00:00,66.0,-148.75,0,3,160.0731964111328,121.68366405668465,126.76129886197897,0.9599433356167884,0.060896777947572256,0.09381097333021694,0.15470775127778919,1085.2711682562062,1806.6918640573854,2891.9630323135916,38.389532354448164,38.389532354448164,1473.7561943932224,33.31189754915384,137.45964941871432,22.61354699241849,22.61354699241849,511.3725075783194
space0_time3,2020-10-22 09:00:00,51.5,-176.5,0,3,153.5395965576172,122.87137548434404,121.6773933329283,1.0098126867999941,0.1212593262818127,0.10372072807390473,0.22498005435571744,2437.3694155950466,2332.6746723116926,4770.044087906739,30.668221073273145,30.668221073273145,940.539783799155,31.862203224688884,137.45964941871432,16.079947138902867,16.079947138902867,258.5646999899105
space0_time3,2020-10-24 06:00:00,67.0,-129.75,0,3,141.12576293945312,117.71405024406697,127.19976534802787,0.925426630481532,0.05762620435756241,0.08646504540693975,0.14409124976450216,949.3538515795038,1531.132873916652,2480.486725496156,23.411712695386157,23.411712695386157,548.1082913313054,13.925997591425258,137.45964941871432,3.6661135207388043,3.6661135207388043,13.440388346943871
space0_time3,2020-10-24 07:00:00,65.5,-154.25,0,3,122.83168029785156,124.25018150383755,128.52406322963375,0.9667464471757319,0.049306624108187806,0.09637709637955971,0.14568372048774753,902.6507713794385,1898.2229576467005,2800.873729026139,-1.41850120598599,1.41850120598599,2.012145671383708,-5.692382931782191,137.45964941871432,-14.627969120862758,14.627969120862758,213.9774806009144
space0_time3,2020-10-24 08:00:00,61.0,-155.0,0,3,137.8589630126953,124.81841275960093,128.58042404561178,0.9707419592528617,0.05810513156533477,0.09600675073408933,0.1541118822994241,1087.3771485459565,1941.0563424507577,3028.433490996714,13.04055025309438,13.04055025309438,170.05595090347992,9.278538967083534,137.45964941871432,0.39931359398099175,0.39931359398099175,0.15945134633801633
space0_time3,2020-10-25 06:00:00,60.0,-133.25,0,3,133.9387969970703,119.49564508979793,127.40568514638265,0.9379145440213561,0.06303413766186806,0.08657608894310907,0.14961022660497714,1078.9826316464332,1597.3047291610906,2676.287360807524,14.44315190727238,14.44315190727238,208.60463701654578,6.533111850687661,137.45964941871432,-3.5208524216440082,3.5208524216440082,12.396401774996477
space0_time3,2020-10-25 06:00:00,64.5,-132.5,0,3,133.28543090820312,117.43394685030285,126.09615807991575,0.93130471727677,0.03926975676254611,0.08722795875267622,0.12649771551522232,626.8130219327757,1483.5900396582745,2110.40306159105,15.85148405790028,15.85148405790028,251.2695468378667,7.189272828287372,137.45964941871432,-4.174218510511196,4.174218510511196,17.424100173494306
space0_time3,2020-10-25 08:00:00,58.5,-157.75,0,3,141.12576293945312,121.26036320130306,124.15518416191745,0.9766838494892077,0.08196776212624929,0.09705437475675015,0.17902213688299945,1502.276174515139,1945.5609791087252,3447.837153623864,19.86539973815006,19.86539973815006,394.6341067564925,16.97057877753568,137.45964941871432,3.6661135207388043,3.6661135207388043,13.440388346943871
space0_time3,2020-10-25 08:00:00,62.75,-157.0,0,3,137.20559692382812,126.6242689316211,129.96544114268193,0.9742918411103398,0.046419723557705045,0.09729061788380913,0.14371034144151418,879.5650547150464,1981.412783438455,2860.9778381535016,10.581327992207022,10.581327992207022,111.9645020786639,7.2401557811462,137.45964941871432,-0.25405249488619575,0.25405249488619575,0.06454267015790051
space0_time3,2020-10-25 08:00:00,67.25,-156.25,0,3,160.0731964111328,121.06147053921741,124.19438064509562,0.9747741396220574,0.04533958073894246,0.09770838335855564,0.1430479640974981,784.326509935787,1816.1396432159388,2600.466153151726,39.0117258719154,39.0117258719154,1521.9147555054735,35.87881576603719,137.45964941871432,22.61354699241849,22.61354699241849,511.3725075783194
space0_time3,2020-10-26 03:00:00,48.0,-89.75,0,3,169.87359619140625,120.6585731127785,137.42319835795828,0.8780073128445791,0.08868512047135682,0.0654329142299179,0.15411803470127472,1575.0697303369993,1255.0087497226455,2830.078480059645,49.21502307862775,49.21502307862775,2422.1184966298624,32.450397833447965,137.45964941871432,32.41394677269193,32.41394677269193,1050.6639453829055
space0_time3,2020-10-26 03:00:00,52.25,-88.75,0,3,152.88623046875,118.07025036306506,134.11753984253923,0.8803490617385725,0.0663684472962466,0.06619208337545578,0.13256053067170237,1092.2055068654895,1163.9477512974133,2256.1532581629026,34.81598010568494,34.81598010568494,1212.1524707194496,18.76869062621077,137.45964941871432,15.42658105003568,15.42658105003568,237.97940289331993
space0_time3,2020-10-26 03:00:00,56.5,-88.0,0,3,162.68663024902344,116.72979076596174,133.1154722571602,0.8769062588040583,0.07303876086109277,0.06745204491655604,0.14049080577764883,1188.1954566697307,1177.1250462733676,2365.3205029430983,45.9568394830617,45.9568394830617,2112.0310952718987,29.57115799186323,137.45964941871432,25.226980830309117,25.226980830309117,636.4005618127836
space0_time3,2020-10-26 06:00:00,62.0,-135.0,0,3,160.0731964111328,119.01367181112133,127.00719142825834,0.9370624645168047,0.053363860590386704,0.08797223877448855,0.14133609936487526,894.2558342893335,1582.4843907133684,2476.7402250027017,41.059524600011486,41.059524600011486,1685.8845603789484,33.066004982874475,137.45964941871432,22.61354699241849,22.61354699241849,511.3725075783194
space0_time3,2020-10-26 06:00:00,66.25,-134.5,0,3,124.79175567626953,115.12419616070855,123.08164718773624,0.9353481919616314,0.04206291288002425,0.08873347735123933,0.13079639023126358,648.937061702908,1461.8515175946345,2110.7885792975426,9.667559515560981,9.667559515560981,93.46170698691367,1.7101084885332938,137.45964941871432,-12.66789374244479,12.66789374244479,160.47553186987184
space0_time3,2020-10-26 08:00:00,56.0,-160.75,0,3,135.8988800048828,134.8507315187122,136.9841201467545,0.9844260150318394,0.08064697778978785,0.09826840492614863,0.1789153827159365,1826.5292392510469,2434.2235705303356,4260.752809781383,1.0481484861706178,1.0481484861706178,1.0986152490617578,-1.0852401418716795,137.45964941871432,-1.5607694138315082,1.5607694138315082,2.43600116315195
space0_time3,2020-10-26 08:00:00,60.25,-159.75,0,3,147.65936279296875,125.52880946519,128.08564256131885,0.9800380975962639,0.03903108358448046,0.09829663550173838,0.13732771908621882,719.5171631085851,1941.4973437958017,2661.014506904387,22.130553327778756,22.130553327778756,489.76139059365937,19.5737202316499,137.45964941871432,10.19971337425443,10.19971337425443,104.03415291694468
space0_time3,2020-10-26 08:00:00,64.5,-159.0,0,3,137.20559692382812,121.80955005928806,124.82445108733167,0.9758468713318497,0.03748591307683834,0.09855553899000555,0.13604145206684387,649.3490565361033,1828.026586686993,2477.375643223096,15.396046864540068,15.396046864540068,237.03825905511405,12.381145836496458,137.45964941871432,-0.25405249488619575,0.25405249488619575,0.06454267015790051
space0_time3,2020-10-26 08:00:00,69.0,-158.0,0,3,124.79175567626953,122.06718563152,124.793851226498,0.9781506414925107,0.03987611582788037,0.09893685119959214,0.1388129670274725,696.4407583541595,1852.7661553226806,2549.20691367684,2.7245700447495267,2.7245700447495267,7.423281928746438,-0.0020955502284749628,137.45964941871432,-12.66789374244479,12.66789374244479,160.47553186987184
space0_time3,2020-10-27 06:00:00,63.75,-137.25,0,3,150.92616271972656,117.22607279985495,124.53698114770692,0.9412952820882905,0.03845865845007698,0.08954605735702684,0.12800471580710382,612.367678591825,1520.4732879614373,2132.840966553262,33.700089919871616,33.700089919871616,1135.6960606074324,26.389181572019638,137.45964941871432,13.466513301012242,13.466513301012242,181.34698048633962
space0_time3,2020-10-27 08:00:00,62.0,-161.75,0,3,148.31271362304688,127.2926327947938,129.4452101559717,0.9833707453633532,0.05322582336107507,0.09954164510994697,0.15276746847102204,1032.0104602338024,2083.855410581219,3115.8658708150215,21.02008082825307,21.02008082825307,441.84379802629235,18.86750346707518,137.45964941871432,10.853064204332554,10.853064204332554,117.78900262336462
space0_time3,2020-10-27 08:00:00,66.5,-160.75,0,3,133.28543090820312,122.44009301194508,124.4701053540599,0.9836907638477502,0.05177690261219881,0.0997820713018658,0.15155897391406462,927.0353953242999,1927.7691253132625,2854.8045206375623,10.845337896258044,10.845337896258044,117.62135408401086,8.815325554143229,137.45964941871432,-4.174218510511196,4.174218510511196,17.424100173494306
space0_time3,2020-10-28 07:00:00,61.0,-140.25,0,3,144.39256286621094,118.23055242927165,124.71751797219704,0.9479867331518611,0.03543253913448116,0.0905193742728523,0.12595191340733347,571.8455295869711,1556.3011961748925,2128.1467257618638,26.162010436939283,26.162010436939283,684.45079010252,19.675044894013894,137.45964941871432,6.932913447496617,6.932913447496617,48.06528887047942
space0_time3,2020-10-28 07:00:00,65.5,-139.0,0,3,117.60479736328125,120.78842185898341,127.84691749755227,0.9447894734051453,0.041373664412097666,0.0909077157675955,0.13228138017969315,703.4590601976386,1651.8046429784763,2355.263703176115,-3.183624495702162,3.183624495702162,10.135464929634844,-10.242120134271019,137.45964941871432,-19.85485205543307,19.85485205543307,394.21515014313485
space0_time3,2020-10-29 05:00:00,55.75,-119.5,0,3,147.65936279296875,119.82074763176331,128.76172463965685,0.9305618417824462,0.0558382243458868,0.07989684612802767,0.13573507047391448,944.335196917665,1446.2980415164998,2390.633238434165,27.83861516120544,27.83861516120544,774.9884940936973,18.897638153311902,137.45964941871432,10.19971337425443,10.19971337425443,104.03415291694468
space0_time3,2020-10-29 05:00:00,60.0,-118.5,0,3,155.4996795654297,119.08357788308305,128.35636388281293,0.9277574892336795,0.053982630770670434,0.08041571064824105,0.1343983414189115,899.7071330413008,1433.628190179427,2333.335323220728,36.416101682346635,36.416101682346635,1326.1324617390094,27.14331568261676,137.45964941871432,18.040030146715367,18.040030146715367,325.44268769439924
space0_time3,2020-10-29 05:00:00,64.5,-117.5,0,3,126.75183868408203,119.19435551164965,129.36850939735285,0.9213552514974607,0.049680682677926226,0.08120771866366241,0.13088840134158863,824.8514272081239,1439.7338211969477,2264.5852484050715,7.557483172432384,7.557483172432384,57.11555190159866,-2.616670713270821,137.45964941871432,-10.70781073463229,10.70781073463229,114.65721072870649
space0_time3,2020-10-29 05:00:00,69.0,-116.5,0,3,109.76448059082031,109.55477550869153,119.8075827146829,0.9144227187154923,0.047118536965055254,0.08222166460533614,0.1293402015703914,659.0190884665046,1227.0449777209622,1886.0640661874668,0.20970508212877803,0.20970508212877803,0.04397622147063754,-10.043102123862582,137.45964941871432,-27.69516882789401,27.69516882789401,767.022376405552
space0_time3,2020-10-29 07:00:00,67.25,-141.0,0,3,107.80439758300781,121.25800623034353,127.15574911616113,0.9536179612261985,0.04095858480281891,0.09236442448217533,0.13332300928499424,702.4115376266016,1693.659705989481,2396.0712436160825,-13.453608647335713,13.453608647335713,180.99958563566628,-19.35135153315332,137.45964941871432,-29.65525183570651,29.65525183570651,879.4339614391743
space0_time3,2020-10-31 05:00:00,63.75,-122.25,0,3,140.47239685058594,117.45070704227393,126.24625695466631,0.9303302123598746,0.04358602999634936,0.08360652679656203,0.1271925567929114,697.9054224199976,1426.924713087718,2124.8301355077156,23.021689808312004,23.021689808312004,529.9982016301368,14.22613989591963,137.45964941871432,3.0127474318716168,3.0127474318716168,9.076647088249022
space0_time3,2020-10-31 05:00:00,68.0,-121.0,0,3,124.13839721679688,112.86118648740607,122.21473921079269,0.9234662465117743,0.035709482718910855,0.08431168669393593,0.1200211694128468,522.1251394408126,1309.3225214180413,1831.4476608588539,11.277210729390802,11.277210729390802,127.17548183508703,1.9236580060041888,137.45964941871432,-13.321252201917446,13.321252201917446,177.4557602270904
space0_time3,2020-10-31 09:00:00,52.0,-173.25,0,3,171.83367919921875,132.0891379269583,130.74362679485114,1.010291217744926,0.10915009878686117,0.10429128177479435,0.2134413805616555,2490.9898977859116,2648.04451942499,5139.034417210902,39.74454127226045,39.74454127226045,1579.6285609424142,41.09005240436761,137.45964941871432,34.37402978050443,34.37402978050443,1181.5739233510053
space0_time3,2020-11-01 06:00:00,61.0,-125.25,0,3,135.24551391601562,122.51045181041371,130.84594224648217,0.93629538453423,0.047144553988253006,0.08450146952251705,0.13164602351077007,826.4726467691854,1582.4746830932106,2408.947329862396,12.735062105601912,12.735062105601912,162.18180683353782,4.399571669533458,137.45964941871432,-2.2141355026986957,2.2141355026986957,4.902396024310806
space0_time3,2020-11-01 06:00:00,65.25,-124.0,0,3,126.75183868408203,115.45265404419803,124.20883567212655,0.929504357878032,0.042536871441832644,0.08504551844249295,0.12758238988432558,658.0383735892522,1402.617987297297,2060.656360886549,11.299184639884004,11.299184639884004,127.67157352619061,2.543003011955477,137.45964941871432,-10.70781073463229,10.70781073463229,114.65721072870649
space0_time3,2020-11-01 06:00:00,69.75,-122.75,0,3,133.9387969970703,111.1981719438594,119.60391898989631,0.9297201369568249,0.03593939697161299,0.08585855008831902,0.12179794705993202,511.08104143993324,1297.9579949587878,1809.039036398721,22.740625053210906,22.740625053210906,517.1360278107235,14.334878007173998,137.45964941871432,-3.5208524216440082,3.5208524216440082,12.396401774996477
space0_time3,2020-11-01 07:00:00,59.5,-149.75,0,3,136.55223083496094,119.39516167818887,123.42757065994898,0.9673297549307712,0.11205435274158772,0.09524129260961767,0.20729564535120537,2079.644125117197,1960.3616317298245,4040.005756847021,17.157069156772067,17.157069156772067,294.36502205025937,13.124660175011954,137.45964941871432,-0.9074185837533832,0.9074185837533832,0.8234084861409958
space0_time3,2020-11-01 07:00:00,63.75,-148.75,0,3,123.48503875732422,121.7946876247399,125.80911232028714,0.9680911452158788,0.03992376449630998,0.09553027041788226,0.13545403491419222,691.8521492412614,1772.0361304437536,2463.888279685015,1.6903511325843255,1.6903511325843255,2.8572869514291117,-2.324073562962923,137.45964941871432,-13.974610661390102,13.974610661390102,195.2897431374379
space0_time3,2020-11-01 07:00:00,68.0,-147.5,0,3,116.9514389038086,119.02326793709321,123.00633292980724,0.9676190249896567,0.0388371125349494,0.09584688552313371,0.13468399805808312,641.8947985890915,1695.0406513473074,2336.935449936399,-2.071829033284615,2.071829033284615,4.292475543161063,-6.0548940259986495,137.45964941871432,-20.508210514905727,20.508210514905727,420.58669852368985
space0_time3,2020-11-04 06:00:00,62.0,-131.75,0,3,122.83168029785156,116.29330525996328,123.0382612072157,0.9451800124524449,0.02895237443166746,0.08835780921259316,0.11731018364426063,446.72769442371896,1446.1165914122803,1892.8442858359992,6.538375037888287,6.538375037888287,42.75034813608065,-0.20658090936413487,137.45964941871432,-14.627969120862758,14.627969120862758,213.9774806009144
space0_time3,2020-11-05 06:00:00,63.5,-133.75,0,3,148.96607971191406,118.76937900389585,125.20586961316597,0.9485927406665823,0.03976560292254386,0.08981269188975982,0.12957829481230368,651.4112980272268,1570.147089573358,2221.558387600585,30.196700708018213,30.196700708018213,911.8407336496276,23.76021009874809,137.45964941871432,11.506430293199742,11.506430293199742,132.3979380922647
space0_time3,2020-11-05 06:00:00,68.0,-132.5,0,3,131.9787139892578,117.31338009340035,124.06708928450125,0.9455640554634611,0.033696647968211334,0.09040907130790043,0.12410571927611178,533.971289919832,1524.8242207432697,2058.7955106631016,14.665333895857458,14.665333895857458,215.0720182769857,7.911624704756562,137.45964941871432,-5.480935429456508,5.480935429456508,30.040653181871598
space0_time3,2020-11-07 06:00:00,62.75,-138.5,0,3,139.81903076171875,121.65064389504325,127.02058668133468,0.9577238388942149,0.04458683541028092,0.09217118061457139,0.1367580160248523,773.6536987709711,1712.96891126838,2486.622610039351,18.168386866675505,18.168386866675505,330.090281337187,12.798444080384073,137.45964941871432,2.3593813430044293,2.3593813430044293,5.566680321717384
space0_time3,2020-11-07 06:00:00,67.0,-137.25,0,3,128.05856323242188,120.93925004004844,126.69696771343854,0.9545552054062348,0.04116786556342399,0.09260794433486977,0.13377580989829377,702.6857482132312,1690.5366864995874,2393.2224347128185,7.11931319237344,7.11931319237344,50.6846203311025,1.3615955189833358,137.45964941871432,-9.401086186292446,9.401086186292446,88.38042148209864
space0_time3,2020-11-07 08:00:00,61.25,-163.0,0,3,161.37991333007812,130.6675303493686,131.44038284400543,0.9941201290051473,0.05709806564886636,0.10231080168991846,0.15940886733878482,1176.6433204362058,2283.970695234643,3460.614015670849,30.71238298070952,30.71238298070952,943.2504683537758,29.939530486072698,137.45964941871432,23.920263911363804,23.920263911363804,572.1790255892936
space0_time3,2020-11-07 08:00:00,65.5,-162.0,0,3,133.9387969970703,126.22894797014108,127.61742938613233,0.9891199703467607,0.040054496004423734,0.10249067210083453,0.14254516810525825,750.9353198394659,2064.1912148395604,2815.1265346790265,7.709849026929234,7.709849026929234,59.44177201804166,6.321367610937983,137.45964941871432,-3.5208524216440082,3.5208524216440082,12.396401774996477
space0_time3,2020-11-07 08:00:00,69.75,-160.75,0,3,158.1131134033203,122.92038654488366,123.91035285758184,0.9920106246986803,0.03373947529404109,0.102754901693805,0.13649437698784608,594.3085066365566,1938.5901228001078,2532.898629436664,35.19272685843666,35.19272685843666,1238.528023732529,34.20276054573847,137.45964941871432,20.65346398460599,20.65346398460599,426.5655745634168
space0_time3,2020-11-08 07:00:00,64.5,-140.25,0,3,158.1131134033203,115.53466595533654,120.27545112541681,0.9605839335814514,0.04510831186003818,0.09353130707569071,0.1386396189357289,707.4953451642148,1572.7174226295992,2280.2127677938142,42.57844744798378,42.57844744798378,1812.9241870807161,37.837662277903505,137.45964941871432,20.65346398460599,20.65346398460599,426.5655745634168
space0_time3,2020-11-08 07:00:00,68.75,-139.0,0,3,119.56488037109375,122.48639511877444,127.26292471355904,0.9624672338347126,0.039989806999523855,0.09401282894183177,0.13400263594135564,699.8971642369708,1759.9540797892685,2459.8512440262393,-2.921514747680689,2.921514747680689,8.53524842091576,-7.698044342465295,137.45964941871432,-17.89476904762057,17.89476904762057,320.22275926767924
space0_time3,2020-11-08 08:00:00,52.75,-169.5,0,3,147.65936279296875,125.6477823546374,124.28423406423533,1.0109712088638478,0.1239882861087608,0.10443550216929073,0.22842378827805154,2618.758001452028,2472.2003418787262,5090.958343330754,22.01158043833135,22.01158043833135,484.5096733931314,23.375128728733415,137.45964941871432,10.19971337425443,10.19971337425443,104.03415291694468
space0_time3,2020-11-08 08:00:00,67.25,-163.75,0,3,128.7119140625,120.45533873415063,120.7480741266705,0.997575651664533,0.05377247203260158,0.1036795983790652,0.15745207041166678,938.2564095893678,1957.8855683266563,2896.141977916024,8.25657532834937,8.25657532834937,68.17103615270752,7.963839935829498,137.45964941871432,-8.74773535621432,8.74773535621432,76.52287386236209
space0_time3,2020-11-11 09:00:00,63.75,-171.75,0,3,155.4996795654297,117.41628360572227,116.82704757283625,1.0050436610795859,0.0686090070088693,0.10691469509333484,0.17552370210220414,1166.944502091024,1985.8324737033126,3152.776975794337,38.08339595970742,38.08339595970742,1450.3450478238592,38.67263199259344,137.45964941871432,18.040030146715367,18.040030146715367,325.44268769439924
space0_time3,2020-11-14 09:00:00,52.0,178.0,0,3,164.64671325683594,141.52877821779856,135.3708566135589,1.0454892711643136,0.07275103832921855,0.07976501928475475,0.1525160576139733,1760.5933262182302,2083.3878476080868,3843.981173826317,23.117935039037377,23.117935039037377,534.4389204691521,29.275856643277024,137.45964941871432,27.187063838121617,27.187063838121617,739.1364401381
space0_time3,2020-11-15 06:00:00,63.5,-135.0,0,3,146.35263061523438,120.85395950378488,125.30187385622156,0.964502411531846,0.03147892418258974,0.09248039823213283,0.12395932241472257,528.725177040231,1653.1568022734045,2181.8819793136354,25.498671111449497,25.498671111449497,650.1822284498691,21.050756759012813,137.45964941871432,8.892981196520054,8.892981196520054,79.08511456165925
space0_time3,2020-11-15 06:00:00,67.0,-134.0,0,3,125.44511413574219,119.35627447168979,124.10167317027808,0.9617620087033217,0.03448234909709428,0.09290788625666535,0.12739023535375962,567.7033964880387,1630.7010005219518,2198.4043970099906,6.088839664052401,6.088839664052401,37.073968454537756,1.3434409654641115,137.45964941871432,-12.014535282972133,12.014535282972133,144.3490580657823
space0_time3,2020-11-16 06:00:00,62.5,-135.5,0,3,154.8463134765625,122.28832250684711,126.45637456087614,0.9670396050139608,0.04244351171681337,0.09269024912118826,0.13513376083800163,742.19533585078,1734.6335540641435,2476.8288899149234,32.55799096971539,32.55799096971539,1060.0227759840689,28.389938915686358,137.45964941871432,17.38666405784818,17.38666405784818,302.2960870604697
space0_time3,2020-11-16 06:00:00,66.75,-134.0,0,3,133.28543090820312,115.8041513768367,120.2148615131376,0.9633097765053041,0.03915764021278526,0.09305633285298279,0.13221397306576804,611.2449539860614,1552.3282099223902,2163.5731639084515,17.481279531366425,17.481279531366425,305.5951340537707,13.070569395065519,137.45964941871432,-4.174218510511196,4.174218510511196,17.424100173494306
space0_time3,2020-11-17 06:00:00,64.25,-137.25,0,3,141.12576293945312,119.63994867199753,123.42531920758015,0.9693306806100598,0.032698561111709885,0.09407592326405331,0.1267744843757632,540.08023891286,1656.0660553145528,2196.146294227413,21.485814267455595,21.485814267455595,461.6402147355984,17.70044373187298,137.45964941871432,3.6661135207388043,3.6661135207388043,13.440388346943871
space0_time3,2020-11-17 06:00:00,68.5,-135.75,0,3,126.75183868408203,120.31035595493432,124.57389284466774,0.9657750368686832,0.03872539648724738,0.094488933746729,0.13321433023397639,652.9687463928952,1703.487714840598,2356.4564612334934,6.441482729147708,6.441482729147708,41.492699749908205,2.177945839414292,137.45964941871432,-10.70781073463229,10.70781073463229,114.65721072870649
space0_time3,2020-11-17 08:00:00,54.25,-164.25,0,3,165.95343017578125,130.3578648027818,128.86877388239068,1.0115550949662182,0.10647545911518613,0.10422137434366155,0.21069683345884768,2356.9721625902225,2563.3350220532834,4920.307184643506,35.59556537299946,35.59556537299946,1267.0442742234782,37.084656293390566,137.45964941871432,28.49378075706693,28.49378075706693,811.8955418317976
space0_time3,2020-11-17 08:00:00,62.75,-162.0,0,3,105.84431457519531,126.91852369380955,126.80609994565182,1.000886579968991,0.04770705732400385,0.10424915670628614,0.15195621403028997,916.2775332455146,2161.072271635427,3077.3498048809415,-21.074209118614235,21.074209118614235,444.12228997508333,-20.96178537045651,137.45964941871432,-31.61533484351901,31.61533484351901,999.5293972678271
space0_time3,2020-11-17 08:00:00,67.0,-160.5,0,3,155.4996795654297,125.20575136379732,125.82659168180784,0.9950659053089469,0.04650717031548062,0.10430498401289827,0.15081215432837888,867.7675432676266,2099.397644429276,2967.1651876969026,30.29392820163237,30.29392820163237,917.722085885657,29.673087883621847,137.45964941871432,18.040030146715367,18.040030146715367,325.44268769439924
space0_time3,2020-11-18 07:00:00,61.75,-140.25,0,3,146.35263061523438,124.45591810572583,127.60829169158431,0.9752964831354576,0.03879871861143762,0.09508223280479784,0.13388095141623546,700.5586846308432,1836.2623648443553,2536.8210494751984,21.896712509508546,21.896712509508546,479.4660187240681,18.744338923650062,137.45964941871432,8.892981196520054,8.892981196520054,79.08511456165925
space0_time3,2020-11-18 07:00:00,66.0,-139.0,0,3,142.43247985839844,121.72564950884785,125.27037475760655,0.9717034034933035,0.0358934370639468,0.09546956270631513,0.13136299977026192,617.5141990009593,1754.5411276916925,2372.0553266926518,20.706830349550586,20.706830349550586,428.77282312506924,17.16210510079189,137.45964941871432,4.972830439684117,4.972830439684117,24.729042581848926
space0_time3,2020-11-18 08:00:00,60.0,-165.25,0,3,150.27279663085938,117.45361009780834,116.67406513587781,1.0066813902560325,0.08549524660075422,0.10541595169481309,0.1909111982955673,1490.3343338897705,2021.9607452810944,3512.295079170865,32.81918653305104,32.81918653305104,1077.0990046911986,33.598731494981564,137.45964941871432,12.813147212145054,12.813147212145054,164.1767414801006
space0_time3,2020-11-18 08:00:00,64.25,-163.5,0,3,124.13839721679688,118.29255548895944,117.94912986812886,1.0029116418341915,0.06560598371999055,0.10528421850622033,0.17089020222621087,1125.638641519088,1968.1121343875118,3093.7507759065998,5.845841727837438,5.845841727837438,34.17386550692541,6.189267348668011,137.45964941871432,-13.321252201917446,13.321252201917446,177.4557602270904
space0_time3,2020-11-18 08:00:00,68.5,-162.25,0,3,120.87159729003906,122.73773384907551,122.26629220585396,1.0038558594909197,0.041029913455672515,0.10547730733272634,0.14650722078839884,730.5064831936659,2021.4685431977903,2751.975026391456,-1.8661365590364483,1.8661365590364483,3.4824656569723955,-1.3946949158148954,137.45964941871432,-16.58805212867526,16.58805212867526,275.16347342364776
space0_time3,2020-11-26 06:00:00,63.75,-134.5,0,3,154.8463134765625,125.81760468977328,122.12776911524162,1.0302129122742745,0.036546837864654166,0.09468826568694286,0.131235103551597,671.873524827967,1859.3848385728757,2531.2583634008424,29.028708786789224,29.028708786789224,842.665933828214,32.71854436132088,137.45964941871432,17.38666405784818,17.38666405784818,302.2960870604697
space0_time3,2020-11-26 06:00:00,68.0,-132.75,0,3,135.24551391601562,126.91066985144039,123.63782359562845,1.0264712380130219,0.03396171667863921,0.09499414629942998,0.12895586297806919,632.9746122151221,1889.027672387905,2522.002284603027,8.334844064575236,8.334844064575236,69.46962558078505,11.607690320387178,137.45964941871432,-2.2141355026986957,2.2141355026986957,4.902396024310806
space0_time3,2020-11-27 08:00:00,55.5,-163.5,0,3,147.00599670410156,121.26278720890797,118.86137854574946,1.020203439439618,0.10338805605353309,0.1061121055836211,0.20950016163715418,1974.9407258688288,2250.8747818751986,4225.815507744028,25.743209495193597,25.743209495193597,662.7128351134257,28.144618158352102,137.45964941871432,9.546347285387242,9.546347285387242,91.13274649322037
space0_time3,2020-11-27 08:00:00,59.75,-162.25,0,3,134.5921630859375,126.57246425779634,125.10085745861088,1.0117633630103007,0.05509597518090394,0.10607791179229983,0.16117388697320378,1066.1397677798261,2225.6986817085426,3291.8384494883685,8.01969882814116,8.01969882814116,64.31556929408868,9.491305627326625,137.45964941871432,-2.8674863327768207,2.8674863327768207,8.22247786866186
space0_time3,2020-11-28 07:00:00,64.25,-140.25,0,3,125.44511413574219,119.77814719381253,121.28424721863483,0.9875820639583369,0.03805000920972137,0.09777066998869549,0.13582067919841687,637.3599535476743,1753.3896906485488,2390.749644196223,5.666966941929658,5.666966941929658,32.11451432092358,4.160866917107356,137.45964941871432,-12.014535282972133,12.014535282972133,144.3490580657823
space0_time3,2020-11-28 08:00:00,60.0,-166.5,0,3,135.24551391601562,123.91868705232469,121.88464679537019,1.0166882401552129,0.056362557109112685,0.10803746308951215,0.16440002019862482,1049.442803740456,2184.7169768465556,3234.1597805870115,11.32682686369094,11.32682686369094,128.29700680003074,13.360867120645437,137.45964941871432,-2.2141355026986957,2.2141355026986957,4.902396024310806
space0_time3,2020-11-29 07:00:00,68.75,-139.5,0,3,123.48503875732422,120.31798571081757,122.07283127129139,0.9856246017873225,0.028411274084328978,0.09874961279356453,0.1271608868778935,473.7629812998001,1755.4169532819517,2229.1799345817517,3.167053046506652,3.167053046506652,10.030224999387066,1.4122074860328269,137.45964941871432,-13.974610661390102,13.974610661390102,195.2897431374379
space0_time3,2020-11-30 08:00:00,68.75,-166.25,0,3,133.9387969970703,125.68196863465094,124.27591367498769,1.0113139780516156,0.0339013788291537,0.10961181856850014,0.14351319739765384,628.7423141876975,2185.107463644583,2813.8497778322803,8.25682836241937,8.25682836241937,68.17521460645293,9.662883322082621,137.45964941871432,-3.5208524216440082,3.5208524216440082,12.396401774996477
space0_time3,2020-12-01 02:00:00,81.25,-62.25,0,3,112.37791442871094,107.98871706615878,114.77374182438858,0.940883475171426,0.030439546359901745,0.07634337263766638,0.10678291899756813,401.04841274111044,1061.2220843669832,1462.2704971080937,4.389197362552153,4.389197362552153,19.265053487434777,-2.3958273956776424,137.45964941871432,-25.081734990003383,25.081734990003383,629.09343010876
space0_time3,2020-12-01 09:00:00,60.5,-173.25,0,3,114.9913558959961,117.05044808995646,114.14547588424938,1.0254497358147856,0.09120516971692376,0.11138588545096442,0.20259105516788817,1602.1576988606996,2165.6188618712467,3767.776560731946,-2.0590921939603675,2.0590921939603675,4.239860663228519,0.8458800117467149,137.45964941871432,-22.468293522718227,22.468293522718227,504.8242138230218
space0_time3,2020-12-05 06:00:00,63.0,-131.75,0,3,163.9933624267578,133.32316388004196,127.62471248709855,1.0446500625301658,0.03633435471219235,0.09524317589460761,0.13157753060679997,750.2152083762116,2100.9427920115727,2851.1580003877843,30.670198546715852,30.670198546715852,940.6610788949712,36.368649939659264,137.45964941871432,26.53371300804349,26.53371300804349,704.0379259932164
space0_time3,2020-12-05 06:00:00,67.0,-130.5,0,3,138.51231384277344,126.03093475849978,121.19197651784748,1.0399280412754028,0.03442599351129899,0.09572526732169688,0.13015126083299589,633.6679285664152,1881.083945943253,2514.751874509668,12.481379084273655,12.481379084273655,155.78482384534388,17.32033732492596,137.45964941871432,1.0526644240591168,1.0526644240591168,1.108102389679712
space0_time3,2020-12-06 06:00:00,60.5,-135.0,0,3,148.31271362304688,135.14305549213708,128.61675757380308,1.050742205303917,0.03820380178788392,0.09636807074339435,0.13457187253127828,813.6921633471395,2196.0905959566526,3009.782759303792,13.169658130909795,13.169658130909795,173.4398952850385,19.69595604924379,137.45964941871432,10.853064204332554,10.853064204332554,117.78900262336462
space0_time3,2020-12-06 06:00:00,64.5,-133.75,0,3,150.92616271972656,127.67953904804305,122.06840195040422,1.0459671545460114,0.0287182749941552,0.09672040406768925,0.12543867906184444,538.430070270537,1931.4437563969643,2469.8738266675014,23.24662367168351,23.24662367168351,540.4055121328761,28.85776076932234,137.45964941871432,13.466513301012242,13.466513301012242,181.34698048633962
space0_time3,2020-12-06 06:00:00,68.75,-132.25,0,3,120.87159729003906,130.7907278123136,123.5155414742144,1.058900979190688,0.037184518925511764,0.09722532110555612,0.13440984003106787,741.291581399889,2073.667077209927,2814.9586586098158,-9.919130522274543,9.919130522274543,98.38915031791845,-2.6439441841753393,137.45964941871432,-16.58805212867526,16.58805212867526,275.16347342364776
space0_time3,2020-12-07 06:00:00,62.0,-137.25,0,3,146.35263061523438,134.63576916542198,126.3751987637056,1.0653654394416567,0.03472537556060801,0.09793922308073263,0.13266459864134064,731.3844221201551,2205.0320239035323,2936.4164460236875,11.716861449812399,11.716861449812399,137.2848422340999,19.977431851528777,137.45964941871432,8.892981196520054,8.892981196520054,79.08511456165925
space0_time3,2020-12-07 06:00:00,66.25,-135.5,0,3,139.81903076171875,127.80746861331443,120.42411845150463,1.0613112245017855,0.035195675663920865,0.09816814954280749,0.13336382520672835,668.6302269528832,1994.2465437296853,2662.8767706825683,12.011562148404323,12.011562148404323,144.27762524497948,19.394912310214124,137.45964941871432,2.3593813430044293,2.3593813430044293,5.566680321717384
space0_time3,2020-12-08 06:00:00,63.5,-139.0,0,3,116.29808044433594,134.95135077689147,126.32834499706755,1.0682586776548375,0.03656426410479824,0.09925298252865007,0.1358172466334483,776.8908588816992,2257.8398613786626,3034.7307202603615,-18.653270332555536,18.653270332555536,347.94449409939654,-10.030264552731609,137.45964941871432,-21.161568974378383,21.161568974378383,447.81200145737375
space0_time3,2020-12-08 06:00:00,67.75,-137.5,0,3,122.83168029785156,132.0354829942474,123.66079694923432,1.0677230476563322,0.027952022139185014,0.09962974801391647,0.1275817701531015,561.4181517033273,2133.6920797893595,2695.1102314926866,-9.203802696395826,9.203802696395826,84.70998407418307,-0.8291166513827619,137.45964941871432,-14.627969120862758,14.627969120862758,213.9774806009144
space0_time3,2020-12-08 08:00:00,53.75,-166.0,0,3,146.35263061523438,130.00727921040053,125.7323567239465,1.0340001778208923,0.08339477443961948,0.10930263386220096,0.19269740830182044,1782.363933729444,2572.895876233264,4355.2598099627085,16.34535140483385,16.34535140483385,267.1705125475039,20.62027389128788,137.45964941871432,8.892981196520054,8.892981196520054,79.08511456165925
space0_time3,2020-12-08 08:00:00,62.0,-163.75,0,3,149.6194305419922,125.03249322274608,122.30956559027021,1.0222625893513309,0.04237968848995166,0.10931375138371349,0.15169343987366515,787.6228353653792,2192.5972308024257,2980.220066167805,24.586937319246104,24.586937319246104,604.5174867405368,27.309864951721977,137.45964941871432,12.159781123277867,12.159781123277867,147.86027696602474
space0_time3,2020-12-08 08:00:00,66.25,-162.0,0,3,127.40519714355469,118.43615810462126,116.26976164212014,1.0186325011069457,0.0414118467695782,0.10929293067451448,0.1507047774440927,689.5519238364524,1963.1101630113085,2652.6620868477607,8.969039038933431,8.969039038933431,80.44366128191193,11.135435501434543,137.45964941871432,-10.054452275159633,10.054452275159633,101.09201055346273
space0_time3,2020-12-08 08:00:00,70.5,-160.25,0,3,141.12576293945312,126.81207092944256,124.57429524217495,1.0179633822765548,0.03359385205756334,0.10938572129974708,0.14297957335731043,633.8572596952708,2217.869524023891,2851.7267837191616,14.31369201001057,14.31369201001057,204.88177895744042,16.55146769727817,137.45964941871432,3.6661135207388043,3.6661135207388043,13.440388346943871
space0_time3,2020-12-09 07:00:00,65.25,-140.75,0,3,138.51231384277344,132.2765804233592,126.37424348026559,1.0467052207835006,0.03992878797897746,0.10062859265923194,0.14055738063820938,820.3413750818402,2218.7374209557497,3039.07879603759,6.235733419414231,6.235733419414231,38.8843712779995,12.138070362507847,137.45964941871432,1.0526644240591168,1.0526644240591168,1.108102389679712
space0_time3,2020-12-09 07:00:00,69.25,-139.0,0,3,138.51231384277344,128.59353949084087,122.98758860236516,1.0455814359170863,0.03708714403229246,0.10084595409298405,0.13793309812527652,717.2053744088415,2090.208169328786,2807.4135437376276,9.91877435193257,9.91877435193257,98.38208464455536,15.524725240408273,137.45964941871432,1.0526644240591168,1.0526644240591168,1.108102389679712
space0_time3,2020-12-09 08:00:00,67.75,-164.0,0,3,137.8589630126953,125.67671735933948,123.53353784253696,1.0173489689863358,0.03877808173340293,0.11048927277712464,0.14926735451052758,725.0529624178457,2226.9486075342434,2952.001569952089,12.182245653355835,12.182245653355835,148.40710915870713,14.325425170158354,137.45964941871432,0.39931359398099175,0.39931359398099175,0.15945134633801633
space0_time3,2020-12-10 08:00:00,65.0,-167.25,0,3,147.65936279296875,122.41749039098465,119.39070543291963,1.0253519312670922,0.07260919731375645,0.11153612801210608,0.18414532532586253,1356.794776290824,2285.8852974521687,3642.680073742993,25.241872401984097,25.241872401984097,637.1521223580464,28.26865736004912,137.45964941871432,10.19971337425443,10.19971337425443,104.03415291694468
space0_time3,2020-12-11 02:00:00,81.75,-60.75,0,3,124.13839721679688,108.93689120838664,112.72984857692833,0.9663535663675326,0.03127079499327235,0.07866938446993596,0.1099401794632083,420.7686283372793,1118.6073776747544,1539.3760060120337,15.201506008410234,15.201506008410234,231.08578492373246,11.408548639868542,137.45964941871432,-13.321252201917446,13.321252201917446,177.4557602270904
space0_time3,2020-12-13 02:00:00,80.5,-67.5,0,3,113.68463897705078,110.58315739832939,114.11472170041426,0.9690525091814509,0.04387496762044766,0.08134154122531242,0.12521650884576008,621.6383247680009,1227.18115394613,1848.819478714131,3.1014815787213905,3.1014815787213905,9.619187983148128,-0.4300827233634834,137.45964941871432,-23.77501044166354,23.77501044166354,565.2511215012104
space0_time3,2020-12-16 06:00:00,61.0,-135.0,0,3,124.13839721679688,135.51356881979166,126.87851877346283,1.068057620232361,0.03335634779373195,0.09880851002941472,0.1321648578231467,710.895721039997,2250.4922040592014,2961.3879250991986,-11.375171602994783,11.375171602994783,129.3945289975789,-2.7401215566659545,137.45964941871432,-13.321252201917446,13.321252201917446,177.4557602270904
space0_time3,2020-12-16 06:00:00,65.0,-133.5,0,3,113.68463897705078,131.6647519991157,123.82697701646194,1.0632961828795333,0.027567083766577998,0.09907842115603872,0.12664550492261673,549.9601078940233,2106.6094687834184,2656.5695766774415,-17.980113022064927,17.980113022064927,323.28446428622874,-10.142338039411158,137.45964941871432,-23.77501044166354,23.77501044166354,565.2511215012104
space0_time3,2020-12-16 06:00:00,69.25,-131.75,0,3,133.28543090820312,132.36945099506667,126.0337778273755,1.0502696441930746,0.04075718432116193,0.09935057770628984,0.1401077620274518,838.5097286886134,2193.0416644007837,3031.551393089397,0.9159799131364537,0.9159799131364537,0.8390192012694652,7.251653080827623,137.45964941871432,-4.174218510511196,4.174218510511196,17.424100173494306
space0_time3,2020-12-17 06:00:00,62.5,-136.75,0,3,147.00599670410156,133.05242320711474,124.41128777139507,1.069456201205776,0.036900695041840084,0.1001318015206557,0.13703249656249578,763.1854893618838,2218.6081030431924,2981.793592405076,13.95357349698682,13.95357349698682,194.70221333581298,22.594708932706496,137.45964941871432,9.546347285387242,9.546347285387242,91.13274649322037
space0_time3,2020-12-17 06:00:00,66.75,-135.25,0,3,135.8988800048828,134.21291132243593,127.03051813336175,1.0565406903365833,0.03390527301382397,0.10038169109345448,0.13428696410727844,710.4919569269886,2250.4428810814265,2960.934838008415,1.6859686824468838,1.6859686824468838,2.842490398191681,8.86836187152106,137.45964941871432,-1.5607694138315082,1.5607694138315082,2.43600116315195
space0_time3,2020-12-18 08:00:00,54.25,-165.75,0,3,172.48703002929688,129.38489349906808,123.94379435657304,1.0438997302829183,0.09061798976362849,0.11132284030401365,0.20194083006764213,1943.1636950051357,2641.2273398711063,4584.391034876242,43.10213653022879,43.10213653022879,1857.7941734704832,48.54323567272384,137.45964941871432,35.027380610582554,35.027380610582554,1226.9173924386146
space0_time3,2020-12-18 08:00:00,62.5,-163.25,0,3,154.19296264648438,127.36910512610379,123.65592770777687,1.0300283010055282,0.03784221696988612,0.11125043739244168,0.1490926543623278,726.2700412183025,2301.422585783085,3027.692627001388,26.823857520380585,26.823857520380585,719.5193322736781,30.537034938707507,137.45964941871432,16.733313227770054,16.733313227770054,280.00377157866427
space0_time3,2020-12-18 08:00:00,66.75,-162.0,0,3,145.69927978515625,121.41209109840176,118.28480499341921,1.0264386123404143,0.0485676268196002,0.11145014855574581,0.160017775375346,860.9037655625194,2141.0058602015924,3001.9096257641118,24.28718868675449,24.28718868675449,589.8675343060153,27.414474791737035,137.45964941871432,8.23963036644193,8.23963036644193,67.89150857559196
space0_time3,2020-12-18 08:00:00,71.0,-160.0,0,3,154.19296264648438,121.66084061316896,118.41689766984902,1.0273942571301282,0.05254234615915091,0.1115189836117916,0.1640613297709425,940.852185688736,2168.5092127096696,3109.3613983984055,32.53212203331542,32.53212203331542,1058.3389639905265,35.776064976635354,137.45964941871432,16.733313227770054,16.733313227770054,280.00377157866427
space0_time3,2020-12-19 07:00:00,65.75,-140.5,0,3,131.9787139892578,131.79507892515244,123.83843670759954,1.0642501829729945,0.03474183413377475,0.10280756232051774,0.13754939645429248,704.6184487024957,2234.4168751666552,2939.035323869151,0.1836350641053741,0.1836350641053741,0.03372183676898486,8.140277281658271,137.45964941871432,-5.480935429456508,5.480935429456508,30.040653181871598
space0_time3,2020-12-19 07:00:00,69.75,-139.0,0,3,137.20559692382812,121.12377615905717,113.2006657095505,1.069991730170878,0.03198351457841136,0.10318425419882662,0.135167768777238,545.8222659356718,1884.7941976367424,2430.6164635724144,16.081820764770953,16.081820764770953,258.6249591102182,24.00493121427762,137.45964941871432,-0.25405249488619575,0.25405249488619575,0.06454267015790051
space0_time3,2020-12-19 08:00:00,59.75,-166.5,0,3,155.4996795654297,128.4393784579293,123.12013878359949,1.0432036523584423,0.04895805004687767,0.11238780222329244,0.16134585227017012,972.6724018930199,2421.489757457444,3394.1621593504638,27.06030110750038,27.06030110750038,732.2598960285862,32.3795407818302,137.45964941871432,18.040030146715367,18.040030146715367,325.44268769439924
space0_time3,2020-12-19 08:00:00,68.25,-163.75,0,3,148.96607971191406,125.06013420479188,121.92187159667095,1.0257399477798588,0.0330327073056565,0.11258926361888043,0.14562197092453694,607.5995935576027,2228.441872018453,2836.041465576056,23.905945507122183,23.905945507122183,571.4942305894953,27.04420811524311,137.45964941871432,11.506430293199742,11.506430293199742,132.3979380922647
space0_time3,2020-12-20 08:00:00,57.25,-169.75,0,3,171.83367919921875,126.46614591282503,120.63127664212227,1.0483694563559425,0.09211990088675334,0.11359054076430226,0.20571044165105562,1895.824235780547,2591.4100577299673,4487.234293510514,45.36753328639372,45.36753328639372,2058.2130764920425,51.20240255709648,137.45964941871432,34.37402978050443,34.37402978050443,1181.5739233510053
space0_time3,2020-12-20 08:00:00,65.75,-167.0,0,3,139.81903076171875,129.5691500523017,125.36547112580055,1.0335313933633516,0.032434113637397524,0.1136497044053216,0.14608381804271914,640.4875084372927,2415.5348351296016,3056.022343566894,10.249880709417056,10.249880709417056,105.06005455727988,14.453559635918197,137.45964941871432,2.3593813430044293,2.3593813430044293,5.566680321717384
space0_time3,2020-12-22 02:00:00,79.5,-67.25,0,3,118.91151428222656,110.46198465027639,111.18286224470745,0.9935162885729238,0.029369142657733816,0.08294368036711089,0.1123128230248447,406.89919276978554,1215.8392441999083,1622.7384369696938,8.44952963195017,8.44952963195017,71.39455100120398,7.728652037519112,137.45964941871432,-18.54813513648776,18.54813513648776,344.03331704141175
space0_time3,2020-12-26 06:00:00,61.25,-134.75,0,3,157.4597625732422,134.94946953347713,125.54499828469443,1.0749091670498607,0.03445111246213261,0.10102872665205503,0.13547983911418765,730.9475275434693,2294.616484024009,3025.5640115674782,22.51029303976506,22.51029303976506,506.7132927360953,31.914764288547758,137.45964941871432,20.000113154527867,20.000113154527867,400.0045261939186
space0_time3,2020-12-26 06:00:00,65.5,-133.5,0,3,139.81903076171875,132.46510110983712,123.49557496819277,1.072630344398611,0.03150827593997617,0.10147554669613679,0.13298382263611297,641.5664295118429,2209.142931984339,2850.7093614961823,7.353929651881629,7.353929651881629,54.08028132482385,16.32345579352598,137.45964941871432,2.3593813430044293,2.3593813430044293,5.566680321717384
space0_time3,2020-12-26 06:00:00,69.5,-132.0,0,3,131.9787139892578,131.9348324828472,123.52205680494829,1.068107477283862,0.034025776756107344,0.10191616980828327,0.13594194656439063,690.2006740180178,2213.5882159996895,2903.788890017707,0.04388150641059951,0.04388150641059951,0.001925586604863486,8.45665718430952,137.45964941871432,-5.480935429456508,5.480935429456508,30.040653181871598
space0_time3,2020-12-27 06:00:00,62.75,-136.75,0,3,135.8988800048828,135.57807348123,125.30713154383986,1.0819661404011691,0.04107058856710113,0.1024522256938338,0.14352281426093494,889.5900113645711,2385.0931875254964,3274.6831988900676,0.3208065236528057,0.3208065236528057,0.10291682561819819,10.591748461042954,137.45964941871432,-1.5607694138315082,1.5607694138315082,2.43600116315195
space0_time3,2020-12-27 06:00:00,66.75,-135.5,0,3,142.43247985839844,132.75625800526865,123.58810635619503,1.074183122627108,0.034221854377751326,0.1028607690768107,0.137082623454562,703.7204054721385,2266.124334708522,2969.8447401806607,9.676221853129789,9.676221853129789,93.62926935098649,18.84437350220341,137.45964941871432,4.972830439684117,4.972830439684117,24.729042581848926
space0_time3,2020-12-28 06:00:00,64.25,-138.75,0,3,145.69927978515625,133.4288684716701,123.19870289552289,1.0830379325082895,0.032889583431823986,0.10385839042117818,0.13674797385300216,682.5089110623859,2308.6685333827977,2991.1774444451835,12.270411313486136,12.270411313486136,150.56299380212855,22.500576889633365,137.45964941871432,8.23963036644193,8.23963036644193,67.89150857559196
space0_time3,2020-12-28 06:00:00,68.5,-137.25,0,3,130.0186309814453,133.316356306028,123.65071768324651,1.0781688841268338,0.03232802750099244,0.10426248132774843,0.13659050882874085,669.4304075493143,2312.5563232677628,2981.986730817077,-3.2977253245827,3.2977253245827,10.874992316394074,6.3679132981988005,137.45964941871432,-7.441018437269008,7.441018437269008,55.36875538377731
space0_time3,2020-12-28 08:00:00,62.75,-163.5,0,3,133.28543090820312,134.8757465683761,126.3058203128886,1.0678506044634986,0.040206971534606825,0.11339029434991675,0.15359726588452358,870.233137263165,2651.3480534337814,3521.5811906969466,-1.590315660172962,1.590315660172962,2.529103898991364,6.979610595314526,137.45964941871432,-4.174218510511196,4.174218510511196,17.424100173494306
space0_time3,2020-12-29 07:00:00,66.0,-140.75,0,3,153.5395965576172,137.80957983769449,127.12356488852143,1.0840600635967368,0.04385652085925728,0.1053177323286597,0.14917425318791697,988.4089636430148,2558.3659505048354,3546.7749141478503,15.730016719922702,15.730016719922702,247.43342600904776,26.41603166909576,137.45964941871432,16.079947138902867,16.079947138902867,258.5646999899105
space0_time3,2020-12-29 08:00:00,60.25,-166.75,0,3,180.980712890625,136.9516078991937,127.94230331998024,1.0704169328316797,0.04947417496848406,0.11448538852871165,0.1639595634971957,1120.7455871546456,2816.2730932081295,3937.018680362775,44.029104991431296,44.029104991431296,1938.5620863464803,53.03840957064476,137.45964941871432,43.52106347191068,43.52106347191068,1894.082965726078
space0_time3,2020-12-29 08:00:00,64.25,-165.5,0,3,150.92616271972656,126.23089386468902,118.36089326327856,1.0664915613969277,0.0570735851905126,0.11455835031416747,0.1716319355046801,1111.111356678729,2431.0679351376007,3542.1792918163296,24.69526885503754,24.69526885503754,609.8563038225872,32.56526945644801,137.45964941871432,13.466513301012242,13.466513301012242,181.34698048633962
space0_time3,2020-12-29 08:00:00,68.5,-163.75,0,3,155.4996795654297,129.27022340743213,121.0945623223055,1.0675146838003036,0.03560469800141223,0.11456257829609887,0.1501672762975111,703.8425628839472,2442.496444947617,3146.3390078315642,26.22945615799756,26.22945615799756,687.9843703443162,34.40511724312418,137.45964941871432,18.040030146715367,18.040030146715367,325.44268769439924
space0_time3,2020-12-30 08:00:00,65.75,-167.5,0,3,143.73919677734375,130.00859188519334,122.06036661979424,1.0651171669028083,0.03896075531864957,0.1157129770882602,0.15467373240690976,783.8502722282484,2516.457404081267,3300.3076763095155,13.73060489215041,13.73060489215041,188.52951070434477,21.678830157549513,137.45964941871432,6.279547358629429,6.279547358629429,39.43271502926984
space0_time3,2020-12-31 08:00:00,63.25,-170.75,0,3,136.55223083496094,130.85566645176547,122.57916446515146,1.0675196475904107,0.05342869223960048,0.11672774249069647,0.17015643473029696,1114.0666155761412,2651.2737933337094,3765.3404089098503,5.696564383195465,5.696564383195465,32.45084577189113,13.973066369809473,137.45964941871432,-0.9074185837533832,0.9074185837533832,0.8234084861409958
space1_time0,2020-01-02 15:00:00,47.75,95.5,1,0,131.3253631591797,129.0727623535564,127.4037230645907,1.0131003965097591,0.012879596794108375,0.020380901157671327,0.033260497951779704,223.26266176211467,359.2230150984357,582.4856768605504,2.252600805623274,2.252600805623274,5.074210389494623,3.9216400945889944,137.00622535500582,-5.680862195826137,5.680862195826137,32.27219528796656
space1_time0,2020-01-02 15:00:00,56.0,98.0,1,0,141.77911376953125,135.54321269644583,129.38448114882758,1.0476002337601376,0.012541953208286676,0.014157377166714061,0.02669933037500074,238.14550876640436,272.43223164913564,510.57774041554,6.235901073085415,6.235901073085415,38.886462193307835,12.394632620703675,137.00622535500582,4.772888414525426,4.772888414525426,22.78046381751103
space1_time0,2020-01-02 16:00:00,31.75,91.5,1,0,149.6194305419922,125.24574494252421,125.24194987476402,1.0000303018897738,0.018225181905982945,0.033022248572339284,0.051247430478322226,303.6811720825504,564.5398421756854,868.2210142582358,24.373685599467976,24.373685599467976,594.0765497017126,24.37748066722817,137.00622535500582,12.613205186986363,12.613205186986363,159.0929450890197
space1_time0,2020-01-02 16:00:00,35.75,92.5,1,0,166.60679626464844,124.40243350121577,123.44244776595713,1.0077767879091217,0.016346303765352063,0.029871336942714394,0.04621764070806646,267.11838066467953,499.55833931675636,766.6767199814359,42.20436276343267,42.20436276343267,1781.208236267422,43.16434849869131,137.00622535500582,29.600570909642613,29.600570909642613,876.1937981767805
space1_time0,2020-01-02 16:00:00,39.75,93.5,1,0,165.30007934570312,133.21366074703957,131.2019205440417,1.015333161242274,0.021233248867904248,0.026543952850974557,0.04777720171887881,399.4682351409001,511.45882551350047,910.9270606544005,32.086418598663556,32.086418598663556,1029.5382584886627,34.09815880166141,137.00622535500582,28.2938539906973,28.2938539906973,800.5421736468976
space1_time0,2020-01-02 17:00:00,42.25,70.0,1,0,172.48703002929688,132.96073759488797,131.7985649259755,1.0088177945607009,0.020796265338589956,0.027004375283068604,0.04780064062165856,389.6865473293548,518.2619745814357,907.9485219107905,39.5262924344089,39.5262924344089,1562.3277936104103,40.68846510332136,137.00622535500582,35.48080467429105,35.48080467429105,1258.8875003351936
space1_time0,2020-01-02 17:00:00,46.5,71.0,1,0,134.5921630859375,132.53140758543734,130.1699836896042,1.0181410785259375,0.017577809975964125,0.024146520615099497,0.04172433059106362,324.7473358727672,455.5128936819581,780.2602295547254,2.0607555005001643,2.0607555005001643,4.246713232841683,4.422179396333291,137.00622535500582,-2.4140622690683244,2.4140622690683244,5.827696638939307
space1_time0,2020-01-02 17:00:00,50.5,72.0,1,0,166.60679626464844,132.2408718102613,130.71074465750536,1.01170620790789,0.011083821152492984,0.02142267691998602,0.032506498072479004,201.34801563274704,395.5454202216867,596.8934358544337,34.36592445438714,34.36592445438714,1181.0167636046442,35.89605160714308,137.00622535500582,29.600570909642613,29.600570909642613,876.1937981767805
space1_time0,2020-01-02 17:00:00,54.5,73.5,1,0,154.8463134765625,134.1868748265196,133.87445779954155,1.0023336567117673,0.013503720884004257,0.01862424041064433,0.03212796129464859,252.79129883922633,354.2963782029008,607.0876770421271,20.659438650042887,20.659438650042887,426.81240533488585,20.971855677020955,137.00622535500582,17.840088121556676,17.840088121556676,318.2687441849076
space1_time0,2020-01-03 16:00:00,29.75,88.75,1,0,155.4996795654297,122.256243325001,123.2734547784122,0.9917483333679611,0.0177181178126543,0.034634680570794496,0.05235279838344879,281.5459802651084,564.9723894960661,846.5183697611744,33.24343624042869,33.24343624042869,1105.1260530714478,32.226224787017486,137.00622535500582,18.493454210423863,18.493454210423863,342.0078486330441
space1_time0,2020-01-03 16:00:00,34.0,89.75,1,0,172.48703002929688,124.31320870209396,124.28398177644284,1.0002351624500065,0.016034513242355358,0.03152544305537355,0.04755995629772891,261.95811865541043,527.4461491902504,789.4042678456608,48.173821327202916,48.173821327202916,2320.7170612652703,48.20304825285403,137.00622535500582,35.48080467429105,35.48080467429105,1258.8875003351936
space1_time0,2020-01-03 16:00:00,38.0,90.75,1,0,165.30007934570312,126.21717869291588,124.98740530206047,1.0098391784986924,0.018632197933663018,0.02830841485982814,0.046940612793491154,314.0069692564322,488.41837371787875,802.425342974311,39.082900652787245,39.082900652787245,1527.4731234356377,40.31267404364266,137.00622535500582,28.2938539906973,28.2938539906973,800.5421736468976
space1_time0,2020-01-03 17:00:00,44.75,68.0,1,0,187.51431274414062,142.06209021105016,140.71044356292984,1.0096058729820991,0.01686834532533907,0.025289517666262053,0.042157862991601125,358.10128110129585,548.3209325224096,906.4222136237055,45.45222253309046,45.45222253309046,2065.9045331975763,46.803869181210786,137.00622535500582,50.5080873891348,50.5080873891348,2551.0668917084777
space1_time0,2020-01-03 17:00:00,48.5,69.25,1,0,162.68663024902344,133.86042361524062,131.78364871904287,1.0157589725006422,0.01366727285577063,0.022829793124667375,0.036497065980438004,255.74545244638267,435.0701822032794,690.8156346496621,28.826206633782817,28.826206633782817,830.9501888935445,30.902981529980565,137.00622535500582,25.680404894017613,25.680404894017613,659.4831955206838
space1_time0,2020-01-03 17:00:00,52.75,70.25,1,0,148.96607971191406,132.29685320586296,131.29064063546102,1.0076640083827133,0.014191017080674622,0.02007049390377203,0.03426151098444665,258.86737557666663,372.4476991503577,631.3150747270244,16.669226506051103,16.669226506051103,277.8631123100367,17.675439076453046,137.00622535500582,11.959854356908238,11.959854356908238,143.03811623845695
space1_time0,2020-01-04 16:00:00,28.0,86.0,1,0,127.40519714355469,133.61620702424736,133.39407284925403,1.0016652477148995,0.022738435538925815,0.03534469417375902,0.05808312971268483,435.1620225624824,696.3706762525242,1131.5326988150066,-6.2110098806926715,6.2110098806926715,38.576643738061996,-5.988875705699343,137.00622535500582,-9.601028211451137,9.601028211451137,92.17974271708061
space1_time0,2020-01-04 16:00:00,32.0,86.75,1,0,170.52696228027344,124.12210679846419,124.94736358960698,0.9933951644321733,0.015957890697581124,0.03327495343737301,0.04923284413495413,260.330549870492,556.3823056255151,816.712855496007,46.40485548180925,46.40485548180925,2153.410612287602,45.57959869066646,137.00622535500582,33.52073692526761,33.52073692526761,1123.6398040129995
space1_time0,2020-01-04 16:00:00,36.0,87.75,1,0,162.68663024902344,124.07328597288893,123.87713990155282,1.0015833919921941,0.014362818517405349,0.030223793374994493,0.04458661189239984,232.85337681055765,501.05626368579317,733.9096404963508,38.61334427613451,38.61334427613451,1490.99035618729,38.809490347470614,137.00622535500582,25.680404894017613,25.680404894017613,659.4831955206838
space1_time0,2020-01-04 17:00:00,47.0,66.25,1,0,145.69927978515625,135.58201259235884,134.487389183495,1.0081392271461997,0.013266904420403751,0.023768670915143054,0.03703557533554681,254.76640317906094,464.971853448152,719.7382566272129,10.117267192797414,10.117267192797414,102.35909545045486,11.211890601661253,137.00622535500582,8.693054430150426,8.693054430150426,75.56919532555794
space1_time0,2020-01-04 17:00:00,51.0,67.5,1,0,145.04591369628906,133.8987029705223,132.1704901047191,1.0130756333311157,0.01140648447475186,0.021272644008957575,0.032679128483709435,212.50842876431383,402.8541443598645,615.3625731241783,11.147210725766769,11.147210725766769,124.26030696464969,12.875423591569955,137.00622535500582,8.039688341283238,8.039688341283238,64.63658862496563
space1_time0,2020-01-04 17:00:00,55.0,68.5,1,0,150.27279663085938,128.71191466725548,128.1977496360682,1.0040107180714706,0.014741527258488147,0.018863231675313032,0.03360475893380118,254.43646732446135,331.095031014538,585.5314983389993,21.56088196360389,21.56088196360389,464.87163104845956,22.075046994791165,137.00622535500582,13.26657127585355,13.26657127585355,176.00191341730252
space1_time0,2020-01-04 19:00:00,49.5,42.75,1,0,143.08583068847656,138.29661377915903,134.67817332645654,1.0268673116313476,0.015851691440468683,0.01839613031599897,0.03424782175646765,316.24163084488794,373.3432512748684,689.5848821197563,4.789216909317531,4.789216909317531,22.936598604492964,8.407657362020018,137.00622535500582,6.079605333470738,6.079605333470738,36.96160101076585
space1_time0,2020-01-05 18:00:00,49.25,64.25,1,0,186.2075958251953,132.8836275480515,132.1165807918021,1.0058058326339685,0.013016386666011643,0.022300946086113868,0.03531733275212551,239.66303398128235,417.9351459435524,657.5981799248348,53.32396827714382,53.32396827714382,2843.4455928218404,54.091015033393205,137.00622535500582,49.20137047018949,49.20137047018949,2420.7748561448343
space1_time0,2020-01-05 18:00:00,53.25,65.5,1,0,162.68663024902344,130.84779215573792,129.67109060021764,1.0090745095924893,0.01409731945197267,0.0199525791046727,0.03404989855664537,251.49063213909272,362.0610127528683,613.551644891961,31.838838093285517,31.838838093285517,1013.7116111304489,33.0155396488058,137.00622535500582,25.680404894017613,25.680404894017613,659.4831955206838
space1_time0,2020-01-06 14:00:00,50.25,110.5,1,0,159.41983032226562,136.45845071939712,130.2579661624726,1.0476015766221203,0.010749222005881133,0.014016481926893556,0.02476570393277469,206.28600644365045,272.33974445886946,478.62575090251994,22.961379602868504,22.961379602868504,527.2249532670259,29.161864159793026,137.00622535500582,22.4136049672598,22.4136049672598,502.3696876283732
space1_time0,2020-01-06 16:00:00,51.5,87.0,1,0,162.0332794189453,129.3565026872564,126.90479424080145,1.0193192736422774,0.013042368131474137,0.017838192498769403,0.03088056063024354,226.55801688889733,314.68941486212685,541.2474317510241,32.6767767316889,32.6767767316889,1067.7717375726454,35.12848517814386,137.00622535500582,25.027054063939488,25.027054063939488,626.35343511935
space1_time0,2020-01-06 16:00:00,55.25,88.5,1,0,133.9387969970703,137.09761780018215,133.1442261775814,1.0296925502224028,0.013349157441126334,0.014655575379243103,0.028004732820369437,259.7633823945172,289.2069740458371,548.9703564403543,-3.158820803111837,3.158820803111837,9.978148866172111,0.7945708194889107,137.00622535500582,-3.067428357935512,3.067428357935512,9.409116731066952
space1_time0,2020-01-06 16:00:00,59.25,90.0,1,0,149.6194305419922,136.69861628595007,131.07062790041803,1.0429385933041226,0.01612772022571998,0.011731449709413522,0.0278591699351335,312.39717534222814,230.42687298082737,542.8240483230555,12.92081425604212,12.92081425604212,166.9474410391413,18.548802641574156,137.00622535500582,12.613205186986363,12.613205186986363,159.0929450890197
space1_time0,2020-01-06 18:00:00,51.5,62.5,1,0,168.56687927246094,133.7667192748412,132.07731789283767,1.0127910030954315,0.012008530464870592,0.020870892713448982,0.03287942317831957,223.39610492228334,394.7041629036796,618.100267825963,34.800159997619744,34.800159997619744,1211.0511358599333,36.48956137962327,137.00622535500582,31.560653917455113,31.560653917455113,996.0748756973748
space1_time0,2020-01-08 16:00:00,53.5,82.25,1,0,148.96607971191406,130.20892678030393,128.6369830847796,1.012219998151607,0.011345265300475551,0.016805582250848133,0.028150847551323684,198.97011669006594,298.9113615595924,497.88147824965836,18.757152931610136,18.757152931610136,351.8307860998107,20.329096627134476,137.00622535500582,11.959854356908238,11.959854356908238,143.03811623845695
space1_time0,2020-01-08 16:00:00,57.5,83.75,1,0,160.0731964111328,130.08310161827634,127.43591816318131,1.020772663572803,0.010854619053369218,0.01332034633517586,0.024174965388545078,189.1971499275365,234.99906053265227,424.19621046018875,29.990094792856468,29.990094792856468,899.4057856845166,32.6372782479515,137.00622535500582,23.066971056126988,23.066971056126988,532.0851537042003
space1_time0,2020-01-08 18:00:00,39.75,54.75,1,0,176.40719604492188,146.87451877740554,146.78050747421332,1.0006404890186709,0.015580712173141909,0.026939971697968627,0.042520683871110534,353.45523476514603,624.289797859218,977.7450326243641,29.532677267516334,29.532677267516334,872.1790265872761,29.626688570708552,137.00622535500582,39.40097068991605,39.40097068991605,1552.4364913076238
space1_time0,2020-01-08 18:00:00,43.75,55.5,1,0,149.6194305419922,137.92672090410804,136.78555749896438,1.0083427185297127,0.019185873130558022,0.024572661583159353,0.04375853471371738,384.99518810708656,504.00198073138705,888.9971688384736,11.69270963788415,11.69270963788415,136.71945867586888,12.833873043027808,137.00622535500582,12.613205186986363,12.613205186986363,159.0929450890197
space1_time0,2020-01-08 18:00:00,48.0,56.5,1,0,141.77911376953125,134.1607667084779,132.68935984701605,1.0110891096555015,0.01460124111150029,0.02213541269312897,0.03673665380462926,274.6438249071585,424.08211885531733,698.7259437624758,7.618347061053356,7.618347061053356,58.03921194266031,9.0897539225152,137.00622535500582,4.772888414525426,4.772888414525426,22.78046381751103
space1_time0,2020-01-08 18:00:00,52.0,57.75,1,0,161.37991333007812,133.09883017296522,132.08194855074169,1.0076988690232176,0.011333498445382473,0.020180085906755213,0.031513584352137684,208.38286476967582,376.9373372232001,585.3202019928759,28.281083157112903,28.281083157112903,799.8196645395351,29.29796477933644,137.00622535500582,24.3736879750723,24.3736879750723,594.0766655061841
space1_time0,2020-01-08 18:00:00,56.0,59.0,1,0,138.51231384277344,130.86550991575584,131.1041495836548,0.998179770292117,0.01119132857147822,0.018447416054581108,0.029638744626059327,198.5347008463638,332.1468860918547,530.6815869382185,7.646803927017601,7.646803927017601,58.4736102982518,7.408164259118649,137.00622535500582,1.506088487767613,1.506088487767613,2.2683025329861355
space1_time0,2020-01-09 18:00:00,42.0,52.5,1,0,149.6194305419922,151.9004877607769,151.0356505984636,1.0057260465253501,0.018120958632421715,0.02502012464088357,0.043141083273305285,440.5308208540347,621.5240685300004,1062.054889384035,-2.2810572187847242,2.2810572187847242,5.203222035369901,-1.416220056471417,137.00622535500582,12.613205186986363,12.613205186986363,159.0929450890197
space1_time0,2020-01-09 18:00:00,46.0,53.75,1,0,179.0206298828125,137.88976486716845,136.21109601746005,1.0123240242446414,0.015510268106801945,0.02274572499097717,0.03825599309777911,308.7948857109141,461.5967794048312,770.3916651157454,41.13086501564405,41.13086501564405,1691.7480569351314,42.80953386535245,137.00622535500582,42.014404527806676,42.014404527806676,1765.2101878261822
space1_time0,2020-01-09 18:00:00,50.25,54.75,1,0,169.22023010253906,129.72192310104234,128.38767616800465,1.0103923287098966,0.012903472909124799,0.020570435807053047,0.03347390871617785,225.98305289027735,366.3415350302467,592.324587920524,39.49830700149673,39.49830700149673,1560.1162559844854,40.83255393453442,137.00622535500582,32.21400474753324,32.21400474753324,1037.742101874094
space1_time0,2020-01-09 18:00:00,54.25,56.0,1,0,137.20559692382812,131.04797249280628,130.55192626166792,1.0037996086717567,0.014356390829165436,0.018882505262725294,0.03323889609189073,256.72167311934203,343.3186001500609,600.0402732694029,6.157624431021844,6.157624431021844,37.91633863351709,6.653670662160209,137.00622535500582,0.19937156882230056,0.19937156882230056,0.03974902245466533
space1_time0,2020-01-09 18:00:00,58.5,57.25,1,0,133.9387969970703,132.43305704129415,133.42442012572045,0.992569852778883,0.019552753278488454,0.01733811076809883,0.036890864046587285,359.3146892220516,324.5473713389646,683.8620605610162,1.5057399557761642,1.5057399557761642,2.2672528144208046,0.5143768713498673,137.00622535500582,-3.067428357935512,3.067428357935512,9.409116731066952
space1_time0,2020-01-11 15:00:00,29.25,93.25,1,0,137.8589630126953,130.4344113864645,131.64774620290387,0.9907834744503011,0.024173159992593965,0.03409800744603979,0.05827116743863375,441.2496229373253,640.8314396866739,1082.081062623999,7.424551626230823,7.424551626230823,55.12396685056676,6.211216809791438,137.00622535500582,0.8527376576894881,0.8527376576894881,0.7271615128417546
space1_time0,2020-01-11 15:00:00,33.25,94.25,1,0,141.77911376953125,121.21921162405951,121.56631968163062,0.9971447020977505,0.01683042912437948,0.030983134389372745,0.047813563513752225,261.6152604187843,493.2738165903588,754.8890770091432,20.55990214547174,20.55990214547174,422.70957623137343,20.212794087900633,137.00622535500582,4.772888414525426,4.772888414525426,22.78046381751103
space1_time0,2020-01-11 15:00:00,37.25,95.0,1,0,163.9933624267578,127.66520837105617,127.26937209174123,1.003110224186771,0.01773772261394942,0.027614424793405562,0.04535214740735498,305.20845053943316,486.06113374585203,791.2695842852852,36.328154055701646,36.328154055701646,1319.734777094792,36.72399033501658,137.00622535500582,26.987137071751988,26.987137071751988,728.3055673295305
space1_time0,2020-01-11 15:00:00,41.5,96.0,1,0,157.4597625732422,126.418306220944,125.2521853562615,1.0093101837813503,0.01899979444682191,0.023893204492141107,0.04289299893896302,319.98477509793474,411.12388354788504,731.1086586458198,31.041456352298184,31.041456352298184,963.5720124716332,32.20757721698068,137.00622535500582,20.453537218236363,20.453537218236363,418.3471847377801
space1_time0,2020-01-11 15:00:00,45.5,97.0,1,0,147.65936279296875,125.07467086747513,124.43450414164063,1.005144607842097,0.012560442460631182,0.020838422308820076,0.03339886476945126,204.4461509959132,344.90247417257245,549.3486251684857,22.584691925493615,22.584691925493615,510.06830936945653,23.22485865132812,137.00622535500582,10.653137437962926,10.653137437962926,113.48933727212729
space1_time0,2020-01-11 15:00:00,49.5,98.0,1,0,150.27279663085938,127.89588211838822,126.25704145106496,1.012980192221267,0.010704747206913464,0.017097088811564853,0.02780183601847832,181.0048880111558,293.14086348210145,474.14575149325725,22.37691451247116,22.37691451247116,500.72630309844243,24.01575517979441,137.00622535500582,13.26657127585355,13.26657127585355,176.00191341730252
space1_time0,2020-01-11 15:00:00,53.75,99.25,1,0,141.77911376953125,128.4358594745892,124.40093323306213,1.032434855082379,0.014155243470176453,0.013740391833281549,0.027895635303458004,241.81445298343746,238.02429057701994,479.8387435604574,13.343254294942057,13.343254294942057,178.04243517948964,17.378180536469117,137.00622535500582,4.772888414525426,4.772888414525426,22.78046381751103
space1_time0,2020-01-11 17:00:00,60.5,77.25,1,0,148.31271362304688,127.80722309482458,127.33072724281675,1.0037421906112198,0.012475950827451234,0.012768948017094817,0.025244898844546053,210.3100890659777,217.983472098831,428.2935611648087,20.505490528222296,20.505490528222296,420.4751418030143,20.981986380230126,137.00622535500582,11.30648826804105,11.30648826804105,127.83667695534992
space1_time0,2020-01-11 19:00:00,50.0,49.0,1,0,149.6194305419922,134.75628205071524,132.6580962742689,1.0158164924371322,0.015762664766866715,0.01925895074059892,0.03502161550746563,298.78905814843915,371.51361595383435,670.3026741022735,14.863148491276945,14.863148491276945,220.91318307374814,16.961334267723288,137.00622535500582,12.613205186986363,12.613205186986363,159.0929450890197
space1_time0,2020-01-14 16:00:00,32.0,86.5,1,0,154.19296264648438,120.95796541478346,122.6729977759656,0.9860194794920207,0.02262226283115225,0.03283269881134124,0.055454961642493486,353.8428273416061,527.9989675533084,881.8417948949145,33.234997231700916,33.234997231700916,1104.5650409911675,31.519964870518777,137.00622535500582,17.18673729147855,17.18673729147855,295.38393872629945
space1_time0,2020-01-14 16:00:00,36.0,87.5,1,0,139.16567993164062,121.82480257829134,122.7816458775697,0.9922069516788163,0.017252916756729943,0.029677055750383485,0.04692997250711343,270.68687429162094,476.67979914115057,747.3666734327714,17.340877353349285,17.340877353349285,300.7060273839021,16.384034054070924,137.00622535500582,2.1594545766348006,2.1594545766348006,4.663244068548986
space1_time0,2020-01-14 17:00:00,46.75,65.75,1,0,149.6194305419922,134.86484134234507,134.27498681280045,1.00439288465816,0.013806197104184343,0.023187643504741062,0.0369938406089254,262.3851237797385,448.9119274237311,711.2970512034696,14.754589199647114,14.754589199647114,217.69790245034326,15.344443729191738,137.00622535500582,12.613205186986363,12.613205186986363,159.0929450890197
space1_time0,2020-01-14 17:00:00,50.75,66.75,1,0,148.96607971191406,130.77797799058578,131.0483463750197,0.9979368806099983,0.011581862057081253,0.02063989732070514,0.032221759377786395,205.75895882825728,372.64049288762794,578.3994517158852,18.18810172132828,18.18810172132828,330.80704422538474,17.917733336894372,137.00622535500582,11.959854356908238,11.959854356908238,143.03811623845695
space1_time0,2020-01-14 17:00:00,55.0,68.0,1,0,142.43247985839844,128.4964819980963,129.8873013639246,0.9892921066861536,0.012853474636934566,0.018005088440245162,0.030858563077179726,220.29204268740878,313.3843124430589,533.6763551304676,13.935997860302137,13.935997860302137,194.21203636234574,12.545178494473845,137.00622535500582,5.426254503392613,5.426254503392613,29.444237935588614
space1_time0,2020-01-15 18:00:00,49.0,64.0,1,0,169.87359619140625,128.24844132313652,128.219514542974,1.0002256035695165,0.011353207505133326,0.02170680931231624,0.033060016817449564,194.11012970720694,377.32076010823425,571.4308898154412,41.62515486826973,41.62515486826973,1732.6535178074394,41.65408164843225,137.00622535500582,32.867370836400426,32.867370836400426,1080.2640656974652
space1_time0,2020-01-15 18:00:00,53.0,65.0,1,0,157.4597625732422,127.15098986735693,128.294988516408,0.991083060513274,0.009835260366223987,0.019357015641082893,0.02919227600730688,164.52838958720366,328.5772106570695,493.10560024427315,30.30877270588526,30.30877270588526,918.6217029370154,29.164774056834176,137.00622535500582,20.453537218236363,20.453537218236363,418.3471847377801
space1_time0,2020-01-16 18:00:00,51.25,62.0,1,0,147.00599670410156,131.09333903675812,131.4468083580852,0.9973109326446014,0.015036876405635441,0.02025662620064759,0.03529350260628303,269.7217458179268,369.8219347772127,639.5436805951394,15.912657667343439,15.912657667343439,253.21267403806394,15.559188346016356,137.00622535500582,9.999771349095738,9.999771349095738,99.995427034196
space1_time1,2020-01-18 16:00:00,53.25,81.75,1,1,122.17831420898438,149.28535109901486,138.8960314293169,1.0747992549735668,0.009490826313820255,0.015409185434562796,0.02490001174838305,217.87875644754345,358.179049147695,576.0578055952385,-27.107036890030486,27.107036890030486,734.7914489574737,-16.71771722033253,133.34061202137133,-11.162297812386953,11.162297812386953,124.59689245241856
space1_time1,2020-01-18 16:00:00,57.25,83.0,1,1,157.4597625732422,140.526694273494,132.29735622577317,1.0622033446660641,0.018552157948881428,0.010122620447745749,0.028674778396627177,380.539873490145,210.63035730054037,591.1702307906853,16.933068299748186,16.933068299748186,286.7288020439369,25.162406347469016,133.34061202137133,24.11915055187086,24.11915055187086,581.7334233438124
space1_time1,2020-01-18 18:00:00,39.5,54.25,1,1,197.31471252441406,121.11752115243407,144.2170935257005,0.839827777633378,0.03230530437927471,0.0296089291474815,0.06191423352675621,512.4018481836694,484.3965430146154,996.7983911982848,76.19719137198,76.19719137198,5806.011972978143,53.09761899871356,133.34061202137133,63.974100503042735,63.974100503042735,4092.6855351734125
space1_time1,2020-01-18 18:00:00,43.75,55.25,1,1,181.6340789794922,117.43859225287696,132.79928452175503,0.8843315133496692,0.028349671288445535,0.025925441219333288,0.05427511250777882,418.70840532679773,393.4351138539114,812.1435191807091,64.19548672661523,64.19548672661523,4121.060516067032,48.83479445773716,133.34061202137133,48.29346695812086,48.29346695812086,2332.258950835111
space1_time1,2020-01-18 18:00:00,47.75,56.25,1,1,162.68663024902344,130.57515025459568,136.91431469253513,0.953699768704426,0.022829551102732992,0.02263975320380321,0.0454693043065362,412.0332973035101,418.00358623415804,830.0368835376681,32.111479994427754,32.111479994427754,1031.1471474325338,25.77231555648831,133.34061202137133,29.34601822765211,29.34601822765211,861.1887858176899
space1_time1,2020-01-18 18:00:00,51.75,57.25,1,1,184.90087890625,144.40091721162707,140.38083939669232,1.0286369409971594,0.012089009344391645,0.019890611526834426,0.03197962087122607,261.84659413739496,437.7772136191998,699.6238077565947,40.499961694622925,40.499961694622925,1640.2468972659242,44.52003950955768,133.34061202137133,51.56026688487867,51.56026688487867,2658.4611212399163
space1_time1,2020-01-19 18:00:00,42.0,52.25,1,1,169.87359619140625,126.7810905971507,147.1025260616084,0.8618552923017326,0.0352565475117378,0.026745115048243236,0.06200166255998103,613.6971176407035,480.1895589861813,1093.8866766268848,43.092505594255556,43.092505594255556,1856.9640383909464,22.771070129797863,133.34061202137133,36.53298417003492,36.53298417003492,1334.6589323680223
space1_time1,2020-01-19 18:00:00,46.0,53.25,1,1,145.69927978515625,123.6715183158854,134.41936684067022,0.9200424107225227,0.022480248748365007,0.023405860832136707,0.04588610958050171,364.04850402262315,387.8355073773939,751.884011400017,22.027761469270857,22.027761469270857,485.2222753470938,11.279912944486028,133.34061202137133,12.358667763784922,12.358667763784922,152.73666889561662
space1_time1,2020-01-19 18:00:00,50.0,54.25,1,1,140.47239685058594,130.6237289676,134.79408697410003,0.9690612689316164,0.0206481519203406,0.02047589747925359,0.04112404939959419,370.91696194987446,375.46399703901216,746.3809589888866,9.84866788298595,9.84866788298595,96.99625906935896,5.678309876485912,133.34061202137133,7.1317848292146095,7.1317848292146095,50.86235485021566
space1_time1,2020-01-19 18:00:00,54.0,55.5,1,1,156.1530303955078,140.62410834141141,138.83705224179144,1.01287160790844,0.014928439137990725,0.01820458879599267,0.03313302793398339,307.446220576436,381.1819611882845,688.6281817647205,15.528922054096398,15.528922054096398,241.14742016220148,17.315978153716372,133.34061202137133,22.812418374136485,22.812418374136485,520.4064320766399
space1_time1,2020-01-19 18:00:00,58.25,56.5,1,1,136.55223083496094,136.02711429601672,134.71458807002904,1.0097430148047912,0.013090591956221713,0.01618288029065197,0.029273472246873683,251.0552166713542,314.93728378211455,565.9925004534688,0.5251165389442178,0.5251165389442178,0.27574737947275424,1.8376427649318998,133.34061202137133,3.2116188135896095,3.2116188135896095,10.31449540380273
space1_time1,2020-01-20 15:00:00,30.5,95.75,1,1,145.04591369628906,150.49969870082907,134.13248890174657,1.1220227100316589,0.029350191741966007,0.039329502784443596,0.0686796945264096,722.6005991181328,1002.1479414187841,1724.7485405369168,-5.453785004540009,5.453785004540009,29.74377087574547,10.913424794542493,133.34061202137133,11.705301674917735,11.705301674917735,137.01408730083193
space1_time1,2020-01-20 15:00:00,34.0,96.25,1,1,127.40519714355469,145.02608876727197,129.35901855207177,1.1211130881369022,0.02469535944748516,0.03475903228280003,0.05945439173028519,558.0869921330005,809.2363997538248,1367.3233918868254,-17.620891623717284,17.620891623717284,310.49582161479,-1.9538214085170864,133.34061202137133,-5.9354148778166405,5.9354148778166405,35.22914977180712
space1_time1,2020-01-20 15:00:00,37.5,97.0,1,1,103.88423919677734,142.88053414725104,128.29141543633932,1.1137185887402659,0.024224623196679586,0.02985281130631297,0.05407743450299256,528.3961216359127,669.0153768240252,1197.4114984599378,-38.9962949504737,38.9962949504737,1520.7110198643404,-24.407176239561977,133.34061202137133,-29.456372824593984,29.456372824593984,867.677899981479
space1_time1,2020-01-20 15:00:00,41.25,98.0,1,1,146.35263061523438,142.12385492578736,129.41585284972504,1.098195095857527,0.032564802337689956,0.024441070454844845,0.0570058727925348,707.8321528516398,546.6034277951115,1254.4355806467513,4.228775689447019,4.228775689447019,17.88254383165811,16.936777765509333,133.34061202137133,13.012018593863047,13.012018593863047,169.31262788703768
space1_time1,2020-01-20 15:00:00,45.25,99.25,1,1,137.20559692382812,145.62839393395947,133.02473265241525,1.0947467514516778,0.017052393716176936,0.019196160355013224,0.03624855407119016,378.20577876999874,433.54068335337223,811.746462123371,-8.422797010131347,8.422797010131347,70.94350947387757,4.180864271412872,133.34061202137133,3.864984902456797,3.864984902456797,14.938108296218976
space1_time1,2020-01-20 15:00:00,49.0,100.75,1,1,120.2182388305664,146.0765912204098,133.73214998651667,1.0923072068693858,0.015453658300226027,0.0138051345254246,0.029258792825650626,342.1838669423281,310.1854776106747,652.3693445530027,-25.85835238984339,25.85835238984339,668.6543883173193,-13.513911155950268,133.34061202137133,-13.122373190804922,13.122373190804922,172.19667815875573
space1_time1,2020-01-20 15:00:00,55.25,101.5,1,1,145.69927978515625,141.84834536555488,133.9886998035659,1.0586590180628044,0.009300771766021369,0.009307445423074994,0.018608217189096363,191.54471954078636,193.47391519978262,385.018634740569,3.850934419601373,3.850934419601373,14.829695904070562,11.710579981590342,133.34061202137133,12.358667763784922,12.358667763784922,152.73666889561662
space1_time1,2020-01-20 17:00:00,53.75,77.0,1,1,135.24551391601562,144.28656391741654,136.8733112835651,1.054161418061211,0.011573763352793275,0.016307666360815938,0.027881429713609213,249.20156545766244,356.06128068659046,605.2628461442529,-9.041050001400919,9.041050001400919,81.74058512783155,-1.6277973675494763,133.34061202137133,1.904901894644297,1.904901894644297,3.6286512282194328
space1_time1,2020-01-20 17:00:00,58.0,78.25,1,1,95.39055633544922,143.1521180065107,138.00514404790147,1.0372955225264846,0.008560996893925464,0.01127137983085531,0.019832376724780776,179.7187173438643,238.97560769584655,418.69432503971086,-47.761561671061486,47.761561671061486,2281.1667732586097,-42.61458771245225,133.34061202137133,-37.95005568592211,37.95005568592211,1440.206726564589
space1_time1,2020-01-20 18:00:00,48.25,51.5,1,1,165.30007934570312,134.20804423110422,138.29967897767347,0.9704147198546299,0.019385765207471477,0.020926492847739085,0.04031225805521056,367.08260135457874,404.32642061253034,771.4090219671091,31.0920351145989,31.0920351145989,966.714647567451,27.00040036802966,133.34061202137133,31.959467324331797,31.959467324331797,1021.4075516550319
space1_time1,2020-01-20 18:00:00,52.25,52.5,1,1,165.30007934570312,139.0947866772032,136.9797800480648,1.0154402834374259,0.01297836329909857,0.01844616411359835,0.03142452741269692,260.80168635682867,376.55064428889284,637.3523306457215,26.205292668499936,26.205292668499936,686.7173638417365,28.320299297638314,133.34061202137133,31.959467324331797,31.959467324331797,1021.4075516550319
space1_time1,2020-01-20 18:00:00,60.5,54.75,1,1,126.75183868408203,135.4589529553517,137.3606323082854,0.9861555722263585,0.01595853163886195,0.015153777827944661,0.031112309466806612,304.5020505729466,293.6795509358156,598.1816015087622,-8.70711427126966,8.70711427126966,75.81383893294777,-10.608793624203372,133.34061202137133,-6.588773337289297,6.588773337289297,43.411934090174334
space1_time1,2020-01-21 15:00:00,29.0,93.0,1,1,147.65936279296875,150.12429919262686,134.17597485060057,1.1188612518730283,0.030951038363995927,0.041645622513214284,0.07259666087721021,761.8049781886396,1062.9581216725092,1824.7630998611487,-2.4649363996581144,2.4649363996581144,6.075911454359508,13.483387942368182,133.34061202137133,14.318750771597422,14.318750771597422,205.02662365912178
space1_time1,2020-01-21 15:00:00,33.0,93.75,1,1,170.52696228027344,143.39666076902185,127.99722580187553,1.1203106932253581,0.022294974124761363,0.03666056962171728,0.05895554374647864,491.74437764458787,832.8158811856995,1324.5602588302872,27.130301511251588,27.130301511251588,736.0532600914202,42.52973647839791,133.34061202137133,37.18635025890211,37.18635025890211,1382.824645577749
space1_time1,2020-01-21 15:00:00,37.25,94.75,1,1,163.9933624267578,142.74592966994527,128.25931382142542,1.1129478664503805,0.026759936087700262,0.030857789372712708,0.057617725460412966,585.4090111999391,694.7922161110678,1280.2012273110067,21.247432756812543,21.247432756812543,451.45339875527065,35.73404860533239,133.34061202137133,30.652750405386485,30.652750405386485,939.5911074149213
space1_time1,2020-01-21 15:00:00,41.25,95.75,1,1,151.5795135498047,145.84588600677137,131.54144108181433,1.1087447788872875,0.022654752025643602,0.025192633174691812,0.047847385200335414,511.2769793085204,582.3212168494939,1093.5981961580144,5.733627543033322,5.733627543033322,32.87448480223033,20.03807246799036,133.34061202137133,18.23890152843336,18.23890152843336,332.65752896388875
space1_time1,2020-01-21 15:00:00,45.25,96.5,1,1,135.24551391601562,146.5528489156647,134.3671012402295,1.0906899647529704,0.017800274362022087,0.02057502314859623,0.038375297510618314,400.8228031492645,472.2816522926645,873.104455441929,-11.307334999649072,11.307334999649072,127.85582479428888,0.8784126757861372,133.34061202137133,1.904901894644297,1.904901894644297,3.6286512282194328
space1_time1,2020-01-21 15:00:00,49.5,97.5,1,1,126.09848022460938,149.03093009627972,138.28728186765795,1.077690790385941,0.00767324789972763,0.014986309117225309,0.02265955701695294,175.00089249441632,345.68392121760985,520.6848137120262,-22.932449871670343,22.932449871670343,525.8972571166731,-12.188801643048578,133.34061202137133,-7.242131796761953,7.242131796761953,52.44847296167051
space1_time1,2020-01-21 15:00:00,53.5,98.75,1,1,137.8589630126953,147.0180273289905,138.10001154062633,1.0645765028465668,0.006970184584007644,0.011179973370428488,0.01815015795443613,153.9509632017613,249.1847956371524,403.1357588389137,-9.1590643162952,9.1590643162952,83.88845915003208,-0.24104852793101372,133.34061202137133,4.5183509913239845,4.5183509913239845,20.415495680798433
space1_time1,2020-01-21 15:00:00,57.5,99.75,1,1,114.9913558959961,134.21970137353992,129.5670288779386,1.035909386329947,0.017322209711821947,0.008974114341736053,0.026296324053558,323.1640756875488,169.6358288627669,492.7999045503157,-19.228345477543826,19.228345477543826,369.7292698037801,-14.575672981942517,133.34061202137133,-18.349256125375234,18.349256125375234,336.69520035462057
space1_time1,2020-01-21 18:00:00,50.5,49.5,1,1,123.48503875732422,135.19362271773335,137.5821635650947,0.982639167858185,0.015468974940154333,0.018621656316286192,0.034090631256440525,294.81032924735615,360.9974201548055,655.8077494021617,-11.708583960409129,11.708583960409129,137.09093835794994,-14.097124807770484,133.34061202137133,-9.85557326404711,9.85557326404711,97.1323243630002
space1_time1,2020-01-22 17:00:00,44.5,68.75,1,1,125.44511413574219,144.467600618776,138.1443336633765,1.0457729013396073,0.01970512632284107,0.026965471158926835,0.046670597481767905,435.1859505383893,609.598905954873,1044.7848564932624,-19.022486483033816,19.022486483033816,361.85499199720425,-12.699219527634312,133.34061202137133,-7.8954978856291405,7.8954978856291405,62.338886861974224
space1_time1,2020-01-22 17:00:00,48.25,70.0,1,1,140.47239685058594,144.62229333089573,135.5899236885302,1.0666153457178293,0.015702814561199045,0.023423959764292852,0.0391267743254919,344.23483519300987,523.6479000531878,867.8827352461976,-4.149896480309792,4.149896480309792,17.2216407972876,4.882473162055732,133.34061202137133,7.1317848292146095,7.1317848292146095,50.86235485021566
space1_time1,2020-01-22 17:00:00,54.25,72.25,1,1,135.24551391601562,142.12131488567846,136.68126595820567,1.0398009843509661,0.01181820368363668,0.017297777910615403,0.029115981594252084,247.22001717615163,367.15362504266204,614.3736422188136,-6.8758009696628335,6.8758009696628335,47.276638974416365,-1.435752042190046,133.34061202137133,1.904901894644297,1.904901894644297,3.6286512282194328
space1_time1,2020-01-24 16:00:00,31.75,86.25,1,1,148.31271362304688,138.11648755091767,122.73606208600123,1.1253130107281706,0.03228776540840272,0.039025373512253825,0.07131313892065655,672.2487541337588,842.040985825982,1514.289739959741,10.196226072129207,10.196226072129207,103.96302611396739,25.57665153704565,133.34061202137133,14.972101601675547,14.972101601675547,224.1638263708955
space1_time1,2020-01-24 16:00:00,36.0,87.0,1,1,178.36727905273438,136.05365353594192,121.7331197184718,1.117638764623701,0.026685939224940024,0.034441029443415795,0.06112696866835582,532.1789345663924,708.1633419098472,1240.3422764762395,42.313625516792456,42.313625516792456,1790.4429043753496,56.63415933426258,133.34061202137133,45.02666703136305,45.02666703136305,2027.4007439532359
space1_time1,2020-01-24 17:00:00,49.0,64.75,1,1,130.6719970703125,146.33380235937145,137.3446698918996,1.0654494453592334,0.014743213102561247,0.02295267055502278,0.03769588365758403,330.261503471149,523.9504176176574,854.2119210888064,-15.661805289058947,15.661805289058947,245.2921449123948,-6.672672821587099,133.34061202137133,-2.668614951058828,2.668614951058828,7.1215057570147104
space1_time1,2020-01-24 17:00:00,52.75,65.5,1,1,137.20559692382812,143.1787985498101,138.59594059550776,1.0330663216729947,0.008626237861897488,0.019954376045372275,0.028580613907269764,182.75352821542208,428.8392752175013,611.5928034329233,-5.973201625981972,5.973201625981972,35.67913766463367,-1.3903436716796307,133.34061202137133,3.864984902456797,3.864984902456797,14.938108296218976
space1_time1,2020-01-25 18:00:00,48.75,63.25,1,1,150.92616271972656,135.07383282394645,132.8752688200078,1.0165460737988554,0.014860080441634685,0.02318792652465594,0.038048006966290626,283.7386304711272,451.2601431100986,734.9987735812258,15.852329895780116,15.852329895780116,251.29636312464402,18.050893899718773,133.34061202137133,17.585550698355235,17.585550698355235,309.25159336442226
space1_time1,2020-01-25 18:00:00,53.0,64.5,1,1,156.806396484375,138.60006261347215,135.0260789106744,1.0264688401798443,0.011503273952106293,0.019934515017561508,0.0314377889696678,229.35165197580324,403.7546245523302,633.1062765281334,18.206333870902853,18.206333870902853,331.4705930187845,21.780317573700586,133.34061202137133,23.465784463003672,23.465784463003672,550.6430404641445
space1_time1,2020-01-26 14:00:00,50.0,109.5,1,1,143.08583068847656,141.60451166222165,134.76121034355666,1.050780942833764,0.012074715779789632,0.009660102797987942,0.021734818577777572,248.94020307449378,201.33467443235338,450.27487750684713,1.4813190262549085,1.4813190262549085,2.1943060575447904,8.324620344919907,133.34061202137133,9.745218667105235,9.745218667105235,94.96928686969632
space1_time1,2020-01-26 16:00:00,52.75,86.0,1,1,154.8463134765625,137.06320690133725,132.23069887252214,1.0365460371155866,0.009626335372014802,0.015654951480623774,0.025281286852638578,186.3692674572878,306.9428743878649,493.3121418451527,17.783106575225247,17.783106575225247,316.2388794658194,22.61561460404036,133.34061202137133,21.505701455191172,21.505701455191172,462.4951950798117
space1_time1,2020-01-26 16:00:00,56.75,87.25,1,1,135.8988800048828,135.6300615323983,136.15730919192936,0.9961276580547882,0.0079084444539763,0.011472898216883298,0.0193813426708596,148.91506144883112,218.13761089321315,367.0526723420443,0.26881847248452573,0.26881847248452573,0.07226337114891372,-0.25842918704654494,133.34061202137133,2.5582679835114845,2.5582679835114845,6.544735075459918
space1_time1,2020-01-29 15:00:00,28.5,97.25,1,1,77.74983978271484,148.2749242375046,134.98698305685338,1.0984386855661088,0.03210012430791285,0.04177623551810403,0.07387635982601687,772.1742777215809,1042.7805017174367,1814.9547794390176,-70.52508445478975,70.52508445478975,4973.787537355227,-57.23714327413853,133.34061202137133,-55.590772238656484,55.590772238656484,3090.3339580901807
space1_time1,2020-01-29 15:00:00,32.5,98.25,1,1,128.7119140625,143.18974298629718,130.5551905872527,1.096775565507681,0.023612958873985762,0.03668756982616195,0.06030052870014771,520.3553153099228,833.2530067811541,1353.6083220910768,-14.477828923797176,14.477828923797176,209.60753034673812,-1.8432765247526959,133.34061202137133,-4.628697958871328,4.628697958871328,21.4248447944596
space1_time1,2020-01-29 18:00:00,45.75,52.75,1,1,147.00599670410156,116.75952267525253,132.31949616405066,0.8824060403804227,0.04396748612256771,0.02402930883944015,0.06799679496200786,655.8874014115848,370.8341463509866,1026.7215477625714,30.246474028849036,30.246474028849036,914.8491911778392,14.6865005400509,133.34061202137133,13.665384682730235,13.665384682730235,186.74273852699812
space1_time1,2020-01-29 18:00:00,50.0,53.75,1,1,147.00599670410156,129.4525996695651,135.95655062678844,0.9521615477353705,0.016319510528778145,0.021073248032592456,0.0373927585613706,286.2310253162903,376.58585832659116,662.8168836428815,17.55339703453646,17.55339703453646,308.12174745207335,11.049446077313121,133.34061202137133,13.665384682730235,13.665384682730235,186.74273852699812
space1_time1,2020-01-29 18:00:00,53.75,54.75,1,1,150.27279663085938,131.42807497884343,133.91447664315663,0.9814329135531868,0.014502335289747507,0.019050439370546218,0.03355277466029372,260.9389846646746,348.57374855883546,609.51273322351,18.84472165201595,18.84472165201595,355.1235341419587,16.358319987702743,133.34061202137133,16.932184609488047,16.932184609488047,286.6988756497839
space1_time1,2020-01-29 18:00:00,58.0,55.75,1,1,128.05856323242188,130.31168797831626,133.14899964513992,0.9786907023380915,0.0120642759563672,0.017135426487550353,0.029199702443917553,212.21282710030118,305.8500817714728,518.062908871774,-2.2531247458943824,2.2531247458943824,5.076571120561625,-5.090436412718049,133.34061202137133,-5.282048788949453,5.282048788949453,27.90003940884238
space1_time1,2020-01-30 15:00:00,30.75,95.5,1,1,129.3652801513672,147.50193166864148,134.07200546353172,1.100169503384976,0.0288529465686028,0.03949103645622662,0.06834398302482941,681.9419450177863,965.8498751734603,1647.7918201912466,-18.136651517274288,18.136651517274288,328.93812825904774,-4.7067253121645365,133.34061202137133,-3.9753318700041405,3.9753318700041405,15.803263476670617
space1_time1,2020-01-30 15:00:00,34.75,96.25,1,1,147.65936279296875,139.1958779417227,128.00589919748506,1.0874176800787436,0.02579836468727763,0.03429129826168001,0.06008966294895764,537.7192981188042,736.5545427088462,1274.2738408276505,8.46348485124605,8.46348485124605,71.63057582727139,19.653463595483686,133.34061202137133,14.318750771597422,14.318750771597422,205.02662365912178
space1_time1,2020-01-30 15:00:00,38.75,97.0,1,1,161.37991333007812,135.7828196722404,125.92965855671599,1.0782433719621873,0.023591538233627928,0.028790781907013972,0.0523823201406419,463.797246872346,581.0385823765736,1044.8358292489197,25.597093657837718,25.597093657837718,655.211203728116,35.45025477336213,133.34061202137133,28.039301308706797,28.039301308706797,786.2024178804467
space1_time1,2020-01-30 15:00:00,42.75,98.0,1,1,152.23287963867188,138.17357243853928,131.13255019913112,1.05369393204598,0.032094446784283755,0.024130879878430305,0.056225326662714056,658.6975917896551,509.36653836481133,1168.0641301544665,14.059307200132594,14.059307200132594,197.6641189477002,21.100329439540758,133.34061202137133,18.892267617300547,18.892267617300547,356.9177757237029
space1_time1,2020-01-30 15:00:00,46.75,99.0,1,1,147.65936279296875,132.6250627781316,127.33376378003608,1.0415545636995072,0.0265949138095898,0.018370404739092076,0.044965318548681875,495.8676689215424,350.3025778646268,846.1702467861692,15.034300014837157,15.034300014837157,226.03017693613253,20.32559901293267,133.34061202137133,14.318750771597422,14.318750771597422,205.02662365912178
space1_time1,2020-01-30 15:00:00,51.0,99.75,1,1,149.6194305419922,136.4236639859721,134.2065077165422,1.0165204825544882,0.01080966086556545,0.01353463366954391,0.024344294535109362,207.2590403437561,262.68508604679033,469.94412639054644,13.19576655602009,13.19576655602009,174.1282550009783,15.412922825449982,133.34061202137133,16.27881852062086,16.27881852062086,264.9999324273087
space1_time1,2020-01-30 15:00:00,55.25,101.0,1,1,120.87159729003906,132.01937454515107,134.74437435014303,0.9797765226330649,0.006796179074910584,0.010352555529488518,0.017148734604399102,120.91059649027466,185.7684778696271,306.67907435990173,-11.147777255112004,11.147777255112004,124.27293772959253,-13.87277706010397,133.34061202137133,-12.469014731332265,12.469014731332265,155.47632837018105
space1_time1,2020-01-30 18:00:00,50.0,52.5,1,1,124.79175567626953,126.6776353608765,133.50486004604713,0.9488616018711538,0.02453564574725657,0.02084005098431169,0.04537569673156826,417.1022613900453,362.4048506734613,779.5071120635066,-1.8858796846069623,1.8858796846069623,3.5565421848132557,-8.713104369777597,133.34061202137133,-8.548856345101797,8.548856345101797,73.08294480918725
space1_time1,2020-01-30 18:00:00,60.5,54.25,1,1,135.8988800048828,121.19203562260762,127.373298348461,0.9514712831810087,0.02476517721400816,0.016184451292425215,0.040949628506433376,383.6741912568808,255.92037694380474,639.5945682006856,14.706844382275193,14.706844382275193,216.29127168445942,8.525581656421807,133.34061202137133,2.5582679835114845,2.5582679835114845,6.544735075459918
space1_time1,2020-02-07 16:00:00,53.0,80.5,1,1,143.08583068847656,131.09690399958973,135.89965451638272,0.9646595825877248,0.014569346063725067,0.0184777851337197,0.03304713119744476,260.702173041662,336.14986046181275,596.8520335034748,11.988926688886835,11.988926688886835,143.73436315150303,7.1861761720938375,133.34061202137133,9.745218667105235,9.745218667105235,94.96928686969632
space1_time1,2020-02-07 16:00:00,57.25,81.5,1,1,145.69927978515625,125.71817134611463,133.65604535055473,0.9406096897179577,0.013853374943632767,0.01480014932296627,0.028653524266599038,226.8858762312163,245.8897893027673,472.77566553398356,19.98110843904162,19.98110843904162,399.24469445274025,12.043234434601516,133.34061202137133,12.358667763784922,12.358667763784922,152.73666889561662
space1_time1,2020-02-07 18:00:00,39.25,53.25,1,1,172.48703002929688,118.6150292516827,145.31546106010308,0.8162588370594852,0.07122007618453531,0.030330334697253745,0.10155041088178905,1149.5865740171398,514.9827803027102,1664.56935431985,53.872000777614176,53.872000777614176,2902.192467783262,27.1715689691938,133.34061202137133,39.14641800792555,39.14641800792555,1532.4420428512376
space1_time1,2020-02-07 18:00:00,43.25,54.25,1,1,126.75183868408203,117.01868442168313,135.78140910197646,0.8618166890122502,0.07054876403752265,0.027261132603780477,0.09780989664130313,1103.793063208658,447.8212345304038,1551.6142977390618,9.733154262398898,9.733154262398898,94.73429189565384,-9.029570417894433,133.34061202137133,-6.588773337289297,6.588773337289297,43.411934090174334
space1_time1,2020-02-09 15:00:00,30.25,95.0,1,1,176.40719604492188,141.9815761251507,131.0084839528695,1.0837586379232416,0.03225019949843242,0.040835693517743285,0.07308589301617571,710.8190425824155,933.573119258471,1644.3921618408865,34.42561991977118,34.42561991977118,1185.1233068605463,45.398712092052364,133.34061202137133,43.06658402355055,43.06658402355055,1854.7306594575393
space1_time1,2020-02-09 15:00:00,34.5,95.75,1,1,184.90087890625,136.58620154329066,128.15979913042048,1.065749185548388,0.022992678905398647,0.0355259264392046,0.05851860534460325,460.06574677265655,731.9748563475843,1192.0406031202408,48.314677362959344,48.314677362959344,2334.308048686856,56.74107977582952,133.34061202137133,51.56026688487867,51.56026688487867,2658.4611212399163
space1_time1,2020-02-09 15:00:00,38.5,96.75,1,1,156.1530303955078,130.3368395743446,124.87258854930847,1.0437586109851356,0.022709086546132656,0.030153997643878227,0.05286308419001089,411.37010780284606,560.8725121413127,972.2426199441587,25.816190821163218,25.816190821163218,666.475708514712,31.280441846199338,133.34061202137133,22.812418374136485,22.812418374136485,520.4064320766399
space1_time1,2020-02-09 15:00:00,42.5,97.5,1,1,131.9787139892578,138.08448187496813,135.9643108987154,1.0155935845387551,0.02725786317650704,0.024812651609033436,0.05207051478554048,555.0446340789931,518.5778270454472,1073.6224611244402,-6.105767885710321,6.105767885710321,37.280401474171484,-3.9855969094575983,133.34061202137133,-1.3618980321135155,1.3618980321135155,1.854766249874666
space1_time1,2020-02-09 15:00:00,46.75,98.5,1,1,127.40519714355469,127.08010817702375,128.7084843519855,0.9873483385096158,0.019289720127290386,0.019891986838993306,0.03918170696628369,327.1093214249379,343.9963095079317,671.1056309328696,0.32508896653094155,0.32508896653094155,0.10568283616015563,-1.3032872084308167,133.34061202137133,-5.9354148778166405,5.9354148778166405,35.22914977180712
space1_time1,2020-02-09 15:00:00,50.75,99.25,1,1,104.53759765625,125.34465401019793,132.28035536457713,0.94756816811337,0.013808568769526837,0.015187075420968784,0.02899564419049562,224.88210106829342,250.94434895694002,475.82645002523344,-20.807056353947928,20.807056353947928,432.9335941163649,-27.742757708327133,133.34061202137133,-28.803014365121328,28.803014365121328,829.6136365173855
space1_time1,2020-02-09 15:00:00,55.0,100.25,1,1,140.47239685058594,121.21543431438498,134.30430646646016,0.9025431685964301,0.020925306251605966,0.011468701571779275,0.03239400782338524,320.928289532701,178.76362664883993,499.69191618154093,19.25696253620096,19.25696253620096,370.83060612064725,6.168090384125776,133.34061202137133,7.1317848292146095,7.1317848292146095,50.86235485021566
space1_time1,2020-02-09 17:00:00,57.75,76.75,1,1,126.75183868408203,124.77067839136343,134.45513725185197,0.9279725635001338,0.010703196987928452,0.0162781038966422,0.026981300884570653,172.1007108240738,265.2983803426163,437.39909116669014,1.9811602927185987,1.9811602927185987,3.9249961054448437,-7.703298567769934,133.34061202137133,-6.588773337289297,6.588773337289297,43.411934090174334
space1_time1,2020-02-09 18:00:00,47.75,50.25,1,1,145.04591369628906,119.10664820700796,132.52967275896955,0.8987168362184528,0.030329762622824108,0.022798491616390394,0.0531282542392145,460.6987094988585,355.6178174455689,816.3165269444273,25.939265489281098,25.939265489281098,672.8454941234094,12.516240937319509,133.34061202137133,11.705301674917735,11.705301674917735,137.01408730083193
space1_time1,2020-02-09 18:00:00,60.5,53.25,1,1,155.4996795654297,115.8973547199085,125.54836562529184,0.9231291394570007,0.024652808847164046,0.0176080989002542,0.042260907747418246,349.72881929276707,255.12260132003988,604.8514206128069,39.60232484552118,39.60232484552118,1568.3441331701843,29.95131394013785,133.34061202137133,22.15906754405836,22.15906754405836,491.0242744221406
space1_time1,2020-02-10 15:00:00,28.5,92.25,1,1,156.1530303955078,138.99287741767546,127.49467176865278,1.0901857739583578,0.03291002507912077,0.043298478709609345,0.07620850378873012,697.5513076105522,953.4180587850285,1650.9693663955807,17.160152977832354,17.160152977832354,294.4708502226086,28.658358626855033,133.34061202137133,22.812418374136485,22.812418374136485,520.4064320766399
space1_time1,2020-02-10 15:00:00,32.5,93.0,1,1,163.33999633789062,135.78781687830227,126.75512321991853,1.0712609749328406,0.027059049336627873,0.03863876258704274,0.06569781192367061,540.0766374290224,796.9772618280957,1337.0538992571182,27.55217945958836,27.55217945958836,759.1225929733627,36.584873117972094,133.34061202137133,29.999384316519297,29.999384316519297,899.963059370224
space1_time1,2020-02-10 15:00:00,36.75,93.75,1,1,170.52696228027344,134.08689900383595,127.31719838404845,1.0531719257548136,0.03219262459115903,0.03323902282883001,0.06543164741998904,627.9932501098314,669.9715778786499,1297.9648279884814,36.440063276437485,36.440063276437485,1327.8782115907677,43.209763896224985,133.34061202137133,37.18635025890211,37.18635025890211,1382.824645577749
space1_time1,2020-02-10 15:00:00,40.75,94.75,1,1,134.5921630859375,138.14351904734377,133.83347046318124,1.0322045641441264,0.03377726032955173,0.02791822596978527,0.061695486299337,697.3242112860489,594.4134186952887,1291.7376299813377,-3.551355961406273,3.551355961406273,12.612129164615872,0.7586926227562572,133.34061202137133,1.251551064566172,1.251551064566172,1.5663800672167185
space1_time1,2020-02-10 15:00:00,45.0,95.5,1,1,151.5795135498047,130.49170629006036,130.7222199936701,0.9982366142219669,0.022611847848749603,0.02249079836648304,0.04510264621523265,407.38877387592686,414.44956794973797,821.8383418256649,21.087807259744324,21.087807259744324,444.6956150241254,20.85729355613458,133.34061202137133,18.23890152843336,18.23890152843336,332.65752896388875
space1_time1,2020-02-10 15:00:00,49.0,96.5,1,1,127.40519714355469,125.66660477122761,131.0741140614967,0.9587446436011613,0.016973633984703553,0.01823078605287817,0.03520442003758172,280.0236245137166,306.1051086576681,586.1287331713847,1.7385923723270764,1.7385923723270764,3.0227034371138917,-3.668916917941999,133.34061202137133,-5.9354148778166405,5.9354148778166405,35.22914977180712
space1_time1,2020-02-10 15:00:00,57.25,98.25,1,1,132.632080078125,117.09764735306373,132.7333396574596,0.8822022233091821,0.011450336109471918,0.011027764123442,0.022478100232913918,161.49737607111865,157.29524324376015,318.79261931487883,15.534432725061265,15.534432725061265,241.31860008945435,-0.10125957933459517,133.34061202137133,-0.708531943246328,0.708531943246328,0.5020175146004177
space1_time1,2020-02-11 17:00:00,41.5,68.25,1,1,152.88623046875,120.03228650952353,139.2194210271211,0.8621806183645903,0.031790394633920895,0.030900427996322394,0.06269082263024328,495.4956429340746,496.9589829007354,992.45462583481,32.85394395922647,32.85394395922647,1079.3816336759935,13.666809441628914,133.34061202137133,19.545618447378672,19.545618447378672,382.03120049050943
space1_time1,2020-02-11 17:00:00,45.5,69.0,1,1,145.04591369628906,132.93830921906047,130.71306276417826,1.0170239026446564,0.024261561648486397,0.027479218930389036,0.051740780578875434,457.0553234122627,531.2424664743369,988.2977898865995,12.107604477228591,12.107604477228591,146.59408617700583,14.332850932110802,133.34061202137133,11.705301674917735,11.705301674917735,137.01408730083193
space1_time1,2020-02-11 17:00:00,49.75,69.75,1,1,150.27279663085938,126.6480790817782,128.53664023482543,0.9853072155177153,0.018839454217410317,0.023908379573964383,0.0427478337913747,318.36699452328537,412.7588158862764,731.1258104095618,23.62471754908117,23.62471754908117,558.1272792738637,21.736156396033948,133.34061202137133,16.932184609488047,16.932184609488047,286.6988756497839
space1_time1,2020-02-12 16:00:00,29.25,87.25,1,1,163.9933624267578,122.938878330329,132.71537340982005,0.9263348711735034,0.03631683003865676,0.042048227152384376,0.07836505719104114,604.5467683089038,727.9382550704471,1332.4850233793509,41.05448409642881,41.05448409642881,1685.4706644239259,31.277989016937767,133.34061202137133,30.652750405386485,30.652750405386485,939.5911074149213
space1_time1,2020-02-12 16:00:00,33.0,88.25,1,1,146.35263061523438,132.79499671315426,124.26106837623907,1.0686774099758745,0.027302624849727272,0.038330065975174805,0.06563269082490208,521.2114177491462,756.1607667003742,1277.3721844495203,13.557633902080113,13.557633902080113,183.80943702283201,22.09156223899531,133.34061202137133,13.012018593863047,13.012018593863047,169.31262788703768
space1_time1,2020-02-14 14:00:00,51.25,111.0,1,1,143.08583068847656,122.47131880660004,136.58702600023693,0.896654114179099,0.007689035540903931,0.011815567312538265,0.019504602853442195,118.05438452933583,183.1899562161771,301.24434074551294,20.614511881876524,20.614511881876524,424.9581001280284,6.49880468823963,133.34061202137133,9.745218667105235,9.745218667105235,94.96928686969632
space1_time1,2020-02-14 16:00:00,33.25,83.25,1,1,150.92616271972656,128.98459142440225,124.4120191634534,1.03675346073229,0.031142069297285562,0.03879492566100954,0.0699369949582951,564.3861482529554,728.1152277381171,1292.5013759910726,21.94157129532431,21.94157129532431,481.4325509077997,26.51414355627317,133.34061202137133,17.585550698355235,17.585550698355235,309.25159336442226
space1_time1,2020-02-14 17:00:00,52.25,62.75,1,1,162.68663024902344,131.88503755337908,136.54766351258283,0.965853491453011,0.01059084277178289,0.022910639020474063,0.033501481792256954,191.50181129475837,421.27122047235554,612.7730317671139,30.80159269564436,30.80159269564436,948.7381125883719,26.138966736440608,133.34061202137133,29.34601822765211,29.34601822765211,861.1887858176899
space1_time1,2020-02-15 16:00:00,52.0,84.75,1,1,139.16567993164062,125.56824056930739,135.65244666419247,0.9256614506935611,0.01003992849862618,0.019370644367477,0.029410572866103178,163.8494750711414,320.8114741291121,484.6609492002535,13.597439362333233,13.597439362333233,184.8903572123292,3.5132332674481574,133.34061202137133,5.825067910269297,5.825067910269297,33.93141615924912
space1_time1,2020-02-15 16:00:00,56.25,85.25,1,1,135.24551391601562,116.35808891551471,130.6650405659071,0.8905066604775896,0.012105391954173058,0.01602463549524444,0.028130027449417498,169.59773000734174,227.68776381057103,397.28549381791277,18.88742500050091,18.88742500050091,356.73482314954686,4.5804733501085195,133.34061202137133,1.904901894644297,1.904901894644297,3.6286512282194328
space1_time1,2020-02-21 15:00:00,30.25,89.75,1,1,96.04391479492188,135.90659978528993,127.20391326555722,1.0684152420811497,0.02892708928466715,0.04167634286234022,0.07060343214700737,581.7616523844644,868.3155641909539,1450.0772165754183,-39.86268499036805,39.86268499036805,1589.0336546413143,-31.159998470635344,133.34061202137133,-37.29669722644945,37.29669722644945,1391.0436240014424
space1_time1,2020-02-21 15:00:00,34.25,90.5,1,1,148.96607971191406,133.09138541722055,128.054204696474,1.0393363164660319,0.02361975840485874,0.038110717027788024,0.061730475432646766,450.322460363833,749.4041028249235,1199.7265631887565,15.874694294693512,15.874694294693512,252.00591894997476,20.911875015440074,133.34061202137133,15.625467690542735,15.625467690542735,244.1552405481949
space1_time1,2020-02-21 15:00:00,38.5,91.25,1,1,144.39256286621094,127.51255984804428,126.02546000850354,1.011799995329836,0.034158606676618734,0.03291797057183346,0.0670765772484522,604.1929103170778,602.105393880119,1206.2983041971968,16.88000301816666,16.88000301816666,284.9345018933156,18.367102857707394,133.34061202137133,11.05195084483961,11.05195084483961,122.14561747675096
space1_time1,2020-02-21 17:00:00,45.25,68.25,1,1,145.04591369628906,132.00496947705153,137.3482524651869,0.9610968258260895,0.027082182869171762,0.02870595490266737,0.055788137771839136,505.8092905284527,551.3038348242297,1057.1131253526823,13.04094421923753,13.04094421923753,170.06622612926478,7.69766123110216,133.34061202137133,11.705301674917735,11.705301674917735,137.01408730083193
space1_time1,2020-02-22 16:00:00,28.5,87.0,1,1,161.37991333007812,131.7172836618055,126.17306882850133,1.0439413488534555,0.03507764550888318,0.043269716587563956,0.07834736209644713,669.8554157303131,859.3285012045233,1529.1839169348364,29.662629668272615,29.662629668272615,879.8715988370867,35.206844501576796,133.34061202137133,28.039301308706797,28.039301308706797,786.2024178804467
space1_time1,2020-02-22 16:00:00,32.75,87.75,1,1,185.55422973632812,130.43362167511097,123.3342768545554,1.0575618149440134,0.029661440678694122,0.03945246981443511,0.06911391049312923,548.8377283209286,755.6941374502003,1304.5318657711289,55.120608061217155,55.120608061217155,3038.2814330383176,62.21995288177273,133.34061202137133,52.2136177149568,52.2136177149568,2726.2618748836503
space1_time1,2020-02-22 17:00:00,47.5,66.25,1,1,145.04591369628906,128.6683192257156,135.32208565869317,0.9508301516297972,0.01658031300934863,0.027065446651954067,0.0436457596613027,289.1321843219733,482.39716628069436,771.5293506026676,16.377594470573456,16.377594470573456,268.2256006425582,9.723828037595894,133.34061202137133,11.705301674917735,11.705301674917735,137.01408730083193
space1_time1,2020-02-22 17:00:00,51.75,67.0,1,1,155.4996795654297,128.71724928900798,137.23368930910425,0.9379420602698083,0.012580860670941798,0.024311657794631947,0.036892518465573745,217.64106063181083,428.41433584138167,646.0553964731926,26.782430276421707,26.782430276421707,717.29857151139,18.265990256325438,133.34061202137133,22.15906754405836,22.15906754405836,491.0242744221406
space1_time1,2020-02-24 14:00:00,50.75,110.25,1,1,145.04591369628906,111.56515838773682,131.90411537017218,0.8458049854975586,0.013327050992121649,0.013732862796329962,0.02705991378845161,171.56960430735123,179.2022902035371,350.77189451088833,33.48075530855225,33.48075530855225,1120.9609760311496,13.141798326116884,133.34061202137133,11.705301674917735,11.705301674917735,137.01408730083193
space1_time1,2020-02-24 16:00:00,33.0,83.0,1,1,168.56687927246094,126.49258637995862,124.40804560569563,1.0167556749574684,0.03354657332534512,0.039632614888235676,0.0731791882135808,587.3061354462362,719.7270377586634,1307.0331732048996,42.074292892502314,42.074292892502314,1770.2461224040708,44.158833666765304,133.34061202137133,35.22626725108961,35.22626725108961,1240.8899044451882
space1_time1,2020-02-24 17:00:00,52.25,62.25,1,1,148.31271362304688,128.1309859407767,136.90666532422082,0.935900276566801,0.012932006087905946,0.024445531972801436,0.037377538060707385,221.8289740071494,427.2441052164755,649.0730792236249,20.18172768227018,20.18172768227018,407.30213224131046,11.40604829882605,133.34061202137133,14.972101601675547,14.972101601675547,224.1638263708955
space1_time1,2020-02-25 16:00:00,51.75,83.75,1,1,148.31271362304688,120.12873638200786,136.06567735585693,0.8828731735765469,0.009660160933558827,0.021479909049536207,0.031140069983095035,144.5111994603868,326.3760055918901,470.88720505227684,28.183977241039017,28.183977241039017,794.3365731234053,12.24703626718994,133.34061202137133,14.972101601675547,14.972101601675547,224.1638263708955
space1_time1,2020-02-28 16:00:00,54.75,77.0,1,1,139.16567993164062,118.25467414361547,136.36156017277568,0.8672141474018189,0.016892151253536093,0.021957991875399638,0.03885014312893573,247.66648654116688,328.25750521698023,575.9239917581472,20.91100578802515,20.91100578802515,437.27016306682134,2.8041197588649425,133.34061202137133,5.825067910269297,5.825067910269297,33.93141615924912
space1_time1,2020-02-28 16:00:00,59.0,77.5,1,1,136.55223083496094,107.80372613681442,128.97204556538534,0.835868933180259,0.0184586121370175,0.01974110834149359,0.03819972047851109,224.94218971390032,245.21060939243606,470.1527991063364,28.74850469814652,28.74850469814652,826.4765223793524,7.580185269575594,133.34061202137133,3.2116188135896095,3.2116188135896095,10.31449540380273
space1_time1,2020-02-28 18:00:00,44.75,51.0,1,1,118.91151428222656,115.8088341197798,138.03113891448237,0.8390051334107267,0.05017678823633402,0.027634150074400135,0.07781093831073416,745.9683625066117,427.09880091130407,1173.0671634179157,3.1026801624467595,3.1026801624467595,9.62662419044065,-19.119624632255807,133.34061202137133,-14.429097739144765,14.429097739144765,208.19886156579258
space1_time1,2020-02-28 18:00:00,49.0,51.75,1,1,122.83168029785156,121.39594739608167,138.27393635944492,0.87793803078341,0.025806126013905042,0.025268681230382024,0.05107480724428706,405.44175959457607,407.26632137020914,812.7080809647853,1.4357329017698959,1.4357329017698959,2.0613289652246056,-15.442256061593355,133.34061202137133,-10.508931723519765,10.508931723519765,110.43764596960011
space1_time1,2020-02-28 18:00:00,53.0,52.5,1,1,90.16368103027344,117.89187218663128,131.42503698089237,0.8970274986779828,0.023351950382411526,0.023654384548869756,0.047006334931281285,344.18041949441306,356.9293050592708,701.1097245536839,-27.728191156357838,27.728191156357838,768.852584803521,-41.261355950618935,133.34061202137133,-43.17693099109789,43.17693099109789,1864.2473698100296
space1_time1,2020-02-29 18:00:00,47.0,49.0,1,1,148.96607971191406,126.42105647192048,146.52285598300674,0.8628077553073523,0.01867852981402576,0.02580402229204304,0.0444825521060688,315.03757222770366,445.01235590025397,760.0499281279576,22.545023239993583,22.545023239993583,508.27807289185074,2.443223728907327,133.34061202137133,15.625467690542735,15.625467690542735,244.1552405481949
space1_time2,2020-03-02 15:00:00,29.75,89.5,1,2,184.2475128173828,140.00582988760533,130.6763652883118,1.07139366463637,0.04101014107812642,0.02390464818133304,0.06491478925945945,875.6112056391962,527.2036134492353,1402.8148190884315,44.24168292977748,44.24168292977748,1957.3265084589643,53.571147529071,128.69152277066166,55.55599004672115,55.55599004672115,3086.4680300713794
space1_time2,2020-03-02 15:00:00,34.0,90.0,1,2,173.14039611816406,136.6087158778662,127.89119541468563,1.068163570094986,0.030344784303748245,0.021462647573100783,0.051807431876849025,605.5451124526252,439.5287184307301,1045.0738308833552,36.531680240297874,36.531680240297874,1334.56366117937,45.24920070347844,128.69152277066166,44.4488733475024,44.4488733475024,1975.7023418623091
space1_time2,2020-03-02 15:00:00,38.0,90.75,1,2,178.36727905273438,140.38313769797418,133.07295852628928,1.0549336187655343,0.030080089566986427,0.01923326797659855,0.04931335754358498,632.2279852676492,414.3298795768423,1046.5578648444914,37.9841413547602,37.9841413547602,1442.7949944584038,45.29432052644509,128.69152277066166,49.67575628207271,49.67575628207271,2467.6807621958865
space1_time2,2020-03-03 16:00:00,32.0,87.25,1,2,165.95343017578125,141.5727116220832,132.17498966384804,1.071100606719439,0.04123827940542726,0.022819215949902813,0.06405749535533006,899.6322298536084,513.988906385266,1413.6211362388744,24.380718553698046,24.380718553698046,594.4194371946361,33.77844051193321,128.69152277066166,37.26190740511959,37.26190740511959,1388.449743467706
space1_time2,2020-03-03 16:00:00,36.0,88.25,1,2,156.806396484375,133.2552175886216,124.9558516384581,1.0664183857045486,0.02502630366465172,0.02054872814262535,0.04557503180727707,470.98151957973965,395.6260708993415,866.6075904790812,23.551178895753395,23.551178895753395,554.6580273797802,31.8505448459169,128.69152277066166,28.114873713713337,28.114873713713337,790.4461239380491
space1_time2,2020-03-04 16:00:00,30.25,84.5,1,2,150.92616271972656,131.86050614169577,127.75850783344363,1.0321074375226724,0.039261044947666655,0.022659092853723785,0.06192013780139044,740.689564039456,440.904037347862,1181.593601387318,19.065656578030797,19.065656578030797,363.499260751409,23.167654886282932,128.69152277066166,22.2346399490649,22.2346399490649,494.37921366455276
space1_time2,2020-03-04 16:00:00,34.25,85.25,1,2,184.2475128173828,137.91316734578197,128.94088182170432,1.069584490173444,0.0315094036772343,0.02174947975257273,0.05325888342980703,642.1579073576507,455.2040708246168,1097.3619781822676,46.33434547160084,46.33434547160084,2146.8715702816576,55.30663099567849,128.69152277066166,55.55599004672115,55.55599004672115,3086.4680300713794
space1_time2,2020-03-04 17:00:00,49.25,63.75,1,2,138.51231384277344,141.87434847318877,141.20205896146436,1.0047611877381182,0.01900993632560765,0.015508580009601631,0.03451851633520928,399.86566842966164,331.8936203296498,731.7592887593114,-3.3620346304153372,3.3620346304153372,11.303276856111994,-2.6897451186909223,128.69152277066166,9.820791072111774,9.820791072111774,96.44793728207033
space1_time2,2020-03-04 17:00:00,53.75,64.25,1,2,152.88623046875,139.72686846838496,140.84804645837403,0.9920398044688508,0.01344612997739938,0.014316369908298172,0.027762499885697553,271.72983114873506,293.3606860050438,565.0905171537788,13.159362000365036,13.159362000365036,173.1688082566513,12.038184010375971,128.69152277066166,24.194707698088337,24.194707698088337,585.383880595935
space1_time2,2020-03-05 14:00:00,50.5,109.75,1,2,90.8170394897461,138.64806468104524,137.3171435609854,1.0096923157993654,0.015253402827179074,0.011803195202601015,0.02705659802978009,303.57173950712263,238.1045888987657,541.6763284058884,-47.83102519129915,47.83102519129915,2287.8069708506937,-46.50010407123929,128.69152277066166,-37.87448328091557,37.87448328091557,1434.476483796353
space1_time2,2020-03-05 16:00:00,32.25,82.5,1,2,144.39256286621094,129.97818188002418,128.27672051730724,1.0132639917504547,0.04226677359502254,0.02185406267555326,0.0641208362705758,777.6743569229898,415.1746647353689,1192.8490216583587,14.414380986186757,14.414380986186757,207.7743792149423,16.115842348903698,128.69152277066166,15.701040095549274,15.701040095549274,246.52266008204597
space1_time2,2020-03-05 17:00:00,51.75,61.5,1,2,152.88623046875,135.91913338810593,137.20609883726934,0.9906202023082826,0.01885973033967043,0.014805913609990087,0.03366564394966051,363.76360959495906,290.4202634267667,654.1838730217257,16.967097080644066,16.967097080644066,287.8823833440004,15.680131631480663,128.69152277066166,24.194707698088337,24.194707698088337,585.383880595935
space1_time2,2020-03-09 18:00:00,48.25,50.75,1,2,88.8569564819336,142.90204595115748,142.3083866739988,1.0041716394306301,0.04402777976332233,0.015242466969489013,0.059270246732811345,975.3040048366814,347.7827063469983,1323.0867111836797,-54.04508946922388,54.04508946922388,2920.871695736414,-53.4514301920652,128.69152277066166,-39.83456628872807,39.83456628872807,1586.7926714110708
space1_time2,2020-03-10 15:00:00,32.75,94.75,1,2,101.36880493164062,132.4816765781632,125.55940796024441,1.0551314212958898,0.03146603859615979,0.02224930316104757,0.05371534175720736,592.0149290600625,429.99378731149216,1022.0087163715547,-31.112871646522564,31.112871646522564,968.0107820929877,-24.19060302860379,128.69152277066166,-27.32271783902104,27.32271783902104,746.5309101107584
space1_time2,2020-03-10 15:00:00,36.75,95.5,1,2,169.22023010253906,139.7187243195726,134.51896276558412,1.0386544874201096,0.03809348461227466,0.020049835264395736,0.058143319876670395,803.3585157717904,435.2874901363799,1238.6460059081703,29.50150578296646,29.50150578296646,870.3388434624036,34.70126733695494,128.69152277066166,40.5287073318774,40.5287073318774,1642.5761179929727
space1_time2,2020-03-10 15:00:00,40.75,96.0,1,2,128.05856323242188,140.1175434919645,138.90812267641678,1.0087066241501585,0.02647969519396801,0.01930877715810495,0.04578847235207296,551.5010871899399,411.45757345540227,962.9586606453422,-12.058980259542636,12.058980259542636,145.419004900039,-10.849559443994906,128.69152277066166,-0.6329595382397883,0.6329595382397883,0.4006377770487261
space1_time2,2020-03-10 15:00:00,45.25,96.5,1,2,131.9787139892578,137.39511622297115,136.72947829283004,1.0048682839900518,0.020479069291439108,0.0167440757009754,0.03722314499241451,405.39013491195857,337.6793683893128,743.0695033012714,-5.416402233713342,5.416402233713342,29.33741315737488,-4.750764303572225,128.69152277066166,3.287191218596149,3.287191218596149,10.805626107615636
space1_time2,2020-03-10 15:00:00,49.5,97.25,1,2,134.5921630859375,131.3877994249706,131.79639333931598,0.9968998095927145,0.017709679931037253,0.01449572490589224,0.03220540483692949,318.53613263862354,264.95942406801595,583.4955567066395,3.204363660966891,3.204363660966891,10.267946471725136,2.7957697466215166,128.69152277066166,5.900640315275837,5.900640315275837,34.817556130258524
space1_time2,2020-03-10 15:00:00,53.75,97.75,1,2,135.8988800048828,130.35414052774073,131.90400839884398,0.9882500320504524,0.011952784731629681,0.01251069632175421,0.02446348105338389,209.3829013396935,221.85336592732182,431.2362672670153,5.5447394771420875,5.5447394771420875,30.74413586937791,3.994871606038828,128.69152277066166,7.207357234221149,7.207357234221149,51.945998301679936
space1_time2,2020-03-10 17:00:00,32.75,94.75,1,2,169.87359619140625,132.0928550790544,125.19638870404216,1.0550851861335646,0.0312613766718633,0.022254209812581253,0.05351558648444456,584.5400650282799,427.39594954909296,1011.9360145773728,37.78074111235185,37.78074111235185,1427.384398998553,44.677207487364086,128.69152277066166,41.18207342074459,41.18207342074459,1695.9631712315977
space1_time2,2020-03-11 15:00:00,31.0,91.75,1,2,54.228878021240234,137.55054332585138,129.14923184044127,1.065051192064306,0.04007647573608691,0.02350087897406024,0.06357735471014715,824.4360950517975,499.0432180699025,1323.4793131217,-83.32166530461114,83.32166530461114,6942.49990913364,-74.92035381920104,128.69152277066166,-74.46264474942143,74.46264474942143,5544.685463078538
space1_time2,2020-03-11 15:00:00,35.0,92.5,1,2,60.76247787475586,135.57915897131556,128.7141229579347,1.05333553036464,0.033601413908277894,0.021249675711183205,0.0548510896194611,663.5624990748772,431.29566347054794,1094.858162545425,-74.8166810965597,74.8166810965597,5597.535770304315,-67.95164508317885,128.69152277066166,-67.9290448959058,67.9290448959058,4614.3551404699865
space1_time2,2020-03-11 15:00:00,39.0,93.0,1,2,104.53759765625,136.4187523837302,131.54045239449175,1.037085929844672,0.03116517725008263,0.019157867202512207,0.050323044452594834,619.5234878492636,390.52775946523974,1010.0512473145034,-31.881154727480208,31.881154727480208,1016.4080267575337,-27.00285473824175,128.69152277066166,-24.153925114411663,24.153925114411663,583.4120984326065
space1_time2,2020-03-11 15:00:00,47.5,94.25,1,2,107.15103912353516,134.89925671927708,135.46095137474305,0.9958534570312293,0.0273414395722622,0.016065169665087944,0.043406609237350145,526.7959010313677,316.3174091266329,843.1133101580007,-27.74821759574192,27.74821759574192,769.9635797406415,-28.30991225120789,128.69152277066166,-21.540483647126507,21.540483647126507,463.9924357521245
space1_time2,2020-03-12 15:00:00,29.0,89.0,1,2,150.92616271972656,133.34657882452044,135.10322808185896,0.9869977255001322,0.0570217055673472,0.023570799893285477,0.08059250546063268,1130.956187890093,486.66661693007666,1617.6228048201697,17.579583895206127,17.579583895206127,309.0417699285906,15.822934637867604,128.69152277066166,22.2346399490649,22.2346399490649,494.37921366455276
space1_time2,2020-03-12 15:00:00,33.0,89.75,1,2,168.56687927246094,139.67019059238817,131.34096378897596,1.0634168241432638,0.04279392893909644,0.022590830780926094,0.06538475972002253,910.5663041264513,496.63329636528863,1407.19960049174,28.89668868007277,28.89668868007277,835.0186166730458,37.22591548348498,128.69152277066166,39.875356501799274,39.875356501799274,1590.0440561455857
space1_time2,2020-03-14 17:00:00,48.75,63.0,1,2,121.52495574951172,142.60824242153058,142.770340706554,0.998864622132151,0.030754321725634977,0.016424694931086628,0.047179016656721605,665.8560131161769,364.08605431002576,1029.9420674262026,-21.083286672018858,21.083286672018858,444.504976894528,-21.24538495704229,128.69152277066166,-7.166567021149945,7.166567021149945,51.35968286863399
space1_time2,2020-03-14 17:00:00,53.25,63.5,1,2,134.5921630859375,134.6078685525575,136.26362106602878,0.9878489027334088,0.020353004418674988,0.01535919909953854,0.035712203518213526,386.1056256968217,296.6181706090907,682.7237963059124,-0.01570546662000538,0.01570546662000538,0.00024666168175210325,-1.6714579800912759,128.69152277066166,5.900640315275837,5.900640315275837,34.817556130258524
space1_time2,2020-03-15 14:00:00,50.0,109.0,1,2,97.35063934326172,139.90930888056764,140.200602471505,0.9979223085649962,0.020421924307260808,0.013164040487799247,0.033585964795060055,417.65549074321655,273.7785575628928,691.4340483061094,-42.55866953730592,42.55866953730592,1811.2403527856106,-42.849963128243274,128.69152277066166,-31.340883427399945,31.340883427399945,982.2509740098725
space1_time2,2020-03-15 16:00:00,31.5,82.25,1,2,140.47239685058594,129.2460805192861,126.82269501616639,1.0191084529690115,0.03770730196618606,0.022652931333235753,0.06036023329942181,681.8488365681098,422.1605710670562,1104.009407635166,11.226316331299842,11.226316331299842,126.03017837040953,13.649701834419545,128.69152277066166,11.780874079924274,11.780874079924274,138.78899408703163
space1_time2,2020-03-19 18:00:00,47.5,50.5,1,2,155.4996795654297,141.10534060150238,139.35131142517076,1.0125871020401085,0.03577162235465662,0.016319737031575215,0.052091359386231835,763.905072874087,357.69022568854865,1121.5952985626357,14.39433896392731,14.39433896392731,207.19699420843597,16.148368140258924,128.69152277066166,26.808156794768024,26.808156794768024,718.677270732867
space1_time2,2020-03-20 15:00:00,31.75,94.25,1,2,147.65936279296875,130.70459231887045,124.31485495324834,1.0513996285321263,0.03559442363717998,0.023464009262658694,0.05905843289983868,656.6962968689877,445.85766361138946,1102.553960480377,16.954770474098297,16.954770474098297,287.4642418293554,23.344507839720407,128.69152277066166,18.967840022307087,18.967840022307087,359.7789551118345
space1_time2,2020-03-20 15:00:00,36.0,95.0,1,2,153.5395965576172,132.21462703106974,128.06160631339927,1.0324298658842914,0.039505509813359006,0.021189454329477036,0.06069496414283604,748.4846888676813,413.8134960665626,1162.2981849342439,21.32496952654745,21.32496952654745,454.75432530817733,25.47799024421792,128.69152277066166,24.848073786955524,24.848073786955524,617.4267709219862
space1_time2,2020-03-20 15:00:00,40.0,95.5,1,2,169.22023010253906,136.768551956342,133.20919283284132,1.0267200712488902,0.04882369422622494,0.019201051163537354,0.0680247453897623,1001.8229383968093,407.586941903546,1409.4098803003553,32.451678146197054,32.451678146197054,1053.1114145043634,36.01103726969774,128.69152277066166,40.5287073318774,40.5287073318774,1642.5761179929727
space1_time2,2020-03-20 15:00:00,44.25,96.0,1,2,163.9933624267578,142.24273373889037,142.88138605461768,0.9955301923269197,0.02640398784263413,0.018315563727214965,0.044719551569849095,566.1054396932788,401.56169249074713,967.6671321840258,21.750628687867447,21.750628687867447,473.0898483174824,21.111976372140134,128.69152277066166,35.30183965609615,35.30183965609615,1246.2198831047226
space1_time2,2020-03-20 15:00:00,48.75,96.5,1,2,128.7119140625,131.4627677282632,133.5912063875221,0.9840675242269709,0.015707276607061574,0.01603936510882771,0.031746641715889284,282.42886592845935,293.01459315419174,575.4434590826511,-2.750853665763202,2.750853665763202,7.5671958904428465,-4.8792923250221065,128.69152277066166,0.020391291838336656,0.020391291838336656,0.0004158047828362151
space1_time2,2020-03-21 15:00:00,30.0,91.5,1,2,179.0206298828125,135.11043869910523,127.32722235468901,1.0611276693269482,0.03701281075684021,0.024661026634733532,0.06167383739157374,732.1102743153831,503.05342035583044,1235.1636946712135,43.91019118370727,43.91019118370727,1928.1048897897235,51.69340752812349,128.69152277066166,50.32910711215084,50.32910711215084,2533.0190227063517
space1_time2,2020-03-21 15:00:00,34.25,92.0,1,2,187.51431274414062,133.42950844701397,127.855866756941,1.0435931633913105,0.038076501944243,0.022346855143099274,0.060423357087342276,734.0012312401752,443.9762368248275,1177.9774680650028,54.08480429712665,54.08480429712665,2925.1660558584895,59.65844598719963,128.69152277066166,58.82278997347896,58.82278997347896,3460.120620264017
space1_time2,2020-03-21 15:00:00,38.25,92.75,1,2,173.14039611816406,141.60458173083103,137.14007949229983,1.032554321501482,0.03678644984062647,0.020276277531048544,0.05706272737167502,795.4943135614693,451.14006225386,1246.6343758153293,31.535814387333033,31.535814387333033,994.5075890723211,36.00031662586423,128.69152277066166,44.4488733475024,44.4488733475024,1975.7023418623091
space1_time2,2020-03-22 15:00:00,32.25,89.25,1,2,152.23287963867188,134.46940131358159,127.6402438484252,1.0535031684306881,0.043424672872936186,0.02365128731272109,0.06707596018565727,858.1790095318179,483.32301479322484,1341.5020243250428,17.76347832509029,17.76347832509029,315.5411622059525,24.592635790246675,128.69152277066166,23.54135686801021,23.54135686801021,554.1954831870115
space1_time2,2020-03-23 16:00:00,30.25,86.75,1,2,136.55223083496094,126.95054644214787,129.02568607840217,0.9839168486576123,0.04845182726983144,0.023618304337033623,0.07207013160686507,859.8894697101666,434.50885254710386,1294.3983222572706,9.60168439281307,9.60168439281307,92.19234317919009,7.5265447565587635,128.69152277066166,7.860708064299274,7.860708064299274,61.790731272139645
space1_time2,2020-03-23 16:00:00,34.5,87.5,1,2,158.7664794921875,134.46664334143816,127.77081076933361,1.052405025308892,0.03230220419419223,0.02266333397913447,0.0549655381733267,627.1417760919662,452.2550241911314,1079.3968002830975,24.299836150749343,24.299836150749343,590.4820369532646,30.995668722853893,128.69152277066166,30.074956721525837,30.074956721525837,904.5030218016522
space1_time2,2020-03-23 17:00:00,50.0,65.0,1,2,159.41983032226562,137.3167665202284,139.65382487918657,0.9832653465740742,0.03129217364927464,0.016949368821799992,0.048241542471074636,628.994187408089,349.00160798150296,977.995795389592,22.103063802037212,22.103063802037212,488.5454294369277,19.766005443079052,128.69152277066166,30.72830755160396,30.72830755160396,944.228884985961
space1_time2,2020-03-24 14:00:00,51.25,111.0,1,2,122.83168029785156,138.75750828893803,140.5307037159025,0.987382149380329,0.013900915170958742,0.013531861748896276,0.027432776919855018,277.00800772024235,273.3778045098488,550.3858122300911,-15.925827991086464,15.925827991086464,253.63199720167313,-17.699023418050928,128.69152277066166,-5.859842472810101,5.859842472810101,34.337753806149195
space1_time2,2020-03-24 16:00:00,32.5,84.5,1,2,129.3652801513672,136.62267098307166,128.2216013253491,1.0655199246529898,0.047629594247428346,0.02283059446999238,0.07046018871742073,977.0270361024058,485.0824214396894,1462.1094575420952,-7.25739083170447,7.25739083170447,52.6697216841081,1.143678826018089,128.69152277066166,0.6737573807055242,0.6737573807055242,0.45394900805516863
space1_time2,2020-03-25 16:00:00,30.5,82.0,1,2,121.52495574951172,132.66621657535111,129.0004468290942,1.0284167213088298,0.03021674770661315,0.023565293191210257,0.0537820408978234,569.7753485114152,456.45811556659424,1026.2334640780095,-11.141260825839396,11.141260825839396,124.12769278938354,-7.4754910795824685,128.69152277066166,-7.166567021149945,7.166567021149945,51.35968286863399
space1_time2,2020-03-25 16:00:00,34.75,82.5,1,2,152.23287963867188,133.12424946304904,127.27335919191205,1.0459710524518693,0.030371161838037,0.02236877772892989,0.05273993956696689,576.0923665947687,435.6298835987765,1011.7222501935452,19.108630175622835,19.108630175622835,365.13974718872356,24.959520446759825,128.69152277066166,23.54135686801021,23.54135686801021,554.1954831870115
space1_time2,2020-03-31 15:00:00,28.75,91.25,1,2,173.14039611816406,142.69407016956018,132.41012620290883,1.0776673526531646,0.04008565246491336,0.024876647757374477,0.06496230022228783,888.6835528937279,569.6899373793068,1458.3734902730348,30.446325948603885,30.446325948603885,926.9787637686303,40.730269915255235,128.69152277066166,44.4488733475024,44.4488733475024,1975.7023418623091
space1_time2,2020-03-31 15:00:00,32.75,91.75,1,2,169.22023010253906,131.6285225946672,126.48352527607581,1.0406772131576931,0.033951444191139164,0.02387016442863589,0.057821608619775054,633.9619502300878,458.7811920798608,1092.7431423099486,37.59170750787186,37.59170750787186,1413.1364733573896,42.73670482646325,128.69152277066166,40.5287073318774,40.5287073318774,1642.5761179929727
space1_time2,2020-03-31 15:00:00,37.25,92.5,1,2,160.7265625,138.62136927637906,135.0526221457735,1.0264248636857531,0.05801419485932321,0.021602051319729733,0.07961624617905294,1242.8824584440777,481.5337964629525,1724.4162549070302,22.105193223620944,22.105193223620944,488.6395674536173,25.673940354226488,128.69152277066166,32.03503972933834,32.03503972933834,1026.2437704602858
space1_time2,2020-04-01 15:00:00,31.0,89.0,1,2,147.65936279296875,139.0649541209994,130.62466419544083,1.064614825825927,0.040207241564663654,0.023974704833186013,0.06418194639784966,846.0064671916285,520.8836829862508,1366.8901501778794,8.594408671969347,8.594408671969347,73.86386042082192,17.03469859752792,128.69152277066166,18.967840022307087,18.967840022307087,359.7789551118345
space1_time2,2020-04-01 15:00:00,35.0,89.75,1,2,166.60679626464844,132.88517024936235,127.31836488574912,1.043723506570389,0.03144340569256729,0.02294590302100508,0.054389308713572365,595.5926499959976,446.60854618407586,1042.2011961800736,33.72162601528609,33.72162601528609,1137.1480611148197,39.28843137889932,128.69152277066166,37.915273493986774,37.915273493986774,1437.567964123816
space1_time2,2020-04-02 16:00:00,29.0,86.5,1,2,151.5795135498047,130.44913387802677,127.70645175114247,1.021476457056601,0.04296830599171468,0.024648449156168588,0.06761675514788326,799.3925080076749,474.30949379221374,1273.7020017998886,21.130379671777916,21.130379671777916,446.49294507348543,23.87306179866222,128.69152277066166,22.887990779143024,22.887990779143024,523.8601219061361
space1_time2,2020-04-02 16:00:00,33.0,87.0,1,2,128.05856323242188,135.1661197466016,128.97563870967616,1.0479972892466942,0.04222164960592729,0.024188478823743254,0.06641012842967053,842.0017911736948,498.6381249424123,1340.639916116107,-7.10755651417972,7.10755651417972,50.51735960225857,-0.9170754772542864,128.69152277066166,-0.6329595382397883,0.6329595382397883,0.4006377770487261
space1_time2,2020-04-09 15:00:00,29.5,93.5,1,2,106.4976806640625,133.13089143485794,129.95571371263304,1.024432767375247,0.041801261486388054,0.02604509410855466,0.06784635559494272,809.6941723093919,521.8802496342975,1331.5744219436892,-26.633210770795444,26.633210770795444,709.3279159616144,-23.45803304857054,128.69152277066166,-22.193842106599163,22.193842106599163,492.56662745265396
space1_time2,2020-04-09 15:00:00,33.5,94.25,1,2,137.20559692382812,132.4385058434118,129.01871442612494,1.026506165655875,0.04367610170575037,0.02407857717127303,0.0677546788770234,837.9470190495575,477.85069985891306,1315.7977189084706,4.767091080416321,4.767091080416321,22.72515736898485,8.18688249770318,128.69152277066166,8.514074153166462,8.514074153166462,72.4894586856172
space1_time2,2020-04-09 15:00:00,37.75,94.5,1,2,182.2874298095703,136.3978494918353,134.1030210520523,1.0171124290995075,0.043033565338885006,0.022028356336747164,0.06506192167563217,873.0850247222822,461.6731212045578,1334.75814592684,45.88958031773501,45.88958031773501,2105.8535817378524,48.184408757518014,128.69152277066166,53.59590703890865,53.59590703890865,2872.5212513233378
space1_time2,2020-04-10 15:00:00,31.5,91.5,1,2,179.6739959716797,133.3164467703822,128.6727572096277,1.036089143199048,0.04670193623419653,0.02528516077108693,0.07198709700528347,913.1594320934543,512.4852186329272,1425.6446507263813,46.35754920129747,46.35754920129747,2149.022367950716,51.001238762052,128.69152277066166,50.982473201018024,50.982473201018024,2599.212573692521
space1_time2,2020-04-10 15:00:00,35.75,92.0,1,2,176.40719604492188,132.71564807542202,129.46616605634,1.0250990827801907,0.034872399136291886,0.023224379082961728,0.05809677821925362,662.4477847225072,454.16874830125465,1116.6165330237618,43.69154796949985,43.69154796949985,1908.9513639711065,46.941029988581874,128.69152277066166,47.71567327426021,47.71567327426021,2276.7854760159503
space1_time2,2020-04-11 15:00:00,29.5,88.75,1,2,160.7265625,128.09988015169205,131.78416866380556,0.9720430113156274,0.05378499349952625,0.02510605682845987,0.07889105032798611,981.1877653588217,476.38660872644186,1457.5743740852636,32.62668234830795,32.62668234830795,1064.5004010573898,28.94239383619444,128.69152277066166,32.03503972933834,32.03503972933834,1026.2437704602858
space1_time2,2020-04-11 15:00:00,33.5,89.5,1,2,173.14039611816406,134.787213799041,129.5735062618688,1.0402374504448104,0.04050022282117123,0.024509383797502254,0.06500960661867349,801.3316771358717,500.9393369824903,1302.271014118362,38.35318231912305,38.35318231912305,1470.9665940038929,43.56688985629526,128.69152277066166,44.4488733475024,44.4488733475024,1975.7023418623091
space1_time2,2020-04-12 15:00:00,35.75,87.25,1,2,167.91351318359375,134.62635884772254,129.91137066265782,1.0362938837533182,0.03223794099679129,0.023664959465519324,0.05590290046231061,627.9499110908239,474.0170470138093,1101.9669581046332,33.28715433587121,33.28715433587121,1108.0346437801093,38.002142520935934,128.69152277066166,39.22199041293209,39.22199041293209,1538.3645319521365
space1_time2,2020-04-12 16:00:00,31.75,86.75,1,2,177.7139129638672,137.56048277494514,130.84284652155668,1.051341257332565,0.04360415705253899,0.024382556564793482,0.06798671361733247,902.7021147208518,522.1980975149186,1424.9002122357704,40.153430188922044,40.153430188922044,1612.2979559366363,46.87106644231051,128.69152277066166,49.022390193205524,49.022390193205524,2403.194740254893
space1_time2,2020-04-14 16:00:00,32.0,81.75,1,2,122.17831420898438,130.68548757422585,128.55431026044585,1.0165780307907397,0.05498265997868221,0.024304066411297325,0.07928672638997954,1044.9807628278636,480.54534165620873,1525.5261044840722,-8.50717336524147,8.50717336524147,72.3719986662739,-6.37599605146147,128.69152277066166,-6.513208561677288,6.513208561677288,42.42188576790633
space1_time2,2020-04-15 16:00:00,34.25,79.75,1,2,134.5921630859375,126.22528015180731,128.71935776387986,0.9806239119321299,0.03690623731864106,0.023644759610079707,0.06055099692872076,636.3970462386404,420.23985666539426,1056.6369029040347,8.366882934130189,8.366882934130189,70.00473003343899,5.872805322057644,128.69152277066166,5.900640315275837,5.900640315275837,34.817556130258524
space1_time2,2020-04-21 15:00:00,32.0,88.75,1,2,128.7119140625,140.45823751011002,133.09086918693365,1.0553559261291505,0.060765513415323755,0.025023368968331045,0.0857888823836548,1346.7007982175326,578.8060479731971,1925.5068461907297,-11.746323447610024,11.746323447610024,137.97611453587305,-4.378955124433645,128.69152277066166,0.020391291838336656,0.020391291838336656,0.0004158047828362151
space1_time2,2020-04-22 15:00:00,34.25,86.75,1,2,141.12576293945312,133.73576297911669,129.43842514594124,1.0331998618519205,0.034094698611408666,0.02526555496358636,0.059360253574995026,658.2432443209816,502.4684856225933,1160.711729943575,7.389999960336439,7.389999960336439,54.612099413772576,11.687337793511887,128.69152277066166,12.434240168791462,12.434240168791462,154.6103285751871
space1_time2,2020-04-22 16:00:00,30.25,86.25,1,2,148.96607971191406,128.12154477651268,129.0369983041071,0.9929054957909289,0.04287634358893572,0.02552133509140786,0.06839767868034358,770.0351596816064,474.27156816675375,1244.3067278483602,20.844534935401384,20.844534935401384,434.49463667316877,19.92908140780696,128.69152277066166,20.2745569412524,20.2745569412524,411.05765916408586
space1_time2,2020-04-23 16:00:00,32.25,84.0,1,2,148.96607971191406,131.18825522088963,131.86869167560198,0.9948400454568377,0.05086452335431885,0.024889557178543537,0.07575408053286238,968.7157866475277,492.280634531439,1460.9964211789666,17.777824491024433,17.777824491024433,316.05104363366814,17.097388036312083,128.69152277066166,20.2745569412524,20.2745569412524,411.05765916408586
space1_time2,2020-04-24 16:00:00,34.5,81.75,1,2,169.87359619140625,126.23985709535376,129.1758356039517,0.9772714571973076,0.034063822222076184,0.024280349189791953,0.05834417141186814,585.3866037771229,429.5990153399445,1014.9856191170675,43.633739096052494,43.633739096052494,1903.90318750238,40.69776058745455,128.69152277066166,41.18207342074459,41.18207342074459,1695.9631712315977
space1_time2,2020-04-25 16:00:00,32.5,79.25,1,2,154.8463134765625,128.01403404962954,127.26384948505226,1.0058947184735705,0.03755132176287563,0.02494313802649341,0.06249445978936904,667.5150726377453,457.4495237392766,1124.964596377022,26.832279426932956,26.832279426932956,719.9712192450096,27.582463991510238,128.69152277066166,26.154790705900837,26.154790705900837,684.0730768694768
space1_time2,2020-04-30 15:00:00,28.5,90.25,1,2,189.47439575195312,129.90373974402934,132.87802046010754,0.9776164582691754,0.04571076172513437,0.026703238498939935,0.0724140002240743,848.5443430590391,513.9485116144787,1362.4928546735177,59.57065600792379,59.57065600792379,3548.6630572143863,56.59637529184559,128.69152277066166,60.78287298129146,60.78287298129146,3694.5576478598114
space1_time2,2020-04-30 15:00:00,32.75,90.75,1,2,163.33999633789062,129.72014307426872,126.74753349575131,1.0234529974393316,0.03864252301753872,0.02643971137248721,0.06508223439002593,707.5600527556109,500.1181291146631,1207.6781818702739,33.619853263621906,33.619853263621906,1130.2945334674685,36.59246284213931,128.69152277066166,34.64847356722896,34.64847356722896,1200.5167205389641
space1_time2,2020-05-01 15:00:00,30.25,88.5,1,2,135.8988800048828,124.22990625762574,129.1028339458581,0.9622554552886431,0.04552727624842118,0.02628353239097988,0.07181080863940106,772.3864577922329,462.1843409067395,1234.5707986989723,11.66897374725707,11.66897374725707,136.1649483141747,6.796046059024718,128.69152277066166,7.207357234221149,7.207357234221149,51.945998301679936
space1_time2,2020-05-01 15:00:00,34.75,88.75,1,2,124.79175567626953,139.85184788891922,136.32137203222723,1.0258981831246345,0.04103485278118758,0.025776247705811862,0.06681110048699944,875.8829357278228,568.855918990836,1444.7388547186588,-15.060092212649693,15.060092212649693,226.8063774535119,-11.5296163559577,128.69152277066166,-3.899767094392132,3.899767094392132,15.208183390503653
space1_time2,2020-05-02 15:00:00,29.5,88.0,1,2,108.45775604248047,132.2010315795001,133.88113507355067,0.987450782418841,0.05647978736279803,0.02653187386512549,0.08301166122792353,1103.4086907406038,540.2465967253589,1643.6552874659628,-23.743275537019628,23.743275537019628,563.7431332268346,-25.423379031070198,128.69152277066166,-20.233766728181195,20.233766728181195,409.40531601045234
space1_time2,2020-05-02 15:00:00,33.5,89.0,1,2,156.1530303955078,140.37211771491232,136.5128769196379,1.0282701594337231,0.044746583179163524,0.026391245628189022,0.07113782880735255,968.2091382427209,591.6882472201819,1559.8973854629028,15.780912680595492,15.780912680595492,249.03720503257958,19.64015347586991,128.69152277066166,27.46150762484615,27.46150762484615,754.1344010294832
space1_time2,2020-05-03 16:00:00,30.25,83.5,1,2,133.9387969970703,133.73158385736272,133.77863424967012,0.9996482966613367,0.045399146976306745,0.02634189735913701,0.07174104433544376,892.417348486897,536.6869004351163,1429.1042489220133,0.2072131397075907,0.2072131397075907,0.042937285267477504,0.16016274740019298,128.69152277066166,5.247274226408649,5.247274226408649,27.533886807132486
space1_time2,2020-05-04 16:00:00,32.75,81.25,1,2,143.08583068847656,130.11348878694383,130.52593079993184,0.9968401526772471,0.04077193109003288,0.025596046399286143,0.06636797748931902,752.8574718298263,488.55984589654787,1241.4173177263742,12.97234190153273,12.97234190153273,168.28165441026178,12.55989988854472,128.69152277066166,14.3943079178149,14.3943079178149,207.1961004328687
space1_time2,2020-05-10 15:00:00,30.5,90.5,1,2,156.1530303955078,137.32564612815332,133.10310906151426,1.0317238049239523,0.047588322522316276,0.027032130576271213,0.07462045309858749,990.3429215617186,583.9038667515343,1574.246788313253,18.82738426735449,18.82738426735449,354.4703983506273,23.049921333993552,128.69152277066166,27.46150762484615,27.46150762484615,754.1344010294832
space1_time2,2020-05-20 15:00:00,28.5,89.75,1,2,144.39256286621094,130.8301159466217,135.10456924990754,0.9683618894089416,0.04513915687829628,0.028176145192088935,0.07331530207038522,850.448540101397,550.6477704236883,1401.0963105250853,13.562446919589235,13.562446919589235,183.93996644667553,9.287993616303396,128.69152277066166,15.701040095549274,15.701040095549274,246.52266008204597
space1_time2,2020-08-11 15:00:00,30.0,83.5,1,2,169.22023010253906,136.36334583898065,135.62801527853853,1.005421671613582,0.07864443446523038,0.027160983474654787,0.10580541793988517,1691.2325815475867,615.6836542068899,2306.9162357544765,32.85688426355841,32.85688426355841,1079.5748435088724,33.592214824000536,128.69152277066166,40.5287073318774,40.5287073318774,1642.5761179929727
space1_time2,2020-08-20 15:00:00,31.5,86.5,1,2,156.1530303955078,131.4593587810092,129.93149337090628,1.0117590075390066,0.07291923327196471,0.02682277260193197,0.09974200587389669,1444.351642765423,558.3544997039954,2002.7061424694184,24.693671614498612,24.693671614498612,609.7774178046946,26.22153702460153,128.69152277066166,27.46150762484615,27.46150762484615,754.1344010294832
space1_time2,2020-08-22 15:00:00,31.0,81.75,1,2,164.64671325683594,138.2482308450594,138.10543629738515,1.0010339531267023,0.05910905241528133,0.026711254414426493,0.08582030682970783,1268.0694427469537,598.092912175387,1866.1623549223407,26.39848241177654,26.39848241177654,696.8798736448754,26.541276959450784,128.69152277066166,35.955190486174274,35.955190486174274,1292.775722897077
space1_time2,2020-08-31 15:00:00,32.5,85.0,1,2,155.4996795654297,142.83943620934699,141.6707220520616,1.0082495108400444,0.07398052430934575,0.026343226499106608,0.10032375080845235,1731.998105223191,648.332096036573,2380.330201259764,12.660243356082702,12.660243356082702,160.2817618352362,13.828957513368096,128.69152277066166,26.808156794768024,26.808156794768024,718.677270732867
space1_time2,2020-09-02 16:00:00,32.0,80.25,1,2,159.41983032226562,139.12622688744085,139.3457620243112,0.9984245295035806,0.07287924999206909,0.02620000299035139,0.09907925298242048,1615.7461076317895,610.2413948864897,2225.987502518279,20.293603434824774,20.293603434824774,411.8303403699319,20.074068297954426,128.69152277066166,30.72830755160396,30.72830755160396,944.228884985961
space1_time2,2020-09-09 15:00:00,29.75,87.5,1,2,159.41983032226562,135.36486479649872,133.77366166391855,1.0118947415566582,0.09306058336214082,0.027049106405515062,0.12010968976765588,2015.1399095117279,621.7708847508137,2636.9107942625415,24.054965525766903,24.054965525766903,578.6413664458341,25.64616865834708,128.69152277066166,30.72830755160396,30.72830755160396,944.228884985961
space1_time2,2020-09-09 15:00:00,34.0,88.25,1,2,165.30007934570312,134.23961691249895,135.26821584600864,0.9923958564317824,0.07992246733365223,0.025895642491071482,0.10581810982472371,1666.6984702423324,569.2322648515913,2235.9307350939234,31.06046243320418,31.06046243320418,964.752326564488,30.03186349969448,128.69152277066166,36.60855657504146,36.60855657504146,1340.1864145080115
space1_time2,2020-09-10 15:00:00,31.5,85.5,1,2,169.22023010253906,139.716888052754,138.56570687486544,1.0083078360717934,0.08569635066259211,0.026473779327651263,0.11217012999024337,1953.9642524149358,638.2744552118711,2592.238707626807,29.50334204978506,29.50334204978506,870.4471921066154,30.65452322767362,128.69152277066166,40.5287073318774,40.5287073318774,1642.5761179929727
space1_time2,2020-09-10 15:00:00,35.5,86.0,1,2,168.56687927246094,142.54644722359913,142.68587029206753,0.9990228670282273,0.04525245466326214,0.02536273906957267,0.07061519373283481,1009.4532881522512,586.0689571258398,1595.5222452780908,26.020432048861807,26.020432048861807,677.0628840094346,25.881008980393403,128.69152277066166,39.875356501799274,39.875356501799274,1590.0440561455857
space1_time2,2020-09-11 15:00:00,33.25,83.25,1,2,147.00599670410156,140.3285659518481,139.65183157618108,1.0048458682426793,0.06757590973809799,0.025861950098675857,0.09343785983677384,1511.5418466934916,606.0504657295672,2117.592312423059,6.677430752253457,6.677430752253457,44.58808145114017,7.354165127920481,128.69152277066166,18.3144739334399,18.3144739334399,335.41995545864955
space1_time2,2020-09-19 15:00:00,28.5,88.0,1,2,141.77911376953125,132.59983825791852,134.91692964823477,0.9828257921644269,0.08973309370766167,0.027218314916206868,0.11695140862386853,1855.5000543458405,596.5309069228709,2452.0309612687115,9.17927551161273,9.17927551161273,84.25909891809314,6.86218412129648,128.69152277066166,13.087590998869587,13.087590998869587,171.28503815369223
space1_time2,2020-09-19 15:00:00,32.75,88.5,1,2,162.0332794189453,136.37324384710894,135.87007302907273,1.0037033233795976,0.0668588688538589,0.02608997105765941,0.09294883991151831,1411.1839883017558,576.7840311211488,1987.9680194229045,25.660035571836374,25.660035571836374,658.4374255479081,26.163206389872585,128.69152277066166,33.34175664828365,33.34175664828365,1111.672736393367
space1_time2,2020-09-20 15:00:00,30.25,86.0,1,2,179.6739959716797,139.06418706013307,140.5540248386686,0.9894002481946309,0.08445724495517919,0.026666602857964634,0.11112384781314383,1904.5690098818916,635.5380135599626,2540.107023441854,40.60980891154662,40.60980891154662,1649.1565798323315,39.11997113301109,128.69152277066166,50.982473201018024,50.982473201018024,2599.212573692521
space1_time2,2020-09-20 15:00:00,34.25,86.75,1,2,152.23287963867188,141.06496796481818,142.67525709207615,0.9887136062686839,0.05160521992514077,0.025552894500088442,0.07715811442522921,1138.4014654151633,585.8146288881578,1724.2160943033211,11.167911673853695,11.167911673853695,124.72225115499764,9.557622546595724,128.69152277066166,23.54135686801021,23.54135686801021,554.1954831870115
space1_time2,2020-09-21 15:00:00,32.25,83.75,1,2,186.8609619140625,140.19899567285853,139.62840421773677,1.0040864998659726,0.08350738096762406,0.02598206562095097,0.10948944658857503,1909.9628065553934,627.5308589061543,2537.4936654615476,46.66196624120397,46.66196624120397,2177.339093495259,47.23255769632573,128.69152277066166,58.16943914340084,58.16943914340084,3383.6836502578135
space1_time2,2020-09-22 15:00:00,33.75,81.75,1,2,173.79376220703125,138.36461436663114,139.09097028545526,0.994777835560904,0.05482264407580581,0.02542236386572058,0.08024500794152639,1169.0120478393062,564.2313743285195,1733.2434221678257,35.429147840400105,35.429147840400105,1255.2245166969274,34.702791921575994,128.69152277066166,45.10223943636959,45.10223943636959,2034.212002175612
space1_time2,2020-09-23 16:00:00,34.0,78.75,1,2,70.56288146972656,137.99532099794473,139.80391536677473,0.9870633496630965,0.05265855414298648,0.025147806859911817,0.0778063610028983,1112.944127015099,552.536855446571,1665.48098246167,-67.43243952821817,67.43243952821817,4547.1339007268,-69.24103389704817,128.69152277066166,-58.1286413009351,58.1286413009351,3378.938939492778
space1_time2,2020-09-30 15:00:00,29.0,86.25,1,2,130.0186309814453,135.44862742979493,137.31428246017273,0.9864132485204593,0.07751211648119435,0.026824371846312454,0.1043364883275068,1641.2390103671808,598.2634653002779,2239.5024756674584,-5.429996448349613,5.429996448349613,29.484861429089406,-7.295651478727422,128.69152277066166,1.3271082107836492,1.3271082107836492,1.7612162031293785
space1_time2,2020-09-30 15:00:00,33.25,87.0,1,2,152.88623046875,136.75119404139323,137.80937355948032,0.9923214256711614,0.06768946752585035,0.025649924550217206,0.09333939207606756,1437.8104122991574,570.7737701592442,2008.5841824584018,16.135036427356766,16.135036427356766,260.3394005121298,15.07685690926968,128.69152277066166,24.194707698088337,24.194707698088337,585.383880595935
space1_time2,2020-10-01 15:00:00,30.75,84.5,1,2,171.18031311035156,135.29054581599274,137.2107261255965,0.9860056107578198,0.07092550298751996,0.02625921358645073,0.09718471657397068,1482.6423818202304,576.1566085421083,2058.798990362339,35.88976729435882,35.88976729435882,1288.0753964432279,33.96958698475507,128.69152277066166,42.4887903396899,42.4887903396899,1805.2973045301258
space1_time2,2020-10-01 15:00:00,35.0,85.0,1,2,155.4996795654297,139.3742780905694,139.6685358397938,0.9978931708028936,0.04352480121026635,0.025025327158398454,0.06855012836866481,925.4619571467641,550.635316248541,1476.0972733953051,16.125401474860297,16.125401474860297,260.0285727254266,15.831143725635883,128.69152277066166,26.808156794768024,26.808156794768024,718.677270732867
space1_time2,2020-10-03 16:00:00,34.25,80.25,1,2,169.22023010253906,134.78435297720966,137.76010486001337,0.9783990300687736,0.04984670447017288,0.024959765944178224,0.0748064704143511,1000.6276054255293,520.100017632945,1520.7276230584744,34.4358771253294,34.4358771253294,1185.8296333907845,31.46012524252569,128.69152277066166,40.5287073318774,40.5287073318774,1642.5761179929727
space1_time3,2020-10-11 15:00:00,29.25,84.75,1,3,169.22023010253906,166.12936279739228,145.85521550871977,1.1390018671458508,0.06860417902469527,0.04208106143359391,0.11068524045828917,2189.2518821125605,1419.102351763695,3608.3542338762554,3.090867305146787,3.090867305146787,9.553460698025363,23.365014593819296,129.8304696454143,39.389760457124765,39.389760457124765,1551.5532288696697
space1_time3,2020-10-11 15:00:00,33.25,85.5,1,3,172.48703002929688,158.25457016071476,138.8092633799872,1.1400865209369815,0.05373664383211222,0.041783635149280976,0.0955202789813932,1521.2059174769543,1240.6377541532463,2761.8436716302003,14.232459868582112,14.232459868582112,202.56291391080035,33.67776664930969,129.8304696454143,42.65656038388258,42.65656038388258,1819.5821437838206
space1_time3,2020-10-13 16:00:00,32.5,80.5,1,3,171.83367919921875,154.78932909379628,138.07762070359257,1.1210312598453462,0.05243248278539647,0.04081959832946059,0.09325208111485705,1415.8480225134713,1154.8212829581094,2570.6693054715806,17.044350105422467,17.044350105422467,290.50987051621485,33.75605849562618,129.8304696454143,42.00320955380445,42.00320955380445,1764.2696128208097
space1_time3,2020-10-20 15:00:00,29.75,87.75,1,3,167.26016235351562,165.70015565293372,141.63292866315206,1.1699267763291206,0.058027898289072136,0.04341204831740875,0.10143994660648088,1815.5115302757185,1428.805208185384,3244.3167384611024,1.5600067005819085,1.5600067005819085,2.4336209058604523,25.627233690363568,129.8304696454143,37.42969270810133,37.42969270810133,1400.9818962228937
space1_time3,2020-10-20 15:00:00,33.75,88.5,1,3,175.7538299560547,154.02026599767166,131.72978411920153,1.169213682596638,0.0643724020979059,0.04318031545741628,0.10755271755532218,1756.3791661584949,1243.133888026643,2999.5130541851377,21.73356395838303,21.73356395838303,472.34780233312586,44.02404583685316,129.8304696454143,45.92336031064039,45.92336031064039,2108.955022220901
space1_time3,2020-10-21 15:00:00,31.75,86.25,1,3,181.6340789794922,164.51267883004655,139.92888376241027,1.175687780868587,0.054677099534958584,0.042942131658019904,0.0976192311929785,1676.9757735313797,1382.871853677242,3059.847627208622,17.121400149445634,17.121400149445634,293.142343077437,41.70519521708192,129.8304696454143,51.80360933407789,51.80360933407789,2683.613940037762
space1_time3,2020-10-21 15:00:00,35.5,86.5,1,3,190.1277618408203,153.79423074218684,130.94132270390966,1.174527853899515,0.057900777376685315,0.04266468516132142,0.10056546253800674,1559.0971089970844,1208.0004725621047,2767.097581559189,36.33353109863347,36.33353109863347,1320.1254820953657,59.18643913691065,129.8304696454143,60.297292195406015,60.297292195406015,3635.7634460981712
space1_time3,2020-10-23 16:00:00,30.75,80.75,1,3,173.14039611816406,150.34146895022565,129.7794280617404,1.1584383688199273,0.06524839368133979,0.04212541878863791,0.10737381246997771,1696.6989951989358,1155.7135661654765,2852.4125613644123,22.798927167938416,22.798927167938416,519.7910800089604,43.36096805642367,129.8304696454143,43.309926472749765,43.309926472749765,1875.749731074991
space1_time3,2020-10-23 16:00:00,34.75,81.5,1,3,180.32736206054688,146.39855397535592,126.59031049710926,1.1564751946690188,0.05537789697239137,0.041856906740618045,0.09723480371300941,1344.9905159108057,1067.1866241530574,2412.177140063863,33.92880808519095,33.92880808519095,1151.164018081719,53.73705156343762,129.8304696454143,50.49689241513258,50.49689241513258,2549.936143585474
space1_time3,2020-10-24 16:00:00,32.5,78.75,1,3,179.0206298828125,161.43982958860704,138.51569496989697,1.165498462998666,0.05484402338027978,0.04150204026364219,0.09634606364392197,1617.9194955757873,1284.680316817403,2902.5998123931904,17.58080029420546,17.58080029420546,309.08453898473476,40.50493491291553,129.8304696454143,49.1901602373982,49.1901602373982,2419.671864180911
space1_time3,2020-10-27 16:00:00,58.25,76.75,1,3,114.33799743652344,146.65360140869873,129.1906948298318,1.135171550875772,0.022828094985050472,0.04199163223591204,0.06481972722096252,529.8738336872315,1006.8469558470393,1536.7207895342708,-32.315603972175296,32.315603972175296,1044.2982600864718,-14.852697393308375,129.8304696454143,-15.49247220889086,15.49247220889086,240.01669514325562
space1_time3,2020-10-30 15:00:00,31.75,88.75,1,3,184.2475128173828,158.02203301888767,131.52560786594492,1.2014544968303718,0.07597022714029422,0.044362417604286684,0.12033264474458091,2223.001095733553,1378.3913469503675,3601.3924426839203,26.225479798495144,26.225479798495144,687.7757906612769,52.72190495143789,129.8304696454143,54.417043171968515,54.417043171968515,2961.214587579885
space1_time3,2020-10-31 15:00:00,29.5,85.75,1,3,49.655357360839844,157.19150923305526,133.80574897304874,1.1747739573186562,0.05890009830253257,0.044294331840016576,0.10319443014254914,1662.0486363066552,1316.0032941255306,2978.051930432186,-107.53615187221541,107.53615187221541,11564.023959484179,-84.15039161220889,129.8304696454143,-80.17511228457445,80.17511228457445,6428.048629844121
space1_time3,2020-10-31 15:00:00,33.5,86.5,1,3,155.4996795654297,159.33743674491748,135.8486190393323,1.1729043539175361,0.0477039182280443,0.044044137754803786,0.09174805598284808,1359.6756879502552,1314.274718433382,2673.9504063836375,-3.837757179487795,3.837757179487795,14.728380168710117,19.651060526097382,129.8304696454143,25.66920992001539,25.66920992001539,658.9083379178165
space1_time3,2020-11-01 15:00:00,31.0,83.75,1,3,187.51431274414062,158.84025757721182,134.3259251811782,1.1824988911334038,0.06598151957348662,0.04384201689664617,0.1098235364701328,1920.6388828813035,1348.0866581264884,3268.725541007792,28.67405516692881,28.67405516692881,822.2014397160767,53.18838756296242,129.8304696454143,57.68384309872633,57.68384309872633,3327.425754638477
space1_time3,2020-11-01 15:00:00,35.25,84.5,1,3,187.51431274414062,154.1901924107302,130.73428089892337,1.1794166866603386,0.06233915040022393,0.04360893731908492,0.10594808771930886,1700.1770306814296,1253.9470451348702,2954.1240758163,33.324120333410434,33.324120333410434,1110.4969959956188,56.78003184521725,129.8304696454143,57.68384309872633,57.68384309872633,3327.425754638477
space1_time3,2020-11-02 17:00:00,51.5,61.5,1,3,169.22023010253906,173.19691469901431,138.0636361333695,1.2544716302539363,0.058673587233047414,0.03855444137533574,0.09722802860838316,1997.7983114457934,1378.0368061365568,3375.83511758235,-3.976684596475252,3.976684596475252,15.814020379843537,31.156593969169563,129.8304696454143,39.389760457124765,39.389760457124765,1551.5532288696697
space1_time3,2020-11-06 16:00:00,56.0,77.25,1,3,151.5795135498047,154.6609232190043,135.78867693499862,1.1389824741649088,0.04061280600052343,0.043228316918132254,0.08384112291865568,1078.1637737337514,1196.7402616456789,2274.9040353794303,-3.0814096691996156,3.0814096691996156,9.495085549436885,15.790836614806068,129.8304696454143,21.74904390439039,21.74904390439039,473.02091075510083
space1_time3,2020-11-10 15:00:00,31.25,86.5,1,3,145.04591369628906,162.966938428513,137.62307889035316,1.184154138553693,0.046584869812248644,0.04543428337439462,0.09201915318664326,1388.552662545117,1418.0153797741364,2806.5680423192534,-17.92102473222394,17.92102473222394,321.16312745298217,7.422834805935906,129.8304696454143,15.215444050874765,15.215444050874765,231.5097376653003
space1_time3,2020-11-10 15:00:00,35.25,87.25,1,3,177.7139129638672,144.46447277778836,122.97760984518918,1.1747217478014742,0.04300787308249519,0.045264170218450965,0.08827204330094615,1001.7945210632187,1101.9373017260664,2103.731822789285,33.24944018607883,33.24944018607883,1105.5252726876338,54.73630311867801,129.8304696454143,47.88344331845289,47.88344331845289,2292.824144031491
space1_time3,2020-11-12 15:00:00,34.5,82.5,1,3,175.10047912597656,154.9038952371853,121.83346959802839,1.2714395785350934,0.049575004848685066,0.04543105503239964,0.09500605988108471,1341.088993483542,1288.7564001966928,2629.845393680235,20.196583888791253,20.196583888791253,407.9020007769824,53.267009527948176,129.8304696454143,45.270009480562265,45.270009480562265,2049.3737583701973
space1_time3,2020-11-17 16:00:00,59.0,76.25,1,3,152.88623046875,129.7700547486494,123.12766926382623,1.0539471389699622,0.025706857856783796,0.04514247461942452,0.07084933247620831,470.71883648651806,856.4610127789489,1327.179849265467,23.116175720100614,23.116175720100614,534.3575799225691,29.758561204923765,129.8304696454143,23.055760823335703,23.055760823335703,531.5681071428614
space1_time3,2020-11-20 15:00:00,31.5,83.25,1,3,158.1131134033203,159.44191918784276,129.34896197483235,1.2326493908692182,0.062449187712664965,0.046941261787627885,0.10939044950029285,1827.5561391082233,1450.8477153870012,3278.4038544952246,-1.3288057845224444,1.3288057845224444,1.765724812980309,28.764151428487963,129.8304696454143,28.282643757906015,28.282643757906015,799.9079379366201
space1_time3,2020-11-20 15:00:00,28.75,86.5,1,3,154.8463134765625,154.75944993708538,127.55872162389502,1.213240835020213,0.05442195128977979,0.04767320928518474,0.10209516057496452,1483.5391063867264,1367.591816602205,2851.130922988931,0.08686353947712178,0.08686353947712178,0.007545274490493493,27.287591852667475,129.8304696454143,25.015843831148203,25.015843831148203,625.7924425843956
space1_time3,2020-11-30 15:00:00,34.0,87.5,1,3,56.18895721435547,135.16407257851614,123.58671376948149,1.0936780213335,0.046529598378365414,0.048711495707493196,0.09524109408585861,957.1003466284828,1050.8596957778213,2007.9600424063042,-78.97511536416067,78.97511536416067,6237.068846782487,-67.39775655512602,129.8304696454143,-73.64151243105883,73.64151243105883,5423.072353133792
space1_time3,2020-12-02 15:00:00,32.75,82.75,1,3,137.20559692382812,137.85464773602348,124.11283470103098,1.1107203221012112,0.050416208506724715,0.04847913990500141,0.09889534841172612,1084.8169107137553,1096.0050531743084,2180.8219638880637,-0.6490508121953553,0.6490508121953553,0.4212669568114504,13.092762222797148,129.8304696454143,7.375127278413828,7.375127278413828,54.392502372803754
space1_time3,2020-12-03 15:00:00,34.25,80.75,1,3,142.43247985839844,135.97709240031483,121.74534938022136,1.1168976317579618,0.04611230014106657,0.04831747925919001,0.09442977940025658,958.9815558231197,1053.4323995132727,2012.4139553363925,6.455387458083607,6.455387458083607,41.67202723398313,20.68713047817708,129.8304696454143,12.60201021298414,12.60201021298414,158.8106614081566
space1_time3,2020-12-07 16:00:00,56.75,76.5,1,3,151.5795135498047,117.55603545781723,126.7029790616908,0.9278079831144302,0.01994373500329506,0.04786338607405055,0.06780712107734561,297.9082569421287,739.6697383213984,1037.577995263527,34.02347809198746,34.02347809198746,1157.5970614759503,24.87653448811389,129.8304696454143,21.74904390439039,21.74904390439039,473.02091075510083
space1_time3,2020-12-11 15:00:00,32.0,85.25,1,3,169.87359619140625,129.12800912227462,122.99550836735716,1.0498595504528605,0.047037834884481815,0.04983823705990924,0.09687607194439105,884.7389557700582,983.947165558976,1868.6861213290342,40.74558706913163,40.74558706913163,1660.2028656081868,46.87808782404909,129.8304696454143,40.04312654599195,40.04312654599195,1603.4519835783253
space1_time3,2020-12-11 15:00:00,36.0,86.25,1,3,139.16567993164062,126.40971047991144,121.26836253382412,1.0423964489885253,0.03888639434439651,0.049794193141765836,0.08868058748616234,692.3783433944778,926.8271497435649,1619.2054931380426,12.755969451729186,12.755969451729186,162.71475665344818,17.897317397816508,129.8304696454143,9.335210286226328,9.335210286226328,87.14615108806584
space1_time3,2020-12-21 15:00:00,32.25,85.5,1,3,167.91351318359375,129.89667026271547,123.67008957360783,1.0503483155108544,0.04799819831254996,0.0507865092464346,0.09878470755898455,915.7712205598345,1018.0432511468139,1933.8144717066484,38.016842920878275,38.016842920878275,1445.2803456707327,44.243423609985925,129.8304696454143,38.08304353817945,38.08304353817945,1450.3182051308718
space1_time3,2020-12-23 15:00:00,31.25,80.5,1,3,145.04591369628906,128.9090452999376,122.34518144633739,1.0536503667410813,0.042098633662375505,0.050691557228686304,0.0927901908910618,783.9831437723519,988.8670793853518,1772.8502231577036,16.136868396351474,16.136868396351474,260.398521641167,22.70073224995167,129.8304696454143,15.215444050874765,15.215444050874765,231.5097376653003
space2_time0,2020-01-02 20:00:00,51.5,24.0,2,0,162.68663024902344,137.7986867456827,139.278686545654,0.9893738242607123,0.014491914060548963,0.0161678805601385,0.030659794620687464,285.81299203872845,323.79335239520844,609.6063444339369,24.88794350334075,24.88794350334075,619.4097318254811,23.407943703369426,137.7940717755404,24.892558473483035,24.892558473483035,619.639467355772
space2_time0,2020-01-02 20:00:00,59.75,26.75,2,0,107.80439758300781,138.14311921812939,142.64896639931192,0.9684130401017451,0.015920437543432597,0.015688703271150673,0.03160914081458327,316.0842501367511,316.4452719438736,632.5295220806247,-30.338721635121573,30.338721635121573,920.4380304533938,-34.844568816304104,137.7940717755404,-29.98967419253259,29.98967419253259,899.3805581742553
space2_time0,2020-01-02 23:00:00,65.25,-19.25,2,0,113.68463897705078,120.20657325892454,127.35798329897173,0.9438479641809394,0.015094663640878723,0.016399799129770656,0.03149446277064938,226.7982152666438,250.3193376069869,477.1175528736307,-6.5219342818737545,6.5219342818737545,42.535626777080125,-13.67334432192095,137.7940717755404,-24.10943279848962,24.10943279848962,581.2647498648871
space2_time0,2020-01-03 22:00:00,28.5,-8.75,2,0,24.174320220947266,152.56785893549926,157.35690648537104,0.9695656984060179,0.012248110511174049,0.017059836407087678,0.029307946918261725,295.38323128914385,417.5017447637256,712.8849760528694,-128.393538714552,128.393538714552,16484.90078364516,-133.18258626442378,137.7940717755404,-113.61975155459314,113.61975155459314,12909.44794332747
space2_time0,2020-01-03 22:00:00,32.25,-7.5,2,0,16.98736000061035,145.75119307543335,150.4616860720739,0.9686930731695765,0.013229753168911564,0.017086339803379653,0.030316092972291216,291.62050782691915,382.3847212950422,674.0052291219613,-128.763833074823,128.763833074823,16580.124708120882,-133.47432607146354,137.7940717755404,-120.80671177493005,120.80671177493005,14594.261609871022
space2_time0,2020-01-03 22:00:00,39.75,-6.25,2,0,71.86959838867188,143.08376791306205,148.19064829450636,0.9655384436182833,0.01449757956015992,0.017052631753083018,0.03155021131324294,308.5533262289282,368.70467602596153,677.2580022548898,-71.21416952439017,71.21416952439017,5071.457941048582,-76.32104990583449,137.7940717755404,-65.92447338686853,65.92447338686853,4346.036191335937
space2_time0,2020-01-03 22:00:00,43.5,-5.75,2,0,128.05856323242188,144.0824539656659,149.15129591894836,0.9660154347164578,0.01395694191956501,0.017090298850361528,0.031047240769926536,300.97494670760506,374.3116249390857,675.2865716466907,-16.02389073324403,16.02389073324403,256.7650742309439,-21.09273268652649,137.7940717755404,-9.735508543118527,9.735508543118527,94.78012659313383
space2_time0,2020-01-04 22:00:00,26.25,-11.0,2,0,218.87559509277344,155.5688543696621,163.1833960277255,0.9533375218103093,0.0121044686717244,0.017180310062899332,0.029284778734623734,303.48718608166797,437.106660706074,740.593846787742,63.306740723111346,63.306740723111346,4007.7434209832445,55.69219906504793,137.7940717755404,81.08152331723304,81.08152331723304,6574.213423443004
space2_time0,2020-01-04 22:00:00,42.5,-7.5,2,0,192.74119567871094,139.4906405850771,146.511351517313,0.9520807714929432,0.015484824277653802,0.017032869654321704,0.032517693931975504,313.6790395833628,350.69460077960514,664.373640362968,53.250555093633835,53.250555093633835,2835.6216177801325,46.22984416139795,137.7940717755404,54.947123903170535,54.947123903170535,3019.186425230375
space2_time0,2020-01-05 00:00:00,65.75,-24.0,2,0,116.29808044433594,129.61273173169926,138.31559213421286,0.9370796866193588,0.017460691165558595,0.0163165172055958,0.033777208371154395,306.071626749679,290.88614251277994,596.9577692624589,-13.314651287363318,13.314651287363318,177.27993890408567,-22.017511689876926,137.7940717755404,-21.495991331204465,21.495991331204465,462.0776433112175
space2_time0,2020-01-05 22:00:00,24.5,-13.75,2,0,187.51431274414062,151.8423981655923,159.25976128588147,0.9534260062906003,0.01581961294717857,0.017137725166309507,0.032957338113488076,379.9573640739912,418.45577668550646,798.4131407594977,35.671914578548325,35.671914578548325,1272.4854896992485,28.254551458259158,137.7940717755404,49.72024096860022,49.72024096860022,2472.102361975672
space2_time0,2020-01-10 23:00:00,64.5,-15.25,2,0,118.2581558227539,125.33017276473065,133.5681901732304,0.9383235080312501,0.013935000198198658,0.016413479329355864,0.030348479527554522,227.21023653422967,271.71462622813056,498.92486276236025,-7.072016941976742,7.072016941976742,50.013423627606066,-15.310034350476485,137.7940717755404,-19.535915952786496,19.535915952786496,381.65201211433794
space2_time0,2020-01-11 20:00:00,53.25,26.5,2,0,162.0332794189453,138.04616245612974,139.41078551298307,0.9902114958191222,0.015437696533480018,0.015766744999659882,0.0312044415331399,305.87195469444885,317.3038537999034,623.1758084943522,23.987116962815577,23.987116962815577,575.3817801877948,22.622493905962244,137.7940717755404,24.23920764340491,24.23920764340491,587.539187180099
space2_time0,2020-01-11 20:00:00,57.5,27.75,2,0,99.31071472167969,130.59465941274092,134.06088481088466,0.9741443941457384,0.013838852056804095,0.015452751628493187,0.029291603685297284,244.72628451440036,277.29869182188247,522.0249763362829,-31.283944691061237,31.283944691061237,978.6851954333786,-34.75017008920497,137.7940717755404,-38.483357053860715,38.483357053860715,1480.9687701349312
space2_time0,2020-01-14 22:00:00,26.0,-11.5,2,0,195.35462951660156,153.0256100882852,160.5843085313025,0.9529300308844066,0.01129174725330219,0.017167149093282662,0.028458896346584852,273.59188305986595,421.91312463687336,695.5050076967393,42.32901942831637,42.32901942831637,1791.7458857627848,34.770320985299065,137.7940717755404,57.56055774106116,57.56055774106116,3313.217807462036
space2_time0,2020-01-14 22:00:00,42.25,-7.75,2,0,150.92616271972656,143.4381361552102,150.6583740760671,0.9520754291612662,0.01227993434712386,0.017031838478635514,0.029311772825759374,261.7728102724342,368.4321423133923,630.2049525858265,7.48802656451636,7.48802656451636,56.070541830902684,0.26778864365945765,137.7940717755404,13.13209094418616,13.13209094418616,172.45181256637616
space2_time0,2020-01-15 00:00:00,65.5,-24.75,2,0,135.24551391601562,131.84962797657536,140.87646687429313,0.9359237273761797,0.01632440160403189,0.016225214187183017,0.0325496157912149,295.58393571753885,298.60838345143816,594.1923191689771,3.3958859394402623,3.3958859394402623,11.532041313688072,-5.630952958277504,137.7940717755404,-2.5485578595247773,2.5485578595247773,6.495147163345514
space2_time1,2020-01-21 20:00:00,53.0,25.75,2,1,152.88623046875,141.5901875205577,144.16726476756094,0.9821243938340775,0.00861980017844812,0.013479125328264048,0.022098925506712167,177.43286448434847,280.5428734385032,457.97573792285164,11.296042948192309,11.296042948192309,127.60058628740518,8.718965701189063,136.07580674637455,16.810423722375447,16.810423722375447,282.59034572580316
space2_time1,2020-01-22 23:00:00,65.0,-21.0,2,1,122.83168029785156,130.87392904870944,135.97483948728387,0.9624863654348976,0.01638856258346099,0.014525912500717896,0.030914475084178886,291.90176627181313,262.75514804526716,554.6569143170802,-8.04224875085788,8.04224875085788,64.67776497067513,-13.14315918943231,136.07580674637455,-13.24412644852299,13.24412644852299,175.40688538446622
space2_time1,2020-01-23 22:00:00,27.75,-8.75,2,1,194.70127868652344,151.8855410003475,156.58958790591345,0.9699593889448614,0.01275437422087427,0.01636343772723064,0.029117811948104907,304.8668798939782,396.87193897808595,701.7388188720641,42.815737686175936,42.815737686175936,1833.1873936114264,38.11169078060999,136.07580674637455,58.625471940148884,58.625471940148884,3436.9459602051843
space2_time1,2020-01-23 22:00:00,31.75,-8.0,2,1,196.00799560546875,149.8189393932458,155.05622939027788,0.966223285464721,0.010498350905530241,0.016526998568908744,0.027025349474438985,243.37343056344096,388.34480229530715,631.7182328587481,46.18905621222294,46.18905621222294,2133.42891377589,40.95176621519087,136.07580674637455,59.9321888590942,59.9321888590942,3591.8672614421343
space2_time1,2020-01-23 22:00:00,40.0,-6.5,2,1,134.5921630859375,146.22517493777778,147.67289173099354,0.9901964620842328,0.01111219409260424,0.016367501750628764,0.027479695843233003,245.58035039851987,366.72958386914587,612.3099342676658,-11.63301185184028,11.63301185184028,135.32696474505642,-13.080728645056041,136.07580674637455,-1.4836436604370533,1.4836436604370533,2.2011985111550585
space2_time1,2020-01-23 22:00:00,48.0,-4.25,2,1,203.19496154785156,147.1351489035359,146.31909129901703,1.0055772462586658,0.011528834680453365,0.016517345687876366,0.02804618036832973,258.1692059339478,375.1042354108101,633.2734413447579,56.059812644315656,56.059812644315656,3142.7025937157737,56.87587024883453,136.07580674637455,67.11915480147701,67.11915480147701,4504.980941264635
space2_time1,2020-01-25 22:00:00,24.25,-14.5,2,1,197.96807861328125,157.24990215726496,160.82757854063397,0.977754584034447,0.01483405750443813,0.016622436929952043,0.03145649443439017,381.35308546613567,434.1039214959326,815.4570069620682,40.718176456016295,40.718176456016295,1657.9698939032796,37.140500072647285,136.07580674637455,61.8922718669067,61.8922718669067,3830.65331684709
space2_time1,2020-01-30 23:00:00,64.5,-17.25,2,1,121.52495574951172,126.7693470959637,131.08080377311475,0.9671084052504462,0.016223232005382903,0.014788140833181569,0.03101137283856447,271.1199944503808,250.99841241729325,522.118406867674,-5.244391346451977,5.244391346451977,27.50364059474038,-9.555848023603033,136.07580674637455,-14.550850996862835,14.550850996862835,211.72726473290416
space2_time1,2020-02-09 23:00:00,64.5,-18.25,2,1,116.29808044433594,129.01187326462866,133.72073619336604,0.9647858435214705,0.01928539617649987,0.015131209593697507,0.03441660577019738,335.4512157826425,267.75977608767346,603.210991870316,-12.713792820292724,12.713792820292724,161.64052787732683,-17.4226557490301,136.07580674637455,-19.777726302038616,19.777726302038616,391.1584576783501
space2_time1,2020-02-10 20:00:00,52.75,24.75,2,1,154.19296264648438,136.19767416298833,141.04550349760913,0.9656293237685315,0.008526405556034723,0.014243757737503755,0.022770163293538478,162.49766530354788,274.5696638750123,437.06732917856016,17.99528848349604,17.99528848349604,323.8304076042452,13.147459148875242,136.07580674637455,18.11715590010982,18.11715590010982,328.23133790888414
space2_time1,2020-02-11 23:00:00,65.0,-23.5,2,1,127.40519714355469,129.8380528264073,135.96834408184895,0.9549138345632022,0.014643172783693538,0.015217923267602719,0.029861096051296256,256.2071753042807,270.2688891396169,526.4760644438976,-2.432855682852619,2.432855682852619,5.918786773588282,-8.563146938294267,136.07580674637455,-8.670609602819866,8.670609602819866,75.17947088451207
space2_time1,2020-02-12 22:00:00,27.25,-9.75,2,1,61.41584014892578,154.70197161193343,159.6113701363426,0.9692415488933181,0.01195829201083654,0.016443622336695756,0.028401914347532295,296.2067452156216,413.13594832934405,709.3426935449656,-93.28613146300765,93.28613146300765,8702.302323333546,-98.19552998741682,136.07580674637455,-74.65996659744877,74.65996659744877,5574.110612332166
space2_time1,2020-02-12 22:00:00,31.25,-9.0,2,1,156.806396484375,151.8204712412387,157.58465146779372,0.9634216900385567,0.01005142146341792,0.016422668551211633,0.026474090014629553,239.09482249755115,395.8569222984701,634.9517447960213,4.9859252431363075,4.9859252431363075,24.859450530143846,-0.7782549834187193,136.07580674637455,20.730589738000447,20.730589738000447,429.75735088528944
space2_time1,2020-02-12 22:00:00,39.5,-7.0,2,1,136.55223083496094,146.44369112206726,152.12096782286864,0.9626791968125524,0.014054022451444003,0.016386704502875646,0.03044072695431965,312.9086598981349,370.44178371055347,683.3504436086884,-9.891460287106327,9.891460287106327,97.84098661140158,-15.568736987907698,136.07580674637455,0.4764240885863842,0.4764240885863842,0.22697991218536684
space2_time1,2020-02-12 22:00:00,42.5,-6.75,2,1,109.11111450195312,142.59219340070834,148.56246359154795,0.9598130641717544,0.00971159189434282,0.01635964731592437,0.026071239210267192,203.6643757602661,347.58659356229424,551.2509693225603,-33.481078898755214,33.481078898755214,1120.9826442246717,-39.45134908959483,136.07580674637455,-26.96469224442143,26.96469224442143,727.0946278363612
space2_time1,2020-02-13 22:00:00,25.25,-12.5,2,1,164.64671325683594,157.5478842876984,161.1359717848882,0.9777325481241407,0.01409643027429557,0.01662716792562838,0.03072359819992395,363.3640723435001,435.2352592923791,798.5993316358793,7.098828969137543,7.098828969137543,50.393372733066386,3.510741471947739,136.07580674637455,28.570906510461384,28.570906510461384,816.2966988295248
space2_time1,2020-02-14 22:00:00,23.5,-15.25,2,1,178.36727905273438,157.62555772354975,160.94531714001468,0.9793733705617735,0.013315829914120595,0.016659730921548953,0.029975560835669546,343.1898513444848,435.85808281427836,779.0479341587632,20.741721329184628,20.741721329184628,430.2190036975525,17.421961912719695,136.07580674637455,42.29147230635982,42.29147230635982,1788.5686298395997
space2_time1,2020-02-20 23:00:00,66.5,-22.0,2,1,100.61743927001953,135.36867769527777,138.88434892027547,0.9746863397328106,0.011064279959778121,0.015341660402218241,0.026405940361996363,209.33038723240446,294.115225117803,503.44561235020745,-34.75123842525824,34.75123842525824,1207.6485720891446,-38.26690965025594,136.07580674637455,-35.45836747635502,35.45836747635502,1257.2958240882317
space2_time1,2020-02-22 22:00:00,30.75,-9.25,2,1,179.6739959716797,151.64965265185026,158.00310353098763,0.9597890754222349,0.011685333401423558,0.01639401942962311,0.02807935283104667,278.0088137596669,395.55114737734414,673.559961137011,28.024343319829427,28.024343319829427,785.3638185076683,21.670892440692057,136.07580674637455,43.598189225305134,43.598189225305134,1900.8021037255128
space2_time1,2020-02-22 22:00:00,43.0,-7.0,2,1,146.35263061523438,143.7938090658476,148.22619374612313,0.9700971564589509,0.012671553023625447,0.016359899428971127,0.029031452452596574,271.4394206033273,355.5737904685552,627.0132110718826,2.558821549386778,2.558821549386778,6.547567721606151,-1.8735631308887548,136.07580674637455,10.276823868859822,10.276823868859822,105.61310883156695
space2_time1,2020-02-23 22:00:00,24.75,-12.75,2,1,145.04591369628906,158.2941969715568,162.23551573620944,0.9757061901842684,0.014559370072783843,0.016675457869402086,0.03123482794218593,379.14300638493796,441.0846908137692,820.2276971987071,-13.248283275267738,13.248283275267738,175.51700974173886,-17.189602039920373,136.07580674637455,8.97010694991451,8.97010694991451,80.46281869290458
space2_time2,2020-03-03 22:00:00,26.0,-10.25,2,2,197.31471252441406,150.570144854501,150.147545369165,1.0028145613989026,0.01647134829327067,0.013192254584321137,0.029663602877591806,387.8566511586218,315.28312452700084,703.1397756856227,46.74456766991307,46.74456766991307,2185.054606647082,47.167167155249075,132.79374426221554,64.52096826219852,64.52096826219852,4162.955345491629
space2_time2,2020-03-03 22:00:00,30.25,-9.5,2,2,190.1277618408203,150.97612977860297,151.32186755705087,0.9977152160224464,0.013884732109692058,0.013004167931812773,0.02688890004150483,327.37861124365617,310.7662078680367,638.1448191116929,39.151632062217345,39.151632062217345,1532.8502931352452,38.80589428376945,132.79374426221554,57.33401757860477,57.33401757860477,3287.189571703761
space2_time2,2020-03-04 22:00:00,24.25,-13.0,2,2,215.60879516601562,150.66946050763116,149.85808984453365,1.0054142600105151,0.01694428354449781,0.01336461657562974,0.030308900120127547,399.87224838033694,320.20940872214214,720.0816571024791,64.93933465838447,64.93933465838447,4217.117185873654,65.75070532148197,132.79374426221554,82.81505090380008,82.81505090380008,6858.332656198999
space2_time2,2020-03-04 22:00:00,28.25,-12.25,2,2,224.10247802734375,146.95354083530378,147.17932492852054,0.9984659252016107,0.015580151495404026,0.013196893837416365,0.02877704533282039,348.99329031791325,299.8919023018231,648.8851926197364,77.14893719203997,77.14893719203997,5951.958509861328,76.9231530988232,132.79374426221554,91.30873376512821,91.30873376512821,8337.284861791064
space2_time2,2020-03-05 22:00:00,22.25,-15.75,2,2,175.10047912597656,150.1305058223204,149.11445347326648,1.0068139092179687,0.015699217604215852,0.013583729434210927,0.02928294703842678,367.23733650448645,322.4374162590344,689.6747527635209,24.96997330365616,24.96997330365616,623.4995667853013,25.986025652710083,132.79374426221554,42.30673486376102,42.30673486376102,1789.8598148325723
space2_time2,2020-03-13 22:00:00,29.5,-10.0,2,2,212.3419952392578,147.4641868201005,147.9856754168499,0.996476087328855,0.015361168824958856,0.013111759629171951,0.028472928454130807,346.3402163223312,299.86190759577585,646.202123918107,64.8778084191573,64.8778084191573,4209.130025272879,64.35631982240793,132.79374426221554,79.54825097704227,79.54825097704227,6327.924233506506
space2_time2,2020-03-14 22:00:00,23.25,-13.25,2,2,196.00799560546875,146.89215029495668,147.5409646399144,0.995602479985534,0.016548149275448256,0.013487530621895127,0.030035679897343383,371.0131278368425,306.967779185325,677.9809070221675,49.11584531051207,49.11584531051207,2412.3662605661507,48.46703096555436,132.79374426221554,63.21425134325321,63.21425134325321,3996.0415728879902
space2_time2,2020-03-14 22:00:00,27.5,-12.75,2,2,201.23487854003906,148.25923917259703,148.59916412431727,0.9977124706338468,0.01506255689814774,0.013318815940010265,0.028381372838158003,343.19662353143264,307.8023735695595,650.9989971009921,52.97563936744203,52.97563936744203,2806.4183663892736,52.63571441572179,132.79374426221554,68.44113427782352,68.44113427782352,4684.18886123507
space2_time2,2020-03-15 22:00:00,21.5,-16.0,2,2,216.2621612548828,148.61184901505305,149.82988109842074,0.9918705663086814,0.016675026405163555,0.01366351893880965,0.030338545343973206,382.80291483331314,318.46194773586177,701.264862569175,67.65031223982976,67.65031223982976,4576.5647461464605,66.43228015646207,132.79374426221554,83.46841699266727,83.46841699266727,6966.976635261786
space2_time2,2020-03-24 22:00:00,22.25,-13.75,2,2,160.0731964111328,147.387252866929,148.79756461903125,0.9905219433146435,0.015148495878279987,0.013611385325604495,0.02875988120388448,341.25044449038086,311.0644425329777,652.3148870233586,12.685943544203809,12.685943544203809,160.9331636067263,11.275631792101564,132.79374426221554,27.279452148917272,27.279452148917272,744.1685095450672
space2_time2,2020-03-24 22:00:00,26.5,-13.0,2,2,179.6739959716797,147.42382040657583,147.42876026684345,0.9999664932387776,0.0168394425801943,0.013413313932853355,0.03025275651304765,380.4200597128799,307.6374580637128,688.0575177765927,32.25017556510386,32.25017556510386,1040.073823980022,32.24523570483623,132.79374426221554,46.88025170946415,46.88025170946415,2197.758000342716
space2_time2,2020-03-29 21:00:00,40.75,0.75,2,2,175.7538299560547,143.217726368981,147.11185953488987,0.9735294409422828,0.011135231141082919,0.012379962006914528,0.023515193147997444,235.13946904513824,264.51627466765194,499.6557437127902,32.53610358707368,32.53610358707368,1058.598036628789,28.641970421164814,132.79374426221554,42.96008569383915,42.96008569383915,1845.568962822003
space2_time2,2020-03-29 21:00:00,44.5,1.75,2,2,160.7265625,142.9685379794071,147.38680381391293,0.9700226497883474,0.01057498624477889,0.012230260457510802,0.022805246702289693,222.31220627527279,260.05905675335515,482.37126302862794,17.758024520592897,17.758024520592897,315.3474348739786,13.339758686087066,132.79374426221554,27.93281823778446,27.93281823778446,780.2423347051041
space2_time2,2020-03-31 22:00:00,39.5,-4.0,2,2,162.68663024902344,138.25952264681905,141.89386080964664,0.9743869245498711,0.011514556590031672,0.01263974661141485,0.02415430320144652,226.79326782985908,251.98044586538418,478.77371369524326,24.427107602204387,24.427107602204387,596.6835858096714,20.792769439376798,132.79374426221554,29.892885986807897,29.892885986807897,893.5846326202959
space2_time2,2020-04-01 22:00:00,37.25,-6.5,2,2,150.92616271972656,140.85441283735597,144.29371925643653,0.9761645452289692,0.012068462532681932,0.012831938927768564,0.024900401460450496,246.96205909359546,265.8752874711619,512.8373465647574,10.071749882370597,10.071749882370597,101.44014569303212,6.632443463290031,132.79374426221554,18.132418457511022,18.132418457511022,328.7845991182864
space2_time2,2020-04-01 22:00:00,41.75,-6.25,2,2,178.36727905273438,139.84243584234318,145.01712029616345,0.9643167341673026,0.01187643007571531,0.012473290268171082,0.02434972034388639,239.39788646806977,254.50901044260235,493.9068969106721,38.5248432103912,38.5248432103912,1484.1635443852247,33.35015875657092,132.79374426221554,45.573534790518835,45.573534790518835,2076.9470733026305
space2_time2,2020-04-09 21:00:00,40.25,-1.75,2,2,184.90087890625,141.1425984546758,145.08603583500144,0.9728200074002282,0.014000369319024297,0.012652716316487862,0.026653085635512157,288.4527514371655,264.1836636875036,552.6364151246692,43.758280451574194,43.758280451574194,1914.7871080786203,39.81484307124856,132.79374426221554,52.10713464403446,52.10713464403446,2715.153480811536
space2_time2,2020-04-13 22:00:00,23.75,-13.75,2,2,134.5921630859375,146.03281327364493,147.37088336629665,0.9909203903641814,0.01617212050391657,0.013714089566359737,0.02988621007027631,358.23148431214025,308.3558158765442,666.5873001886845,-11.440650187707433,11.440650187707433,130.88847671749014,-12.778720280359153,132.79374426221554,1.7984188237219598,1.7984188237219598,3.2343102655174776
space2_time2,2020-04-13 22:00:00,27.75,-13.0,2,2,159.41983032226562,150.79033016719842,150.52248598026029,1.001779429732334,0.014772000425496716,0.013530943315214712,0.028302943740711427,348.08856441180427,323.3879174273541,671.4764818391584,8.629500155067205,8.629500155067205,74.46827292630492,8.89734434200534,132.79374426221554,26.626086060050085,26.626086060050085,708.9484588771935
space2_time2,2020-04-14 22:00:00,21.75,-16.25,2,2,154.8463134765625,146.58958982462624,147.75402766068305,0.9921190788874404,0.016171075482872582,0.013879197563312157,0.03005027304618474,361.00404473280673,314.52966247553445,675.5337072083412,8.256723651936255,8.256723651936255,68.17348546444357,7.09228581587945,132.79374426221554,22.05256921434696,22.05256921434696,486.3158089535633
space2_time2,2020-04-19 21:00:00,38.75,-2.25,2,2,117.60479736328125,138.84353856093762,142.62165403090165,0.9735095242329369,0.012315028487466705,0.012858234502081602,0.025173262989548306,244.96063318765817,259.0053703967131,503.96600358437126,-21.238741197656367,21.238741197656367,451.08412766102583,-25.016856667620402,132.79374426221554,-15.18894689893429,15.18894689893429,230.7041078986456
space2_time2,2020-04-20 22:00:00,36.75,-5.0,2,2,138.51231384277344,141.22112964543214,144.81214923729718,0.9752022215623597,0.014153413726093314,0.013037729268797586,0.0271911429948909,292.1100689504988,272.76661650321967,564.8766854537184,-2.7088158026587053,2.7088158026587053,7.337683052733525,-6.29983539452374,132.79374426221554,5.718569580557897,5.718569580557897,32.70203804768212
space2_time2,2020-05-04 22:00:00,28.25,-15.75,2,2,176.40719604492188,144.4500485075509,146.36682832177928,0.9869042744438347,0.011929207030955966,0.013798424902257899,0.025727631933213865,256.92910138302926,301.036246926745,557.9653483097743,31.957147537370986,31.957147537370986,1021.2592787252964,30.040367723142595,132.79374426221554,43.613451782706335,43.613451782706335,1902.1331764024503
space2_time2,2020-05-14 22:00:00,28.75,-16.25,2,2,218.22222900390625,148.14081627854503,150.25980554412456,0.9858978303751541,0.012067242785395688,0.013912149982927315,0.025979392768323003,273.44074441728355,319.36818410573085,592.8089285230144,70.08141272536122,70.08141272536122,4911.404409582421,67.96242345978169,132.79374426221554,85.42848474169071,85.42848474169071,7298.026005261282
space2_time2,2020-06-02 22:00:00,21.5,-14.75,2,2,205.155029296875,150.58890460025245,147.52780324692722,1.0207493183383312,0.015845619725346236,0.013357870234258658,0.029203489959604895,372.9266914953458,319.0006748625353,691.927366357881,54.56612469662255,54.56612469662255,2977.4619644073614,57.62722604994778,132.79374426221554,72.36128503465946,72.36128503465946,5236.155571867231
space2_time2,2020-06-02 22:00:00,26.0,-14.5,2,2,179.0206298828125,152.12202199571877,150.6702961139488,1.009635116670057,0.013811474215391188,0.013317759052966269,0.027129233268357457,330.6807145776015,323.2144581380085,653.89517271561,26.898607887093732,26.898607887093732,723.5351062636212,28.350333768863692,132.79374426221554,46.22688562059696,46.22688562059696,2136.924954179754
space2_time2,2020-07-23 22:00:00,22.25,-17.0,2,2,109.76448059082031,145.31462188993723,143.37901591595252,1.0134999250874992,0.013174843882544618,0.012967580675108111,0.026142424557652727,287.4627942482906,286.66309201513474,574.1258862634254,-35.550141299116916,35.550141299116916,1263.8125463871781,-33.61453532513221,132.79374426221554,-23.029263671395228,23.029263671395228,530.346985246644
space2_time2,2020-08-13 22:00:00,27.75,-18.25,2,2,8.493680000305176,150.21169238194219,148.2588810539985,1.0131716313657628,0.014225664651833086,0.012722264809395003,0.02694792946122809,332.10553051985903,301.0363278752679,633.141858395127,-141.718012381637,141.718012381637,20083.99503340182,-139.76520105369332,132.79374426221554,-124.30006426191036,124.30006426191036,15450.505975515047
space2_time2,2020-08-28 21:00:00,42.75,2.75,2,2,219.52896118164062,143.39128481598416,140.70047849917043,1.0191243579660572,0.011006819381782048,0.012142875117110874,0.023149694498892922,232.89138814524884,259.92047160825916,492.811859753508,76.13767636565646,76.13767636565646,5796.945762361443,78.8284826824702,132.79374426221554,86.73521691942508,86.73521691942508,7522.997854059723
space2_time2,2020-09-07 21:00:00,36.75,-3.5,2,2,167.91351318359375,151.82707518611852,149.13042268247304,1.0180825109668408,0.011066826109603469,0.012280631975734972,0.02334745808533844,262.5829704098939,294.80479052176946,557.3877609316634,16.08643799747523,16.08643799747523,258.77348744661487,18.78309050112071,132.79374426221554,35.11976892137821,35.11976892137821,1233.3981690910027
space2_time2,2020-09-07 21:00:00,40.5,-3.25,2,2,164.64671325683594,154.17867235744717,152.04079789361575,1.0140611894534213,0.013821894387886939,0.01220690601753693,0.02602880040542387,339.5667680786741,303.8187225380305,643.3854906167046,10.468040899388768,10.468040899388768,109.57988027127601,12.605915363220191,132.79374426221554,31.852968994620397,31.852968994620397,1014.6116337722484
space2_time2,2020-09-08 21:00:00,38.25,-5.5,2,2,184.2475128173828,150.6940934213818,148.99921470197899,1.011375084914326,0.012449557972399381,0.012275614319884089,0.024725172292283472,291.6020614292491,291.10443246137396,582.706493890623,33.553419396001004,33.553419396001004,1125.8319531639363,35.24829811540383,132.79374426221554,51.45376855516727,51.45376855516727,2647.4902985287204
space2_time2,2020-09-08 21:00:00,42.75,-5.5,2,2,205.8083953857422,149.27268106083056,147.46870763209836,1.012232923565267,0.011853882945523945,0.012180054543071299,0.024033937488595246,272.1671388504,283.0370777214665,555.2042165718665,56.53571432491162,56.53571432491162,3196.286994228017,58.33968775364383,132.79374426221554,73.01465112352665,73.01465112352665,5331.139278690311
space2_time2,2020-09-17 21:00:00,39.5,-2.5,2,2,93.43048095703125,145.55468578428673,143.68783338212634,1.0129924180650398,0.01539236509206642,0.012177383463282282,0.027569748555348703,337.8141404231019,270.96396688734313,608.778107310445,-52.12420482725548,52.12420482725548,2716.9327288736836,-50.25735242509509,132.79374426221554,-39.36326330518429,39.36326330518429,1549.466498033268
space2_time2,2020-09-17 21:00:00,48.0,-1.75,2,2,66.64271545410156,151.15338047680186,147.3410889310557,1.0258739199866374,0.012165367371595565,0.012015538917812423,0.024180906289407986,286.488336313474,286.4017867320572,572.8901230455313,-84.5106650227003,84.5106650227003,7142.052502579059,-80.69837347695415,132.79374426221554,-66.15102880811398,66.15102880811398,4375.9586123719255
space2_time2,2020-09-18 21:00:00,37.25,-5.25,2,2,160.7265625,149.70511701188587,147.7326961527819,1.0133512818114692,0.011861280878184806,0.012251740927304394,0.0241130218054892,273.93985586693907,286.38989085848124,560.3297467254204,11.021445488114125,11.021445488114125,121.4722606474712,12.993866347218102,132.79374426221554,27.93281823778446,27.93281823778446,780.2423347051041
space2_time2,2020-09-18 21:00:00,41.5,-4.5,2,2,160.0731964111328,147.01644817660568,143.4574279291959,1.0248088948671679,0.013839639664782124,0.012156791718929444,0.02599643138371157,309.1401743461428,275.10209802529283,584.2422723714357,13.056748234527134,13.056748234527134,170.47867445982743,16.615768481936925,132.79374426221554,27.279452148917272,27.279452148917272,744.1685095450672
space2_time2,2020-09-27 21:00:00,38.25,-1.75,2,2,178.36727905273438,151.45945590555056,148.01535614950782,1.023268530006873,0.012449081668781304,0.012163737221080554,0.02461281888986186,294.5271943458898,291.33964872835605,585.8668430742459,26.90782314718382,26.90782314718382,724.0309465201213,30.35192290322655,132.79374426221554,45.573534790518835,45.573534790518835,2076.9470733026305
space2_time2,2020-09-27 21:00:00,42.25,-1.0,2,2,183.5941619873047,150.71859834012352,146.70037386103814,1.027390690107523,0.011136904787446241,0.012077276340757555,0.023214181128203795,260.375779592609,285.6579863442349,546.0337659368439,32.87556364718117,32.87556364718117,1080.80268511986,36.89378812626654,132.79374426221554,50.80041772508915,50.80041772508915,2580.6824410435515
space2_time2,2020-09-27 21:00:00,46.5,-0.75,2,2,149.6194305419922,150.17424730019619,144.93455894514815,1.0361520978376944,0.011647200010722482,0.012045728622049716,0.023692928632772198,270.54143013700264,283.13290682512104,553.6743369621237,-0.554816758203998,0.554816758203998,0.3078216351839936,4.684871596844033,132.79374426221554,16.825686279776647,16.825686279776647,283.10371878546414
space2_time2,2020-09-29 21:00:00,37.75,-6.0,2,2,182.9407958984375,152.4820584433826,147.53128100159617,1.0335574761377748,0.012353735664241876,0.012286404300525168,0.024640139964767042,296.22534553845605,298.262889569773,594.488235108229,30.458737455054887,30.458737455054887,927.7346873559635,35.40951489684133,132.79374426221554,50.14705163622196,50.14705163622196,2514.7267878059115
space2_time2,2020-09-29 21:00:00,41.5,-6.0,2,2,192.74119567871094,151.83379241900914,146.68483673317152,1.0351021673440173,0.010515093923330412,0.012187026431611004,0.022702120354941416,249.28420721740173,292.2198760128881,541.5040832302898,40.907403259701795,40.907403259701795,1673.4156414518611,46.056358945539415,132.79374426221554,59.9474514164954,59.9474514164954,3593.696931333076
space2_time2,2020-09-30 22:00:00,43.5,-8.0,2,2,192.74119567871094,147.15121826250203,142.24542470671443,1.03448823444341,0.010655792975658964,0.012142323862769798,0.022798116838428764,237.31791564495722,273.5254396212696,510.8433552662268,45.58997741620891,45.58997741620891,2078.4460408104383,50.49577097199651,132.79374426221554,59.9474514164954,59.9474514164954,3593.696931333076
space2_time2,2020-10-03 22:00:00,28.0,-17.25,2,2,207.7684783935547,150.70335999774164,146.35305928483132,1.0297246995325444,0.013850428305278018,0.012662320297891263,0.02651274860316928,325.26285375443507,301.3291591060473,626.5920128604823,57.065118395813045,57.065118395813045,3256.4277375281604,61.41541910872337,132.79374426221554,74.97473413133915,74.97473413133915,5621.210758064991
space2_time2,2020-10-07 21:00:00,40.75,-0.75,2,2,188.82102966308594,151.92473888448598,146.94884109077356,1.033861429302724,0.01303313238550278,0.012114483492507402,0.025147615878010184,310.4991797024582,292.26504072718126,602.7642204296394,36.89629077859996,36.89629077859996,1361.3362732190005,41.87218857231238,132.79374426221554,56.0272854008704,56.0272854008704,3139.056709390585
space2_time2,2020-10-07 21:00:00,45.0,0.0,2,2,197.96807861328125,152.07044840345011,146.88473450014826,1.0353046483758095,0.013765091946311486,0.012006642563770833,0.02577173451008232,328.89235024183944,290.5973693556961,619.4897195975356,45.897630209831135,45.897630209831135,2106.5924588784037,51.083344113132995,132.79374426221554,65.17433435106571,65.17433435106571,4247.693858104504
space2_time3,2020-10-08 21:00:00,38.5,-3.25,2,3,176.40719604492188,166.85227065924678,164.01420514355112,1.0173037787380168,0.012377344700799132,0.014411943622058667,0.026789288322857797,356.1366318030795,420.2714824982149,776.4081143012944,9.55492538567509,9.55492538567509,91.29659912581829,12.392990901370752,133.7698022720119,42.637393772909974,42.637393772909974,1817.9473477461822
space2_time3,2020-10-08 21:00:00,42.5,-2.5,2,3,167.91351318359375,160.06300252688354,157.34041873455396,1.0173037787380168,0.013146664874028352,0.014411943622058667,0.027558608496087017,348.5169880264059,387.36093562223664,735.8779236486425,7.850510656710213,7.850510656710213,61.63051757112062,10.573094449039786,133.7698022720119,34.14371091158185,34.14371091158185,1165.7929948136734
space2_time3,2020-10-08 21:00:00,46.75,-2.0,2,3,167.91351318359375,161.8271673967888,159.07457612861546,1.0173037787380168,0.01910537465579457,0.014411943622058665,0.03351731827785323,522.3602177523857,400.69362854092464,923.0538462933102,6.086345786804941,6.086345786804941,37.043605036558255,8.838937054978288,133.7698022720119,34.14371091158185,34.14371091158185,1165.7929948136734
space2_time3,2020-10-09 21:00:00,36.0,-6.0,2,3,168.56687927246094,166.64854685852234,163.81394657282493,1.0173037787380168,0.015823256377121075,0.014411943622058665,0.03023519999917974,456.53114891039263,422.1451678480233,878.6763167584159,1.9183324139386002,1.9183324139386002,3.679999250367497,4.7529326996360055,133.7698022720119,34.797077000449036,34.797077000449036,1210.8365677751792
space2_time3,2020-10-09 21:00:00,40.25,-5.0,2,3,168.56687927246094,162.80594083409267,160.0367011671345,1.0173037787380168,0.013952341689797204,0.014411943622058663,0.028364285311855867,383.123937942138,401.3970729296127,784.5210108717507,5.760938438368271,5.760938438368271,33.18841169066905,8.530178105326428,133.7698022720119,34.797077000449036,34.797077000449036,1210.8365677751792
space2_time3,2020-10-09 21:00:00,48.25,-4.25,2,3,178.36727905273438,161.0339618126203,158.2948625359338,1.0173037787380168,0.016817903210184375,0.014411943622058662,0.031229846832243037,453.7606526038604,394.9641295640293,848.7247821678898,17.33331724011407,17.33331724011407,300.44388654643564,20.072416516800587,133.7698022720119,44.597476780722474,44.597476780722474,1988.9349352070801
space2_time3,2020-10-10 22:00:00,41.75,-7.5,2,3,174.44711303710938,162.01094844180216,160.13626304562416,1.0117068136880647,0.013796472033189615,0.014398726398725057,0.028195198431914672,375.0603055920294,396.9903539839525,772.0506595759819,12.436164595307218,12.436164595307218,154.65818984157275,14.310849991485213,133.7698022720119,40.677310765097474,40.677310765097474,1654.6436110803147
space2_time3,2020-10-18 21:00:00,36.75,-3.0,2,3,160.0731964111328,167.95438856487078,165.09757662870493,1.0173037787380168,0.013445898396135554,0.014411943622058668,0.027857842018194225,392.63956145891956,426.7529440315157,819.3925054904353,-7.88119215373797,7.88119215373797,62.11318976414095,-5.024380217572116,133.7698022720119,26.30339413912091,26.30339413912091,691.8685432379403
space2_time3,2020-10-18 21:00:00,40.75,-2.25,2,3,159.41983032226562,159.13586983994728,156.4290560655915,1.0173037787380168,0.01103511299449106,0.014411943622058665,0.025447056616549724,288.2457504809556,381.272951588063,669.5187020690187,0.28396048231834925,0.28396048231834925,0.08063355551846954,2.990774256674115,133.7698022720119,25.650028050253724,25.650028050253724,657.9239389788029
space2_time3,2020-10-18 21:00:00,44.75,-1.5,2,3,165.95343017578125,163.30893251197134,160.53113723273395,1.0173037787380168,0.01673697421520251,0.014411943622058665,0.031148917837261175,464.36992734455214,406.13674660596774,870.5066739505198,2.644497663809915,2.644497663809915,6.993367893896098,5.422292943047296,133.7698022720119,32.18362790376935,32.18362790376935,1035.785905048281
space2_time3,2020-10-18 21:00:00,49.0,-0.75,2,3,150.92616271972656,155.85574005360345,153.20471948599786,1.0173037787380168,0.016633205328820556,0.014411943622058663,0.031045148950879217,420.26299378090755,369.83488702855254,790.0978808094601,-4.9295773338768925,4.9295773338768925,24.30073269067281,-2.2785567662712936,133.7698022720119,17.15636044771466,17.15636044771466,294.340703811908
space2_time3,2020-10-19 21:00:00,38.5,-5.25,2,3,106.4976806640625,166.76385424522567,163.92729264418855,1.0173037787380168,0.014212051577526507,0.014411943622058663,0.02862399519958517,409.6204485835961,421.3695356132721,830.9899841968681,-60.26617358116317,60.26617358116317,3632.01167811489,-57.429611980126055,133.7698022720119,-27.2721216079494,27.2721216079494,743.7686169987807
space2_time3,2020-10-19 21:00:00,42.5,-4.5,2,3,131.3253631591797,161.28461897848806,158.5412561610304,1.0173037787380168,0.015138032464954125,0.014411943622058668,0.02954997608701279,408.6768692615925,394.8657701140735,803.542639375666,-29.959255819308368,29.959255819308368,897.5570092467623,-27.215893001850702,133.7698022720119,-2.444439112832214,2.444439112832214,5.9752825763439406
space3_time0,2020-01-01 02:00:00,83.0,-39.0,3,0,108.45775604248047,113.94929484423886,118.93560477699036,0.9580755490157804,0.011815182549957993,0.020938554098661487,0.03275373664861948,159.4617946436443,287.2636608400968,446.72545548374114,-5.491538801758395,5.491538801758395,30.15699841121803,-10.477848734509891,142.17296150390408,-33.71520546142361,33.71520546142361,1136.7150793060082
space3_time0,2020-01-02 02:00:00,81.25,-48.25,3,0,103.88423919677734,113.26502897132177,119.01512690714354,0.9516859908042776,0.012369574338543719,0.017301960317990625,0.029671534656534344,164.48314723512757,233.51119378003375,397.99434101516135,-9.380789774544425,9.380789774544425,87.99921679419725,-15.130887710366196,142.17296150390408,-38.28872230712673,38.28872230712673,1466.0262559122643
space3_time0,2020-01-02 11:00:00,82.0,-166.75,3,0,96.69728088378906,121.6011468201307,121.53580121621401,1.0005376654719251,0.015549185327818182,0.02174599024015502,0.0372951755679732,240.52537929327076,342.7166339166466,583.2420132099173,-24.90386593634163,24.90386593634163,620.202538575277,-24.83852033242495,142.17296150390408,-45.475680620115014,45.475680620115014,2068.0375278627043
space3_time0,2020-01-02 12:00:00,46.75,143.5,3,0,156.806396484375,124.38362021180423,134.63438102166558,0.923862235395788,0.019114258178157317,0.025068315370710893,0.04418257354886821,312.05367472471283,418.4040573469905,730.4577320717033,32.42277627257077,32.42277627257077,1051.2364212211783,22.172015462709425,142.17296150390408,14.633434980470923,14.633434980470923,214.13741932767005
space3_time0,2020-01-02 12:00:00,63.25,149.0,3,0,130.6719970703125,121.84025507072977,131.52414985184376,0.9263717363539512,0.008683165180404023,0.02845286976954507,0.03713603494994909,134.36140189799514,448.53858902230286,582.899990920298,8.831741999582732,8.831741999582732,77.9996667471936,-0.8521527815312595,142.17296150390408,-11.500964433591577,11.500964433591577,132.27218290273842
space3_time0,2020-01-02 12:00:00,67.5,151.0,3,0,133.9387969970703,120.25662251632565,127.82312428061971,0.9408049067265583,0.011846771914246395,0.03051740518566426,0.04236417709991065,179.8007890884681,473.0997813178309,652.900570406299,13.682174480744663,13.682174480744663,187.2018985215405,6.115672716450604,142.17296150390408,-8.234164506833764,8.234164506833764,67.80146512560093
space3_time0,2020-01-02 12:00:00,76.0,157.75,3,0,115.64471435546875,116.20817705792572,123.80820532117431,0.9386145026209441,0.018336973640308216,0.035457048001303025,0.05379402164161124,263.72505540875966,523.8708039898048,787.5958593985645,-0.5634627024569738,0.5634627024569738,0.3174902170601162,-8.163490965705563,142.17296150390408,-26.528247148435327,26.528247148435327,703.7478967684671
space3_time0,2020-01-02 12:00:00,80.25,165.25,3,0,111.72455596923828,116.10787511348538,123.44904238472849,0.9405328131394946,0.018551756293208096,0.03790544841094389,0.056457204704151984,267.0927673392954,561.3814191910498,828.4741865303452,-4.383319144247096,4.383319144247096,19.213486720323097,-11.724486415490205,142.17296150390408,-30.448405534665795,30.448405534665795,927.1053996034666
space3_time0,2020-01-02 15:00:00,81.5,119.5,3,0,87.55023956298828,119.6913281782017,122.63911495889859,0.9759637308073793,0.018632280535593234,0.03587670031189815,0.05450898084749138,284.52246785527603,563.0105452413072,847.5330130965833,-32.14108861521342,32.14108861521342,1033.0495773710018,-35.08887539591031,142.17296150390408,-54.622721940915795,54.622721940915795,2983.6417522346037
space3_time0,2020-01-02 17:00:00,71.25,81.0,3,0,136.55223083496094,126.37562753122471,131.4623388654625,0.9613067029071839,0.013747878864120133,0.019829974998264686,0.03357785386238482,228.63028506178256,335.3630892274984,563.993374289281,10.17660330373623,10.17660330373623,103.56325480161513,5.089891969498439,142.17296150390408,-5.620730668943139,5.620730668943139,31.59261325279799
space3_time0,2020-01-02 17:00:00,80.0,91.5,3,0,114.33799743652344,118.22237715614027,122.69600540598769,0.9635389250445062,0.01616975456916517,0.02883912798960328,0.04500888255876845,238.3229475946333,434.7388290875168,673.0617766821501,-3.884379719616831,3.884379719616831,15.088405806170531,-8.358007969464254,142.17296150390408,-27.83496406738064,27.83496406738064,774.7852246323713
space3_time0,2020-01-02 19:00:00,82.75,75.5,3,0,110.41783905029297,118.0885018062288,122.66839252873208,0.9626644596208386,0.01605341324865761,0.030282114540156852,0.04633552778881446,236.37225196044892,456.3403460205319,692.7125979809808,-7.670662755935837,7.670662755935837,58.83906711530116,-12.250553478439116,142.17296150390408,-31.755122453611108,31.755122453611108,1008.3878020438364
space3_time0,2020-01-02 20:00:00,68.25,30.75,3,0,143.08583068847656,138.23076610408535,134.4532266644781,1.02809556552357,0.014637463832430574,0.01994581168133991,0.03458327551377048,291.66005450966014,404.3671031531628,696.0271576628229,4.855064584391215,4.855064584391215,23.57165211860984,8.632604023998454,142.17296150390408,0.9128691845724859,0.9128691845724859,0.8333301481420353
space3_time0,2020-01-02 20:00:00,76.75,38.0,3,0,123.48503875732422,123.48133484878336,123.98472027110387,0.9959399398472668,0.019183132462998978,0.025482429927944833,0.04466556239094381,308.81073390843284,419.4863132349785,728.2970471434114,0.0037039085408565597,0.0037039085408565597,1.371893847903017e-05,-0.49968151377964887,142.17296150390408,-18.687922746579858,18.687922746579858,349.23845658213685
space3_time0,2020-01-02 20:00:00,81.25,45.5,3,0,105.84431457519531,125.35085202118763,124.06180617624489,1.0103903520726716,0.016253097312123075,0.02995820710486763,0.0462113044169907,269.6460892824991,508.651028341089,778.2971176235881,-19.506537445992322,19.506537445992322,380.50500313190065,-18.217491601049574,142.17296150390408,-36.328646928708764,36.328646928708764,1319.7705876707807
space3_time0,2020-01-02 23:00:00,82.25,1.75,3,0,115.64471435546875,117.13733394292258,118.39541739349406,0.9893738839030386,0.017028588591423297,0.027943215902828264,0.04497180449425156,246.4922609102498,413.69036580424455,660.1826267144943,-1.4926195874538308,1.4926195874538308,2.227913232850844,-2.750703038025307,142.17296150390408,-26.528247148435327,26.528247148435327,703.7478967684671
space3_time0,2020-01-03 12:00:00,49.0,141.75,3,0,158.1131134033203,118.70359443848089,128.49822930411648,0.9237761102337474,0.014527646678203724,0.024402669153803274,0.038930315832007,214.3821823987812,367.1903996526136,581.5725820513949,39.40951896483942,39.40951896483942,1553.110185040038,29.614884099203834,142.17296150390408,15.940151899416236,15.940151899416236,254.08844257646302
space3_time0,2020-01-03 12:00:00,53.0,143.0,3,0,150.92616271972656,120.45881385800845,129.6959457441107,0.9287785610174194,0.012324291199492535,0.024810483352441046,0.03713477455193358,186.74349309359425,382.99301749070753,569.7365105843018,30.467348861718108,30.467348861718108,928.2593466616357,21.23021697561586,142.17296150390408,8.753201215822486,8.753201215822486,76.61853152467624
space3_time0,2020-01-03 12:00:00,65.5,147.5,3,0,137.8589630126953,124.84073177923574,132.43195511490057,0.9426783110686655,0.007948830076304342,0.0290917231224357,0.03704055319874004,129.07125778517215,481.2305611973923,610.3018189825644,13.018231233459574,13.018231233459574,169.47434444782238,5.427007897794738,142.17296150390408,-4.313998491208764,4.313998491208764,18.61058298215149
space3_time0,2020-01-03 12:00:00,69.75,150.0,3,0,140.47239685058594,123.47422241662333,131.1234529569424,0.9416639024688367,0.013359805014108871,0.03140790690904194,0.04476771192315081,214.43682296577686,515.5538629750821,729.990685940859,16.998174433962603,16.998174433962603,288.9379340874199,9.348943893643536,142.17296150390408,-1.700564653318139,1.700564653318139,2.8919201401150425
space3_time0,2020-01-03 12:00:00,78.5,158.5,3,0,110.41783905029297,113.89004967944511,121.16204473191867,0.9399812452112091,0.01821446294589428,0.03673149483135264,0.05494595777724692,251.89055627577227,522.1363053323016,774.0268616080739,-3.472210629152144,3.472210629152144,12.056246653197128,-10.7442056816257,142.17296150390408,-31.755122453611108,31.755122453611108,1008.3878020438364
space3_time0,2020-01-03 12:00:00,82.75,169.75,3,0,101.92415618896484,115.14316081100682,122.2655023891469,0.9417469242021265,0.017481650310843824,0.03903654139150012,0.05651819170234394,247.40352553214856,568.3156319744392,815.7191575065877,-13.219004622041979,13.219004622041979,174.7420831975672,-20.34134620018206,142.17296150390408,-40.24880531493923,40.24880531493923,1619.9663292798807
space3_time0,2020-01-03 14:00:00,51.75,118.5,3,0,147.00599670410156,130.63124984790656,132.5987427649291,0.985162054511252,0.013667672075562663,0.01666003611768626,0.030327708193248922,242.0645255752306,299.57099167793734,541.6355172531679,16.374746856195003,16.374746856195003,268.13233460446816,14.407253939172449,142.17296150390408,4.833035200197486,4.833035200197486,23.358229246347953
space3_time0,2020-01-03 17:00:00,78.0,85.25,3,0,124.13839721679688,120.44246406544828,124.13187570304103,0.9702782897890075,0.018005525406882352,0.026207659067603903,0.04421318447448626,275.47508221541403,409.9322499690989,685.4073321845129,3.695933151348598,3.695933151348598,13.659921859237578,0.006521513755842534,142.17296150390408,-18.0345642871072,18.0345642871072,325.2455090258025
space3_time0,2020-01-03 17:00:00,82.5,96.0,3,0,115.64471435546875,119.06993820503055,123.4161498248723,0.9647840932810733,0.016153267809380593,0.03160267575445046,0.047755943563831046,242.1682212429379,485.24831489142673,727.4165361343646,-3.425223849561803,3.425223849561803,11.732158419606977,-7.771435469403556,142.17296150390408,-26.528247148435327,26.528247148435327,703.7478967684671
space3_time0,2020-01-03 20:00:00,79.25,39.0,3,0,118.91151428222656,119.78148301136842,121.46490465531252,0.9861406745535163,0.016191827504617288,0.027109094328827812,0.0433009218334451,244.56896540729716,418.43857700005253,663.0075424073497,-0.8699687291418599,0.8699687291418599,0.7568455896847027,-2.5533903730859606,142.17296150390408,-23.261447221677514,23.261447221677514,541.0949268468885
space3_time0,2020-01-04 00:00:00,80.5,-6.75,3,0,115.64471435546875,113.5294870366722,119.12841903466507,0.9530008704609468,0.01672619124173307,0.024975239576872938,0.04170143081860601,226.65339010902196,345.5702916988141,572.2236818078361,2.1152273187965562,2.1152273187965562,4.474186610183268,-3.4837046791963218,142.17296150390408,-26.528247148435327,26.528247148435327,703.7478967684671
space3_time0,2020-01-04 03:00:00,81.75,-51.75,3,0,111.07119750976562,111.28001342429896,117.73386063618173,0.9451827437152823,0.010531535830946098,0.01601374280298492,0.026545278633931017,134.6304872079905,207.449037505387,342.0795247133775,-0.20881591453333215,0.20881591453333215,0.04360408616239188,-6.662663126416106,142.17296150390408,-31.10176399413845,31.10176399413845,967.319723547087
space3_time0,2020-01-04 11:00:00,82.5,-170.0,3,0,113.68463897705078,122.2471612047875,122.78116365929499,0.9956507786814168,0.01567578141581981,0.023200291698598465,0.03887607311441828,245.47022914098312,370.43345280768654,615.9036819486696,-8.562522227736721,8.562522227736721,73.31678690048543,-9.096524682244208,142.17296150390408,-28.488322526853295,28.488322526853295,811.584520394017
space3_time0,2020-01-04 12:00:00,72.25,149.25,3,0,149.6194305419922,119.88385209700243,127.40067599079063,0.9409985556565531,0.01381615051385696,0.032554017124346926,0.04637016763820388,209.43551803720706,505.07136136305394,714.506879400261,29.735578444989756,29.735578444989756,884.2046254581394,22.218754551201556,142.17296150390408,7.446469038088111,7.446469038088111,55.449901135204875
space3_time0,2020-01-04 12:00:00,81.0,161.25,3,0,124.13839721679688,114.93739854146426,122.1150167495341,0.9412224769801115,0.017521652941426345,0.03803083653624441,0.055552489477670754,246.8506493507304,550.9076016857692,797.7582510364996,9.200998675332613,9.200998675332613,84.6583766234725,2.0233804672627684,142.17296150390408,-18.0345642871072,18.0345642871072,325.2455090258025
space3_time0,2020-01-04 13:00:00,68.0,146.25,3,0,119.56488037109375,122.43018101389167,130.01318109102158,0.9416751439085158,0.010124773576775999,0.02996737183195853,0.04009214540873453,158.77222177279282,479.4663724855076,638.2385942583004,-2.8653006427979193,2.8653006427979193,8.20994777361817,-10.448300719927829,142.17296150390408,-22.608081132810327,22.608081132810327,511.12533250773424
space3_time0,2020-01-04 14:00:00,54.0,116.5,3,0,139.16567993164062,131.57238815577477,132.40737651339325,0.9936937927507835,0.011677418760005139,0.01577348843298302,0.027450907192988157,208.9952107442856,286.2069361748261,495.2021469191117,7.5932917758658505,7.5932917758658505,57.65807999343196,6.75830341824738,142.17296150390408,-3.0072815722634516,3.0072815722634516,9.043742454875337
space3_time0,2020-01-04 14:00:00,58.0,118.0,3,0,145.69927978515625,129.59479166169882,129.29427849207687,1.0023242572921762,0.013839622407236204,0.018059698007178777,0.03189932041441498,241.6360554324942,320.38875548586446,562.0248109183586,16.10448812345743,16.10448812345743,259.3545377185814,16.40500129307938,142.17296150390408,3.5263182812521734,3.5263182812521734,12.434920620693282
space3_time0,2020-01-04 14:00:00,62.0,119.25,3,0,120.2182388305664,128.6783414049599,129.13757415624076,0.9964438487072304,0.013263475723905436,0.020893461021451558,0.034156936745357,228.76297479230803,366.57308659525586,595.3360613875639,-8.460102574393488,8.460102574393488,71.57333556925933,-8.919335325674353,142.17296150390408,-21.95472267333767,21.95472267333767,482.0098476631672
space3_time0,2020-01-04 14:00:00,66.25,121.0,3,0,133.9387969970703,126.45610575012178,127.22343276997083,0.9939686659670911,0.011400301860960915,0.024617239110728724,0.03601754097168964,190.07109339786146,417.89655410054377,607.9676474984052,7.482691246948534,7.482691246948534,55.9906682971602,6.715364227099485,142.17296150390408,-8.234164506833764,8.234164506833764,67.80146512560093
space3_time0,2020-01-04 14:00:00,70.5,123.5,3,0,127.40519714355469,126.3323352467045,127.6415888652558,0.9897427348704237,0.00904759146447432,0.028894389950275386,0.037941981414749706,150.66284512713818,490.38743598786937,641.0502811150076,1.0728618968501848,1.0728618968501848,1.1510326497129766,-0.23639172170111067,142.17296150390408,-14.767764360349389,14.767764360349389,218.0868642028056
space3_time0,2020-01-04 14:00:00,79.5,132.75,3,0,147.65936279296875,117.27488050467564,122.9043460955895,0.9541963667701749,0.015045612870715718,0.03449745727091441,0.04954307014163013,219.08234097422798,514.9441809091996,734.0265218834277,30.384482288293114,30.384482288293114,923.216763927598,24.755016697379247,142.17296150390408,5.486401289064673,5.486401289064673,30.10059910465051
space3_time0,2020-01-04 16:00:00,82.0,116.0,3,0,103.88423919677734,118.43701587191518,120.83062488520227,0.9801903779314131,0.01601367028929029,0.035049515951777126,0.05106318624106741,238.30009746442798,535.0830345622097,773.3831320266377,-14.552776675137835,14.552776675137835,211.78330895643583,-16.946385688424925,142.17296150390408,-38.28872230712673,38.28872230712673,1466.0262559122643
space3_time0,2020-01-04 17:00:00,80.5,87.5,3,0,120.87159729003906,118.93258710091804,123.68135675854191,0.9616048062369276,0.018501809178159394,0.02864609611612083,0.04714790529428023,276.8954477712792,438.9486882014706,715.8441359727498,1.9390101891210207,1.9390101891210207,3.7597605135151366,-2.809759468502847,142.17296150390408,-21.301364213865014,21.301364213865014,453.74811737172905
space3_time0,2020-01-04 20:00:00,81.75,42.25,3,0,139.81903076171875,122.17046223650448,123.14969039336974,0.9920484724424609,0.01679140516012907,0.02897497615637967,0.04576638131650874,264.5738220314869,467.12278442388833,731.6966064553752,17.648568525214273,17.648568525214273,311.4719709891839,16.669340368349012,142.17296150390408,-2.3539307421853266,2.3539307421853266,5.540989939005162
space3_time0,2020-01-04 22:00:00,75.75,7.5,3,0,126.75183868408203,130.3833753210221,130.13669172833818,1.0018955729503163,0.030126349583623053,0.024315362122529355,0.054441711706152404,549.0260646760458,455.34789802106206,1004.3739626971079,-3.6315366369400692,3.6315366369400692,13.188058345437987,-3.384853044256147,142.17296150390408,-15.421122819822045,15.421122819822045,237.81102902403623
space3_time0,2020-01-04 22:00:00,80.25,14.0,3,0,122.17831420898438,126.96073900679508,128.990035768971,0.9842678021594589,0.02280211657150349,0.027969216297198347,0.050771332868701835,391.1331088162431,492.10674515555,883.2398539717931,-4.782424797810705,4.782424797810705,22.871586946714764,-6.811721559986637,142.17296150390408,-19.9946472949197,19.9946472949197,399.7859204482397
space3_time0,2020-01-05 09:00:00,82.25,-149.5,3,0,115.64471435546875,120.74515510619031,123.88006844608394,0.9746939650646219,0.012841124660793598,0.018767836799879423,0.03160896146067302,194.47397257333088,288.7618600615524,483.2358326348833,-5.10044075072156,5.10044075072156,26.014495851621113,-8.23535409061519,142.17296150390408,-26.528247148435327,26.528247148435327,703.7478967684671
space3_time0,2020-01-05 11:00:00,55.25,162.75,3,0,176.40719604492188,122.12853110405902,133.59491164686173,0.9141705293902778,0.03282799143859936,0.025748259224741634,0.05857625066334099,527.7958001543047,426.26694690502137,954.062747059326,54.27866494086285,54.27866494086285,2946.1734677624545,42.81228439806014,142.17296150390408,34.2342345410178,34.2342345410178,1171.9828146094162
space3_time0,2020-01-05 11:00:00,59.25,164.25,3,0,163.9933624267578,124.77243416282863,135.78704511007004,0.9188831973012382,0.013898013826468046,0.02675089618265125,0.0406489100091193,226.91595999634276,445.7454225837868,672.6613825801296,39.22092826392918,39.22092826392918,1538.281213884279,28.206317316687773,142.17296150390408,21.820400922853736,21.820400922853736,476.12989643407616
space3_time0,2020-01-05 11:00:00,63.5,165.75,3,0,154.19296264648438,119.46389306305267,131.2691981186208,0.9100679731059202,0.009825608867649114,0.028473819809574457,0.03829942867722357,146.4203295687092,432.5309406971607,578.9512702658699,34.72906958343171,34.72906958343171,1206.1082741308414,22.923764527863568,142.17296150390408,12.020001142580298,12.020001142580298,144.48042746763167
space3_time0,2020-01-05 11:00:00,67.75,167.75,3,0,160.7265625,118.10702809335176,130.0403222484663,0.9082338927743215,0.008994859072056858,0.03067098932610641,0.03966584839816327,131.13758408286245,456.13089375757056,587.268477840433,42.61953440664824,42.61953440664824,1816.4247130394733,30.68624025153369,142.17296150390408,18.553600996095923,18.553600996095923,344.23610992233165
space3_time0,2020-01-05 11:00:00,76.25,174.75,3,0,133.9387969970703,117.91899365657643,125.59028250334343,0.9389181336815386,0.013845239674488067,0.03551805800413489,0.04936329767862296,203.66487673731416,535.5540843090973,739.2189610464116,16.01980334049388,16.01980334049388,256.63409906809886,8.348514493726881,142.17296150390408,-8.234164506833764,8.234164506833764,67.80146512560093
space3_time0,2020-01-05 13:00:00,66.0,143.0,3,0,135.8988800048828,122.79267172384006,129.8488513640021,0.9456585132171742,0.010306038891975856,0.02839319203591445,0.03869923092789031,162.3616241718446,456.0599414411434,618.4215656129879,13.106208281042754,13.106208281042754,171.77269550607366,6.050028640880726,142.17296150390408,-6.274081499021264,6.274081499021264,39.36409865636091
space3_time0,2020-01-05 13:00:00,70.25,146.0,3,0,139.81903076171875,121.30527363744667,128.63522464034685,0.9430175441960464,0.013625932359102396,0.030979078079622607,0.044605010438725,211.08603178011924,490.7514796052226,701.8375113853418,18.513757124272075,18.513757124272075,342.759202856535,11.183806121371902,142.17296150390408,-2.3539307421853266,2.3539307421853266,5.540989939005162
space3_time0,2020-01-05 14:00:00,52.0,113.5,3,0,173.79376220703125,133.74655318994667,134.14462933478032,0.9970324854091612,0.009485685404120103,0.013587000077486013,0.023072685481606115,174.4679558654463,252.80311207477288,427.27106794021915,40.04720901708458,40.04720901708458,1603.7789500580607,39.64913287225093,142.17296150390408,31.620800703127173,31.620800703127173,999.8750371068879
space3_time0,2020-01-05 14:00:00,64.5,118.0,3,0,145.69927978515625,125.94011268589153,126.64116226663359,0.9944642834273265,0.012533595503998754,0.021756772507443935,0.03429036801144269,207.02387137123463,365.5872183721542,572.6110897433889,19.759167099264715,19.759167099264715,390.4246844566652,19.058117518522664,142.17296150390408,3.5263182812521734,3.5263182812521734,12.434920620693282
space3_time0,2020-01-05 14:00:00,68.75,120.25,3,0,123.48503875732422,124.27595301575744,125.50073981919105,0.9902408001323482,0.01258881446475255,0.025972450822431232,0.03856126528718378,203.34920375127064,427.71392246990087,631.0631262211715,-0.7909142584332187,0.7909142584332187,0.6255453641929682,-2.015701061866835,142.17296150390408,-18.687922746579858,18.687922746579858,349.23845658213685
space3_time0,2020-01-05 14:00:00,73.0,123.25,3,0,125.44511413574219,128.31572549628387,129.87071466189906,0.9880266373395776,0.011934522784484949,0.030561249480311317,0.04249577226479627,206.25981838666655,539.538999823034,745.7988182097006,-2.8706113605416874,2.8706113605416874,8.240409583270997,-4.42560052615687,142.17296150390408,-16.72784736816189,16.72784736816189,279.82087757252066
space3_time0,2020-01-05 14:00:00,77.5,127.75,3,0,126.09848022460938,113.64080515723556,118.83481436970547,0.9562921923173888,0.016505968473344696,0.032154709236016696,0.04866067770936139,225.64817991799544,450.4179830523393,676.0661629703347,12.457675067373813,12.457675067373813,155.19366808426713,7.2636658549039055,142.17296150390408,-16.0744812792947,16.0744812792947,258.3889483983958
space3_time0,2020-01-05 14:00:00,81.75,136.75,3,0,114.9913558959961,114.16552922395802,120.03514744926736,0.9511008371294736,0.017081102234423648,0.03639830811961456,0.05347941035403821,236.87874154915608,518.469236347419,755.3479778965751,0.825826672038076,0.825826672038076,0.681989692249484,-5.043791553271262,142.17296150390408,-27.181605607907983,27.181605607907983,738.8396834238547
space3_time0,2020-01-05 19:00:00,77.0,54.75,3,0,111.07119750976562,125.7742648774461,128.83373733923298,0.9762525521266924,0.02890246149867434,0.024301437241413294,0.05320389874008763,489.2330321376193,422.43661166782516,911.6696438054445,-14.703067367680475,14.703067367680475,216.18019001855046,-17.762539829467357,142.17296150390408,-31.10176399413845,31.10176399413845,967.319723547087
space3_time0,2020-01-05 22:00:00,78.25,8.0,3,0,115.64471435546875,128.04670772020208,129.25284878071048,0.990668359948068,0.03233300022293493,0.02589048615781074,0.05822348638074567,571.0957344648738,470.8031917046094,1041.8989261694833,-12.401993364733329,12.401993364733329,153.80943941888953,-13.60813442524173,142.17296150390408,-26.528247148435327,26.528247148435327,703.7478967684671
space3_time0,2020-01-06 00:00:00,78.5,-22.5,3,0,114.33799743652344,116.5717111478921,121.91651119850997,0.9561601624088865,0.015778835975337642,0.02028620994854053,0.03606504592387817,224.05518106108104,293.3021942480672,517.3573753091482,-2.233713711368665,2.233713711368665,4.989476944356376,-7.578513761986528,142.17296150390408,-27.83496406738064,27.83496406738064,774.7852246323713
space3_time0,2020-01-06 11:00:00,52.75,158.5,3,0,158.7664794921875,124.62041453249697,136.6141435854879,0.912207266845063,0.01361735554237391,0.02534603754570162,0.03896339308807553,221.38748835105557,420.183924457725,641.5714128087806,34.146064959690534,34.146064959690534,1165.9537522314058,22.15233590669959,142.17296150390408,16.593517988283423,16.593517988283423,275.3448392274855
space3_time0,2020-01-06 11:00:00,56.25,159.25,3,0,133.28543090820312,118.80043450822404,129.7522931176722,0.9155941036085126,0.012656332992890476,0.025838774202126807,0.03849510719501728,186.8156906882345,388.81736519925,575.6330558874845,14.484996399979082,14.484996399979082,209.81512070740695,3.5331377905309296,142.17296150390408,-8.887530595700952,8.887530595700952,78.98820008952052
space3_time0,2020-01-06 11:00:00,67.5,162.25,3,0,135.8988800048828,120.21953876380232,129.3847074544487,0.9291634315139361,0.010730926086273586,0.03032657908642917,0.041057505172702756,162.46156818445294,468.66977220039365,631.1313403848466,15.679341241080493,15.679341241080493,245.84174175424758,6.514172550434125,142.17296150390408,-6.274081499021264,6.274081499021264,39.36409865636091
space3_time0,2020-01-06 11:00:00,78.75,175.0,3,0,124.79175567626953,114.31525663192565,121.56607240135527,0.9403549392836291,0.016000411170603013,0.036751421749177705,0.05275183291978072,222.192012288516,524.0179537310388,746.2099660195548,10.476499044343882,10.476499044343882,109.75703222613826,3.2256832749142603,142.17296150390408,-17.381205827634545,17.381205827634545,302.10631602259707
space3_time0,2020-01-06 13:00:00,68.5,141.75,3,0,130.6719970703125,121.20561875537885,127.96868309982517,0.9471506295085441,0.00932383227076925,0.02930949158830898,0.03863332385907823,143.03568994343658,458.41765941875786,601.4533493621944,9.46637831493365,9.46637831493365,89.61231840144605,2.7033139704873292,142.17296150390408,-11.500964433591577,11.500964433591577,132.27218290273842
space3_time0,2020-01-06 13:00:00,81.5,157.5,3,0,122.17831420898438,115.48240368822168,123.1733620141639,0.9375598895720829,0.014571576040080237,0.03801733705648141,0.05258891309656165,206.32186326589687,552.6653873507158,758.9872506166128,6.695910520762695,6.695910520762695,44.83521770206054,-0.9950478051795244,142.17296150390408,-19.9946472949197,19.9946472949197,399.7859204482397
space3_time0,2020-01-06 14:00:00,62.75,114.5,3,0,147.65936279296875,132.79948981116667,133.24918760262597,0.9966251367115244,0.012883029300172577,0.018670062852798097,0.031553092152970676,236.00144336686,347.45407994201537,583.4555233088754,14.859872981802084,14.859872981802084,220.81582503529157,14.410175190342784,142.17296150390408,5.486401289064673,5.486401289064673,30.10059910465051
space3_time0,2020-01-06 14:00:00,67.0,116.75,3,0,127.40519714355469,130.34228932977896,131.51472061243533,0.991085170715517,0.009892325454565726,0.022898773684760898,0.032791099139326624,174.5259219188778,410.6785159407913,585.2044378596692,-2.9370921862242767,2.9370921862242767,8.6265105103797,-4.109523468880639,142.17296150390408,-14.767764360349389,14.767764360349389,218.0868642028056
space3_time0,2020-01-06 14:00:00,71.25,119.25,3,0,131.3253631591797,129.1625759821554,130.7687105290719,0.9877177457786473,0.008668874037405405,0.027394791205405063,0.03606366524281047,150.58514137735054,484.54126521475274,635.1264065921033,2.162787177024285,2.162787177024285,4.677648373100675,0.5566526301077772,142.17296150390408,-10.847598344724389,10.847598344724389,117.67038984846731
space3_time0,2020-01-06 14:00:00,79.75,129.25,3,0,103.23088073730469,116.86402317821725,122.34725124757192,0.9551830710257704,0.016841122615404217,0.03385854890870795,0.05069967152411217,244.0132603256583,503.1942124246,747.2074727502583,-13.633142440912565,13.633142440912565,185.8625728142114,-19.11637051026723,142.17296150390408,-38.94208076659939,38.94208076659939,1516.48565443235
space3_time0,2020-01-06 16:00:00,65.25,91.75,3,0,156.1530303955078,133.7020156006646,137.38267828483689,0.9732086844562668,0.0087481062033073,0.014730538872593502,0.023478645075900802,160.80058101832495,273.96372720029143,434.7643082186164,22.451014794843218,22.451014794843218,504.04806531826904,18.770352110670927,142.17296150390408,13.980068891603736,13.980068891603736,195.44232621398652
space3_time0,2020-01-06 16:00:00,69.5,94.5,3,0,128.7119140625,128.63657566404711,132.32674637983888,0.9721131908949132,0.012108277259058794,0.018764971909330137,0.030873249168388933,207.8984789131543,327.2085423814155,535.1070212945698,0.07533839845288526,0.07533839845288526,0.005675874281445704,-3.6148323173388803,142.17296150390408,-13.461047441404077,13.461047441404077,181.19979821973124
space3_time0,2020-01-06 16:00:00,74.0,97.5,3,0,118.91151428222656,128.61423416227163,131.64801270358632,0.9769553791279368,0.0113007798297406,0.02341268904011581,0.034713468869856406,194.6339506353836,410.3052022112063,604.9391528465899,-9.702719880045066,9.702719880045066,94.14277307062174,-12.736498421359755,142.17296150390408,-23.261447221677514,23.261447221677514,541.0949268468885
space3_time0,2020-01-06 18:00:00,81.0,83.5,3,0,106.4976806640625,116.82754562863515,120.31403410627813,0.9710217639734093,0.01714989411829885,0.028555358731536876,0.045705252849835724,247.13306900844591,421.0088665892027,668.1419355976486,-10.32986496457265,10.32986496457265,106.70611018630551,-13.816353442215629,142.17296150390408,-35.67528083984158,35.67528083984158,1272.7256630015675
space3_time0,2020-01-06 19:00:00,79.5,56.0,3,0,125.44511413574219,120.7327776608043,123.73603925871566,0.9757284812419772,0.017231664995314488,0.0265103881180136,0.043742053113328086,264.6803751872649,416.21372301981916,680.894098207084,4.712336474937885,4.712336474937885,22.206115053030015,1.7090748770265236,142.17296150390408,-16.72784736816189,16.72784736816189,279.82087757252066
space3_time0,2020-01-06 21:00:00,82.25,39.0,3,0,113.68463897705078,120.05399435720773,122.00037529704451,0.98404610694764,0.015322249623867077,0.029219152346294366,0.044541401970161446,232.67583409243178,453.7113067093504,686.3871408017822,-6.3693553801569465,6.3693553801569465,40.56868795873424,-8.315736319993732,142.17296150390408,-28.488322526853295,28.488322526853295,811.584520394017
space3_time0,2020-01-07 11:00:00,51.5,157.0,3,0,153.5395965576172,120.83853066249537,132.875977502538,0.9094084042406181,0.012906255267957611,0.025096255520201775,0.03800251078815939,197.02483610693824,390.47224999040446,587.4970860973427,32.701065895121815,32.701065895121815,1069.3597106770992,20.66361905507918,142.17296150390408,11.366635053713111,11.366635053713111,129.20039244429967
space3_time0,2020-01-07 11:00:00,55.5,158.0,3,0,164.64671325683594,119.38090164921701,130.50215957908225,0.9147810429671398,0.010716606227608524,0.02549940273810149,0.03621600896571001,159.21521039976574,385.77242795715165,544.9876383569174,45.26581160761893,45.26581160761893,2048.9937004964486,34.14455367775369,142.17296150390408,22.47375175293186,22.47375175293186,505.0695178524079
space3_time0,2020-01-07 11:00:00,68.25,162.5,3,0,150.27279663085938,117.74150081794417,126.74142210244469,0.9289898982100269,0.009060262166856315,0.030563031552663007,0.03962329371951932,131.27347246942972,451.70213686549545,582.9756093349251,32.531295812915204,32.531295812915204,1058.2852072673943,23.531374528414688,142.17296150390408,8.099835126955298,8.099835126955298,65.60732908385896
space3_time0,2020-01-07 11:00:00,81.25,176.75,3,0,120.2182388305664,114.56440316875887,122.03855295498637,0.9387558307989415,0.023314487726294113,0.038047064028025934,0.06136155175432005,329.1901012246135,553.9657179789217,883.1558192035352,5.653835661807534,5.653835661807534,31.965857690726637,-1.8203141244199657,142.17296150390408,-21.95472267333767,21.95472267333767,482.0098476631672
space3_time0,2020-01-07 13:00:00,50.25,131.75,3,0,133.28543090820312,123.67710538223201,134.62225639573296,0.9186973141994677,0.01077636594782654,0.020900667273981367,0.031677033221807906,171.06071209274847,337.07184641339467,508.13255850614314,9.608325525971111,9.608325525971111,92.31991941302803,-1.3368254875298362,142.17296150390408,-8.887530595700952,8.887530595700952,78.98820008952052
space3_time0,2020-01-07 13:00:00,54.0,133.0,3,0,148.96607971191406,123.44972908445527,130.12856265620607,0.9486751145527056,0.01376543764386761,0.021581844268586323,0.03534728191245393,218.83359298409403,349.2151579207233,568.0487509048173,25.51635062745879,25.51635062745879,651.0841493434167,18.83751705570799,142.17296150390408,6.793118208009986,6.793118208009986,46.146454987996805
space3_time0,2020-01-07 13:00:00,58.25,134.25,3,0,141.12576293945312,122.34622659268523,129.1043592733479,0.947653722006753,0.011795930188978742,0.02301127495745502,0.03480720514643376,183.9051541814751,365.06293559927343,548.9680897807485,18.779536346767898,18.779536346767898,352.6709853995766,12.021403666105215,142.17296150390408,-1.0471985644509516,1.0471985644509516,1.0966248333881339
space3_time0,2020-01-08 13:00:00,56.5,131.5,3,0,142.43247985839844,126.47402936107291,132.7030009711347,0.9530608082373606,0.010248884153487457,0.021436454210318368,0.031685338363805826,170.08557383228916,361.43536503777534,531.5209388700645,15.95845049732553,15.95845049732553,254.67214227558944,9.729478887263724,142.17296150390408,0.2595183544943609,0.2595183544943609,0.06734977631946076
space3_time0,2020-01-08 13:00:00,69.0,137.0,3,0,124.79175567626953,120.81869460153929,126.90157387687843,0.9520661636455285,0.010850458492861535,0.028432786916392613,0.039283245409254146,165.62852806075475,442.638544761788,608.2670728225428,3.9730610747302393,3.9730610747302393,15.785214303536604,-2.109818200608899,142.17296150390408,-17.381205827634545,17.381205827634545,302.10631602259707
space3_time0,2020-01-08 13:00:00,77.75,144.5,3,0,123.48503875732422,115.11106755172226,121.78168153843592,0.9452248162248583,0.015207135815849362,0.034739866690266,0.04994700250611536,213.4418948850063,499.94692137454786,713.3888162595541,8.373971205601961,8.373971205601961,70.12339375225076,1.7033572188883,142.17296150390408,-18.687922746579858,18.687922746579858,349.23845658213685
space3_time0,2020-01-08 13:00:00,82.0,153.75,3,0,92.1237564086914,114.47078428963391,121.94195184301972,0.9387317699900054,0.01857833294616421,0.037943397889816294,0.0565217308359805,260.0061459073182,546.268849785716,806.2749956930343,-22.347027880942505,22.347027880942505,499.38965511162166,-29.818195434328317,142.17296150390408,-50.04920509521267,50.04920509521267,2504.922930662662
space3_time0,2020-01-08 15:00:00,63.25,110.0,3,0,145.69927978515625,128.55154959779918,128.93276672050243,0.9970432875024734,0.013359148562247746,0.01666655131046602,0.030025699872713765,229.02217733840553,290.0456111701662,519.0677885085718,17.14773018735707,17.14773018735707,294.0446505783969,16.76651306465382,142.17296150390408,3.5263182812521734,3.5263182812521734,12.434920620693282
space3_time0,2020-01-08 15:00:00,67.5,111.5,3,0,126.75183868408203,125.74067128954644,127.22612109131038,0.9883243331713479,0.010480508171846535,0.02084824672105742,0.03132875489290395,171.8769334298619,347.3070696810403,519.1840031109022,1.0111673945355903,1.0111673945355903,1.0224594997718943,-0.474282407228344,142.17296150390408,-15.421122819822045,15.421122819822045,237.81102902403623
space3_time0,2020-01-08 15:00:00,71.75,114.0,3,0,138.51231384277344,128.0380616086791,130.17316918567687,0.9835979442587568,0.011509636663231314,0.02555263240278513,0.037062269066016444,196.94157976065117,445.41910208514014,642.3606818457913,10.474252234094337,10.474252234094337,109.7099598634302,8.339144657096568,142.17296150390408,-3.660647661130639,3.660647661130639,13.400341298941218
space3_time0,2020-01-08 16:00:00,61.75,85.25,3,0,149.6194305419922,132.65224343447397,136.28664895518946,0.9733326371396038,0.010517323961114045,0.01113129109063726,0.021648615051751304,190.1175169734578,203.40592511974378,393.5234420932016,16.967187107518214,16.967187107518214,287.8854383415323,13.332781586802724,142.17296150390408,7.446469038088111,7.446469038088111,55.449901135204875
space3_time0,2020-01-08 16:00:00,66.0,87.5,3,0,136.55223083496094,128.09185151173358,132.12028781553568,0.9695093284278451,0.014850998033507529,0.014648274474646127,0.029499272508153658,252.8359718482502,253.09016471850333,505.92613656675354,8.460379323227357,8.460379323227357,71.57801829289299,4.431943019425262,142.17296150390408,-5.620730668943139,5.620730668943139,31.59261325279799
space3_time0,2020-01-08 16:00:00,70.25,89.75,3,0,130.6719970703125,125.26620156304551,129.49270656576292,0.9673610575081233,0.0177112950745595,0.018631143712498646,0.036342438787058146,290.7723400466028,311.4831471231197,602.2554871697225,5.405795507266987,5.405795507266987,29.22262506638794,1.1792905045495843,142.17296150390408,-11.500964433591577,11.500964433591577,132.27218290273842
space3_time0,2020-01-08 16:00:00,74.5,93.0,3,0,129.3652801513672,123.23394387645503,127.58933440809399,0.965863992066075,0.015919468884652937,0.023022785318839552,0.03894225420349249,253.37463160113154,373.6402278685612,627.0148594696927,6.131336274912158,6.131336274912158,37.5932845160537,1.7759457432731978,142.17296150390408,-12.807681352536889,12.807681352536889,164.03670162812116
space3_time0,2020-01-08 16:00:00,79.0,98.25,3,0,129.3652801513672,118.2758910311837,121.15077806040644,0.9762701727941914,0.014241200106048672,0.02804905124647758,0.04229025135252625,209.3155898888093,421.08225596329805,630.3978458521074,11.089389120183483,11.089389120183483,122.97455105884382,8.21450209096075,142.17296150390408,-12.807681352536889,12.807681352536889,164.03670162812116
space3_time0,2020-01-08 21:00:00,78.5,25.0,3,0,122.17831420898438,128.57508196567778,129.76761499924254,0.9908102415724311,0.024563230127392165,0.026797857676303938,0.0513610878036961,432.76256817912423,484.41689761484565,917.1794657939699,-6.396767756693407,6.396767756693407,40.9186377330724,-7.589300790258164,142.17296150390408,-19.9946472949197,19.9946472949197,399.7859204482397
space3_time0,2020-01-09 10:00:00,79.0,-168.25,3,0,120.87159729003906,121.93342125424637,121.6797707176748,1.00208457441262,0.017298760068131334,0.018428037059717888,0.03572679712784922,268.86745613315725,291.582224919676,560.4496810528333,-1.0618239642073064,1.0618239642073064,1.127470130964919,-0.8081734276357366,142.17296150390408,-21.301364213865014,21.301364213865014,453.74811737172905
space3_time0,2020-01-09 18:00:00,79.75,72.75,3,0,124.79175567626953,114.79241471741516,119.6385944721195,0.9594931737865433,0.016782097336074175,0.026584145978603337,0.04336624331467751,232.8925636488393,377.01328249173343,609.9058461405727,9.999340958854376,9.999340958854376,99.98681961142275,5.153161204150038,142.17296150390408,-17.381205827634545,17.381205827634545,302.10631602259707
space3_time0,2020-01-09 21:00:00,81.0,26.5,3,0,118.2581558227539,121.37889480655494,122.90464939724566,0.98758586759595,0.021022481930455254,0.02852031132705246,0.04954279325750771,328.8966714815308,457.3983094079113,786.2949808894421,-3.120738983801033,3.120738983801033,9.739011805015503,-4.646493574491757,142.17296150390408,-23.91480568115017,23.91480568115017,571.9179307671725
space3_time0,2020-01-10 02:00:00,80.5,-46.5,3,0,114.33799743652344,109.82232826871207,117.75442953019909,0.9326386167116308,0.018827327971659934,0.01588038721253803,0.03470771518419796,237.32203691053613,203.67855279874195,441.0005897092781,4.515669167811367,4.515669167811367,20.39126803312221,-3.4164320936756525,142.17296150390408,-27.83496406738064,27.83496406738064,774.7852246323713
space3_time0,2020-01-10 10:00:00,81.25,-165.25,3,0,88.20359802246094,120.19829306501508,120.72341549538356,0.9956502023388444,0.01664002837019346,0.019283914506145586,0.03592394287633904,251.28732307921524,296.4928458772987,547.780168956514,-31.99469504255414,31.99469504255414,1023.6605108660385,-32.519817472922625,142.17296150390408,-53.96936348144314,53.96936348144314,2912.692194592128
space3_time0,2020-01-10 23:00:00,77.5,-5.75,3,0,122.83168029785156,122.99680431537608,128.2129265031961,0.9593167215655908,0.03335300263525434,0.022088905505573415,0.05544190814082776,542.3296522652121,369.25838572969786,911.5880379949099,-0.16512401752451922,0.16512401752451922,0.02726594116343773,-5.3812462053445245,142.17296150390408,-19.341281206052514,19.341281206052514,374.0851586916002
space3_time0,2020-01-10 23:00:00,81.75,2.25,3,0,116.9514389038086,117.73122511169628,120.15735117154937,0.9798087587967109,0.017047079688805797,0.02688966229548488,0.04393674198429068,249.0128663906267,401.51864018179043,650.5315065724171,-0.7797862078876818,0.7797862078876818,0.608066530011851,-3.2059122677407714,142.17296150390408,-25.221522600095483,25.221522600095483,636.1252022671272
space3_time0,2020-01-11 10:00:00,79.5,-172.0,3,0,100.61743927001953,123.93528916254625,123.037959251439,1.0072931143897916,0.018346807320101043,0.02000306585537328,0.03834987317547432,295.5259735639744,328.44332497500267,623.969298538977,-23.317849892526723,23.317849892526723,543.7221236104085,-22.420519981419474,142.17296150390408,-41.555522233884545,41.555522233884545,1726.8614281308728
space3_time0,2020-01-11 12:00:00,60.75,149.75,3,0,127.40519714355469,117.25173085306511,126.76496436535665,0.924953763368931,0.011760522723757983,0.02607444092726759,0.03783496365102557,168.90905572934116,381.6514105531339,550.5604662824751,10.153466290489575,10.153466290489575,103.09287771210813,0.6402327781980404,142.17296150390408,-14.767764360349389,14.767764360349389,218.0868642028056
space3_time0,2020-01-11 12:00:00,65.0,151.25,3,0,117.60479736328125,120.14893433814973,128.5561651434098,0.9346026633893332,0.009040706459618903,0.02795168178369066,0.03699238824330956,136.0418247053548,428.4730168145356,564.5148415198904,-2.5441369748684792,2.5441369748684792,6.472632946892937,-10.95136778012855,142.17296150390408,-24.568164140622827,24.568164140622827,603.5946892405854
space3_time0,2020-01-11 15:00:00,79.25,114.75,3,0,122.17831420898438,119.05520509607466,122.2921890902015,0.973530737995545,0.016460864373979676,0.031773822767526216,0.04823468714150589,246.8748247101284,488.18117852268597,735.0560032328144,3.1231091129097166,3.1231091129097166,9.753810531139717,-0.11387488121712863,142.17296150390408,-19.9946472949197,19.9946472949197,399.7859204482397
space3_time0,2020-01-11 17:00:00,73.25,83.75,3,0,103.23088073730469,132.57648790147488,137.01839596247063,0.9675816664631481,0.009567015254391445,0.020573460044830946,0.03014047529922239,174.13193880690463,380.1545830865734,554.286521893478,-29.34560716417019,29.34560716417019,861.1646598337968,-33.78751522516595,142.17296150390408,-38.94208076659939,38.94208076659939,1516.48565443235
space3_time0,2020-01-11 18:00:00,80.25,68.75,3,0,98.00399780273438,115.53520870657914,120.35406008100712,0.9599610401910454,0.015750662119297976,0.02688120245384543,0.042631864573143406,221.13984821391384,385.5519127801994,606.6917609941132,-17.531210903844766,17.531210903844766,307.3433557550856,-22.350062278272745,142.17296150390408,-44.1689637011697,44.1689637011697,1950.8973544352466
space3_time0,2020-01-11 20:00:00,65.75,31.25,3,0,131.9787139892578,137.69393031827477,133.89953341616635,1.0283376409558898,0.010705715581497357,0.017028508983126196,0.02773422456462355,209.80551775888085,338.3790062915142,548.1845240503951,-5.715216329016954,5.715216329016954,32.663697687462026,-1.9208194269085368,142.17296150390408,-10.194247514646264,10.194247514646264,103.92268238987154
space3_time0,2020-01-11 20:00:00,78.75,41.75,3,0,130.6719970703125,121.98339560415243,120.61722666648794,1.011326482753927,0.01575937955960352,0.027189185529359436,0.042948565088962956,246.728590220009,434.9222291492489,681.6508193692579,8.688601466160065,8.688601466160065,75.49179543775884,10.054770403824563,142.17296150390408,-11.500964433591577,11.500964433591577,132.27218290273842
space3_time0,2020-01-11 22:00:00,81.5,23.0,3,0,101.27079772949219,117.44234977842258,119.16740795072228,0.9855240774137416,0.015585292589816361,0.028742756070120695,0.04432804865993706,226.46680314233623,427.0259488524243,653.4927519947605,-16.171552048930394,16.171552048930394,261.51909567126484,-17.89661022123009,142.17296150390408,-40.90216377441189,40.90216377441189,1672.9870014288122
space3_time0,2020-01-11 23:00:00,80.0,-4.5,3,0,121.52495574951172,115.7235098614223,121.93834297750459,0.9490329869643311,0.021145641320782903,0.024133087861285187,0.045278729182068087,299.4526541984155,349.5866169444366,649.0392711428522,5.801445888089418,5.801445888089418,33.65677439242962,-0.413387227992871,142.17296150390408,-20.648005754392358,20.648005754392358,426.34014163341993
space3_time0,2020-01-12 02:00:00,81.25,-50.5,3,0,99.31071472167969,111.1388278341965,119.1669164092254,0.9326315657320529,0.013019141236894625,0.01441230450472697,0.027431445741621596,166.36326141680456,186.70926573402886,353.0725271508334,-11.828113112516817,11.828113112516817,139.90425980249228,-19.856201687545706,142.17296150390408,-42.86224678222439,42.86224678222439,1837.172199220305
space3_time0,2020-01-14 12:00:00,68.0,145.5,3,0,142.43247985839844,122.30279711141725,129.93575163223008,0.9412559328365826,0.008898169399138286,0.028561232063570148,0.03745940146270843,138.7955383353124,453.9408938023875,592.7364321376999,20.12968274698119,20.12968274698119,405.20412749411213,12.496728226168358,142.17296150390408,0.2595183544943609,0.2595183544943609,0.06734977631946076
space3_time0,2020-01-14 12:00:00,72.25,148.0,3,0,121.52495574951172,117.68890640524735,125.18072507012384,0.9401519789833482,0.014108233933179561,0.03122568933692095,0.04533392327010051,205.92029199887185,466.22623304443215,672.146525043304,3.8360493442643673,3.8360493442643673,14.715274571631083,-3.655769320612123,142.17296150390408,-20.648005754392358,20.648005754392358,426.34014163341993
space3_time0,2020-01-14 12:00:00,81.0,158.5,3,0,114.33799743652344,114.19096793762613,122.28379942566497,0.9338192669343875,0.01700686915590219,0.03708422363396029,0.054091092789862474,236.08998828884208,528.9416611698829,765.0316494587249,0.14702949889731087,0.14702949889731087,0.02161767354599434,-7.945801989141529,142.17296150390408,-27.83496406738064,27.83496406738064,774.7852246323713
space3_time0,2020-01-14 14:00:00,53.75,116.0,3,0,152.23287963867188,130.85870208457408,130.4328093713754,1.003265226864707,0.013017690100716255,0.013113585478448278,0.02613127557916453,230.3125671596233,235.0604368161101,465.3730039757334,21.3741775540978,21.3741775540978,456.85546611409814,21.800070267296462,142.17296150390408,10.059918134767798,10.059918134767798,101.20195287823002
space3_time0,2020-01-14 14:00:00,62.0,118.75,3,0,133.9387969970703,128.70435850923693,128.58429686605334,1.0009337193273975,0.014720287934290447,0.018891503909072155,0.033611791843362604,254.03913212935313,331.55233644041573,585.5914685697688,5.234438487833387,5.234438487833387,27.399346282911473,5.354500131016977,142.17296150390408,-8.234164506833764,8.234164506833764,67.80146512560093
space3_time0,2020-01-14 14:00:00,66.25,120.5,3,0,154.19296264648438,127.81762908917706,128.7742479790884,0.9925713494357454,0.013117470045149966,0.02287234444232003,0.03598981448747,223.62137319788508,397.0044303785241,620.6258035764092,26.375333557307314,26.375333557307314,695.6582202592214,25.41871466739599,142.17296150390408,12.020001142580298,12.020001142580298,144.48042746763167
space3_time0,2020-01-14 14:00:00,70.5,122.75,3,0,127.40519714355469,126.39880413472635,128.19749495856595,0.9859693762002056,0.01056408071064084,0.027290185897652447,0.03785426660829329,176.21931970615574,463.9377485264658,640.1570682326216,1.00639300882834,1.00639300882834,1.0128268882185592,-0.792297815011267,142.17296150390408,-14.767764360349389,14.767764360349389,218.0868642028056
space3_time0,2020-01-14 14:00:00,79.25,131.5,3,0,107.15103912353516,116.70915114706077,123.27008910328135,0.9467759129246393,0.016385363372808708,0.03323989090611782,0.04962525427892653,236.47256740186262,491.7851397125192,728.2577071143818,-9.55811202352561,9.55811202352561,91.35750545426482,-16.119049979746194,142.17296150390408,-35.02192238036892,35.02192238036892,1226.5350472165856
space3_time0,2020-01-14 17:00:00,80.5,84.75,3,0,106.4976806640625,121.48367131332176,124.49254234813363,0.9758309134181085,0.01626540300511423,0.02741953873829108,0.043684941743405314,252.81890636330394,435.611911475613,688.4308178389169,-14.985990649259264,14.985990649259264,224.5799157396861,-17.994861684071125,142.17296150390408,-35.67528083984158,35.67528083984158,1272.7256630015675
space3_time0,2020-01-14 22:00:00,80.25,12.0,3,0,105.19095611572266,126.5772522515703,129.15698022113477,0.9800264146378487,0.022985182078228913,0.026940297712792508,0.049925479791021424,391.59971343653456,470.5887720794651,862.1884855159997,-21.386296135847644,21.386296135847644,457.37366241017185,-23.966024105412117,142.17296150390408,-36.98200538818142,36.98200538818142,1367.6687225314797
space3_time0,2020-01-15 11:00:00,55.0,162.25,3,0,145.04591369628906,121.45590187846953,134.44976902019093,0.903355228972018,0.022579037064383554,0.023304912462046724,0.04588394952643028,352.68095649349357,372.4673809690965,725.14833746259,23.59001181781953,23.59001181781953,556.4886575648651,10.596144676098135,142.17296150390408,2.872952192384986,2.872952192384986,8.253854299729698
space3_time0,2020-01-15 11:00:00,59.25,163.5,3,0,169.22023010253906,124.43208569312226,136.67710896240433,0.9104091141359282,0.012982383136640045,0.024461902954269775,0.03744428609090982,210.04056056276957,403.25307454931897,613.2936351120885,44.7881444094168,44.7881444094168,2005.9778796387734,32.54312114013473,142.17296150390408,27.047268598634986,27.047268598634986,731.5547386467061
space3_time0,2020-01-15 11:00:00,63.25,165.25,3,0,125.44511413574219,125.1168443719322,137.24817128820084,0.9116102837480098,0.010449952553200925,0.026241462671829023,0.036691415225029944,170.58935094987316,436.31843320256496,606.9077841524381,0.32826976380998474,0.32826976380998474,0.10776103783186317,-11.80305715245865,142.17296150390408,-16.72784736816189,16.72784736816189,279.82087757252066
space3_time0,2020-01-15 11:00:00,67.5,167.25,3,0,79.05655670166016,122.24250035752651,134.82935967978474,0.9066460053496389,0.010553258446714234,0.028687066538310976,0.03924032498502521,164.8794407711734,457.08806023630734,621.9675010074807,-43.18594365586635,43.18594365586635,1865.0257294476633,-55.77280297812459,142.17296150390408,-63.11640480224392,63.11640480224392,3983.6805551607195
space3_time0,2020-01-15 13:00:00,66.0,142.0,3,0,127.40519714355469,120.19158651334966,127.19967967317133,0.9449047892429576,0.01120159103019031,0.02691119502135539,0.0381127860515457,169.04980963291163,413.9566634212067,583.0064730541184,7.213610630205025,7.213610630205025,52.03617832420694,0.20551747038335577,142.17296150390408,-14.767764360349389,14.767764360349389,218.0868642028056
space3_time0,2020-01-15 13:00:00,70.25,144.25,3,0,120.87159729003906,119.4995312703965,126.7620359430887,0.942707573141593,0.009840626239417439,0.02953666937462249,0.03937729561403993,146.89097042548198,449.6748413779125,596.5658118033945,1.3720660196425598,1.3720660196425598,1.8825651622577773,-5.890438653049642,142.17296150390408,-21.301364213865014,21.301364213865014,453.74811737172905
space3_time0,2020-01-15 14:00:00,68.75,119.5,3,0,168.11769104003906,128.11720720341626,130.01250367262574,0.9854221985142146,0.010897627558034861,0.024269989759112542,0.035167617317147404,186.28956479352868,422.2515193404495,608.5410841339782,40.000483836622806,40.000483836622806,1600.0387071639223,38.10518736741332,142.17296150390408,25.944729536134986,25.944729536134986,673.1289907031951
space3_time0,2020-01-15 14:00:00,73.0,122.0,3,0,139.81903076171875,127.0011065069457,128.44494372308418,0.9887590965102432,0.014709129318548154,0.028891431059525977,0.04360056037807413,249.6522132251407,501.18312434524677,750.8353375703875,12.817924254773047,12.817924254773047,164.29918220109917,11.37408703863457,142.17296150390408,-2.3539307421853266,2.3539307421853266,5.540989939005162
space3_time0,2020-01-15 15:00:00,68.75,119.5,3,0,239.3838348388672,128.09691806638082,129.991154117762,0.9854279618929673,0.010976713389870054,0.02426510543472525,0.0352418188245953,187.60342264562692,422.09650239659055,609.6999250422175,111.28691677248636,111.28691677248636,12384.777844726306,109.3926807211052,142.17296150390408,97.21087333496311,97.21087333496311,9449.953894546243
space3_time0,2020-01-15 16:00:00,68.75,119.5,3,0,97.35063934326172,128.24855943585615,130.1442798321581,0.98543370174435,0.010907129451292144,0.024260228378071846,0.03516735782936399,186.83535173755752,422.9494489706838,609.7848007082414,-30.897920092594433,30.897920092594433,954.6814660483508,-32.793640488896386,142.17296150390408,-44.82232216064236,44.82232216064236,2009.040563872411
space3_time0,2020-01-15 19:00:00,77.0,53.0,3,0,116.624755859375,122.89759376394228,124.76993061000142,0.9849936852821405,0.023248009560340406,0.023349700511266464,0.046597710071606874,372.1925576888345,382.6325162278464,754.8250739166808,-6.272837904567282,6.272837904567282,39.348495376976054,-8.145174750626424,142.17296150390408,-25.548205644529077,25.548205644529077,652.7108116551474
space3_time0,2020-01-16 11:00:00,53.25,159.25,3,0,150.92616271972656,115.6607927067312,128.19845936715453,0.9022011128502249,0.019422424358239845,0.02313285524525161,0.04255527960349145,273.76734419979954,333.0819229175837,606.8492671173833,35.26537001299536,35.26537001299536,1243.6463221534725,22.727703352572036,142.17296150390408,8.753201215822486,8.753201215822486,76.61853152467624
space3_time0,2020-01-16 11:00:00,57.25,160.5,3,0,162.68663024902344,117.66056316118592,129.39207938156466,0.9093335830411715,0.012306959154953123,0.023816774570422118,0.03612373372537524,177.73628807436882,350.2353558757137,527.9716439500826,45.02606708783752,45.02606708783752,2027.346717398445,33.29455086745878,142.17296150390408,20.51366874511936,20.51366874511936,420.81060538448696
space3_time0,2020-01-16 11:00:00,65.5,163.25,3,0,140.47239685058594,118.57593861716592,130.45010045428882,0.9089754488822046,0.008780145032033664,0.027404016798147593,0.036184161830181256,128.56341294118852,408.60098911778624,537.1644020589747,21.89645823342002,21.89645823342002,479.4548831679074,10.022296396297122,142.17296150390408,-1.700564653318139,1.700564653318139,2.8919201401150425
space3_time0,2020-01-16 11:00:00,78.75,173.25,3,0,105.84431457519531,118.4054195071777,126.53760842666912,0.9357330281439277,0.018589676101929062,0.03573677896544448,0.05432645506737354,277.74843111992317,548.6670682272594,826.4154993471825,-12.561104931982385,12.561104931982385,157.7813571122722,-20.69329385147381,142.17296150390408,-36.328646928708764,36.328646928708764,1319.7705876707807
space3_time0,2020-01-16 19:00:00,79.5,54.0,3,0,81.01663970947266,118.362477842509,120.87528824963543,0.9792115456888348,0.021131641427061462,0.025701762243643796,0.04683340367070526,313.54333699874434,390.391957959395,703.9352949581394,-37.34583813303634,37.34583813303634,1394.711625858951,-39.858648540162775,142.17296150390408,-61.15632179443142,61.15632179443142,3740.0956954240473
space3_time1,2020-01-18 13:00:00,69.0,135.75,3,1,134.5921630859375,130.47601525144432,127.23941298561074,1.0254371046666142,0.016761100358454056,0.041289276282654414,0.05805037664110847,304.94362929669853,773.3668519799102,1078.3104812766087,4.116147834493177,4.116147834493177,16.942672995402866,7.352750100326759,140.25724535232993,-5.665082266392432,5.665082266392432,32.09315708499401
space3_time1,2020-01-18 13:00:00,77.75,142.5,3,1,104.53759765625,113.79390879644134,109.09664396907465,1.0430559974759464,0.025512167680035676,0.05252951164759897,0.07804167932763464,361.7679902424067,774.5881136989253,1136.356103941332,-9.256311140191343,9.256311140191343,85.67929592403037,-4.559046312824648,140.25724535232993,-35.71964769607993,35.71964769607993,1275.8932315320683
space3_time1,2020-01-18 15:00:00,67.25,111.0,3,1,124.79175567626953,135.0660307965435,133.05468235715807,1.0151167054308265,0.010908498092937619,0.023714033440171946,0.03462253153310957,207.14025795972864,458.1747912767596,665.3150492364882,-10.274275120273956,10.274275120273956,105.5607292470804,-8.26292668088854,140.25724535232993,-15.4654896760604,15.4654896760604,239.18137092033083
space3_time1,2020-01-18 15:00:00,71.75,113.5,3,1,115.64471435546875,137.89076312228795,134.60096673333405,1.0244411052074502,0.014254363609306153,0.030930986410236245,0.045185350019542395,285.588623853654,633.8877379276196,919.4763617812736,-22.2460487668192,22.2460487668192,494.88668573569805,-18.956252377865297,140.25724535232993,-24.61253099686118,24.61253099686118,605.7766820714525
space3_time1,2020-01-18 16:00:00,65.75,86.0,3,1,134.5921630859375,143.88395429073725,137.92656124438489,1.0431925003610931,0.011813991343799119,0.012960997277599147,0.024774988621398264,252.20222864927848,280.13735624263956,532.3395848919181,-9.29179120479975,9.29179120479975,86.337383793594,-3.334398158447385,140.25724535232993,-5.665082266392432,5.665082266392432,32.09315708499401
space3_time1,2020-01-18 16:00:00,70.0,88.25,3,1,144.39256286621094,139.74008276223404,134.2073767122944,1.041225051748089,0.016044103492881448,0.01958129000691644,0.03562539349979789,327.27885694094306,406.61372196341836,733.8925789043615,4.652480103976899,4.652480103976899,21.645571117900896,10.185186153916533,140.25724535232993,4.135317513881006,4.135317513881006,17.100850940610982
space3_time1,2020-01-18 16:00:00,74.5,91.25,3,1,130.0186309814453,129.54225243456364,124.83674705103662,1.0376932713698739,0.0208290991077646,0.027160288055229593,0.047989387162994196,370.5661393241626,494.94378944438523,865.5099287685478,0.47637854688167636,0.47637854688167636,0.22693651992909752,5.181883930408688,140.25724535232993,-10.23861437088462,10.23861437088462,104.82922423568505
space3_time1,2020-01-18 16:00:00,79.0,95.75,3,1,94.73719787597656,120.01763763324018,114.74997906858599,1.0459055296341775,0.021331576534472655,0.03505992280359775,0.0563914993380704,328.5821340630612,555.5091477436763,884.0912818067375,-25.280439757263622,25.280439757263622,639.1006343206352,-20.012781192609424,140.25724535232993,-45.52004747635337,45.52004747635337,2072.0747222494647
space3_time1,2020-01-19 10:00:00,79.0,-169.75,3,1,150.27279663085938,94.19445017487061,107.2599257883557,0.8781886569708638,0.023099257223141788,0.016883323550597143,0.03998258077373893,215.7935478879863,160.90739116144573,376.700939049432,56.078346455988765,56.078346455988765,3144.7809412379074,43.01287084250367,140.25724535232993,10.015551278529443,10.015551278529443,100.31126741285277
space3_time1,2020-01-19 13:00:00,67.0,132.75,3,1,99.96408081054688,133.38401747778752,130.57347218837776,1.021524627034157,0.015052226598474517,0.03716197446858242,0.05221420106705694,284.2872120995119,720.4675374226607,1004.7547495221727,-33.41993666724065,33.41993666724065,1116.892166842376,-30.60939137783089,140.25724535232993,-40.29316454178306,40.29316454178306,1623.5391087912035
space3_time1,2020-01-19 13:00:00,71.5,134.75,3,1,135.8988800048828,124.85538248367482,120.49202169601502,1.0362128606213277,0.022900495107944528,0.04288795424530814,0.06578844935325268,385.6676756591165,746.4715735399571,1132.1392491990737,11.043497521207996,11.043497521207996,121.95883750092716,15.406858308867797,140.25724535232993,-4.358365347447119,4.358365347447119,18.99534850182785
space3_time1,2020-01-19 18:00:00,79.75,70.25,3,1,111.07119750976562,107.65336395759564,107.86426198470849,0.9980447831076551,0.023309591239444944,0.03339253231580813,0.05670212355525307,289.2589017489946,426.3089843552039,715.5678861041986,3.4178335521699807,3.4178335521699807,11.68158619033887,3.2069355250571334,140.25724535232993,-29.186047842564307,29.186047842564307,851.8253886684527
space3_time1,2020-01-20 17:00:00,70.75,83.25,3,1,116.29808044433594,132.69226707192908,128.01990541880534,1.036497149703701,0.019684956556918543,0.020180224423321097,0.03986518098023964,364.2675318172985,380.95086623660393,745.2183980539024,-16.394186627593143,16.394186627593143,268.76935518035384,-11.7218249744694,140.25724535232993,-23.959164907993994,23.959164907993994,574.0415830884508
space3_time1,2020-01-20 17:00:00,75.0,86.5,3,1,123.48503875732422,119.51686127033814,116.24783406929102,1.0281211880395,0.020774694448288427,0.027197696196474552,0.04797239064476298,314.5908779363445,421.8579585864688,736.4488365228133,3.968177486986079,3.968177486986079,15.746432568223153,7.237204688033202,140.25724535232993,-16.772206595005713,16.772206595005713,281.30691406555314
space3_time1,2020-01-20 17:00:00,79.5,91.25,3,1,124.79175567626953,114.67187424534723,112.65760394601773,1.0178795769550957,0.02010085255294767,0.03486233107455665,0.05496318362750432,282.07894004056374,502.87771832250223,784.956658363066,10.119881430922305,10.119881430922305,102.41200017592608,12.134151730251801,140.25724535232993,-15.4654896760604,15.4654896760604,239.18137092033083
space3_time1,2020-01-21 12:00:00,60.75,149.25,3,1,150.27279663085938,135.56743170569413,134.8350633794654,1.0054315866205195,0.013025261609712126,0.04552970001715047,0.05855496162686259,255.48108871418816,919.6373076244852,1175.1183963386734,14.705364925165242,14.705364925165242,216.24775758228014,15.43773325139398,140.25724535232993,10.015551278529443,10.015551278529443,100.31126741285277
space3_time1,2020-01-21 17:00:00,73.0,82.25,3,1,118.2581558227539,135.95330764509134,130.57064676450744,1.0412241266621882,0.013319154620850865,0.02367202022653618,0.036991174847387044,257.1678699987489,465.60199437265726,722.7698643714061,-17.695151822337436,17.695151822337436,313.11839801557187,-12.312490941753538,140.25724535232993,-21.999089529576025,21.999089529576025,483.9599401303015
space3_time1,2020-01-21 20:00:00,65.75,30.25,3,1,126.75183868408203,119.23078596296179,135.02838587179295,0.8830053413818433,0.017864838116224566,0.015470003055600243,0.03333484117182481,264.93425337520597,233.27411497431936,498.20836834952536,7.521052721120242,7.521052721120242,56.566234033870195,-8.276547187710918,140.25724535232993,-13.5054066682479,13.5054066682479,182.39600927475485
space3_time1,2020-01-21 20:00:00,70.0,32.0,3,1,101.92415618896484,120.3839664640045,137.33926081656026,0.8765444472924429,0.014395437606635076,0.02103391592768604,0.03542935353432111,217.71012183541762,323.79603429552435,541.5061561309419,-18.459810275039658,18.459810275039658,340.7645953904597,-35.41510462759541,140.25724535232993,-38.33308916336509,38.33308916336509,1469.425724806498
space3_time1,2020-01-22 12:00:00,46.5,142.75,3,1,151.5795135498047,136.751515365918,136.8950881676574,0.9989512202105926,0.02710590281472698,0.036541419441599096,0.06364732225632608,547.6071627049289,762.1182544037506,1309.7254171086795,14.827998183886677,14.827998183886677,219.86953014134662,14.684425382147282,140.25724535232993,11.322268197474756,11.322268197474756,128.19375713554825
space3_time1,2020-01-22 12:00:00,50.5,143.75,3,1,147.00599670410156,127.36137033751606,128.2090443314681,0.9933883448053747,0.025368663684128934,0.037337183184130256,0.0627058468682592,443.7375913792526,673.9073038330796,1117.6448952123321,19.6446263665855,19.6446263665855,385.91134508274615,18.796952372633456,140.25724535232993,6.748751351771631,6.748751351771631,45.54564480803941
space3_time1,2020-01-22 12:00:00,63.0,147.5,3,1,123.48503875732422,131.19324529277597,133.8552802695195,0.9801125889738269,0.011458572467161672,0.04522948383565142,0.05668805630281309,209.92460733544937,852.5085868995321,1062.4331942349816,-7.708206535451751,7.708206535451751,59.41644799318109,-10.370241512195292,140.25724535232993,-16.772206595005713,16.772206595005713,281.30691406555314
space3_time1,2020-01-22 12:00:00,67.25,148.75,3,1,115.64471435546875,127.65857943110801,131.84305009810006,0.9682617273805599,0.014339065022434497,0.04873343970443396,0.06307250472686846,250.68612577233839,879.3703238080495,1130.0564495803878,-12.01386507563926,12.01386507563926,144.33295405566471,-16.198335742631315,140.25724535232993,-24.61253099686118,24.61253099686118,605.7766820714525
space3_time1,2020-01-22 12:00:00,71.5,151.25,3,1,88.20359802246094,117.58066471909521,121.78452883192247,0.965481131690963,0.01895963343730415,0.052961528962072686,0.07192116239937683,284.3546007943993,823.47907902447,1107.8336798188693,-29.377066696634273,29.377066696634273,863.0120476984985,-33.580930809461535,140.25724535232993,-52.053647329868994,52.053647329868994,2709.5822003423773
space3_time1,2020-01-24 12:00:00,67.75,144.5,3,1,107.80439758300781,128.41945537611977,132.87546369664017,0.9664647768929434,0.014265239916465692,0.04607130332106739,0.06033654323753308,251.67837158391114,837.7876486774209,1089.466020261332,-20.61505779311196,20.61505779311196,424.98060781334607,-25.071066113632355,140.25724535232993,-32.45284776932212,32.45284776932212,1053.1873283387956
space3_time1,2020-01-24 12:00:00,72.25,146.5,3,1,136.55223083496094,126.73969796435543,122.68219770586586,1.0330732602966368,0.026829807175397197,0.05069716311288236,0.07752697028827955,472.0102904064317,927.2264753635217,1399.2367657699533,9.812532870605509,9.812532870605509,96.28580133671359,13.870033129095077,140.25724535232993,-3.705014517368994,3.705014517368994,13.727132573915
space3_time1,2020-01-24 14:00:00,53.75,115.5,3,1,135.24551391601562,135.38747916479338,137.28175761154685,0.9862015283041938,0.01280012961494324,0.012556519101454654,0.025356648716397895,242.1955178392301,240.61738935272317,482.8129071919533,-0.14196524877775119,0.14196524877775119,0.020154131860528786,-2.036243695531226,140.25724535232993,-5.011731436314307,5.011731436314307,25.117451989741063
space3_time1,2020-01-24 14:00:00,62.0,118.0,3,1,114.9913558959961,127.13375538383697,127.92095460987822,0.9938462058195078,0.020572613689035065,0.021376402519087234,0.0419490162081223,350.3518327209897,371.75709396744367,722.1089266884334,-12.142399487840876,12.142399487840876,147.43786532231837,-12.929598713882129,140.25724535232993,-25.265889456333838,25.265889456333838,638.3651700196814
space3_time1,2020-01-24 14:00:00,66.25,119.5,3,1,117.60479736328125,127.83636877804949,128.0237198442154,0.998536590981781,0.020913564439535442,0.02714056041327581,0.048054124852811256,362.3729648725071,481.71123642107705,844.0842012935841,-10.23157141476824,10.23157141476824,104.68505361550257,-10.418922480934157,140.25724535232993,-22.65244798904868,22.65244798904868,513.1333998965557
space3_time1,2020-01-24 14:00:00,70.5,121.5,3,1,122.17831420898438,130.48238316434328,130.4144949560027,1.0005205572307239,0.019552528079530604,0.03340770426367917,0.052960232343209776,354.45386046214804,621.894722320869,976.348582783017,-8.3040689553589,8.3040689553589,68.95756121535545,-8.236180747018324,140.25724535232993,-18.078931143345557,18.078931143345557,326.8477512858299
space3_time1,2020-01-26 00:00:00,76.75,-22.0,3,1,102.5775146484375,115.02516012472104,117.34822333601481,0.9802036780340344,0.014882172222117905,0.019786377595739986,0.03466854981785789,205.37331316746162,277.8275010529606,483.2008142204222,-12.44764547628354,12.44764547628354,154.94387790324208,-14.770708687577311,140.25724535232993,-37.67973070389243,37.67973070389243,1419.7621059178541
space3_time1,2020-01-26 11:00:00,53.0,158.75,3,1,165.30007934570312,142.0842958220499,138.02816414333012,1.0293862611583235,0.019462412511805947,0.050726934331930235,0.07018934684373618,425.60305953974984,1149.0206037031385,1574.6236632428884,23.215783523653215,23.215783523653215,538.9726046171281,27.27191520237301,140.25724535232993,25.042833993373193,25.042833993373193,627.143534419648
space3_time1,2020-01-26 11:00:00,57.25,160.0,3,1,121.52495574951172,144.69789845207282,139.74006911099286,1.0354789386653445,0.01465992684822428,0.052466848537342646,0.06712677538556693,330.6711381625947,1223.972845111394,1554.6439832739886,-23.1729427025611,23.1729427025611,536.9852734961798,-18.215113361481144,140.25724535232993,-18.732289602818213,18.732289602818213,350.8986737638513
space3_time1,2020-01-26 11:00:00,65.5,162.25,3,1,69.90951538085938,142.34068821199034,138.80091929163183,1.0255024890211364,0.008131539545306347,0.05624199919007267,0.06437353873537902,176.42288167928663,1260.3102274409932,1436.7331091202798,-72.43117283113097,72.43117283113097,5246.274797693164,-68.89140391077245,140.25724535232993,-70.34772997147056,70.34772997147056,4948.803112138937
space3_time1,2020-01-26 11:00:00,70.0,164.25,3,1,116.9514389038086,120.48982902927705,123.04031587200726,0.9792711289413191,0.028677581528856824,0.058513738455601726,0.08719131998445855,460.84210109021086,982.3084927531476,1443.1505938433584,-3.538390125468453,3.538390125468453,12.520204680012656,-6.088876968198662,140.25724535232993,-23.305806448521338,23.305806448521338,543.1606142159387
space3_time1,2020-01-26 14:00:00,62.5,113.0,3,1,135.24551391601562,130.36856905103,131.98564704848954,0.9877480769036537,0.0176623674164619,0.0191404134731359,0.036802780889597805,314.20922839478857,346.8278336841034,661.037062078892,4.8769448649856315,4.8769448649856315,23.78459121610972,3.2598668675260853,140.25724535232993,-5.011731436314307,5.011731436314307,25.117451989741063
space3_time1,2020-01-26 14:00:00,66.75,114.75,3,1,122.83168029785156,126.57874301927141,127.63404044480549,0.9917318497333754,0.018246168564371952,0.025020590003425915,0.04326675856779787,308.0717559981411,431.69628265156126,739.7680386497024,-3.7470627214198515,3.7470627214198515,14.040479038254343,-4.80236014695393,140.25724535232993,-17.42556505447837,17.42556505447837,303.65031746785775
space3_time1,2020-01-26 14:00:00,71.25,116.75,3,1,121.52495574951172,133.45405414098747,134.19716202735455,0.9944625663081041,0.0094579099489989,0.031765993378363735,0.041223903327362636,176.36703315754258,604.7181079961385,781.0851411536811,-11.929098391475748,11.929098391475748,142.30338843350927,-12.672206277842832,140.25724535232993,-18.732289602818213,18.732289602818213,350.8986737638513
space3_time1,2020-01-26 16:00:00,61.0,88.5,3,1,128.05856323242188,139.00449807310966,135.36306760478126,1.0269012111853162,0.013307582558214065,0.010270413527729345,0.02357799608594341,265.02667010221666,206.96501636233754,471.99168646455416,-10.945934840687784,10.945934840687784,119.8134895365827,-7.304504372359389,140.25724535232993,-12.198682119908057,12.198682119908057,148.80784546256453
space3_time1,2020-01-26 16:00:00,65.25,90.0,3,1,115.64471435546875,143.04476920619132,138.6320864046797,1.0318301694503145,0.014884491691479911,0.014313916352884816,0.02919840804436473,315.93287058840633,308.2899254984325,624.2227960868388,-27.40005485072257,27.40005485072257,750.7630058226054,-22.98737204921096,140.25724535232993,-24.61253099686118,24.61253099686118,605.7766820714525
space3_time1,2020-01-29 13:00:00,67.0,131.25,3,1,114.9913558959961,129.21575513193036,129.26065947799145,0.9996526062435206,0.0212770390934275,0.03567257264177283,0.05694961173520033,380.1049067482577,655.7042542034698,1035.8091609517273,-14.224399235934271,14.224399235934271,202.3335336232475,-14.26930358199536,140.25724535232993,-25.265889456333838,25.265889456333838,638.3651700196814
space3_time1,2020-01-29 13:00:00,71.5,133.25,3,1,120.87159729003906,137.01392773345518,134.74630670816165,1.0168288176551272,0.011429890147934526,0.041620202451865686,0.05305009259980021,227.55961201963416,850.9537947110445,1078.5134067306785,-16.142330443416114,16.142330443416114,260.5748321444387,-13.874709418122592,140.25724535232993,-19.38564806229087,19.38564806229087,375.80335079500173
space3_time1,2020-01-29 15:00:00,69.75,108.25,3,1,95.39055633544922,132.70486033799392,130.98729872643057,1.0131124286725735,0.012187046245689639,0.025894427184589834,0.03808147343027947,224.31574717665816,485.78750987540417,710.1032570520623,-37.3143040025447,37.3143040025447,1392.3572831943236,-35.59674239098135,140.25724535232993,-44.86668901688071,44.86668901688071,2013.0197833374843
space3_time1,2020-02-07 15:00:00,67.25,108.5,3,1,303.1590270996094,129.40092774851936,131.09331132482464,0.9870902370288603,0.016047258057142733,0.023124041608149584,0.039171299665292314,281.6934661329247,413.9526194009481,695.6460855338728,173.75809935109,173.75809935109,30191.877090103266,172.06571577478474,140.25724535232993,162.90178174727944,162.90178174727944,26536.990496438266
space3_time1,2020-02-07 16:00:00,70.25,85.5,3,1,94.73719787597656,142.00082366239815,137.22859848898642,1.0347757335275465,0.01760350778298491,0.02166175135685854,0.03926525913984345,372.44469236086877,467.39640282636026,839.841095187229,-47.263625786421585,47.263625786421585,2233.8503224788956,-42.49140061300986,140.25724535232993,-45.52004747635337,45.52004747635337,2072.0747222494647
space3_time1,2020-02-11 12:00:00,50.0,142.75,3,1,138.51231384277344,130.84587444327713,137.20774997794175,0.9536332638959,0.0124713880250487,0.035630103776678176,0.048101491801726876,225.44261537147696,659.7867254730317,885.2293408445087,7.666439399496312,7.666439399496312,58.774293066149376,1.3045638648316924,140.25724535232993,-1.7449315095564941,1.7449315095564941,3.0447859730431053
space3_time1,2020-02-11 12:00:00,54.25,143.25,3,1,130.6719970703125,125.47179879435531,127.87726010044494,0.981189295859168,0.02827108574884977,0.03683089110525592,0.06510197685410568,481.7942545732891,648.4524773988445,1130.2467319721336,5.200198275957192,5.200198275957192,27.042062109268148,2.7947369698675573,140.25724535232993,-9.585248282017432,9.585248282017432,91.87698462791812
space3_time1,2020-02-11 12:00:00,67.25,146.5,3,1,116.29808044433594,127.40440272996314,133.16041245148037,0.9567738668306205,0.012496423848142197,0.046685310260073005,0.0591817341082152,216.55754019056062,833.4039904783666,1049.9615306689273,-11.1063222856272,11.1063222856272,123.35039471221941,-16.86233200714443,140.25724535232993,-23.959164907993994,23.959164907993994,574.0415830884508
space3_time1,2020-02-11 12:00:00,71.75,148.0,3,1,115.64471435546875,125.95493103778574,131.3027699923752,0.9592709357548209,0.016092716058685952,0.05087260093654839,0.06696531699523434,275.19563456091845,899.6624870814048,1174.8581216423233,-10.310216682316991,10.310216682316991,106.30056803632758,-15.658055636906454,140.25724535232993,-24.61253099686118,24.61253099686118,605.7766820714525
space3_time1,2020-02-12 12:00:00,65.25,143.25,3,1,141.12576293945312,128.43227994892015,132.35973450931806,0.9703274218933898,0.014454017934804074,0.04282803479588404,0.057282052730688114,254.3060450772196,775.4687332467067,1029.7747783239263,12.69348299053297,12.69348299053297,161.12451043094984,8.766028430135066,140.25724535232993,0.8685175871231934,0.8685175871231934,0.7543227991422938
space3_time1,2020-02-12 12:00:00,69.75,144.5,3,1,111.07119750976562,128.74203050432638,134.45480981939247,0.9575115287973722,0.009628436134034997,0.04719027420246804,0.056818710336503035,169.73248956620426,855.9302463181737,1025.662735884378,-17.670832994560755,17.670832994560755,312.258338721657,-23.38361230962684,140.25724535232993,-29.186047842564307,29.186047842564307,851.8253886684527
space3_time1,2020-02-13 12:00:00,67.75,141.5,3,1,105.84431457519531,125.59567102508063,131.52896837926937,0.9548898054375383,0.01368255052430456,0.043502801584878424,0.057185352109182984,230.10507667259208,752.8784483047953,982.9835249773873,-19.75135644988532,19.75135644988532,390.1160816104265,-25.68465380407406,140.25724535232993,-34.41293077713462,34.41293077713462,1184.249804671859
space3_time1,2020-02-14 11:00:00,54.5,160.0,3,1,114.33799743652344,139.94462328757012,141.51626282414264,0.9888942832066906,0.01126095341484805,0.05163295363229638,0.06289390704714443,236.18355382275845,1117.6469707977042,1353.8305246204627,-25.606625851046687,25.606625851046687,655.6992874754925,-27.178265387619206,140.25724535232993,-25.919247915806494,25.919247915806494,671.8074125210393
space3_time1,2020-02-14 11:00:00,58.75,161.0,3,1,117.60479736328125,139.8480690050835,143.18008903453298,0.9767284679600534,0.012056518198928562,0.053062431329143504,0.06511894952807207,253.18403952300528,1151.3047149756148,1404.4887544986202,-22.243271641802238,22.243271641802238,494.76313333100364,-25.575291671251733,140.25724535232993,-22.65244798904868,22.65244798904868,513.1333998965557
space3_time1,2020-02-14 14:00:00,59.75,112.75,3,1,139.81903076171875,125.00116453444856,134.09307837936308,0.9321969936494968,0.016619423736188285,0.01645633490409258,0.03307575864028087,270.65905333733906,272.4720296398956,543.1310829772347,14.817866227270187,14.817866227270187,219.5691595292744,5.725952382355672,140.25724535232993,-0.4382145906111816,0.4382145906111816,0.19203202742452552
space3_time1,2020-02-14 14:00:00,64.25,113.75,3,1,139.81903076171875,126.01655413758246,130.30847266121856,0.9670633962935439,0.02160997785987904,0.021847159676116,0.04345713753599504,362.312830788292,374.33562404288705,736.648454831179,13.80247662413629,13.80247662413629,190.5083609598287,9.510558100500191,140.25724535232993,-0.4382145906111816,0.4382145906111816,0.19203202742452552
space3_time1,2020-02-14 14:00:00,68.5,115.0,3,1,116.29808044433594,137.84983097201396,139.17586941140956,0.990472210125192,0.01232701179167567,0.027692701489292662,0.04001971328096833,245.31841735498284,562.262300077895,807.5807174328779,-21.551750527678024,21.551750527678024,464.47795080727,-22.877788967073627,140.25724535232993,-23.959164907993994,23.959164907993994,574.0415830884508
space3_time1,2020-02-15 11:00:00,52.5,157.0,3,1,156.1530303955078,134.57695594321513,137.23404427942725,0.9806382712820007,0.011831415065957687,0.048906611148361645,0.060738026214319334,229.0487749811834,976.0873773310233,1205.1361523122066,21.576074452292687,21.576074452292687,465.52698877087715,18.91898611608056,140.25724535232993,15.89578504317788,15.89578504317788,252.67598213891762
space3_time1,2020-02-15 11:00:00,56.75,158.0,3,1,140.47239685058594,132.79373406758828,136.82594874579897,0.970530336422502,0.014021568226429243,0.050331329538734225,0.06435289776516347,265.55113788403503,984.4786813992317,1250.0298192832668,7.678662782997662,7.678662782997662,58.9618621349934,3.6464481047869697,140.25724535232993,0.21515149825600588,0.21515149825600588,0.0462901672018041
space3_time1,2020-02-15 14:00:00,62.25,110.75,3,1,117.60479736328125,127.87702621253436,133.78402447417085,0.955846759096585,0.015140960217730521,0.018316246541199153,0.03345720675892967,257.96496142698203,317.3297911461552,575.2947525731372,-10.27222884925311,10.27222884925311,105.51868553142789,-16.1792271108896,140.25724535232993,-22.65244798904868,22.65244798904868,513.1333998965557
space3_time1,2020-02-15 14:00:00,66.5,111.75,3,1,111.72455596923828,133.0513775527092,135.46296206586638,0.9821974621226385,0.014218966086592197,0.02377200168448688,0.037990967771079076,263.3281600739732,448.69501012149533,712.0231701954685,-21.326821583470917,21.326821583470917,454.8333188532009,-23.738406096628097,140.25724535232993,-28.53268938309165,28.53268938309165,814.114363431991
space3_time1,2020-02-20 12:00:00,46.25,143.75,3,1,136.55223083496094,128.40102001418987,135.01316183031597,0.9510259464596775,0.031121598315115392,0.03669489665810405,0.06781649497321944,557.7334162049083,680.3046598932237,1238.038076098132,8.15121082077107,8.15121082077107,66.44223784465538,1.539069004644972,140.25724535232993,-3.705014517368994,3.705014517368994,13.727132573915
space3_time1,2020-02-21 12:00:00,54.0,142.5,3,1,152.88623046875,126.66626952121469,134.18737024476414,0.9439507555008299,0.01937169369849451,0.0359956692970738,0.05536736299556831,331.702385274521,633.681137408244,965.383522682765,26.219960947535313,26.219960947535313,687.4863520902769,18.69886022398586,140.25724535232993,12.628985116420068,12.628985116420068,159.4912650707596
space3_time1,2020-02-21 12:00:00,67.0,144.75,3,1,107.15103912353516,134.8378099235665,135.08194051400125,0.9981927222136,0.010719806389172835,0.045329394861933006,0.05604920125110584,207.24403350280198,901.3242321837472,1108.5682656865492,-27.686770800031354,27.686770800031354,766.5572773334688,-27.93090139046609,140.25724535232993,-33.106206228794775,33.106206228794775,1096.02089086349
space3_time1,2020-02-23 14:00:00,61.5,114.75,3,1,120.87159729003906,117.29311986962189,126.6809867874467,0.9258936391648386,0.022284940188767255,0.019058304506456125,0.04134324469522338,323.11698820629596,282.10302201441954,605.2200102207155,3.5784774204171725,3.5784774204171725,12.805500648435542,-5.809389497407636,140.25724535232993,-19.38564806229087,19.38564806229087,375.80335079500173
space3_time1,2020-02-23 14:00:00,66.0,115.25,3,1,79.70991516113281,125.85967357202016,130.0478896702278,0.9677948169030036,0.017737173843959345,0.0248537151143054,0.042590888958264746,295.8093411081698,423.4213535840264,719.2306946921963,-46.149758410887344,46.149758410887344,2129.800201383267,-50.33797450909498,140.25724535232993,-60.54733019119712,60.54733019119712,3665.9791932818503
space3_time1,2020-02-24 11:00:00,54.0,159.25,3,1,143.73919677734375,134.32797012672364,137.64503478323786,0.9759013126645802,0.012199676021817294,0.050981211598351464,0.06318088762016875,235.92400477660098,1017.648694587823,1253.572699364424,9.411226650620108,9.411226650620108,88.57118706934217,6.094161994105889,140.25724535232993,3.4819514250138184,3.4819514250138184,12.12398572615576
space3_time1,2020-02-24 14:00:00,59.75,111.75,3,1,146.35263061523438,123.69530738111811,134.9039937871613,0.9169136058067543,0.01617397706922336,0.01571660103699178,0.03189057810621514,257.56689450395316,254.30595766002432,511.8728521639775,22.657323234116262,22.657323234116262,513.3542961352246,11.448636828073063,140.25724535232993,6.095385262904443,6.095385262904443,37.15372150323267
space3_time1,2020-02-24 14:00:00,64.0,112.5,3,1,114.33799743652344,122.74384228568029,128.30554946625674,0.9566526373667168,0.021180441515116107,0.02114282526537905,0.04232326678049515,336.4515941922726,343.0369907609405,679.4885849532131,-8.40584484915685,8.40584484915685,70.65822762809674,-13.967552029733298,140.25724535232993,-25.919247915806494,25.919247915806494,671.8074125210393
space3_time1,2020-02-25 11:00:00,53.75,156.0,3,1,133.9387969970703,133.36378973600034,137.60630807695472,0.9691691580114061,0.016671668064463817,0.04830783509818012,0.06497950316264393,319.08059046664175,955.1822106742953,1274.262801140937,0.5750072610699704,0.5750072610699704,0.330633350283189,-3.667511079884406,140.25724535232993,-6.318448355259619,6.318448355259619,39.92278961808299
space3_time3,2020-11-04 14:00:00,66.75,108.75,3,3,122.17831420898438,131.88660737479682,130.7540716422895,1.008661571439287,0.01506505517401152,0.043804024823426296,0.05886907999743782,280.0361373433915,838.6316351997559,1118.6677725431473,-9.70829316581245,9.70829316581245,94.25095619336071,-8.575757433305114,138.2674878088394,-16.08917359985503,16.08917359985503,258.8615071262721
space3_time3,2020-11-14 14:00:00,64.0,108.75,3,3,103.88423919677734,133.17880042817234,130.64875281889525,1.019365264150544,0.015214334029929133,0.044613632014358,0.05982796604428713,288.67823369987536,872.2720942479782,1160.9503279478536,-29.294561231394994,29.294561231394994,858.1713177399506,-26.764513622117903,138.2674878088394,-34.38324861206206,34.38324861206206,1182.2077851188676
space3_time3,2020-11-15 14:00:00,65.75,107.0,3,3,118.91151428222656,132.63053499000716,130.36291201617314,1.0173946940794993,0.016047630093226784,0.04522151508242906,0.06126914517565585,302.54930405996623,879.1584046259455,1181.7077086859117,-13.7190207077806,13.7190207077806,188.21152918051294,-11.451397733946578,138.2674878088394,-19.355973526612843,19.355973526612843,374.6537111629372
space3_time3,2020-11-15 14:00:00,74.25,110.75,3,3,124.79175567626953,124.92218987530119,122.89523945530657,1.0164933192610102,0.023394921440604913,0.04812669568687611,0.07152161712748102,396.7822712810684,846.0176861678184,1242.7999574488867,-0.13043419903165443,0.13043419903165443,0.01701308027702924,1.8965162209629653,138.2674878088394,-13.475732132569874,13.475732132569874,181.5953565087762
space3_time3,2020-11-17 16:00:00,71.75,80.75,3,3,143.08583068847656,128.20012438550745,134.42194726642566,0.9537142333715302,0.02703695499129145,0.045997158307169626,0.07303411329846107,484.5484531638468,855.056176933669,1339.6046300975158,14.885706302969112,14.885706302969112,221.58425213825436,8.663883422050901,138.2674878088394,4.818342879637157,4.818342879637157,23.216428105750094
space3_time3,2020-11-25 14:00:00,67.0,108.25,3,3,147.00599670410156,134.89097052620036,131.5722936368606,1.0252232198558404,0.015381102124281483,0.04739581155225774,0.06277691367653923,300.3040066490812,954.9526451508673,1255.2566517999485,12.1150261779012,12.1150261779012,146.77385929123136,15.43370306724097,138.2674878088394,8.738508895262157,8.738508895262157,76.36153771257585
space3_time3,2020-12-01 17:00:00,79.5,78.25,3,3,105.84431457519531,124.06953691103232,121.60611905404824,1.0202573511608344,0.046507319349288506,0.04968773807090459,0.0961950574201931,806.8014829185315,904.4584782608099,1711.2599611793414,-18.225222335837003,18.225222335837003,332.158729190692,-15.761804478852923,138.2674878088394,-32.42317323364409,32.42317323364409,1051.2621625388947
space3_time3,2020-12-01 23:00:00,77.25,-20.75,3,3,112.37791442871094,118.72229437389434,114.13883638102931,1.0401568663059093,0.019468394517815794,0.04494692286226856,0.06441531738008435,295.53184426780825,704.6791416563246,1000.210985924133,-6.344379945183405,6.344379945183405,40.25115688884539,-1.7609219523183697,138.2674878088394,-25.889573380128468,25.889573380128468,670.2700098050566
space3_time3,2020-12-02 23:00:00,79.0,-21.5,3,3,128.7119140625,117.14228426023745,115.40917378168638,1.0150170945840882,0.023218102023472076,0.045505043972831005,0.06872314599630308,345.2643015292355,700.3824527373113,1045.6467542665468,11.569629802262554,11.569629802262554,133.85633376140186,13.302740280813623,138.2674878088394,-9.555573746339405,9.555573746339405,91.3089896217309
space3_time3,2020-12-06 14:00:00,69.25,107.25,3,3,124.79175567626953,130.72970616449646,127.0008887218771,1.0293605618050845,0.019550158290049423,0.04921225407319004,0.06876241236323946,361.4216494461747,941.6849265706809,1303.1065760168556,-5.937950488226932,5.937950488226932,35.25925600063446,-2.2091330456075724,138.2674878088394,-13.475732132569874,13.475732132569874,181.5953565087762
space3_time3,2020-12-08 16:00:00,75.25,81.75,3,3,135.8988800048828,125.04908877357263,122.19923598119512,1.0233213634233855,0.02970733582244577,0.04964814917621428,0.07935548499866005,510.4524039444625,887.6772087749366,1398.1296127193991,10.849791231310178,10.849791231310178,117.71796976301522,13.699644023687696,138.2674878088394,-2.3686078039565928,2.3686078039565928,5.610302928964073
space3_time3,2020-12-12 23:00:00,79.5,-20.75,3,3,122.83168029785156,112.66110896007265,113.53499545752423,0.9923029327307407,0.019285901375265875,0.04674442734262763,0.06603032871789351,264.0336037779498,661.4853307719106,925.5189345498604,10.17057133777891,10.17057133777891,103.44052133684988,9.29668484032733,138.2674878088394,-15.435807510987843,15.435807510987843,238.2641535162687
space3_time3,2020-12-15 14:00:00,68.25,109.25,3,3,129.3652801513672,135.14345927117284,130.3769015629087,1.0365598326937093,0.012401318078416877,0.05009295310388167,0.06249427118229855,242.60208086712927,1011.1518762509909,1253.75395711812,-5.778179119805657,5.778179119805657,33.38735394055807,-1.0116214115415119,138.2674878088394,-8.902207657472218,8.902207657472218,79.24930117675699
space3_time3,2020-12-18 16:00:00,71.5,79.25,3,3,109.11111450195312,133.0397493198606,129.5325178768551,1.0270760693954835,0.02544089486556641,0.05004571830041943,0.07548661316598584,491.8297226569334,1004.7884473643143,1496.6181700212478,-23.928634817907465,23.928634817907465,572.5795642487734,-20.421403374901985,138.2674878088394,-29.15637330688628,29.15637330688628,850.0941044105108
space3_time3,2020-12-18 16:00:00,75.75,82.0,3,3,127.40519714355469,118.02415871570864,114.89042947195024,1.027275807551259,0.037232240107254476,0.05051185876629227,0.08774409887354676,576.8697079313953,817.7609935603789,1394.6307014917743,9.38103842784605,9.38103842784605,88.0038819847243,12.514767671604446,138.2674878088394,-10.862290665284718,10.862290665284718,117.98935849713152
space3_time3,2020-12-28 16:00:00,76.0,81.25,3,3,131.9787139892578,113.89273407744857,110.73102971792218,1.0285530114510866,0.05322480151372356,0.051033789238266535,0.1042585907519901,787.0347327635525,795.0107401802351,1582.0454729437874,18.085979911809247,18.085979911809247,327.1026693703676,21.24768427133563,138.2674878088394,-6.288773819581593,6.288773819581593,39.548676153854856
space3_time3,2020-12-31 16:00:00,80.75,77.75,3,3,150.27279663085938,127.17309544006636,123.36613854954311,1.0308590098975527,0.044985217882716456,0.04997815328827407,0.09496337117099052,818.2903240335287,953.3391011776204,1771.629425211149,23.099701190793013,23.099701190793013,533.5961951039242,26.906658081316266,138.2674878088394,12.00530882201997,12.00530882201997,144.1274399120705
