fold_id,hour,latitude,longitude,space_fold,time_fold,observed,predicted,residual,abs_error,squared_error,baseline_predicted,baseline_residual,baseline_abs_error,baseline_squared_error
space0_time0,1606788000000000000,47.5,-78.5,0,0,164.64671325683594,142.83865442404743,21.808058832788504,21.808058832788504,475.5914300543647,126.17057221182462,38.47614104501132,38.47614104501132,1480.4134297156047
space0_time0,1606788000000000000,43.5,-79.25,0,0,155.4996795654297,139.41349453595572,16.086185029473967,16.086185029473967,258.7653488024724,126.17057221182462,29.329107353605067,29.329107353605067,860.1965381592909
space0_time0,1606788000000000000,39.5,-80.25,0,0,183.5941619873047,144.0130348063524,39.58112718095228,39.58112718095228,1566.6656289147193,126.17057221182462,57.42358977548007,57.42358977548007,3297.468662702619
space0_time0,1606788000000000000,35.25,-81.0,0,0,203.8483123779297,149.45880596049747,54.389506417432216,54.389506417432216,2958.2184083319003,126.17057221182462,77.67774016610507,77.67774016610507,6033.831317312933
space0_time0,1606788000000000000,31.25,-81.75,0,0,201.8882293701172,151.7695772494582,50.11865212065899,50.11865212065899,2511.879290391636,126.17057221182462,75.71765715829257,75.71765715829257,5733.163605540733
space0_time0,1606788000000000000,27.25,-82.75,0,0,214.3020782470703,140.8740901532801,73.42798809379022,73.42798809379022,5391.669435501798,126.17057221182462,88.13150603524569,88.13150603524569,7767.162356040548
space0_time0,1606788000000000000,23.0,-83.5,0,0,202.54159545898438,107.0223172127398,95.51927824624458,95.51927824624458,9123.932516683493,126.17057221182462,76.37102324715975,76.37102324715975,5832.5331918182155
space0_time0,1606788000000000000,19.0,-84.25,0,0,232.59616088867188,114.3225267160548,118.27363417261708,118.27363417261708,13988.652540398054,126.17057221182462,106.42558867684725,106.42558867684725,11326.40592521348
space0_time0,1606788000000000000,15.0,-85.25,0,0,246.97007751464844,120.6163912797081,126.35368623494034,126.35368623494034,15965.254025157752,126.17057221182462,120.79950530282382,120.79950530282382,14592.52048140696
space0_time0,1606788000000000000,10.75,-86.0,0,0,145.69927978515625,104.42468706377244,41.27459272138381,41.27459272138381,1703.5920043161095,126.17057221182462,19.52870757333163,19.52870757333163,381.37041948470016
space0_time0,1606788000000000000,6.75,-87.0,0,0,165.95343017578125,102.9175475780248,63.035882597756455,63.035882597756455,3973.522494878135,126.17057221182462,39.78285796395663,39.78285796395663,1582.6757877803475
space0_time0,1606788000000000000,2.75,-88.0,0,0,213.64871215820312,110.27610191987372,103.3726102383294,103.3726102383294,10685.896547485565,126.17057221182462,87.4781399463785,87.4781399463785,7652.424968478183
space0_time0,1606788000000000000,-1.5,-88.75,0,0,222.14239501953125,115.51651259497899,106.62588242455226,106.62588242455226,11369.078802814442,126.17057221182462,95.97182280770663,95.97182280770663,9210.590773033839
space0_time0,1606788000000000000,-5.75,-90.0,0,0,225.40919494628906,116.07144891509758,109.33774603119149,109.33774603119149,11954.742707181329,126.17057221182462,99.23862273446444,99.23862273446444,9848.304242233364
space0_time0,1606788000000000000,-10.0,-91.0,0,0,203.19496154785156,134.58936313544854,68.60559841240303,68.60559841240303,4706.728133523917,126.17057221182462,77.02438933602694,77.02438933602694,5932.756552587861
space0_time0,1606791600000000000,-14.25,-92.5,0,0,209.0751953125,136.7797650971874,72.29543021531259,72.29543021531259,5226.629230017133,126.17057221182462,82.90462310067538,82.90462310067538,6873.176531465037
space0_time0,1606852800000000000,39.0,14.0,0,0,166.60679626464844,136.00015243325322,30.606643831395218,30.606643831395218,936.766646621883,126.17057221182462,40.43622405282382,40.43622405282382,1635.0882156501675
space0_time0,1606852800000000000,34.75,13.0,0,0,154.8463134765625,131.07944213936173,23.76687133720077,23.76687133720077,564.8641731590554,126.17057221182462,28.67574126473788,28.67574126473788,822.2981370821908
space0_time0,1606852800000000000,30.75,12.25,0,0,148.96607971191406,138.85679621772076,10.109283494193306,10.109283494193306,102.19761276596923,126.17057221182462,22.795507500089442,22.795507500089442,519.635162186634
space0_time0,1606852800000000000,26.75,11.5,0,0,184.90087890625,143.44552992400003,41.45534898224997,41.45534898224997,1718.545959240134,126.17057221182462,58.73030669442538,58.73030669442538,3449.2489244212666
space0_time0,1606852800000000000,22.75,10.5,0,0,177.7139129638672,142.8649873791819,34.848925584685276,34.848925584685276,1214.447614406932,126.17057221182462,51.54334075204257,51.54334075204257,2656.715975881172
space0_time0,1606852800000000000,18.5,9.75,0,0,128.7119140625,140.38057243164576,-11.66865836914576,11.66865836914576,136.1575881358354,126.17057221182462,2.54134185067538,2.54134185067538,6.458418401994165
space0_time0,1606852800000000000,14.5,8.75,0,0,91.47039794921875,143.23714359736326,-51.76674564814451,51.76674564814451,2679.795954999688,126.17057221182462,-34.70017426260587,34.70017426260587,1204.102093855215
space0_time0,1606852800000000000,10.5,8.0,0,0,98.00399780273438,141.21846718395966,-43.214469381225285,43.214469381225285,1867.4903639008578,126.17057221182462,-28.166574409090245,28.166574409090245,793.3559139428174
space0_time0,1606852800000000000,6.25,7.25,0,0,97.35063934326172,117.35626164440627,-20.005622301144555,20.005622301144555,400.2249236560524,126.17057221182462,-28.8199328685629,28.8199328685629,830.5885305484722
space0_time0,1606852800000000000,2.25,6.25,0,0,71.21623992919922,93.43971140104279,-22.223471471843567,22.223471471843567,493.8826842598449,126.17057221182462,-54.9543322826254,54.9543322826254,3019.978636629204
space0_time0,1606852800000000000,-2.0,5.25,0,0,23.520959854125977,85.20975641981757,-61.68879656569159,61.68879656569159,3805.507621723282,126.17057221182462,-102.64961235769864,102.64961235769864,10536.942917185797
space0_time0,1606852800000000000,-6.25,4.0,0,0,16.98736000061035,92.95876661191686,-75.9714066113065,75.9714066113065,5771.654622500466,126.17057221182462,-109.18321221121427,109.18321221121427,11920.973828759048
space0_time0,1606852800000000000,-10.5,3.0,0,0,26.1343994140625,103.40733625613291,-77.27293684207041,77.27293684207041,5971.106768198602,126.17057221182462,-100.03617279776212,100.03617279776212,10007.235868023721
space0_time0,1606852800000000000,-15.0,1.75,0,0,43.77511978149414,111.46333507212103,-67.68821529062689,67.68821529062689,4581.694489230255,126.17057221182462,-82.39545243033048,82.39545243033048,6789.010581198853
space0_time0,1606860000000000000,49.5,-7.75,0,0,184.90087890625,134.56733660885607,50.33354229739393,50.33354229739393,2533.4654802035443,126.17057221182462,58.73030669442538,58.73030669442538,3449.2489244212666
space0_time0,1606860000000000000,45.5,-8.5,0,0,178.36727905273438,126.92629439736935,51.44098465536503,51.44098465536503,2646.1749023135003,126.17057221182462,52.196706840909755,52.196706840909755,2724.4962050358754
space0_time0,1606860000000000000,41.5,-9.5,0,0,149.6194305419922,135.4766817429408,14.14274879905139,14.14274879905139,200.0173435930695,126.17057221182462,23.448858330167567,23.448858330167567,549.8489569882689
space0_time0,1606860000000000000,37.25,-10.5,0,0,147.65936279296875,131.16128578508724,16.498077007881506,16.498077007881506,272.18654495798836,126.17057221182462,21.48879058114413,21.48879058114413,461.76812064026865
space0_time0,1606860000000000000,33.25,-11.5,0,0,196.66136169433594,132.10442447736892,64.55693721696701,64.55693721696701,4167.598142835421,126.17057221182462,70.49078948251132,70.49078948251132,4968.951401867728
space0_time0,1606860000000000000,29.25,-12.25,0,0,147.65936279296875,136.25906991502364,11.400292877945105,11.400292877945105,129.9666777029259,126.17057221182462,21.48879058114413,21.48879058114413,461.76812064026865
space0_time0,1606860000000000000,25.25,-13.0,0,0,165.95343017578125,139.02780506334688,26.925625112434375,26.925625112434375,724.9892876953567,126.17057221182462,39.78285796395663,39.78285796395663,1582.6757877803475
space0_time0,1606860000000000000,21.0,-13.75,0,0,203.19496154785156,118.43764522812559,84.75731631972597,84.75731631972597,7183.802669722087,126.17057221182462,77.02438933602694,77.02438933602694,5932.756552587861
space0_time0,1606860000000000000,17.0,-14.75,0,0,156.806396484375,123.99158024999734,32.81481623437766,32.81481623437766,1076.8121644959756,126.17057221182462,30.63582427255038,30.63582427255038,938.553728858587
space0_time0,1606860000000000000,13.0,-15.5,0,0,154.19296264648438,121.35978603392849,32.83317661255589,32.83317661255589,1078.017486471287,126.17057221182462,28.022390434659755,28.022390434659755,785.2543656725105
space0_time0,1606860000000000000,8.75,-16.5,0,0,184.90087890625,109.95104419844029,74.94983470780971,74.94983470780971,5617.477722727997,126.17057221182462,58.73030669442538,58.73030669442538,3449.2489244212666
space0_time0,1606860000000000000,4.75,-17.25,0,0,138.51231384277344,100.29214054132918,38.22017330144426,38.22017330144426,1460.7816471924327,126.17057221182462,12.341741630948817,12.341741630948817,152.31858648509518
space0_time0,1606860000000000000,0.5,-18.25,0,0,148.96607971191406,104.3288674686284,44.63721224328566,44.63721224328566,1992.4807168521313,126.17057221182462,22.795507500089442,22.795507500089442,519.635162186634
space0_time0,1606860000000000000,-3.5,-19.25,0,0,180.980712890625,105.6589967489013,75.3217161417237,75.3217161417237,5673.3609225344,126.17057221182462,54.81014067880038,54.81014067880038,3004.151521229888
space0_time0,1606860000000000000,-7.75,-20.25,0,0,177.7139129638672,109.95576091860076,67.75815204526643,67.75815204526643,4591.167168589443,126.17057221182462,51.54334075204257,51.54334075204257,2656.715975881172
space0_time0,1606860000000000000,-12.25,-21.5,0,0,194.70127868652344,127.44556794212916,67.25571074439428,67.25571074439428,4523.330627733632,126.17057221182462,68.53070647469882,68.53070647469882,4696.457729921326
space0_time0,1606860000000000000,-16.5,-23.0,0,0,158.1131134033203,130.55151067258134,27.56160273073897,27.56160273073897,759.6419450870777,126.17057221182462,31.942541191495692,31.942541191495692,1020.325937770399
space0_time1,1606863600000000000,52.25,-31.5,0,1,163.9933624267578,130.4278178757912,33.56554455096662,33.56554455096662,1126.645781002925,126.25077273943246,37.74258968732535,37.74258968732535,1424.5030763057978
space0_time1,1606863600000000000,48.0,-32.25,0,1,150.27279663085938,131.0302397793768,19.24255685148256,19.24255685148256,370.27599418253845,126.25077273943246,24.02202389142691,24.02202389142691,577.0576318402854
space0_time1,1606863600000000000,44.0,-33.25,0,1,179.6739959716797,125.06491401462387,54.60908195705582,54.60908195705582,2982.1518321924395,126.25077273943246,53.423223232247224,53.423223232247224,2854.0407805225195
space0_time1,1606863600000000000,40.0,-34.0,0,1,197.96807861328125,132.8174676776891,65.15061093559214,65.15061093559214,4244.602105280898,126.25077273943246,71.71730587384879,71.71730587384879,5143.3719618031855
space0_time1,1606863600000000000,35.75,-35.0,0,1,234.5562286376953,133.62897564781514,100.92725298988017,100.92725298988017,10186.310396083276,126.25077273943246,108.30545589826285,108.30545589826285,11730.071777330559
space0_time1,1606863600000000000,31.75,-35.75,0,1,223.44911193847656,132.28273257156872,91.16637936690785,91.16637936690785,8311.30872687096,126.25077273943246,97.1983391990441,97.1983391990441,9447.517143052433
space0_time1,1606863600000000000,27.75,-36.75,0,1,216.2621612548828,131.05174689309388,85.21041436178893,85.21041436178893,7260.814715707766,126.25077273943246,90.01138851545035,90.01138851545035,8102.050062479347
space0_time1,1606863600000000000,23.75,-37.75,0,1,239.1297607421875,125.4249147316921,113.7048460104954,113.7048460104954,12928.792006270472,126.25077273943246,112.87898800275504,112.87898800275504,12741.665932526115
space0_time1,1606863600000000000,19.5,-38.5,0,1,232.59616088867188,122.52961165406204,110.06654923460984,110.06654923460984,12114.64526041479,126.25077273943246,106.34538814923941,106.34538814923941,11309.34158061239
space0_time1,1606863600000000000,15.5,-39.25,0,1,227.36927795410156,116.58910868593236,110.7801692681692,110.7801692681692,12272.24590308422,126.25077273943246,101.1185052146691,101.1185052146691,10224.952096849061
space0_time1,1606863600000000000,11.5,-40.0,0,1,193.39456176757812,101.38674671532114,92.00781505225699,92.00781505225699,8465.438030690328,126.25077273943246,67.14378902814566,67.14378902814566,4508.288405056133
space0_time1,1606863600000000000,7.25,-41.0,0,1,162.0332794189453,107.58091960958423,54.452359809361084,54.452359809361084,2965.0594888081223,126.25077273943246,35.78250667951285,35.78250667951285,1280.3877842693817
space0_time1,1606863600000000000,3.25,-41.75,0,1,148.96607971191406,107.71092528091842,41.255154430995645,41.255154430995645,1701.9877671252996,126.25077273943246,22.7153069724816,22.7153069724816,515.9851708540712
space0_time1,1606863600000000000,-1.0,-42.75,0,1,194.70127868652344,100.66787214801236,94.03340653851107,94.03340653851107,8842.281545236898,126.25077273943246,68.45050594709097,68.45050594709097,4685.471764412737
space0_time1,1606863600000000000,-5.25,-43.75,0,1,251.54359436035156,110.84189949839143,140.70169486196014,140.70169486196014,19796.96693702814,126.25077273943246,125.2928216209191,125.2928216209191,15698.291149731453
space0_time1,1606863600000000000,-9.5,-45.0,0,1,234.5562286376953,117.48293067528118,117.07329796241413,117.07329796241413,13706.157095796201,126.25077273943246,108.30545589826285,108.30545589826285,11730.071777330559
space0_time1,1606863600000000000,-13.75,-46.25,0,1,220.18231201171875,121.91430450491464,98.26800750680411,98.26800750680411,9656.60129935731,126.25077273943246,93.93153927228629,93.93153927228629,8823.134070061062
space0_time1,1606870800000000000,54.5,-55.0,0,1,139.81903076171875,124.93413847988369,14.884892281835064,14.884892281835064,221.56001824183306,126.25077273943246,13.568258022286287,13.568258022286287,184.09762575933618
space0_time1,1606870800000000000,50.5,-55.75,0,1,130.6719970703125,128.09790787439712,2.574089195915377,2.574089195915377,6.625935188528272,126.25077273943246,4.421224330880037,4.421224330880037,19.54722458396563
space0_time1,1606870800000000000,46.5,-56.75,0,1,130.0186309814453,129.73923177848138,0.27939920296392984,0.27939920296392984,0.07806391461687925,126.25077273943246,3.7678582420128492,3.7678582420128492,14.196755731904158
space0_time1,1606870800000000000,42.5,-57.5,0,1,126.09848022460938,132.87435597852107,-6.775875753911691,6.775875753911691,45.91249223244833,126.25077273943246,-0.15229251482308825,0.15229251482308825,0.023193010071140555
space0_time1,1606870800000000000,38.25,-58.75,0,1,182.9407958984375,126.46572250459614,56.475073393841356,56.475073393841356,3189.433914839768,126.25077273943246,56.69002315900504,56.69002315900504,3213.7587257685273
space0_time1,1606870800000000000,34.25,-59.5,0,1,199.92816162109375,128.7820018741292,71.14615974696454,71.14615974696454,5061.776046740598,126.25077273943246,73.67738888166129,73.67738888166129,5428.3576324195465
space0_time1,1606870800000000000,30.25,-60.25,0,1,212.995361328125,126.72396341611159,86.27139791201341,86.27139791201341,7442.754097692952,126.25077273943246,86.74458858869254,86.74458858869254,7524.623649421527
space0_time1,1606870800000000000,26.25,-61.0,0,1,206.46176147460938,126.86941958202202,79.59234189258736,79.59234189258736,6334.940887946516,126.25077273943246,80.21098873517691,80.21098873517691,6433.8027138746775
space0_time1,1606870800000000000,22.25,-62.0,0,1,209.7285614013672,123.50980959291473,86.21875180845245,86.21875180845245,7433.673163407523,126.25077273943246,83.47778866193472,83.47778866193472,6968.5411998866375
space0_time1,1606870800000000000,18.0,-62.75,0,1,197.96807861328125,122.6574427681034,75.31063584517786,75.31063584517786,5671.691871404988,126.25077273943246,71.71730587384879,71.71730587384879,5143.3719618031855
space0_time1,1606870800000000000,14.0,-63.75,0,1,155.4996795654297,122.45044508995058,33.04923447547911,33.04923447547911,1092.251899415197,126.25077273943246,29.248906825997224,29.248906825997224,855.498550515867
space0_time1,1606870800000000000,10.0,-64.5,0,1,74.48303985595703,88.83849409788837,-14.35545424193134,14.35545424193134,206.07906649218452,126.25077273943246,-51.76773288347543,51.76773288347543,2679.8981678948635
space0_time1,1606870800000000000,5.75,-65.5,0,1,45.08184051513672,102.18453063055756,-57.10269011542084,57.10269011542084,3260.717218417781,126.25077273943246,-81.16893222429574,81.16893222429574,6588.395558432316
space0_time1,1606870800000000000,1.75,-66.5,0,1,5.226880073547363,83.95000810650559,-78.72312803295823,78.72312803295823,6197.330887293534,126.25077273943246,-121.0238926658851,121.0238926658851,14646.782596003677
space0_time1,1606870800000000000,-2.5,-67.25,0,1,0.6533600091934204,68.93382071828572,-68.2804607090923,68.2804607090923,4662.221314645897,126.25077273943246,-125.59741273023904,125.59741273023904,15774.710084530012
space0_time1,1606870800000000000,-6.75,-68.5,0,1,22.867599487304688,67.11031066833417,-44.24271118102948,44.24271118102948,1957.4174926479907,126.25077273943246,-103.38317325212778,103.38317325212778,10688.080511679467
space0_time1,1606870800000000000,-11.25,-69.75,0,1,-22.867599487304688,95.98972769194705,-118.85732717925174,118.85732717925174,14127.064224195694,126.25077273943246,-149.11837222673716,149.11837222673716,22236.288935551736
space0_time1,1606870800000000000,-15.5,-71.0,0,1,-8.493680000305176,121.62013566234242,-130.1138156626476,130.1138156626476,16929.60502629344,126.25077273943246,-134.74445273973765,134.74445273973765,18156.067544131394
space0_time1,1606874400000000000,49.0,-80.5,0,1,180.980712890625,140.04136414879596,40.939348741829036,40.939348741829036,1676.0302754050988,126.25077273943246,54.72994015119254,54.72994015119254,2995.366348953117
space0_time1,1606874400000000000,45.0,-81.25,0,1,181.6340789794922,133.65716908046724,47.976909899024946,47.976909899024946,2301.783883459158,126.25077273943246,55.383306240059724,55.383306240059724,3067.3106100802383
space0_time1,1606874400000000000,40.75,-82.0,0,1,179.6739959716797,135.98321963371365,43.69077633796604,43.69077633796604,1908.8839370141734,126.25077273943246,53.423223232247224,53.423223232247224,2854.0407805225195
space0_time1,1606874400000000000,36.75,-83.0,0,1,180.32736206054688,137.99273289678828,42.33462916375859,42.33462916375859,1792.2208264329595,126.25077273943246,54.07658932111441,54.07658932111441,2924.2775126044653
space0_time1,1606874400000000000,32.75,-84.0,0,1,180.980712890625,138.09825345263528,42.88245943798972,42.88245943798972,1838.905327450834,126.25077273943246,54.72994015119254,54.72994015119254,2995.366348953117
space0_time1,1606874400000000000,28.75,-84.75,0,1,171.83367919921875,136.49442496015797,35.33925423906078,35.33925423906078,1248.8628901729753,126.25077273943246,45.58290645978629,45.58290645978629,2077.8013613216262
space0_time1,1606874400000000000,24.75,-85.5,0,1,210.3819122314453,132.88733403726084,77.49457819418447,77.49457819418447,6005.409649494572,126.25077273943246,84.13113949201285,84.13113949201285,7078.048632224524
space0_time1,1606878000000000000,20.75,-86.5,0,1,222.14239501953125,122.58505338818158,99.55734163134967,99.55734163134967,9911.664272701271,126.25077273943246,95.89162228009879,95.89162228009879,9195.203223509137
space0_time1,1606878000000000000,16.5,-87.25,0,1,210.3819122314453,106.79764862533784,103.58426360610747,103.58426360610747,10729.69966681956,126.25077273943246,84.13113949201285,84.13113949201285,7078.048632224524
space0_time1,1606878000000000000,12.5,-88.0,0,1,194.04791259765625,104.13637766689106,89.91153493076519,89.91153493076519,8084.084113606208,126.25077273943246,67.79713985822379,67.79713985822379,4596.452172955556
space0_time1,1606878000000000000,8.25,-89.0,0,1,227.36927795410156,107.59758519153507,119.77169276256649,119.77169276256649,14345.258387210622,126.25077273943246,101.1185052146691,101.1185052146691,10224.952096849061
space0_time1,1606878000000000000,4.25,-90.0,0,1,203.8483123779297,103.25442087965271,100.59389149827697,100.59389149827697,10119.13100676712,126.25077273943246,77.59753963849722,77.59753963849722,6021.378157948148
space0_time1,1606878000000000000,0.0,-91.0,0,1,186.2075958251953,118.62351162279529,67.58408420240002,67.58408420240002,4567.608437477096,126.25077273943246,59.95682308576285,59.95682308576285,3594.820634537465
space0_time1,1606878000000000000,-4.0,-92.0,0,1,212.3419952392578,119.4393073809764,92.90268785828141,92.90268785828141,8630.909411293269,126.25077273943246,86.09122249982535,86.09122249982535,7411.698591514434
space0_time1,1606878000000000000,-8.25,-93.0,0,1,199.27479553222656,118.36867819429354,80.90611733793303,80.90611733793303,6545.799822699387,126.25077273943246,73.0240227927941,73.0240227927941,5332.507904842512
space0_time1,1606878000000000000,-12.75,-94.25,0,1,210.3819122314453,120.77879312343893,89.60311910800638,89.60311910800638,8028.718953883578,126.25077273943246,84.13113949201285,84.13113949201285,7078.048632224524
space0_time1,1606878000000000000,-17.0,-95.5,0,1,185.55422973632812,124.0796201510015,61.47460958532662,61.47460958532662,3779.127623668331,126.25077273943246,59.30345699689566,59.30345699689566,3516.900011782653
space0_time2,1606939200000000000,39.75,11.25,0,2,97.35063934326172,127.0498267099946,-29.699187366732886,29.699187366732886,882.0417302443062,123.36751873245333,-26.016879389191615,26.016879389191615,676.8780131517435
space0_time2,1606939200000000000,36.25,10.75,0,2,80.36328125,125.93073743597927,-45.56745618597927,45.56745618597927,2076.39306326114,123.36751873245333,-43.004237482453334,43.004237482453334,1849.3644414472442
space0_time2,1606939200000000000,32.5,10.25,0,2,52.268798828125,131.01784354210997,-78.74904471398497,78.74904471398497,6201.412043365204,123.36751873245333,-71.09871990432833,71.09871990432833,5055.027972034134
space0_time2,1606939200000000000,28.5,9.25,0,2,21.56087875366211,130.72743287656792,-109.16655412290581,109.16655412290581,11917.336539069323,123.36751873245333,-101.80663997879122,101.80663997879122,10364.591943771211
space0_time2,1606939200000000000,24.5,8.25,0,2,8.493680000305176,114.38069867780032,-105.88701867749515,105.88701867749515,11212.060724408206,123.36751873245333,-114.87383873214816,114.87383873214816,13195.998825059582
space0_time2,1606939200000000000,20.5,7.5,0,2,-19.600799560546875,113.26384796129193,-132.8646475218388,132.8646475218388,17653.014561102467,123.36751873245333,-142.9683182930002,142.9683182930002,20439.94003552862
space0_time2,1606939200000000000,16.25,6.75,0,2,-22.2142391204834,116.4021569773436,-138.616396097827,138.616396097827,19214.505267149667,123.36751873245333,-145.58175785293673,145.58175785293673,21194.048219551107
space0_time2,1606939200000000000,12.0,5.75,0,2,-10.453760147094727,124.01618325284063,-134.46994339993535,134.46994339993535,18082.165677981815,123.36751873245333,-133.82127887954806,133.82127887954806,17908.134680957777
space0_time2,1606939200000000000,7.75,4.75,0,2,-13.720560073852539,101.4291630086059,-115.14972308245844,115.14972308245844,13259.45872596686,123.36751873245333,-137.08807880630587,137.08807880630587,18793.14135080393
space0_time2,1606939200000000000,3.5,4.0,0,2,-9.147039413452148,76.10330428540327,-85.25034369885542,85.25034369885542,7267.621100772977,123.36751873245333,-132.51455814590548,132.51455814590548,17560.108120604564
space0_time2,1606939200000000000,-0.5,3.0,0,2,-9.800399780273438,90.74034352192854,-100.54074330220197,100.54074330220197,10108.441063759272,123.36751873245333,-133.16791851272677,133.16791851272677,17733.694521012236
space0_time2,1606939200000000000,-4.75,2.0,0,2,-6.533599853515625,110.52146704773249,-117.05506690124811,117.05506690124811,13701.88868725567,123.36751873245333,-129.90111858596896,129.90111858596896,16874.30060988597
space0_time2,1606939200000000000,-9.0,1.0,0,2,-15.0272798538208,115.55582260154205,-130.58310245536285,130.58310245536285,17051.94664686779,123.36751873245333,-138.39479858627413,138.39479858627413,19153.120275735386
space0_time2,1606939200000000000,-13.25,-0.25,0,2,-3.2667999267578125,119.3589982785855,-122.62579820534332,122.62579820534332,15037.08638549758,123.36751873245333,-126.63431865921115,126.63431865921115,16036.250662282633
space0_time2,1606939200000000000,-17.5,-1.5,0,2,0.6533600091934204,128.58327756003308,-127.92991755083966,127.92991755083966,16366.063804564634,123.36751873245333,-122.71415872325991,122.71415872325991,15058.764751157427
space0_time2,1606946400000000000,47.0,-10.75,0,2,114.9913558959961,141.48456348812,-26.493207592123895,26.493207592123895,701.8900485193711,123.36751873245333,-8.37616283645724,8.37616283645724,70.16010386284741
space0_time2,1606946400000000000,43.0,-11.75,0,2,183.5941619873047,139.94924607259682,43.644915914707866,43.644915914707866,1904.87868520192,123.36751873245333,60.22664325485135,60.22664325485135,3627.248557747132
space0_time2,1606946400000000000,39.0,-12.5,0,2,182.2874298095703,139.3259494068998,42.9614804026705,42.9614804026705,1845.6887983890417,123.36751873245333,58.91991107711698,58.91991107711698,3471.555921335372
space0_time2,1606946400000000000,34.75,-13.5,0,2,169.87359619140625,116.39723127416595,53.4763649172403,53.4763649172403,2859.7216047618494,123.36751873245333,46.506077458952916,46.506077458952916,2162.8152406181284
space0_time2,1606946400000000000,30.75,-14.25,0,2,182.2874298095703,131.42194819766132,50.86548161190899,50.86548161190899,2587.2972196114515,123.36751873245333,58.91991107711698,58.91991107711698,3471.555921335372
space0_time2,1606946400000000000,26.75,-15.0,0,2,157.4597625732422,134.67831406462906,22.781448508613124,22.781448508613124,518.9943961505911,123.36751873245333,34.09224384078885,34.09224384078885,1162.2810900998056
space0_time2,1606946400000000000,22.75,-16.0,0,2,185.55422973632812,134.7188421670416,50.835387569286524,50.835387569286524,2584.236629319571,123.36751873245333,62.18671100387479,62.18671100387479,3867.187025479442
space0_time2,1606946400000000000,18.5,-16.75,0,2,191.43447875976562,129.58774559033915,61.84673316942647,61.84673316942647,3825.0184037302365,123.36751873245333,68.06696002731229,68.06696002731229,4633.111047359729
space0_time2,1606946400000000000,14.5,-17.75,0,2,147.00599670410156,127.03425455979372,19.97174214430784,19.97174214430784,398.8704842787219,123.36751873245333,23.63847797164823,23.63847797164823,558.7776408160986
space0_time2,1606946400000000000,10.5,-18.5,0,2,156.806396484375,87.74534090670419,69.06105557767081,69.06105557767081,4769.429397502137,123.36751873245333,33.438877751921666,33.438877751921666,1118.1585453079617
space0_time2,1606946400000000000,6.25,-19.25,0,2,148.31271362304688,110.2704274072778,38.04228621576908,38.04228621576908,1447.2155405224942,123.36751873245333,24.94519489059354,24.94519489059354,622.2627481296942
space0_time2,1606946400000000000,2.25,-20.25,0,2,194.04791259765625,122.07423836390637,71.97367423374988,71.97367423374988,5180.209782705951,123.36751873245333,70.68039386520292,70.68039386520292,4995.718076940214
space0_time2,1606946400000000000,-2.0,-21.25,0,2,196.00799560546875,122.05846337200515,73.9495322334636,73.9495322334636,5468.533317548072,123.36751873245333,72.64047687301542,72.64047687301542,5276.638880339087
space0_time2,1606946400000000000,-6.25,-22.5,0,2,160.7265625,122.33127682491403,38.39528567508597,38.39528567508597,1474.1979620714621,123.36751873245333,37.359043767546666,37.359043767546666,1395.6981512254674
space0_time2,1606946400000000000,-10.5,-23.75,0,2,149.6194305419922,126.04929239478747,23.570138147204716,23.570138147204716,555.551412278315,123.36751873245333,26.251911809538854,26.251911809538854,689.1628736558055
space0_time2,1606946400000000000,-15.0,-25.0,0,2,141.77911376953125,130.55745537129786,11.221658398233387,11.221658398233387,125.92561720664192,123.36751873245333,18.411595037077916,18.411595037077916,338.98683180935217
space0_time2,1606950000000000000,53.75,-33.25,0,2,189.47439575195312,146.13653403673695,43.33786171521618,43.33786171521618,1878.1702580472002,123.36751873245333,66.10687701949979,66.10687701949979,4370.1191892712695
space0_time2,1606950000000000000,49.5,-34.25,0,2,167.26016235351562,154.22198696286299,13.03817539065264,13.03817539065264,169.9940175174201,123.36751873245333,43.89264362106229,43.89264362106229,1926.5641640455801
space0_time2,1606950000000000000,45.5,-35.25,0,2,207.1151123046875,150.45349601598446,56.661616288703044,56.661616288703044,3210.538760448218,123.36751873245333,83.74759357223417,83.74759357223417,7013.659429140117
space0_time2,1606950000000000000,41.5,-36.25,0,2,163.9933624267578,148.44428676425574,15.549075662502077,15.549075662502077,241.7737539582144,123.36751873245333,40.62584369430448,40.62584369430448,1650.459175874059
space0_time2,1606950000000000000,37.5,-37.25,0,2,202.54159545898438,148.0864819288808,54.455113530103574,54.455113530103574,2965.3593895764693,123.36751873245333,79.17407672653104,79.17407672653104,6268.534425498624
space0_time2,1606950000000000000,33.25,-37.75,0,2,212.3419952392578,145.5322909068576,66.8097043324002,66.8097043324002,4463.536592982734,123.36751873245333,88.97447650680448,88.97447650680448,7916.457469659902
space0_time2,1606950000000000000,29.25,-38.75,0,2,225.40919494628906,141.27468074267458,84.13451420361449,84.13451420361449,7078.616480278208,123.36751873245333,102.04167621383573,102.04167621383573,10412.503684529289
space0_time2,1606950000000000000,25.25,-39.5,0,2,228.0226287841797,137.18175563035066,90.84087315382902,90.84087315382902,8252.064235350055,123.36751873245333,104.65511005172635,104.65511005172635,10952.692059938954
space0_time2,1606950000000000000,21.25,-40.25,0,2,235.2095947265625,124.23870522959788,110.97088949696462,110.97088949696462,12314.538315747532,123.36751873245333,111.84207599410917,111.84207599410917,12508.64996267209
space0_time2,1606950000000000000,17.0,-41.25,0,2,203.8483123779297,110.78035434676747,93.06795803116222,93.06795803116222,8661.644812090173,123.36751873245333,80.48079364547635,80.48079364547635,6477.158145805747
space0_time2,1606950000000000000,13.0,-42.0,0,2,149.6194305419922,117.04108120569641,32.57834933629577,32.57834933629577,1061.3488454777232,123.36751873245333,26.251911809538854,26.251911809538854,689.1628736558055
space0_time2,1606950000000000000,9.0,-43.0,0,2,169.87359619140625,91.32639406009571,78.54720213131054,78.54720213131054,6169.662962656956,123.36751873245333,46.506077458952916,46.506077458952916,2162.8152406181284
space0_time2,1607025600000000000,42.0,9.75,0,2,135.24551391601562,134.90490948980812,0.34060442620750564,0.34060442620750564,0.11601137515214416,123.36751873245333,11.877995183562291,11.877995183562291,141.08676958072897
space0_time2,1607025600000000000,38.0,9.0,0,2,111.07119750976562,136.10939029984326,-25.03819279007763,25.03819279007763,626.9110981930954,123.36751873245333,-12.296321222687709,12.296321222687709,151.19951561152016
space0_time2,1607025600000000000,34.25,8.0,0,2,98.65735626220703,140.98088238598012,-42.32352612377309,42.32352612377309,1791.2808635497033,123.36751873245333,-24.710162470246303,24.710162470246303,610.5921293059689
space0_time2,1607025600000000000,30.25,7.0,0,2,47.69527816772461,133.18501071821436,-85.48973255048975,85.48973255048975,7308.494371554267,123.36751873245333,-75.67224056472872,75.67224056472872,5726.287992086175
space0_time2,1607025600000000000,26.0,6.25,0,2,2.6134400367736816,124.71891648907037,-122.10547645229668,122.10547645229668,14909.74737964238,123.36751873245333,-120.75407869567965,120.75407869567965,14581.547521642395
space0_time2,1607025600000000000,22.0,5.5,0,2,0.6533600091934204,118.74574783825751,-118.0923878290641,118.0923878290641,13945.812063170086,123.36751873245333,-122.71415872325991,122.71415872325991,15058.764751157427
space0_time2,1607025600000000000,17.75,4.75,0,2,-15.0272798538208,122.75456359560383,-137.78184344942463,137.78184344942463,18983.836384321756,123.36751873245333,-138.39479858627413,138.39479858627413,19153.120275735386
space0_time2,1607025600000000000,13.75,4.0,0,2,-8.493680000305176,127.66177918571962,-136.1554591860248,136.1554591860248,18538.309066157268,123.36751873245333,-131.8611987327585,131.8611987327585,17387.375731240034
space0_time2,1607025600000000000,9.5,3.0,0,2,-8.493680000305176,129.40409868520027,-137.89777868550544,137.89777868550544,19015.79736639664,123.36751873245333,-131.8611987327585,131.8611987327585,17387.375731240034
space0_time2,1607025600000000000,5.25,2.0,0,2,-27.441120147705078,53.45336500578681,-80.89448515349189,80.89448515349189,6543.917728248519,123.36751873245333,-150.8086388801584,150.8086388801584,22743.24556088603
space0_time2,1607025600000000000,1.25,1.0,0,2,-30.0545597076416,102.39910385511754,-132.45366356275915,132.45366356275915,17543.97299119659,123.36751873245333,-153.42207844009494,153.42207844009494,23538.334152878644
space0_time2,1607025600000000000,-3.0,0.0,0,2,-5.880239963531494,113.8494444566567,-119.72968442018819,119.72968442018819,14335.197331357855,123.36751873245333,-129.24775869598483,129.24775869598483,16704.98312793552
space0_time2,1607025600000000000,-7.25,-1.0,0,2,3.2667999267578125,119.32509482196528,-116.05829489520747,116.05829489520747,13469.527813982939,123.36751873245333,-120.10071880569552,120.10071880569552,14424.182657644746
space0_time2,1607029200000000000,-11.5,-2.25,0,2,9.800399780273438,124.69333118989144,-114.892931409618,114.892931409618,13200.385687895186,123.36751873245333,-113.5671189521799,113.5671189521799,12897.490507098579
space0_time2,1607029200000000000,-16.0,-3.5,0,2,-7.186959743499756,132.74361174288507,-139.93057148638482,139.93057148638482,19580.56483650625,123.36751873245333,-130.5544784759531,130.5544784759531,17044.4718501281
space0_time2,1607032800000000000,48.5,-12.75,0,2,145.04591369628906,145.50959621423348,-0.46368251794442017,0.46368251794442017,0.21500147744727754,123.36751873245333,21.67839496383573,21.67839496383573,469.9528082080583
space0_time2,1607032800000000000,44.5,-13.75,0,2,144.39256286621094,148.63869512276744,-4.246132256556507,4.246132256556507,18.029639140169653,123.36751873245333,21.025044133757604,21.025044133757604,442.052480826455
space0_time2,1607032800000000000,40.5,-14.5,0,2,129.3652801513672,144.92514593097388,-15.559865779606696,15.559865779606696,242.1094230793755,123.36751873245333,5.9977614189138535,5.9977614189138535,35.97314203821152
space0_time2,1607032800000000000,36.5,-15.5,0,2,71.86959838867188,147.1512984792011,-75.28170009052923,75.28170009052923,5667.334368520388,123.36751873245333,-51.49792034378146,51.49792034378146,2652.0357997344604
space0_time2,1607032800000000000,32.75,-16.5,0,2,23.520959854125977,145.42693366595435,-121.90597381182837,121.90597381182837,14861.066451010185,123.36751873245333,-99.84655887832736,99.84655887832736,9969.335319843292
space0_time2,1607032800000000000,28.75,-17.5,0,2,9.147039413452148,133.1436650639633,-123.99662565051116,123.99662565051116,15375.163172713002,123.36751873245333,-114.22047931900119,114.22047931900119,13046.317895862378
space0_time2,1607032800000000000,24.5,-18.5,0,2,-26.78775978088379,133.40737832787065,-160.19513810875443,160.19513810875443,25662.48227368291,123.36751873245333,-150.15527851333712,150.15527851333712,22546.60766541784
space0_time2,1607032800000000000,20.25,-19.0,0,2,-6.533599853515625,128.84508113510583,-135.37868098862145,135.37868098862145,18327.387266218935,123.36751873245333,-129.90111858596896,129.90111858596896,16874.30060988597
space0_time2,1607032800000000000,16.0,-19.75,0,2,-24.827678680419922,130.11581842938207,-154.943497109802,154.943497109802,24007.487296615218,123.36751873245333,-148.19519741287326,148.19519741287326,21961.816536240476
space0_time2,1607032800000000000,12.0,-20.5,0,2,-22.2142391204834,124.94634633314496,-147.16058545362836,147.16058545362836,21656.237911054654,123.36751873245333,-145.58175785293673,145.58175785293673,21194.048219551107
space0_time2,1607032800000000000,8.0,-21.5,0,2,-24.827678680419922,109.90811317917138,-134.7357918595913,134.7357918595913,18153.73360803111,123.36751873245333,-148.19519741287326,148.19519741287326,21961.816536240476
space0_time2,1607032800000000000,3.75,-22.25,0,2,-6.533599853515625,114.01892071656778,-120.5525205700834,120.5525205700834,14532.910215800383,123.36751873245333,-129.90111858596896,129.90111858596896,16874.30060988597
space0_time2,1607032800000000000,-0.5,-23.25,0,2,-20.254159927368164,117.62336631835171,-137.87752624571988,137.87752624571988,19010.212243639173,123.36751873245333,-143.6216786598215,143.6216786598215,20627.186581065027
space0_time2,1607032800000000000,-4.75,-24.25,0,2,-7.840319633483887,124.16903343249,-132.00935306597387,132.00935306597387,17426.469296896943,123.36751873245333,-131.20783836593722,131.20783836593722,17215.496848661907
space0_time2,1607032800000000000,-9.25,-25.25,0,2,-3.9201598167419434,132.28750229286203,-136.20766210960397,136.20766210960397,18552.527217364044,123.36751873245333,-127.28767854919528,127.28767854919528,16202.153110443267
space0_time2,1607032800000000000,-13.5,-26.25,0,2,222.79576110839844,134.51257929383826,88.28318181456018,88.28318181456018,7793.920191302689,123.36751873245333,99.4282423759451,99.4282423759451,9885.975381969685
space0_time2,1607036400000000000,51.25,-36.25,0,2,126.75183868408203,148.680384502786,-21.92854581870398,21.92854581870398,480.8611217229998,123.36751873245333,3.3843199516286973,3.3843199516286973,11.453621534992068
space0_time2,1607040000000000000,47.0,-37.25,0,2,139.16567993164062,152.72064081182245,-13.554960880181824,13.554960880181824,183.7369644632596,123.36751873245333,15.798161199187291,15.798161199187291,249.58189727550683
space0_time2,1607040000000000000,43.25,-38.5,0,2,148.31271362304688,151.30725437537635,-2.9945407523294705,2.9945407523294705,8.967274317361952,123.36751873245333,24.94519489059354,24.94519489059354,622.2627481296942
space0_time2,1607040000000000000,39.0,-39.5,0,2,125.44511413574219,151.69199423190886,-26.246880096166677,26.246880096166677,688.8987147825505,123.36751873245333,2.0775954032888535,2.0775954032888535,4.316402659766974
space0_time2,1607040000000000000,35.0,-40.25,0,2,54.882240295410156,150.77019289801288,-95.88795260260272,95.88795260260272,9194.499454318986,123.36751873245333,-68.48527843704318,68.48527843704318,4690.2333625993315
space0_time2,1607040000000000000,31.0,-41.25,0,2,1.9600799083709717,146.70424251082665,-144.74416260245567,144.74416260245567,20950.872607486126,123.36751873245333,-121.40743882408236,121.40743882408236,14739.7662018233
space0_time2,1607040000000000000,26.75,-42.0,0,2,-9.147039413452148,139.44867787334047,-148.59571728679262,148.59571728679262,22080.6871959764,123.36751873245333,-132.51455814590548,132.51455814590548,17560.108120604564
space0_time2,1607040000000000000,22.75,-42.75,0,2,-14.373919486999512,130.18495988129231,-144.55887936829183,144.55887936829183,20897.269604216348,123.36751873245333,-137.74143821945285,137.74143821945285,18972.703802763346
space0_time2,1607040000000000000,18.75,-43.5,0,2,-18.947439193725586,123.80478265415147,-142.75222184787705,142.75222184787705,20378.196842505506,123.36751873245333,-142.31495792617892,142.31495792617892,20253.547249530075
space0_time2,1607040000000000000,14.5,-44.25,0,2,-9.800399780273438,111.031775106004,-120.83217488627744,120.83217488627744,14600.414487747938,123.36751873245333,-133.16791851272677,133.16791851272677,17733.694521012236
space0_time2,1607040000000000000,10.5,-45.25,0,2,3.2667999267578125,93.37208918679092,-90.1052892600331,90.1052892600331,8118.963152634237,123.36751873245333,-120.10071880569552,120.10071880569552,14424.182657644746
space0_time2,1607040000000000000,6.25,-46.0,0,2,13.720560073852539,94.88280195969259,-81.16224188584005,81.16224188584005,6587.309507935608,123.36751873245333,-109.6469586586008,109.6469586586008,12022.455543080912
space0_time2,1607040000000000000,2.25,-47.0,0,2,143.08583068847656,93.73727323810071,49.34855745037585,49.34855745037585,2435.280122433046,123.36751873245333,19.71831195602323,19.71831195602323,388.8118263950486
space0_time2,1607040000000000000,-2.0,-48.0,0,2,190.78111267089844,114.46798906402707,76.31312360687137,76.31312360687137,5823.692834637629,123.36751873245333,67.4135939384451,67.4135939384451,4544.592647697563
space0_time2,1607040000000000000,-6.25,-49.25,0,2,227.36927795410156,113.73505760998299,113.63422034411857,113.63422034411857,12912.736033215691,123.36751873245333,104.00175922164823,104.00175922164823,10816.365921197692
space0_time2,1607040000000000000,-10.5,-50.25,0,2,187.51431274414062,101.52968802762044,85.98462471652019,85.98462471652019,7393.355687640815,123.36751873245333,64.14679401168729,64.14679401168729,4114.8111819778405
space0_time2,1607040000000000000,-15.0,-51.5,0,2,237.82302856445312,123.66726269150341,114.15576587294971,114.15576587294971,13031.538882039711,123.36751873245333,114.45550983199979,114.45550983199979,13100.063730903
space0_time2,1607043600000000000,53.75,-59.75,0,2,169.22023010253906,149.19326971555435,20.02696038698471,20.02696038698471,401.07914234185483,123.36751873245333,45.85271137008573,45.85271137008573,2102.471139988389
space0_time2,1607043600000000000,49.5,-60.75,0,2,158.1131134033203,154.67954168455606,3.433571718764256,3.433571718764256,11.789414747897727,123.36751873245333,34.74559467086698,34.74559467086698,1207.2563490321797
space0_time2,1607043600000000000,45.5,-61.75,0,2,184.2475128173828,157.40570207726824,26.841810740114568,26.841810740114568,720.4828038081298,123.36751873245333,60.87999408492948,60.87999408492948,3706.3736797810484
space0_time2,1607043600000000000,41.5,-62.75,0,2,176.40719604492188,156.2782164694224,20.12897957549947,20.12897957549947,405.1758187508749,123.36751873245333,53.03967731246854,53.03967731246854,2813.20736941079
space0_time2,1607043600000000000,37.5,-63.5,0,2,199.92816162109375,151.47442569528917,48.45373592580458,48.45373592580458,2347.7645251676054,123.36751873245333,76.56064288864042,76.56064288864042,5861.532039521926
space0_time2,1607043600000000000,33.25,-64.5,0,2,216.91551208496094,148.99242690905717,67.92308517590376,67.92308517590376,4613.545499813078,123.36751873245333,93.5479933525076,93.5479933525076,8751.227060280808
space0_time2,1607043600000000000,29.25,-65.25,0,2,224.10247802734375,142.39770952665265,81.7047685006911,81.7047685006911,6675.669195751525,123.36751873245333,100.73495929489042,100.73495929489042,10147.53202414323
space0_time2,1607043600000000000,25.25,-66.25,0,2,207.7684783935547,140.98490217524596,66.78357621830872,66.78357621830872,4460.046052506651,123.36751873245333,84.40095966110135,84.40095966110135,7123.521991714858
space0_time2,1607043600000000000,21.25,-67.0,0,2,193.39456176757812,136.58935787842634,56.805203889151784,56.805203889151784,3226.831188888105,123.36751873245333,70.02704303512479,70.02704303512479,4903.786756243219
space0_time2,1607043600000000000,17.0,-67.75,0,2,165.95343017578125,136.74577328640814,29.207656889373112,29.207656889373112,853.0872209673446,123.36751873245333,42.585911443327916,42.585911443327916,1813.5598534589676
space0_time2,1607043600000000000,13.0,-68.75,0,2,90.8170394897461,136.45204573696032,-45.63500624721422,45.63500624721422,2082.553795183281,123.36751873245333,-32.55047924270724,32.55047924270724,1059.5336989299149
space0_time2,1607043600000000000,9.0,-69.5,0,2,25.48103904724121,135.44767001215976,-109.96663096491855,109.96663096491855,12092.659925774584,123.36751873245333,-97.88647968521212,97.88647968521212,9581.762905163445
space0_time2,1607043600000000000,4.75,-70.5,0,2,-10.453760147094727,124.62069034543542,-135.07445049253016,135.07445049253016,18245.107175858982,123.36751873245333,-133.82127887954806,133.82127887954806,17908.134680957777
space0_time2,1607043600000000000,0.75,-71.25,0,2,-18.294078826904297,77.0408273715237,-95.334906198428,95.334906198428,9088.744339863066,123.36751873245333,-141.66159755935763,141.66159755935763,20068.0082230694
space0_time2,1607043600000000000,-3.5,-72.5,0,2,-1.9600799083709717,52.54723473191751,-54.507314640288484,54.507314640288484,2971.0473492954075,123.36751873245333,-125.3275986408243,125.3275986408243,15707.006981075547
space0_time2,1607043600000000000,-7.75,-73.5,0,2,-23.520959854125977,103.02431603080002,-126.545275884926,126.545275884926,16013.706848792033,123.36751873245333,-146.8884785865793,146.8884785865793,21576.22514147997
space0_time2,1607043600000000000,-12.25,-74.75,0,2,-9.147039413452148,125.40261150275519,-134.54965091620733,134.54965091620733,18103.608561673253,123.36751873245333,-132.51455814590548,132.51455814590548,17560.108120604564
space0_time2,1607043600000000000,-16.5,-76.25,0,2,-11.1071195602417,144.8714144590339,-155.9785340192756,155.9785340192756,24329.303074802316,123.36751873245333,-134.47463829269503,134.47463829269503,18083.42834395116
space0_time3,1607050800000000000,44.25,-86.5,0,3,192.08782958984375,141.27596819358732,50.81186139625643,50.81186139625643,2581.8452585523746,122.00347440616346,70.08435518368029,70.08435518368029,4911.816841512254
space0_time3,1607050800000000000,40.0,-87.25,0,3,170.52696228027344,143.30826477546734,27.2186975048061,27.2186975048061,740.8574938581379,122.00347440616346,48.523487874109975,48.523487874109975,2354.5288754688977
space0_time3,1607050800000000000,36.0,-88.25,0,3,197.96807861328125,134.73221475276492,63.23586386051633,63.23586386051633,3998.7744781857555,122.00347440616346,75.96460420711779,75.96460420711779,5770.621092344058
space0_time3,1607050800000000000,32.0,-88.75,0,3,167.91351318359375,122.48513187904292,45.428381304550825,45.428381304550825,2063.737827951663,122.00347440616346,45.91003877743029,45.91003877743029,2107.731660545153
space0_time3,1607050800000000000,27.75,-89.75,0,3,205.155029296875,108.47736891766696,96.67766037920804,96.67766037920804,9346.57001639749,122.00347440616346,83.15155489071154,83.15155489071154,6914.181080743014
space0_time3,1607050800000000000,23.75,-90.5,0,3,133.9387969970703,91.13518698269652,42.80361001437379,42.80361001437379,1832.1490302626,122.00347440616346,11.93532259090685,11.93532259090685,142.4519253490114
space0_time3,1607050800000000000,19.5,-91.5,0,3,187.51431274414062,106.01778592311041,81.49652682103022,81.49652682103022,6641.683883890897,122.00347440616346,65.51083833797716,65.51083833797716,4291.669939744578
space0_time3,1607050800000000000,15.5,-92.25,0,3,226.06256103515625,129.92890545773386,96.13365557742239,96.13365557742239,9241.679734678475,122.00347440616346,104.05908662899279,104.05908662899279,10828.293510060226
space0_time3,1607050800000000000,11.5,-93.0,0,3,188.82102966308594,90.99171793713609,97.82931172594985,97.82931172594985,9570.57423277307,122.00347440616346,66.81755525692247,66.81755525692247,4464.585690511888
space0_time3,1607050800000000000,7.5,-94.0,0,3,175.7538299560547,85.55585388161047,90.19797607444421,90.19797607444421,8135.67488792601,122.00347440616346,53.750355549891225,53.750355549891225,2889.1007217397223
space0_time3,1607050800000000000,3.25,-95.0,0,3,218.87559509277344,101.53558504275368,117.34001005001976,117.34001005001976,13768.677958538738,122.00347440616346,96.87212068660997,96.87212068660997,9384.207766321128
space0_time3,1607050800000000000,-1.0,-96.0,0,3,209.7285614013672,115.21041250616801,94.51814889519918,94.51814889519918,8933.680470575042,122.00347440616346,87.72508699520372,87.72508699520372,7695.690888316061
space0_time3,1607050800000000000,-5.0,-97.0,0,3,209.0751953125,117.85291505007436,91.22228026242564,91.22228026242564,8321.504416276532,122.00347440616346,87.07172090633654,87.07172090633654,7581.484581590963
space0_time3,1607050800000000000,-9.25,-98.0,0,3,225.40919494628906,120.53214790965194,104.87704703663712,104.87704703663712,10999.194995124995,122.00347440616346,103.4057205401256,103.4057205401256,10692.743040422554
space0_time3,1607050800000000000,-13.75,-99.5,0,3,232.59616088867188,129.3983360541991,103.19782483447278,103.19782483447278,10649.791050566528,122.00347440616346,110.59268648250841,110.59268648250841,12230.7423034184
space0_time3,1607112000000000000,42.5,8.25,0,3,124.79175567626953,118.64621435749162,6.145541318777916,6.145541318777916,37.767678100806606,122.00347440616346,2.7882812701060686,2.7882812701060686,7.774512441224311
space0_time3,1607112000000000000,38.75,7.0,0,3,156.806396484375,112.01964125669953,44.78675522767547,44.78675522767547,2005.8534438237161,122.00347440616346,34.80292207821154,34.80292207821154,1211.243385182064
space0_time3,1607112000000000000,35.25,6.0,0,3,126.09848022460938,138.87427770521373,-12.775797480604353,12.775797480604353,163.22100126541653,122.00347440616346,4.095005818445912,4.095005818445912,16.769072653105876
space0_time3,1607115600000000000,31.25,5.25,0,3,42.46839904785156,139.92495773131097,-97.4565586834594,97.4565586834594,9497.780830422567,122.00347440616346,-79.5350753583119,79.5350753583119,6325.828212252352
space0_time3,1607115600000000000,27.25,4.25,0,3,-5.880239963531494,141.11477451585716,-146.99501447938866,146.99501447938866,21607.53428179568,122.00347440616346,-127.88371436969496,127.88371436969496,16354.244400989724
space0_time3,1607115600000000000,23.25,3.5,0,3,-1.3067200183868408,119.97048010515802,-121.27720012354486,121.27720012354486,14708.159269806349,122.00347440616346,-123.3101944245503,123.3101944245503,15205.404049020397
space0_time3,1607115600000000000,19.25,2.75,0,3,-9.147039413452148,139.33734452810916,-148.4843839415613,148.4843839415613,22047.612274504987,122.00347440616346,-131.1505138196156,131.1505138196156,17200.457275149187
space0_time3,1607115600000000000,15.0,1.75,0,3,-1.3067200183868408,133.02425996520728,-134.33097998359412,134.33097998359412,18044.812183352766,122.00347440616346,-123.3101944245503,123.3101944245503,15205.404049020397
space0_time3,1607115600000000000,11.0,1.0,0,3,-10.453760147094727,136.56148391172968,-147.0152440588244,147.0152440588244,21613.481985675706,122.00347440616346,-132.4572345532582,132.4572345532582,17544.918985496854
space0_time3,1607115600000000000,7.0,0.0,0,3,-26.78775978088379,77.36482818566466,-104.15258796654845,104.15258796654845,10847.761580129614,122.00347440616346,-148.79123418704725,148.79123418704725,22138.83137090474
space0_time3,1607115600000000000,2.75,-1.25,0,3,-36.588157653808594,87.71919662063917,-124.30735427444776,124.30735427444776,15452.318326713066,122.00347440616346,-158.59163205997206,158.59163205997206,25151.305759445557
space0_time3,1607115600000000000,-1.5,-2.0,0,3,-26.78775978088379,94.5503822837307,-121.33814206461449,121.33814206461449,14722.944719692568,122.00347440616346,-148.79123418704725,148.79123418704725,22138.83137090474
space0_time3,1607115600000000000,-5.75,-3.0,0,3,-16.333999633789062,101.0450613084191,-117.37906094220816,117.37906094220816,13777.843947674617,122.00347440616346,-138.33747403995253,138.33747403995253,19137.256723754537
space0_time3,1607115600000000000,-10.0,-4.25,0,3,-37.241519927978516,112.87656342328809,-150.1180833512666,150.1180833512666,22535.438949057825,122.00347440616346,-159.24499433414198,159.24499433414198,25358.96822048091
space0_time3,1607115600000000000,-14.5,-5.5,0,3,-1.3067200183868408,119.44856222923008,-120.75528224761692,120.75528224761692,14581.838190701626,122.00347440616346,-123.3101944245503,123.3101944245503,15205.404049020397
space0_time3,1607119200000000000,50.0,-14.75,0,3,173.79376220703125,140.72411199751082,33.06965020952043,33.06965020952043,1093.601764980035,122.00347440616346,51.79028780086779,51.79028780086779,2682.2339104967145
space0_time3,1607119200000000000,46.0,-15.75,0,3,188.1676788330078,138.9646843237732,49.2029945092346,49.2029945092346,2420.9346686757704,122.00347440616346,66.16420442684435,66.16420442684435,4377.701947437249
space0_time3,1607119200000000000,42.0,-16.75,0,3,179.6739959716797,139.07923059082196,40.59476538085772,40.59476538085772,1647.9349763268847,122.00347440616346,57.670521565516225,57.670521565516225,3325.889057638672
space0_time3,1607119200000000000,38.0,-17.5,0,3,177.06056213378906,135.0222681558599,42.03829397792916,42.03829397792916,1767.2181605747949,122.00347440616346,55.0570877276256,55.0570877276256,3031.2829090474615
space0_time3,1607119200000000000,34.0,-18.5,0,3,187.51431274414062,131.7876109030833,55.72670184105732,55.72670184105732,3105.4652980821015,122.00347440616346,65.51083833797716,65.51083833797716,4291.669939744578
space0_time3,1607119200000000000,29.75,-19.25,0,3,203.19496154785156,136.3606168583104,66.83434468954115,66.83434468954115,4466.829630080398,122.00347440616346,81.1914871416881,81.1914871416881,6592.057584278904
space0_time3,1607119200000000000,25.75,-20.0,0,3,171.83367919921875,125.08380300468932,46.749876194529435,46.749876194529435,2185.55092420383,122.00347440616346,49.83020479305529,49.83020479305529,2483.04930971783
space0_time3,1607119200000000000,21.75,-21.0,0,3,203.8483123779297,124.49879298203017,79.34951939589952,79.34951939589952,6296.346228360234,122.00347440616346,81.84483797176622,81.84483797176622,6698.5775026246665
space0_time3,1607119200000000000,17.75,-21.75,0,3,209.7285614013672,112.32460416201812,97.40395723934907,97.40395723934907,9487.530885884942,122.00347440616346,87.72508699520372,87.72508699520372,7695.690888316061
space0_time3,1607119200000000000,13.5,-22.5,0,3,186.2075958251953,107.49052938637072,78.71706643882459,78.71706643882459,6196.376548734324,122.00347440616346,64.20412141903185,64.20412141903185,4122.169207189784
space0_time3,1607119200000000000,9.5,-23.5,0,3,148.31271362304688,96.81366434223077,51.49904928081611,51.49904928081611,2652.152076827926,122.00347440616346,26.309239216883412,26.309239216883412,692.1760681711961
space0_time3,1607119200000000000,5.25,-24.5,0,3,90.16368103027344,82.75885305727516,7.404827972998277,7.404827972998277,54.83147730969777,122.00347440616346,-31.839793375890025,31.839793375890025,1013.7724422193703
space0_time3,1607119200000000000,1.25,-25.25,0,3,92.1237564086914,93.90158130700226,-1.777824898310854,1.777824898310854,3.160661369053998,122.00347440616346,-29.879717997472056,29.879717997472056,892.7975476084555
space0_time3,1607119200000000000,-3.0,-26.25,0,3,86.24351501464844,106.36955213600766,-20.126037121359218,20.126037121359218,405.0573702103292,122.00347440616346,-35.759959391515025,35.759959391515025,1278.7746956828037
space0_time3,1607119200000000000,-7.25,-27.5,0,3,58.14904022216797,116.16641217755614,-58.01737195538817,58.01737195538817,3366.015448609862,122.00347440616346,-63.854434183995494,63.854434183995494,4077.388764958212
space0_time3,1607119200000000000,-11.5,-28.75,0,3,38.548240661621094,121.45305106157424,-82.90481039995315,82.90481039995315,6873.20758745218,122.00347440616346,-83.45523374454237,83.45523374454237,6964.776039356203
space0_time3,1607119200000000000,-15.75,-30.0,0,3,28.094478607177734,127.41536352283053,-99.3208849156528,99.3208849156528,9864.638180428348,122.00347440616346,-93.90899579898573,93.90899579898573,8818.89949197392
space1_time0,1606798800000000000,48.25,-126.75,1,0,152.23287963867188,176.05499726425796,-23.82211762558609,23.82211762558609,567.4932881672594,122.48775041899326,29.745129219678617,29.745129219678617,884.7727122953786
space1_time0,1606798800000000000,44.5,-127.5,1,0,153.5395965576172,174.74126479295995,-21.201668235342765,21.201668235342765,449.5107359615424,122.48775041899326,31.05184613862393,31.05184613862393,964.2171486167739
space1_time0,1606798800000000000,40.5,-128.25,1,0,159.41983032226562,179.56935179021585,-20.149521467950223,20.149521467950223,406.0032153873869,122.48775041899326,36.93207990327237,36.93207990327237,1363.9785259816947
space1_time0,1606802400000000000,36.25,-129.25,1,0,199.27479553222656,178.17565610017732,21.099139432049242,21.099139432049242,445.1736847730552,122.48775041899326,76.7870451132333,76.7870451132333,5896.250297221727
space1_time0,1606802400000000000,32.25,-130.0,1,0,226.06256103515625,166.16064886431764,59.901912170838614,59.901912170838614,3588.2390817228634,122.48775041899326,103.57481061616299,103.57481061616299,10727.74139417403
space1_time0,1606802400000000000,28.25,-130.75,1,0,207.7684783935547,157.53836903806194,50.23010935549274,50.23010935549274,2523.0638858647594,122.48775041899326,85.28072797456143,85.28072797456143,7272.802563871144
space1_time0,1606802400000000000,24.0,-131.5,1,0,190.1277618408203,157.35780666878512,32.769955172035196,32.769955172035196,1073.8699619771962,122.48775041899326,67.64001142182705,67.64001142182705,4575.171145144895
space1_time0,1606802400000000000,20.0,-132.5,1,0,190.1277618408203,142.01498687701874,48.11277496380157,48.11277496380157,2314.839114717411,122.48775041899326,67.64001142182705,67.64001142182705,4575.171145144895
space1_time0,1606802400000000000,16.0,-133.25,1,0,209.7285614013672,124.31627189925292,85.41228950211426,85.41228950211426,7295.259197992978,122.48775041899326,87.24081098237393,87.24081098237393,7610.959100862296
space1_time0,1606802400000000000,12.0,-134.25,1,0,226.71591186523438,114.94164496809407,111.77426689714031,111.77426689714031,12493.486740393155,122.48775041899326,104.22816144624112,104.22816144624112,10863.509638463704
space1_time0,1606802400000000000,7.75,-135.0,1,0,231.9427947998047,112.88109135413342,119.06170344567127,119.06170344567127,14175.68922738497,122.48775041899326,109.45504438081143,109.45504438081143,11980.4067404054
space1_time0,1606802400000000000,3.75,-136.0,1,0,238.4763946533203,124.50122388460508,113.97517076871523,113.97517076871523,12990.3395517578,122.48775041899326,115.98864423432705,115.98864423432705,13453.365591317292
space1_time0,1606802400000000000,-0.5,-137.0,1,0,214.95542907714844,141.45903905110853,73.4963900260399,73.4963900260399,5401.719346859778,122.48775041899326,92.46767865815518,92.46767865815518,8550.271596427847
space1_time0,1606802400000000000,-4.75,-138.0,1,0,235.2095947265625,144.20878825332636,91.00080647323614,91.00080647323614,8281.146778779377,122.48775041899326,112.72184430756924,112.72184430756924,12706.214184099881
space1_time0,1606802400000000000,-9.0,-139.0,1,0,224.10247802734375,138.4079338828508,85.69454414449294,85.69454414449294,7343.554896132448,122.48775041899326,101.61472760835049,101.61472760835049,10325.552866919268
space1_time0,1606802400000000000,-13.25,-140.25,1,0,235.2095947265625,128.92833316189174,106.28126156467076,106.28126156467076,11295.706559777962,122.48775041899326,112.72184430756924,112.72184430756924,12706.214184099881
space1_time0,1606802400000000000,-17.75,-141.75,1,0,229.9827117919922,100.73458921951828,129.2481225724739,129.2481225724739,16705.07718850924,122.48775041899326,107.49496137299893,107.49496137299893,11555.166720582532
space1_time0,1606806000000000000,55.0,-149.0,1,0,160.0731964111328,151.51960796270316,8.55358844842965,8.55358844842965,73.16387534510915,122.48775041899326,37.585445992139555,37.585445992139555,1412.6657504280392
space1_time0,1606806000000000000,51.0,-149.75,1,0,137.20559692382812,157.73766139672887,-20.532064472900743,20.532064472900743,421.56567151935286,122.48775041899326,14.717846504834867,14.717846504834867,216.6150057398799
space1_time0,1606806000000000000,47.0,-151.0,1,0,182.2874298095703,149.0451366502376,33.24229315933272,33.24229315933272,1105.0500544910187,122.48775041899326,59.799679390577055,59.799679390577055,3576.0016552158063
space1_time0,1606806000000000000,43.0,-152.0,1,0,158.1131134033203,178.275527053722,-20.162413650401675,20.162413650401675,406.5229242099038,122.48775041899326,35.625362984327055,35.625362984327055,1269.1664877650603
space1_time0,1606806000000000000,38.75,-152.75,1,0,178.36727905273438,160.974791929559,17.392487123175385,17.392487123175385,302.4986083298216,122.48775041899326,55.87952863374112,55.87952863374112,3122.5217203290936
space1_time0,1606806000000000000,34.75,-153.5,1,0,143.73919677734375,150.32605447585564,-6.586857698511892,6.586857698511892,43.38669434044538,122.48775041899326,21.251446358350492,21.251446358350492,451.6239723218484
space1_time0,1606806000000000000,30.75,-154.5,1,0,95.39055633544922,159.3145135108044,-63.923957175355184,63.923957175355184,4086.2723009566434,122.48775041899326,-27.09719408354404,27.09719408354404,734.2579272012541
space1_time0,1606806000000000000,26.75,-155.25,1,0,-5.880239963531494,155.14807935910926,-161.02831932264075,161.02831932264075,25930.119623874358,122.48775041899326,-128.36799038252474,128.36799038252474,16478.340954847965
space1_time0,1606806000000000000,22.75,-156.0,1,0,5.226880073547363,160.80478137795262,-155.57790130440526,155.57790130440526,24204.483374283263,122.48775041899326,-117.2608703454459,117.2608703454459,13750.111714171473
space1_time0,1606806000000000000,18.75,-157.0,1,0,-9.800399780273438,153.78807987764964,-163.58847965792307,163.58847965792307,26761.190676790713,122.48775041899326,-132.28815019926668,132.28815019926668,17500.15468314374
space1_time0,1606806000000000000,15.0,-158.0,1,0,-18.947439193725586,157.85400316449812,-176.8014423582237,176.8014423582237,31258.7500199483,122.48775041899326,-141.43518961271883,141.43518961271883,20003.912860785727
space1_time0,1606806000000000000,10.75,-159.0,1,0,-14.373919486999512,93.64795398524416,-108.02187347224367,108.02187347224367,11668.72514845342,122.48775041899326,-136.86166990599276,136.86166990599276,18731.11668945692
space1_time0,1606806000000000000,6.5,-159.75,1,0,-8.493680000305176,128.2111244583976,-136.70480445870277,136.70480445870277,18688.20356209216,122.48775041899326,-130.98143041929842,130.98143041929842,17156.135114685512
space1_time0,1606806000000000000,2.25,-160.75,1,0,-31.361278533935547,146.1200553114721,-177.48133384540765,177.48133384540765,31499.623863545043,122.48775041899326,-153.8490289529288,153.8490289529288,23669.52370975912
space1_time0,1606806000000000000,-2.25,-162.0,1,0,-26.78775978088379,149.354260232278,-176.14202001316178,176.14202001316178,31026.011214317085,122.48775041899326,-149.27551019987703,149.27551019987703,22283.177945433592
space1_time0,1606806000000000000,-6.5,-163.0,1,0,-31.361278533935547,125.93147638393978,-157.29275491787533,157.29275491787533,24741.010749654793,122.48775041899326,-153.8490289529288,153.8490289529288,23669.52370975912
space1_time0,1606806000000000000,-10.75,-164.25,1,0,-1.9600799083709717,115.91845004603465,-117.87852995440562,117.87852995440562,13895.347824211703,122.48775041899326,-124.44783032736423,124.44783032736423,15487.262473188435
space1_time0,1606806000000000000,-15.5,-165.5,1,0,-28.094478607177734,68.12458942977236,-96.21906803695009,96.21906803695009,9258.10905389923,122.48775041899326,-150.58222902617098,150.58222902617098,22675.007698490208
space1_time0,1606813200000000000,57.0,-173.75,1,0,125.44511413574219,164.7220170885602,-39.276902952818006,39.276902952818006,1542.6751055650839,122.48775041899326,2.9573637167489295,2.9573637167489295,8.746000153143042
space1_time0,1606813200000000000,53.25,-174.0,1,0,123.48503875732422,160.51294724887345,-37.027908491549226,37.027908491549226,1371.0660072585433,122.48775041899326,0.9972883383309608,0.9972883383309608,0.9945840297709289
space1_time0,1606813200000000000,49.5,-174.5,1,0,114.9913558959961,163.08118399451558,-48.08982809851949,48.08982809851949,2312.631566545155,122.48775041899326,-7.496394522997164,7.496394522997164,56.19593084442188
space1_time0,1606813200000000000,45.5,-175.5,1,0,137.20559692382812,173.6584252736314,-36.45282834980327,36.45282834980327,1328.808694700221,122.48775041899326,14.717846504834867,14.717846504834867,216.6150057398799
space1_time0,1606813200000000000,41.5,-176.5,1,0,153.5395965576172,159.49061399732597,-5.951017439708778,5.951017439708778,35.41460856771802,122.48775041899326,31.05184613862393,31.05184613862393,964.2171486167739
space1_time0,1606813200000000000,37.5,-177.5,1,0,81.66999816894531,149.2455075011035,-67.57550933215819,67.57550933215819,4566.449461500599,122.48775041899326,-40.817752250047945,40.817752250047945,1666.088898746294
space1_time0,1606813200000000000,33.5,-178.25,1,0,18.294078826904297,147.1549615481407,-128.8608827212364,128.8608827212364,16605.127095696243,122.48775041899326,-104.19367159208896,104.19367159208896,10856.321199840086
space1_time0,1606813200000000000,29.25,-178.75,1,0,-0.6533600091934204,161.0837586874398,-161.73711869663322,161.73711869663322,26158.89556428882,122.48775041899326,-123.14111042818668,123.14111042818668,15163.733077486866
space1_time0,1606813200000000000,25.25,-179.75,1,0,13.06719970703125,156.93326771147392,-143.86606800444267,143.86606800444267,20697.445523058923,122.48775041899326,-109.42055071196201,109.42055071196201,11972.85691810905
space1_time0,1606813200000000000,21.0,179.5,1,0,-22.2142391204834,134.79710092272083,-157.01134004320423,157.01134004320423,24652.560902162706,122.48775041899326,-144.70198953947664,144.70198953947664,20938.665776682807
space1_time0,1606813200000000000,17.0,178.5,1,0,-6.533599853515625,140.26359184998486,-146.7971917035005,146.7971917035005,21549.415492034273,122.48775041899326,-129.02135027250887,129.02135027250887,16646.508826141424
space1_time0,1606813200000000000,13.0,177.75,1,0,-15.680639266967773,119.68792766895345,-135.36856693592122,135.36856693592122,18324.648914284986,122.48775041899326,-138.16838968596102,138.16838968596102,19090.503908411578
space1_time0,1606813200000000000,8.75,177.0,1,0,-5.880239963531494,92.89494873800409,-98.77518870153558,98.77518870153558,9756.537903023962,122.48775041899326,-128.36799038252474,128.36799038252474,16478.340954847965
space1_time0,1606813200000000000,4.75,176.0,1,0,-21.56087875366211,94.31454403758677,-115.87542279124888,115.87542279124888,13427.11360705068,122.48775041899326,-144.04862917265535,144.04862917265535,20750.007566521173
space1_time0,1606813200000000000,0.5,175.0,1,0,-14.373919486999512,116.20374013205459,-130.5776596190541,130.5776596190541,17050.52519158955,122.48775041899326,-136.86166990599276,136.86166990599276,18731.11668945692
space1_time0,1606813200000000000,-3.75,173.75,1,0,-14.373919486999512,104.50971567627137,-118.88363516327088,118.88363516327088,14133.318709633697,122.48775041899326,-136.86166990599276,136.86166990599276,18731.11668945692
space1_time0,1606813200000000000,-7.75,172.75,1,0,-13.720560073852539,108.9599027801136,-122.68046285396613,122.68046285396613,15050.495966063365,122.48775041899326,-136.20831049284578,136.20831049284578,18552.703847315483
space1_time0,1606813200000000000,-12.25,171.75,1,0,-16.333999633789062,75.11881110665094,-91.45281074044,91.45281074044,8363.616592326738,122.48775041899326,-138.8217500527823,138.8217500527823,19271.478287717164
space1_time0,1606813200000000000,-16.75,170.25,1,0,-2.6134400367736816,101.58033438929355,-104.19377442606724,104.19377442606724,10856.342629150182,122.48775041899326,-125.10119045576694,125.10119045576694,15650.307853450073
space1_time0,1606816800000000000,56.25,163.0,1,0,143.73919677734375,138.2975895975467,5.441607179797046,5.441607179797046,29.61108869921876,122.48775041899326,21.251446358350492,21.251446358350492,451.6239723218484
space1_time0,1606816800000000000,52.0,162.0,1,0,145.69927978515625,137.17819575996694,8.52108402518931,8.52108402518931,72.60887296433646,122.48775041899326,23.211529366162992,23.211529366162992,538.7750955162469
space1_time0,1606816800000000000,48.0,161.0,1,0,146.35263061523438,142.37376769456915,3.9788629206652217,3.9788629206652217,15.83135014144458,122.48775041899326,23.864880196241117,23.864880196241117,569.5325067809415
space1_time0,1606816800000000000,44.0,160.0,1,0,192.08782958984375,154.36611410074465,37.7217154890991,37.7217154890991,1422.9278194405388,122.48775041899326,69.60007917085049,69.60007917085049,4844.171020588657
space1_time0,1606816800000000000,40.0,159.0,1,0,162.0332794189453,166.48698104015773,-4.453701621212417,4.453701621212417,19.835458130790112,122.48775041899326,39.545528999952055,39.545528999952055,1563.848863886049
space1_time0,1606816800000000000,35.75,158.25,1,0,187.51431274414062,133.1917611969976,54.322551547143036,54.322551547143036,2950.9396065920123,122.48775041899326,65.02656232514737,65.02656232514737,4228.453807826275
space1_time0,1606816800000000000,31.75,157.5,1,0,175.7538299560547,127.34081098008008,48.41301897597461,48.41301897597461,2343.820406368078,122.48775041899326,53.26607953706143,53.26607953706143,2837.2752292485543
space1_time0,1606816800000000000,27.75,156.5,1,0,184.90087890625,135.8168039689679,49.08407493728211,49.08407493728211,2409.246412448726,122.48775041899326,62.41312848725674,62.41312848725674,3895.398607566819
space1_time0,1606816800000000000,23.75,155.75,1,0,199.92816162109375,137.04722005385457,62.88094156723918,62.88094156723918,3954.0128123825475,122.48775041899326,77.44041120210049,77.44041120210049,5997.017287150411
space1_time0,1606816800000000000,19.5,155.0,1,0,207.1151123046875,132.76879836634174,74.34631393834576,74.34631393834576,5527.374396219065,122.48775041899326,84.62736188569424,84.62736188569424,7161.790379732254
space1_time0,1606816800000000000,15.5,154.0,1,0,225.40919494628906,97.42316047323774,127.98603447305132,127.98603447305132,16380.425020137081,122.48775041899326,102.9214445272958,102.9214445272958,10592.823743585228
space1_time0,1606816800000000000,11.5,153.25,1,0,214.95542907714844,89.13975851813116,125.81567055901728,125.81567055901728,15829.582958215167,122.48775041899326,92.46767865815518,92.46767865815518,8550.271596427847
space1_time0,1606816800000000000,7.25,152.5,1,0,166.60679626464844,81.73472974743405,84.87206651721439,84.87206651721439,7203.267674902464,122.48775041899326,44.11904584565518,44.11904584565518,1946.4902063310235
space1_time0,1606816800000000000,3.25,151.5,1,0,145.69927978515625,108.39901384376702,37.30026594138923,37.30026594138923,1391.309839298361,122.48775041899326,23.211529366162992,23.211529366162992,538.7750955162469
space1_time0,1606816800000000000,-1.0,150.5,1,0,143.08583068847656,101.12232969609363,41.96350099238293,41.96350099238293,1760.9354155377234,122.48775041899326,20.598080269483305,20.598080269483305,424.2809107880774
space1_time0,1606820400000000000,-5.25,149.5,1,0,162.68663024902344,78.5389505367559,84.14767971226753,84.14767971226753,7080.832000958361,122.48775041899326,40.19887983003018,40.19887983003018,1615.9499395892071
space1_time0,1606820400000000000,-9.5,148.25,1,0,124.13839721679688,87.6823763292347,36.456020887562175,36.456020887562175,1329.0414589543695,122.48775041899326,1.650646797803617,1.650646797803617,2.724634851099335
space1_time0,1606820400000000000,-13.75,147.0,1,0,100.61743927001953,62.307665954909424,38.30977331511011,38.30977331511011,1467.6387314551225,122.48775041899326,-21.870311148973727,21.870311148973727,478.3105097529245
space1_time0,1606824000000000000,45.0,135.25,1,0,143.73919677734375,157.925238675411,-14.18604189806726,14.18604189806726,201.24378473371974,122.48775041899326,21.251446358350492,21.251446358350492,451.6239723218484
space1_time0,1606824000000000000,41.25,134.5,1,0,101.92415618896484,161.24512100744695,-59.32096481848211,59.32096481848211,3518.9768669955924,122.48775041899326,-20.563594230028414,20.563594230028414,422.86140765725787
space1_time0,1606824000000000000,37.5,134.0,1,0,40.50831985473633,156.5334953397294,-116.02517548499307,116.02517548499307,13461.841346323437,122.48775041899326,-81.97943056425693,81.97943056425693,6720.627035639824
space1_time0,1606824000000000000,34.0,133.5,1,0,24.174320220947266,153.9544238299974,-129.78010360905014,129.78010360905014,16842.87529277579,122.48775041899326,-98.31343019804599,98.31343019804599,9665.530557306061
space1_time0,1606824000000000000,30.25,132.75,1,0,11.1071195602417,149.39332035796497,-138.28620079772327,138.28620079772327,19123.07333106824,122.48775041899326,-111.38063085875156,111.38063085875156,12405.64493049348
space1_time0,1606824000000000000,26.25,132.0,1,0,4.573519706726074,109.52107248102732,-104.94755277430124,104.94755277430124,11013.988833314745,122.48775041899326,-117.91423071226718,117.91423071226718,13903.765804465773
space1_time0,1606824000000000000,22.25,131.25,1,0,0.0,104.52818417942962,-104.52818417942962,104.52818417942962,10926.141287848759,122.48775041899326,-122.48775041899326,122.48775041899326,15003.249002705583
space1_time0,1606824000000000000,18.25,130.0,1,0,-26.78775978088379,76.41589008078917,-103.20364986167296,103.20364986167296,10650.993344770788,122.48775041899326,-149.27551019987703,149.27551019987703,22283.177945433592
space1_time0,1606824000000000000,14.25,129.25,1,0,1.3067200183868408,69.74825055444529,-68.44153053605845,68.44153053605845,4684.243102118221,122.48775041899326,-121.18103040060642,121.18103040060642,14684.842128952696
space1_time0,1606824000000000000,10.0,128.5,1,0,-11.1071195602417,67.69140972017173,-78.79852928041343,78.79852928041343,6209.208216756173,122.48775041899326,-133.59486997923494,133.59486997923494,17847.58928476869
space1_time0,1606824000000000000,5.5,127.5,1,0,-16.333999633789062,66.47757462579068,-82.81157425957974,82.81157425957974,6857.7568313498905,122.48775041899326,-138.8217500527823,138.8217500527823,19271.478287717164
space1_time1,1606881600000000000,35.25,-107.5,1,1,179.0206298828125,126.51982822239405,52.500801660418446,52.500801660418446,2756.3341749865963,124.49919247514084,54.521437407671655,54.521437407671655,2972.587136998658
space1_time1,1606881600000000000,31.25,-108.5,1,1,191.43447875976562,106.0205419184446,85.41393684132103,85.41393684132103,7295.540606733179,124.49919247514084,66.93528628462478,66.93528628462478,4480.3325500046785
space1_time1,1606881600000000000,27.25,-109.25,1,1,234.5562286376953,129.59784411084718,104.95838452684814,104.95838452684814,11016.262482485714,124.49919247514084,110.05703616255447,110.05703616255447,12112.551208885821
space1_time1,1606881600000000000,23.0,-110.0,1,1,224.75582885742188,142.37616932200834,82.37965953541354,82.37965953541354,6786.40830517065,124.49919247514084,100.25663638228103,100.25663638228103,10051.393138688916
space1_time1,1606881600000000000,19.0,-111.0,1,1,229.9827117919922,136.81982109747372,93.16289069451847,93.16289069451847,8679.324202558795,124.49919247514084,105.48351931685134,105.48351931685134,11126.77284746855
space1_time1,1606881600000000000,15.0,-111.75,1,1,221.48902893066406,117.48786246062392,104.00116647004015,104.00116647004015,10816.242627129002,124.49919247514084,96.98983645552322,96.98983645552322,9407.02837566914
space1_time1,1606881600000000000,11.0,-112.5,1,1,200.58151245117188,85.811028901912,114.77048354925988,114.77048354925988,13172.263894130932,124.49919247514084,76.08231997603103,76.08231997603103,5788.51941293517
space1_time1,1606881600000000000,6.75,-113.5,1,1,159.41983032226562,116.98919542970458,42.430634892561045,42.430634892561045,1800.358777385819,124.49919247514084,34.92063784712478,34.92063784712478,1219.4509476500436
space1_time1,1606881600000000000,2.75,-114.5,1,1,246.31671142578125,126.89563206790577,119.42107935787548,119.42107935787548,14261.394194999993,124.49919247514084,121.8175189506404,121.8175189506404,14839.507923289635
space1_time1,1606881600000000000,-1.5,-115.25,1,1,240.4364776611328,133.31589978392518,107.12057787720764,107.12057787720764,11474.818204746905,124.49919247514084,115.93728518599197,115.93728518599197,13441.454096298032
space1_time1,1606881600000000000,-5.75,-116.5,1,1,260.6906433105469,140.74384478290668,119.9467985276402,119.9467985276402,14387.234477030308,124.49919247514084,136.19145083540604,136.19145083540604,18548.11128065282
space1_time1,1606881600000000000,-10.0,-117.5,1,1,253.50367736816406,130.38561631459348,123.11806105357059,123.11806105357059,15158.056957590734,124.49919247514084,129.00448489302323,129.00448489302323,16642.157122514258
space1_time1,1606881600000000000,-14.25,-119.0,1,1,220.18231201171875,126.96572399496497,93.21658801675378,93.21658801675378,8689.332281485204,124.49919247514084,95.6831195365779,95.6831195365779,9155.259364251056
space1_time1,1606888800000000000,50.0,-128.5,1,1,173.14039611816406,177.41488348988446,-4.274487371720397,4.274487371720397,18.27124229099715,124.49919247514084,48.64120364302322,48.64120364302322,2365.9666918420553
space1_time1,1606888800000000000,46.0,-129.25,1,1,168.56687927246094,172.21209715223725,-3.645217879776311,3.645217879776311,13.287613391040905,124.49919247514084,44.06768679732009,44.06768679732009,1941.9610196666997
space1_time1,1606888800000000000,42.0,-130.25,1,1,197.31471252441406,165.61066992954716,31.704042594866905,31.704042594866905,1005.146316857135,124.49919247514084,72.81552004927322,72.81552004927322,5302.09996004611
space1_time1,1606888800000000000,38.0,-131.25,1,1,203.19496154785156,160.3358737183443,42.859087829507274,42.859087829507274,1836.9014095774185,124.49919247514084,78.69576907271072,78.69576907271072,6193.0240699454125
space1_time1,1606888800000000000,33.75,-132.0,1,1,186.2075958251953,154.66926807713736,31.538327748057952,31.538327748057952,994.6661171439222,124.49919247514084,61.70840335005447,61.70840335005447,3807.9270440130135
space1_time1,1606888800000000000,29.75,-133.0,1,1,196.00799560546875,141.16824268701887,54.839752918449875,54.839752918449875,3007.3985001566316,124.49919247514084,71.5088031303279,71.5088031303279,5113.508925131994
space1_time1,1606888800000000000,25.75,-133.75,1,1,180.32736206054688,144.82689429517953,35.50046776536735,35.50046776536735,1260.283211559886,124.49919247514084,55.82816958540603,55.82816958540603,3116.7845192568548
space1_time1,1606888800000000000,21.75,-134.5,1,1,180.980712890625,146.26245586259915,34.718257028025846,34.718257028025846,1205.357371064066,124.49919247514084,56.481520415484155,56.481520415484155,3190.1621484447533
space1_time1,1606888800000000000,17.5,-135.5,1,1,131.9787139892578,142.2319318986127,-10.253217909354873,10.253217909354873,105.12847749671552,124.49919247514084,7.479521514116968,7.479521514116968,55.943242080138575
space1_time1,1606888800000000000,13.5,-136.25,1,1,121.52495574951172,129.17741907775508,-7.652463328243357,7.652463328243357,58.560194990109395,124.49919247514084,-2.974236725629126,2.974236725629126,8.846084100081065
space1_time1,1606888800000000000,9.5,-137.0,1,1,23.520959854125977,112.97353589034219,-89.45257603621621,89.45257603621621,8001.763359515044,124.49919247514084,-100.97823262101487,100.97823262101487,10196.603463263791
space1_time1,1606888800000000000,5.25,-138.0,1,1,0.0,117.05431073720452,-117.05431073720452,117.05431073720452,13701.711662162033,124.49919247514084,-124.49919247514084,124.49919247514084,15500.048926962167
space1_time1,1606888800000000000,1.0,-139.0,1,1,2.6134400367736816,124.04506817543269,-121.43162813865901,121.43162813865901,14745.640312405561,124.49919247514084,-121.88575243836716,121.88575243836716,14856.136647466927
space1_time1,1606888800000000000,-3.0,-140.0,1,1,-33.32135772705078,130.8631713101176,-164.18452903716837,164.18452903716837,26956.559575156785,124.49919247514084,-157.8205502021916,157.8205502021916,24907.32606612248
space1_time1,1606888800000000000,-7.25,-141.0,1,1,-15.680639266967773,131.85575007704455,-147.53638934401232,147.53638934401232,21766.98618066799,124.49919247514084,-140.1798317421086,140.1798317421086,19650.38522724588
space1_time1,1606888800000000000,-11.75,-142.25,1,1,7.186959743499756,105.53345702786106,-98.3464972843613,98.3464972843613,9672.033528102886,124.49919247514084,-117.31223273164109,117.31223273164109,13762.159948482722
space1_time1,1606888800000000000,-16.0,-143.5,1,1,2.6134400367736816,92.51796589705896,-89.90452586028528,89.90452586028528,8082.823770162704,124.49919247514084,-121.88575243836716,121.88575243836716,14856.136647466927
space1_time1,1606892400000000000,56.75,-151.0,1,1,131.9787139892578,133.16002326256984,-1.1813092733120243,1.1813092733120243,1.3954915992129828,124.49919247514084,7.479521514116968,7.479521514116968,55.943242080138575
space1_time1,1606892400000000000,52.5,-152.0,1,1,158.1131134033203,137.08267169885156,21.030441704468757,21.030441704468757,442.27947828505876,124.49919247514084,33.61392092817947,33.61392092817947,1129.8956801659017
space1_time1,1606892400000000000,48.5,-153.0,1,1,177.06056213378906,139.80361628677957,37.25694584700949,37.25694584700949,1388.0800138469976,124.49919247514084,52.56136965864822,52.56136965864822,2762.6975803930654
space1_time1,1606892400000000000,44.5,-153.75,1,1,179.6739959716797,145.3617709416396,34.31222503004008,34.31222503004008,1177.3287865121092,124.49919247514084,55.17480349653884,55.17480349653884,3044.258940881675
space1_time1,1606892400000000000,40.5,-155.0,1,1,199.92816162109375,141.74929429018053,58.17886733091322,58.17886733091322,3384.7806039080015,124.49919247514084,75.4289691459529,75.4289691459529,5689.529386421115
space1_time1,1606892400000000000,36.5,-155.75,1,1,203.19496154785156,132.93947684655868,70.25548470129289,70.25548470129289,4935.833130613599,124.49919247514084,78.69576907271072,78.69576907271072,6193.0240699454125
space1_time1,1606892400000000000,32.25,-156.5,1,1,167.91351318359375,141.92660230070243,25.986910882891323,25.986910882891323,675.3195372353355,124.49919247514084,43.414320708452905,43.414320708452905,1884.8032425764027
space1_time1,1606892400000000000,28.25,-157.25,1,1,173.14039611816406,133.60487790894788,39.53551820921618,39.53551820921618,1563.057200071264,124.49919247514084,48.64120364302322,48.64120364302322,2365.9666918420553
space1_time1,1606892400000000000,24.25,-158.25,1,1,228.67599487304688,145.6718760912718,83.00411878177508,83.00411878177508,6889.6837347390265,124.49919247514084,104.17680239790603,104.17680239790603,10852.80615785236
space1_time1,1606892400000000000,20.0,-159.0,1,1,224.10247802734375,149.83936654486772,74.26311148247603,74.26311148247603,5515.009727058664,124.49919247514084,99.6032855522029,99.6032855522029,9920.814492793672
space1_time1,1606892400000000000,16.0,-159.75,1,1,252.85031127929688,141.87850083774813,110.97181044154874,110.97181044154874,12314.742712675026,124.49919247514084,128.35111880415604,128.35111880415604,16474.00969827858
space1_time1,1606892400000000000,12.0,-160.75,1,1,245.00999450683594,130.93155296219575,114.07844154464019,114.07844154464019,13013.890825253888,124.49919247514084,120.51080203169509,120.51080203169509,14522.853406322407
space1_time1,1606892400000000000,7.75,-161.5,1,1,228.67599487304688,102.34948111319679,126.32651375985009,126.32651375985009,15958.388078717593,124.49919247514084,104.17680239790603,104.17680239790603,10852.80615785236
space1_time1,1606892400000000000,3.75,-162.5,1,1,251.54359436035156,107.98496335926473,143.55863100108684,143.55863100108684,20609.08053490621,124.49919247514084,127.04440188521072,127.04440188521072,16140.280050370933
space1_time1,1606892400000000000,-0.5,-163.5,1,1,221.48902893066406,127.26991511309791,94.21911381756615,94.21911381756615,8877.241408567485,124.49919247514084,96.98983645552322,96.98983645552322,9407.02837566914
space1_time1,1606892400000000000,-4.75,-164.5,1,1,203.19496154785156,121.59765393781528,81.59730761003628,81.59730761003628,6658.120609206885,124.49919247514084,78.69576907271072,78.69576907271072,6193.0240699454125
space1_time1,1606892400000000000,-9.0,-165.75,1,1,211.68862915039062,100.09040515986929,111.59822399052133,111.59822399052133,12454.163597838571,124.49919247514084,87.18943667524978,87.18943667524978,7601.997867747392
space1_time1,1606892400000000000,-13.25,-166.75,1,1,191.43447875976562,68.48473417283451,122.94974458693112,122.94974458693112,15116.639693991598,124.49919247514084,66.93528628462478,66.93528628462478,4480.3325500046785
space1_time1,1606892400000000000,-17.75,-168.25,1,1,139.81903076171875,60.56925067746556,79.24978008425319,79.24978008425319,6280.527643402494,124.49919247514084,15.319838286577905,15.319838286577905,234.69744512689826
space1_time1,1606899600000000000,55.25,-175.25,1,1,158.1131134033203,133.27290028970586,24.840213113614453,24.840213113614453,617.0361875297834,124.49919247514084,33.61392092817947,33.61392092817947,1129.8956801659017
space1_time1,1606899600000000000,51.25,-176.5,1,1,154.8463134765625,134.19058952271442,20.65572395384808,20.65572395384808,426.6589320575734,124.49919247514084,30.347121001421655,30.347121001421655,920.9477530749273
space1_time1,1606899600000000000,47.0,-177.5,1,1,147.00599670410156,143.8738717545025,3.132124949599074,3.132124949599074,9.810206699901004,124.49919247514084,22.506804228960718,22.506804228960718,506.55623660076407
space1_time1,1606899600000000000,43.0,-178.5,1,1,165.95343017578125,140.14813256321187,25.805297612569376,25.805297612569376,665.9133848732787,124.49919247514084,41.454237700640405,41.454237700640405,1718.4538233411963
space1_time1,1606899600000000000,39.0,-179.25,1,1,152.88623046875,140.67826645580766,12.207964012942341,12.207964012942341,149.03438534129526,124.49919247514084,28.387037993609155,28.387037993609155,805.8239260506097
space1_time1,1606899600000000000,35.0,179.75,1,1,133.28543090820312,131.53796655490734,1.7474643532957828,1.7474643532957828,3.0536316660394482,124.49919247514084,8.78623843306228,8.78623843306228,77.1979858026207
space1_time1,1606899600000000000,30.75,179.0,1,1,116.29808044433594,132.20610302342976,-15.908022579093824,15.908022579093824,253.06518237695894,124.49919247514084,-8.201112030804907,8.201112030804907,67.25823854181299
space1_time1,1606899600000000000,26.75,178.25,1,1,34.62807846069336,139.20639629770997,-104.57831783701661,104.57831783701661,10936.624561620067,124.49919247514084,-89.87111401444749,89.87111401444749,8076.8171341978195
space1_time1,1606899600000000000,22.75,177.25,1,1,3.9201598167419434,148.38580839801583,-144.46564858127388,144.46564858127388,20870.32362000812,124.49919247514084,-120.5790326583989,120.5790326583989,14539.303116835228
space1_time1,1606899600000000000,19.0,176.75,1,1,10.453760147094727,141.48021682308413,-131.0264566759894,131.0264566759894,17167.93234906493,124.49919247514084,-114.04543232804612,114.04543232804612,13006.360634890947
space1_time1,1606899600000000000,14.5,175.75,1,1,7.840319633483887,136.04875713320558,-128.2084374997217,128.2084374997217,16437.403446120046,124.49919247514084,-116.65887284165696,116.65887284165696,13609.292612685887
space1_time1,1606899600000000000,10.5,174.75,1,1,-12.413839340209961,125.07967514668924,-137.4935144868992,137.4935144868992,18904.466525959157,124.49919247514084,-136.9130318153508,136.9130318153508,18745.17828087126
space1_time1,1606899600000000000,6.25,173.75,1,1,-35.93479919433594,96.18894822463344,-132.12374741896937,132.12374741896937,17456.684632031614,124.49919247514084,-160.43399166947677,160.43399166947677,25739.06568300174
space1_time1,1606899600000000000,2.25,172.75,1,1,-32.667999267578125,116.41762579523296,-149.0856250628111,149.0856250628111,22226.523600369088,124.49919247514084,-157.16719174271896,157.16719174271896,24701.526160292586
space1_time1,1606899600000000000,-2.0,171.75,1,1,-6.533599853515625,129.2485669985572,-135.78216685207283,135.78216685207283,18436.796835044148,124.49919247514084,-131.03279232865646,131.03279232865646,17169.59266544481
space1_time1,1606899600000000000,-6.25,170.75,1,1,3.9201598167419434,100.30398577179373,-96.38382595505179,96.38382595505179,9289.841905733716,124.49919247514084,-120.5790326583989,120.5790326583989,14539.303116835228
space1_time1,1606899600000000000,-10.5,169.5,1,1,1.9600799083709717,54.540676956948516,-52.580597048577545,52.580597048577545,2764.7191859848817,124.49919247514084,-122.53911256676987,122.53911256676987,15015.834108651497
space1_time1,1606899600000000000,-15.0,168.5,1,1,-3.2667999267578125,85.66589283304518,-88.93269275980299,88.93269275980299,7909.0238415095155,124.49919247514084,-127.76599240189866,127.76599240189866,16324.148814442025
space1_time1,1606903200000000000,53.75,160.0,1,1,150.27279663085938,124.77366077304914,25.49913585781023,25.49913585781023,650.2059294950635,124.49919247514084,25.77360415571853,25.77360415571853,664.2786711756715
space1_time1,1606903200000000000,49.5,159.0,1,1,153.5395965576172,137.17410717912983,16.365489378487354,16.365489378487354,267.8292425973824,124.49919247514084,29.040404082476343,29.040404082476343,843.3450692735087
space1_time1,1606903200000000000,45.5,158.0,1,1,167.91351318359375,149.5249955837441,18.38851759984965,18.38851759984965,338.1375795199803,124.49919247514084,43.414320708452905,43.414320708452905,1884.8032425764027
space1_time1,1606903200000000000,41.5,157.25,1,1,172.48703002929688,160.57874548957085,11.908284539726026,11.908284539726026,141.8072406790779,124.49919247514084,47.98783755415603,47.98783755415603,2302.832553124068
space1_time1,1606906800000000000,37.5,156.25,1,1,188.1676788330078,149.00955555075066,39.15812328225715,39.15812328225715,1533.3586189884495,124.49919247514084,63.66848635786697,63.66848635786697,4053.676155101892
space1_time1,1606906800000000000,33.25,155.25,1,1,166.60679626464844,140.600582335741,26.006213928907442,26.006213928907442,676.3231629160995,124.49919247514084,42.10760378950759,42.10760378950759,1773.0502968941541
space1_time1,1606906800000000000,29.25,154.5,1,1,164.64671325683594,133.47020307130572,31.17651018553022,31.17651018553022,971.9747873484695,124.49919247514084,40.14752078169509,40.14752078169509,1611.8234249166394
space1_time1,1606906800000000000,25.25,153.75,1,1,130.6719970703125,138.54737838472568,-7.8753813144131755,7.8753813144131755,62.0216308474082,124.49919247514084,6.172804595171655,6.172804595171655,38.1035165701723
space1_time1,1606906800000000000,21.0,153.0,1,1,95.39055633544922,125.61767567216535,-30.22711933671613,30.22711933671613,913.6787433960781,124.49919247514084,-29.108636139691626,29.108636139691626,847.3126979129614
space1_time1,1606906800000000000,17.0,152.0,1,1,9.800399780273438,123.0176220361501,-113.21722225587666,113.21722225587666,12818.139415336575,124.49919247514084,-114.69879269486741,114.69879269486741,13155.813045660168
space1_time1,1606906800000000000,13.0,151.25,1,1,-14.373919486999512,102.06534967633402,-116.43926916333353,116.43926916333353,13558.103403291236,124.49919247514084,-138.87311196214034,138.87311196214034,19285.741226049166
space1_time1,1606906800000000000,9.0,150.25,1,1,-11.760479927062988,88.80116485911344,-100.56164478617643,100.56164478617643,10112.644402101125,124.49919247514084,-136.25967240220382,136.25967240220382,18566.698323155906
space1_time1,1606906800000000000,4.75,149.25,1,1,-6.533599853515625,100.92183476614983,-107.45543461966545,107.45543461966545,11546.670429301197,124.49919247514084,-131.03279232865646,131.03279232865646,17169.59266544481
space1_time1,1606906800000000000,0.5,148.25,1,1,4.573519706726074,102.04187147072149,-97.46835176399541,97.46835176399541,9500.079595589948,124.49919247514084,-119.92567276841477,119.92567276841477,14382.1669889569
space1_time1,1606906800000000000,-3.5,147.5,1,1,-15.0272798538208,95.35294207526809,-110.38022192908889,110.38022192908889,12183.793393114916,124.49919247514084,-139.52647232896163,139.52647232896163,19467.636480564495
space1_time1,1606906800000000000,-7.75,146.25,1,1,19.600799560546875,85.1156929669726,-65.51489340642573,65.51489340642573,4292.2012580553255,124.49919247514084,-104.89839291459397,104.89839291459397,11003.672836064537
space1_time1,1606906800000000000,-12.25,145.0,1,1,16.333999633789062,58.13884728631176,-41.804847652522696,41.804847652522696,1747.6452872506325,124.49919247514084,-108.16519284135178,108.16519284135178,11699.708942406818
space1_time1,1606906800000000000,-16.75,143.5,1,1,19.600799560546875,91.06647477370718,-71.46567521316031,71.46567521316031,5107.3427336729155,124.49919247514084,-104.89839291459397,104.89839291459397,11003.672836064537
space1_time1,1606910400000000000,44.0,133.5,1,1,153.5395965576172,148.73692961325335,4.8026669443638355,4.8026669443638355,23.06560977848506,124.49919247514084,29.040404082476343,29.040404082476343,843.3450692735087
space1_time1,1606910400000000000,40.0,132.5,1,1,156.1530303955078,160.96222941372378,-4.809199018215963,4.809199018215963,23.128395196809386,124.49919247514084,31.653837920366968,31.653837920366968,1001.9654550888617
space1_time1,1606910400000000000,35.75,131.75,1,1,151.5795135498047,148.26509725036587,3.314416299438818,3.314416299438818,10.98535540598571,124.49919247514084,27.080321074663843,27.080321074663843,733.3437895068827
space1_time1,1606910400000000000,31.75,130.75,1,1,165.30007934570312,159.08536012352715,6.214719222175972,6.214719222175972,38.622735010483524,124.49919247514084,40.80088687056228,40.80088687056228,1664.7123694244215
space1_time1,1606910400000000000,27.75,130.0,1,1,152.88623046875,136.0071863882721,16.87904408047791,16.87904408047791,284.9021290707164,124.49919247514084,28.387037993609155,28.387037993609155,805.8239260506097
space1_time1,1606910400000000000,23.75,129.25,1,1,121.52495574951172,112.75011106977212,8.774844679739601,8.774844679739601,76.99789915355439,124.49919247514084,-2.974236725629126,2.974236725629126,8.846084100081065
space1_time1,1606910400000000000,19.5,128.25,1,1,25.48103904724121,93.00461550637908,-67.52357645913787,67.52357645913787,4559.433377833038,124.49919247514084,-99.01815342789963,99.01815342789963,9804.594708271072
space1_time1,1606910400000000000,15.5,127.5,1,1,-10.453760147094727,75.64625329134704,-86.10001343844176,86.10001343844176,7413.212314099852,124.49919247514084,-134.95295262223556,134.95295262223556,18212.299421459356
space1_time1,1606910400000000000,11.5,126.75,1,1,-8.493680000305176,80.0987988677723,-88.59247886807748,88.59247886807748,7848.627311990755,124.49919247514084,-132.992872475446,132.992872475446,17687.104129270243
space1_time3,1607068800000000000,39.5,-160.0,1,3,318.1863098144531,118.12421037616389,200.06209943828924,200.06209943828924,40024.84363165593,125.41893933233315,192.76737048212,192.76737048212,37159.259122590905
space1_time3,1607068800000000000,35.25,-160.5,1,3,158.1131134033203,130.27175073108037,27.84136267223994,27.84136267223994,775.1414754471954,125.41893933233315,32.69417407098716,32.69417407098716,1068.909018184009
space1_time3,1607068800000000000,31.25,-161.5,1,3,150.92616271972656,139.70482971906287,11.22133300066369,11.22133300066369,125.91831431178399,125.41893933233315,25.50722338739341,25.50722338739341,650.6184449343893
space1_time3,1607068800000000000,27.25,-162.25,1,3,181.6340789794922,143.42864717662172,38.205431802870464,38.205431802870464,1459.655019243786,125.41893933233315,56.215139647159035,56.215139647159035,3160.1419255495916
space1_time3,1607068800000000000,23.25,-163.25,1,3,197.31471252441406,115.99258360721976,81.3221289171943,81.3221289171943,6613.28865162477,125.41893933233315,71.89577319208091,71.89577319208091,5169.00220288714
space1_time3,1607068800000000000,19.25,-164.0,1,3,205.8083953857422,131.63332188728532,74.17507349845687,74.17507349845687,5501.941528501478,125.41893933233315,80.38945605340903,80.38945605340903,6462.464644562982
space1_time3,1607068800000000000,15.0,-164.75,1,3,177.06056213378906,100.93745351674012,76.12310861704894,76.12310861704894,5794.727665523031,125.41893933233315,51.64162280145591,51.64162280145591,2666.857205567851
space1_time3,1607068800000000000,11.0,-165.75,1,3,187.51431274414062,95.67379141811688,91.84052132602375,91.84052132602375,8434.681357435822,125.41893933233315,62.09537341180747,62.09537341180747,3855.8353991518065
space1_time3,1607068800000000000,6.75,-166.5,1,3,141.12576293945312,42.68500882728915,98.44075411216397,98.44075411216397,9690.582070171527,125.41893933233315,15.706823607119972,15.706823607119972,246.70430782518125
space1_time3,1607068800000000000,2.75,-167.5,1,3,85.59015655517578,57.54513229614352,28.04502425903226,28.04502425903226,786.523385689708,125.41893933233315,-39.82878277715737,39.82878277715737,1586.3319375099877
space1_time3,1607068800000000000,-1.5,-168.5,1,3,64.6826400756836,88.34668400863026,-23.66404393294667,23.66404393294667,559.9869752604301,125.41893933233315,-60.73629925664956,60.73629925664956,3688.8980473932897
space1_time3,1607068800000000000,-5.75,-169.5,1,3,86.89688110351562,98.31334476262086,-11.416463659105233,11.416463659105233,130.33564247967044,125.41893933233315,-38.52205822881753,38.52205822881753,1483.9489701844082
space1_time3,1607068800000000000,-10.0,-170.75,1,3,81.01663970947266,45.92804727526865,35.088592434204,35.088592434204,1231.2093190136784,125.41893933233315,-44.4022996228605,44.4022996228605,1971.5642117982775
space1_time3,1607068800000000000,-14.25,-172.0,1,3,91.47039794921875,37.772226289771595,53.698171659447155,53.698171659447155,2883.4936395674536,125.41893933233315,-33.9485413831144,33.9485413831144,1152.503462041031
space1_time3,1607072400000000000,58.25,-179.25,1,3,168.56687927246094,131.8956513281812,36.671227944279735,36.671227944279735,1344.778958941323,125.41893933233315,43.147939940127785,43.147939940127785,1861.7447210768744
space1_time3,1607072400000000000,54.25,179.5,1,3,189.47439575195312,87.66581358509306,101.80858216686006,101.80858216686006,10364.987402826297,125.41893933233315,64.05545641961997,64.05545641961997,4103.101497125834
space1_time3,1607072400000000000,50.0,178.5,1,3,178.36727905273438,109.44768045349724,68.91959859923713,68.91959859923713,4749.911071079969,125.41893933233315,52.94833972040122,52.94833972040122,2803.5266791470176
space1_time3,1607072400000000000,46.0,177.5,1,3,139.81903076171875,77.96924560105424,61.84978516066451,61.84978516066451,3825.3959244203556,125.41893933233315,14.400091429385597,14.400091429385597,207.36263317466452
space1_time3,1607072400000000000,42.0,176.75,1,3,155.4996795654297,116.10659322123554,39.393086344194145,39.393086344194145,1551.8152517211352,125.41893933233315,30.080740233096535,30.080740233096535,904.8509329710325
space1_time3,1607072400000000000,38.0,175.75,1,3,114.9913558959961,94.81697958333682,20.174376312659277,20.174376312659277,407.00545960478775,125.41893933233315,-10.42758343633706,10.42758343633706,108.73449632177099
space1_time3,1607072400000000000,33.75,175.0,1,3,158.1131134033203,62.35293356597697,95.76017983734334,95.76017983734334,9170.012042480339,125.41893933233315,32.69417407098716,32.69417407098716,1068.909018184009
space1_time3,1607072400000000000,29.75,174.0,1,3,208.4218292236328,68.36964505994733,140.05218416368547,140.05218416368547,19614.61428901887,125.41893933233315,83.00288989129966,83.00288989129966,6889.4797303072155
space1_time3,1607072400000000000,25.75,173.25,1,3,159.41983032226562,88.87460953001154,70.54522079225409,70.54522079225409,4976.628176627878,125.41893933233315,34.00089098993247,34.00089098993247,1156.060588109271
space1_time3,1607072400000000000,21.75,172.5,1,3,146.35263061523438,106.24551615147193,40.10711446376244,40.10711446376244,1608.5806306093425,125.41893933233315,20.933691282901222,20.933691282901222,438.2194307278146
space1_time3,1607072400000000000,17.5,171.5,1,3,113.68463897705078,91.61234347031379,22.072295506736992,22.072295506736992,487.18622893672205,125.41893933233315,-11.734300355282372,11.734300355282372,137.69380482798
space1_time3,1607072400000000000,13.5,170.75,1,3,58.14904022216797,84.07954639496391,-25.930506172795944,25.930506172795944,672.3911503774085,125.41893933233315,-67.26989911016518,67.26989911016518,4525.239326291803
space1_time3,1607072400000000000,9.5,169.75,1,3,7.840319633483887,70.2777644795647,-62.43744484608081,62.43744484608081,3898.434518907383,125.41893933233315,-117.57861969884927,117.57861969884927,13824.731810286625
space1_time3,1607072400000000000,5.25,169.0,1,3,-3.2667999267578125,25.47123165067339,-28.7380315774312,28.7380315774312,825.8744589454328,125.41893933233315,-128.68573925909095,128.68573925909095,16560.01948865874
space1_time3,1607072400000000000,1.5,168.0,1,3,-12.413839340209961,39.46226334413336,-51.87610268434332,51.87610268434332,2691.1300297165326,125.41893933233315,-137.8327786725431,137.8327786725431,18997.87487659425
space1_time3,1607072400000000000,-3.0,167.0,1,3,4.573519706726074,72.66047633843165,-68.08695663170558,68.08695663170558,4635.833663367755,125.41893933233315,-120.84541962560708,120.84541962560708,14603.61544448906
space1_time3,1607072400000000000,-7.5,165.75,1,3,-2.6134400367736816,7.678481256979936,-10.291921293753617,10.291921293753617,105.92364391681913,125.41893933233315,-128.03237936910682,128.03237936910682,16392.29016691489
space1_time3,1607072400000000000,-11.75,164.5,1,3,16.333999633789062,-7.7402462541739965,24.07424588796306,24.07424588796306,579.5693150741063,125.41893933233315,-109.08493969854409,109.08493969854409,11899.524069035
space1_time3,1607072400000000000,-16.25,163.0,1,3,7.840319633483887,48.68486495076107,-40.84454531727718,40.84454531727718,1668.2768821751092,125.41893933233315,-117.57861969884927,117.57861969884927,13824.731810286625
space1_time3,1607079600000000000,52.5,155.0,1,3,160.7265625,91.95350371337547,68.77305878662453,68.77305878662453,4729.7336148685135,125.41893933233315,35.30762316766685,35.30762316766685,1246.6282537499646
space1_time3,1607079600000000000,48.75,154.0,1,3,147.65936279296875,105.9452820178965,41.71408077507225,41.71408077507225,1740.064534909252,125.41893933233315,22.240423460635597,22.240423460635597,494.63643570839025
space1_time3,1607079600000000000,44.5,153.0,1,3,173.79376220703125,117.45059697163144,56.34316523539981,56.34316523539981,3174.5522687435655,125.41893933233315,48.3748228746981,48.3748228746981,2340.123488158414
space1_time3,1607079600000000000,40.5,152.25,1,3,177.06056213378906,121.908020860271,55.15254127351807,55.15254127351807,3041.802808927114,125.41893933233315,51.64162280145591,51.64162280145591,2666.857205567851
space1_time3,1607079600000000000,36.5,151.25,1,3,183.5941619873047,114.18240067923426,69.41176130807042,69.41176130807042,4817.992607888543,125.41893933233315,58.175222654971535,58.175222654971535,3384.3565309555133
space1_time3,1607079600000000000,32.5,150.5,1,3,210.3819122314453,80.20862876967601,130.1732834617693,130.1732834617693,16945.08372721814,125.41893933233315,84.96297289911216,84.96297289911216,7218.706763855267
space1_time3,1607079600000000000,28.25,149.5,1,3,212.3419952392578,49.45774899460277,162.88424624465506,162.88424624465506,26531.277674689427,125.41893933233315,86.92305590692466,86.92305590692466,7555.61764819835
space1_time3,1607079600000000000,24.25,148.75,1,3,182.2874298095703,60.93229132421388,121.35513848535643,121.35513848535643,14727.069636800039,125.41893933233315,56.86849047723716,56.86849047723716,3234.0252091596135
space1_time3,1607079600000000000,20.25,148.0,1,3,140.47239685058594,67.62589641709934,72.8465004334866,72.8465004334866,5306.612625405963,125.41893933233315,15.053457518252785,15.053457518252785,226.60658325384128
space1_time3,1607079600000000000,14.0,142.5,1,3,139.16567993164062,4.037692668293289,135.12798726334734,135.12798726334734,18259.57294184336,125.41893933233315,13.746740599307472,13.746740599307472,188.97287710464835
space1_time3,1607079600000000000,12.25,146.25,1,3,80.36328125,31.683355750266657,48.67992549973334,48.67992549973334,2369.7351466595887,125.41893933233315,-45.05565808233315,45.05565808233315,2030.0123252321127
space1_time3,1607079600000000000,7.75,145.25,1,3,189.47439575195312,25.095052699365937,164.3793430525872,164.3793430525872,27020.568422400145,125.41893933233315,64.05545641961997,64.05545641961997,4103.101497125834
space1_time3,1607079600000000000,3.75,144.25,1,3,179.6739959716797,9.516952797224548,170.15704317445514,170.15704317445514,28953.419341873392,125.41893933233315,54.255056639346535,54.255056639346535,2943.6111709387005
space1_time3,1607079600000000000,-0.5,143.5,1,3,138.51231384277344,17.627700821630697,120.88461302114274,120.88461302114274,14613.089665271433,125.41893933233315,13.093374510440285,13.093374510440285,171.43645607064735
space1_time3,1607079600000000000,-4.75,142.25,1,3,147.00599670410156,8.66470346878927,138.3412932353123,138.3412932353123,19138.313414018663,125.41893933233315,21.58705737176841,21.58705737176841,466.00104597202085
space1_time3,1607079600000000000,-9.0,141.25,1,3,144.39256286621094,-8.959419851487752,153.3519827176987,153.3519827176987,23516.830603449358,125.41893933233315,18.973623533877785,18.973623533877785,359.9983900053209
space1_time3,1607079600000000000,-13.25,140.0,1,3,75.78975677490234,41.71295246946012,34.076804305442224,34.076804305442224,1161.2285916714056,125.41893933233315,-49.62918255743081,49.62918255743081,2463.0557613187943
space2_time0,1606824000000000000,1.5,126.5,2,0,-24.174320220947266,68.51757514680202,-92.69189536774928,92.69189536774928,8591.78746686578,127.54566972474257,-151.71998994568983,151.71998994568983,23018.955349120224
space2_time0,1606824000000000000,-2.5,125.75,2,0,-33.9747200012207,26.693005572687014,-60.66772557390772,60.66772557390772,3680.5729263109765,127.54566972474257,-161.52038972596327,161.52038972596327,26088.836297227062
space2_time0,1606824000000000000,-7.0,124.75,2,0,-32.667999267578125,11.285156544945167,-43.95315581252329,43.95315581252329,1931.87990587995,127.54566972474257,-160.2136689923207,160.2136689923207,25668.4197319809
space2_time0,1606824000000000000,-11.25,123.5,2,0,-13.06719970703125,-24.470912084189166,11.403712377157916,11.403712377157916,130.04465598094464,127.54566972474257,-140.61286943177382,140.61286943177382,19771.97904983707
space2_time0,1606824000000000000,-15.5,122.25,2,0,-15.0272798538208,-39.575207615975614,24.547927762154814,24.547927762154814,602.6007574159711,127.54566972474257,-142.57294957856337,142.57294957856337,20327.04595153157
space2_time0,1606842000000000000,50.0,64.75,2,0,155.4996795654297,149.64616825651578,5.853511308913909,5.853511308913909,34.26359464358302,127.54566972474257,27.95400984068712,27.95400984068712,781.4266661732324
space2_time0,1606842000000000000,46.0,63.75,2,0,184.2475128173828,144.40636289733578,39.84114992004703,39.84114992004703,1587.3172269516635,127.54566972474257,56.701843092640246,56.701843092640246,3215.0990101023945
space2_time0,1606842000000000000,41.75,63.0,2,0,160.7265625,129.99562563301413,30.73093686698587,30.73093686698587,944.3904807226714,127.54566972474257,33.18089277525743,33.18089277525743,1100.9716453631308
space2_time0,1606842000000000000,37.75,62.25,2,0,175.7538299560547,130.79597099261744,44.957858963437246,44.957858963437246,2021.2090825763148,127.54566972474257,48.20816023131212,48.20816023131212,2324.0267128878636
space2_time0,1606842000000000000,33.75,61.25,2,0,179.0206298828125,109.6438821614581,69.3767477213544,69.3767477213544,4813.133124392453,127.54566972474257,51.47496015806993,51.47496015806993,2649.671523274887
space2_time0,1606842000000000000,30.25,60.75,2,0,189.47439575195312,89.93649984374665,99.53789590820648,99.53789590820648,9907.792721832948,127.54566972474257,61.92872602721056,61.92872602721056,3835.1671073533066
space2_time0,1606842000000000000,25.75,59.5,2,0,207.7684783935547,135.84573638535252,71.92274200820216,71.92274200820216,5172.880817978408,127.54566972474257,80.22280866881212,80.22280866881212,6435.699030712837
space2_time0,1606842000000000000,21.5,58.75,2,0,211.68862915039062,131.57276026802907,80.11586888236155,80.11586888236155,6418.552446775749,127.54566972474257,84.14295942564806,84.14295942564806,7080.037620906255
space2_time0,1606842000000000000,17.75,58.0,2,0,226.71591186523438,121.33881643166728,105.37709543356709,105.37709543356709,11104.332242015107,127.54566972474257,99.17024214049181,99.17024214049181,9834.736926203777
space2_time0,1606842000000000000,13.5,57.0,2,0,246.31671142578125,135.4092100539654,110.90750137181584,110.90750137181584,12300.473860539332,127.54566972474257,118.77104170103868,118.77104170103868,14106.56034674987
space2_time0,1606842000000000000,9.5,56.25,2,0,243.70327758789062,135.79413967653926,107.90913791135137,107.90913791135137,11644.382044771048,127.54566972474257,116.15760786314806,116.15760786314806,13492.589864488875
space2_time0,1606842000000000000,4.75,54.25,2,0,243.04991149902344,121.56010675924094,121.4898047397825,121.4898047397825,14759.772655710478,127.54566972474257,115.50424177428087,115.50424177428087,13341.22986785153
space2_time0,1606842000000000000,1.25,54.5,2,0,227.36927795410156,113.19310185426447,114.1761760998371,114.1761760998371,13036.19918878101,127.54566972474257,99.823608229359,99.823608229359,9964.75275992855
space2_time0,1606842000000000000,-3.0,53.25,2,0,233.9028778076172,85.63906990922345,148.26380789839374,148.26380789839374,21982.1567325318,127.54566972474257,106.35720808287462,106.35720808287462,11311.85571118389
space2_time0,1606842000000000000,-7.25,52.0,2,0,220.18231201171875,68.42555926661899,151.75675274509976,151.75675274509976,23030.112003737344,127.54566972474257,92.63664228697618,92.63664228697618,8581.547494205184
space2_time0,1606842000000000000,-11.5,51.0,2,0,227.36927795410156,89.51874814848154,137.85052980562003,137.85052980562003,19002.768567690135,127.54566972474257,99.823608229359,99.823608229359,9964.75275992855
space2_time0,1606842000000000000,-15.5,50.0,2,0,226.06256103515625,116.68092589541862,109.38163513973763,109.38163513973763,11964.342105842685,127.54566972474257,98.51689131041368,98.51689131041368,9705.577873467862
space2_time0,1606845600000000000,44.5,39.25,2,0,177.06056213378906,147.53042767174992,29.530134462039143,29.530134462039143,872.0288413461118,127.54566972474257,49.514892409046496,49.514892409046496,2451.7245702794503
space2_time0,1606845600000000000,40.5,38.5,2,0,182.2874298095703,130.8309925563333,51.456437253237,51.456437253237,2647.7649347963165,127.54566972474257,54.741760084827746,54.741760084827746,2996.66029718484
space2_time0,1606845600000000000,36.25,37.75,2,0,165.95343017578125,129.04117704819694,36.91225312758431,36.91225312758431,1362.5144309548575,127.54566972474257,38.40776045103868,38.40776045103868,1475.1560628643713
space2_time0,1606845600000000000,32.25,36.75,2,0,179.0206298828125,108.24997028918415,70.77065959362835,70.77065959362835,5008.486259317221,127.54566972474257,51.47496015806993,51.47496015806993,2649.671523274887
space2_time0,1606845600000000000,28.25,35.75,2,0,180.980712890625,123.40112023627921,57.57959265434579,57.57959265434579,3315.4094902403913,127.54566972474257,53.43504316588243,53.43504316588243,2855.303838139719
space2_time0,1606845600000000000,24.25,35.0,2,0,165.30007934570312,66.93530603625705,98.36477330944608,98.36477330944608,9675.628628218716,127.54566972474257,37.75440962096056,37.75440962096056,1425.3954458272792
space2_time0,1606845600000000000,20.0,34.25,2,0,138.51231384277344,10.921897263313454,127.59041657945998,127.59041657945998,16279.314402920138,127.54566972474257,10.966644118030871,10.966644118030871,120.2672832115411
space2_time0,1606845600000000000,16.0,33.5,2,0,81.66999816894531,33.88120977017984,47.788788398765476,47.788788398765476,2283.768296621982,127.54566972474257,-45.875671555797254,45.875671555797254,2104.577240695385
space2_time0,1606849200000000000,12.0,32.5,2,0,21.56087875366211,45.237126042159986,-23.676247288497876,23.676247288497876,560.5646856661031,127.54566972474257,-105.98479097108046,105.98479097108046,11232.775917183617
space2_time0,1606849200000000000,7.75,31.75,2,0,16.98736000061035,54.80880778597364,-37.82144778536329,37.82144778536329,1430.4619125809618,127.54566972474257,-110.55830972413222,110.55830972413222,12223.139849057148
space2_time0,1606849200000000000,3.75,30.75,2,0,16.98736000061035,104.06675996878798,-87.07939996817763,87.07939996817763,7582.821898817853,127.54566972474257,-110.55830972413222,110.55830972413222,12223.139849057148
space2_time0,1606849200000000000,-0.5,29.75,2,0,-13.720560073852539,47.456281461316465,-61.176841535169004,61.176841535169004,3742.6059402191795,127.54566972474257,-141.2662297985951,141.2662297985951,19956.14768150948
space2_time0,1606849200000000000,-4.75,28.75,2,0,15.0272798538208,83.02843176976275,-68.00115191594195,68.00115191594195,4624.156661895015,127.54566972474257,-112.51838987092177,112.51838987092177,12660.38805914475
space2_time0,1606849200000000000,-9.0,27.75,2,0,-2.6134400367736816,63.80826506640199,-66.42170510317567,66.42170510317567,4411.8429088132325,127.54566972474257,-130.15910976151625,130.15910976151625,16941.393853910435
space2_time0,1606849200000000000,-13.25,26.5,2,0,5.880239963531494,25.036727721117273,-19.15648775758578,19.15648775758578,366.97102320653386,127.54566972474257,-121.66542976121107,121.66542976121107,14802.476798980186
space2_time0,1606849200000000000,-17.75,25.0,2,0,13.720560073852539,20.484465087164168,-6.7639050133116285,6.7639050133116285,45.75041102910218,127.54566972474257,-113.82510965089003,113.82510965089003,12956.155587037138
space2_time1,1606910400000000000,7.25,125.75,2,1,-6.533599853515625,40.87309843627037,-47.40669828978599,47.40669828978599,2247.395042738798,123.39558239722788,-129.9291822507435,129.9291822507435,16881.592400346923
space2_time1,1606910400000000000,3.25,124.75,2,1,-16.98736000061035,61.02077587732967,-78.00813587794002,78.00813587794002,6085.269263151153,123.39558239722788,-140.38294239783824,140.38294239783824,19707.37051627477
space2_time1,1606910400000000000,-1.0,123.75,2,1,-10.453760147094727,41.482469287611366,-51.93622943470609,51.93622943470609,2697.3719278944313,123.39558239722788,-133.8493425443226,133.8493425443226,17915.64649954741
space2_time1,1606910400000000000,-5.25,122.75,2,1,-9.147039413452148,45.09759724073078,-54.244636654182926,54.244636654182926,2942.4806057443257,123.39558239722788,-132.54262181068003,132.54262181068003,17567.546596448956
space2_time1,1606910400000000000,-9.5,121.75,2,1,-5.226880073547363,50.92305040193007,-56.14993047547743,56.14993047547743,3152.8146924009493,123.39558239722788,-128.62246247077525,128.62246247077525,16543.737852045986
space2_time1,1606910400000000000,-13.75,120.25,2,1,-26.1343994140625,28.519484621402185,-54.653884035464685,54.653884035464685,2987.0470401620214,123.39558239722788,-149.52998181129038,149.52998181129038,22359.215460484833
space2_time1,1606917600000000000,40.75,109.25,2,1,141.12576293945312,129.22398538272776,11.901777556725364,11.901777556725364,141.65230900977156,123.39558239722788,17.73018054222524,17.73018054222524,314.3593020599026
space2_time1,1606917600000000000,36.75,107.75,2,1,146.35263061523438,129.20737090937882,17.14525970585555,17.14525970585555,293.95993038123396,123.39558239722788,22.95704821800649,22.95704821800649,527.026062883875
space2_time1,1606917600000000000,33.0,106.75,2,1,148.96607971191406,130.1868920277393,18.779187684174758,18.779187684174758,352.65789007746093,123.39558239722788,25.57049731468618,25.57049731468618,653.850332920373
space2_time1,1606917600000000000,29.25,106.0,2,1,30.0545597076416,130.65012953674247,-100.59556982910087,100.59556982910087,10119.468669241509,123.39558239722788,-93.34102268958628,93.34102268958628,8712.54651673786
space2_time1,1606917600000000000,25.5,105.0,2,1,6.533599853515625,123.66726477742726,-117.13366492391164,117.13366492391164,13720.295458507208,123.39558239722788,-116.86198254371226,116.86198254371226,13656.722964046909
space2_time1,1606917600000000000,22.0,104.5,2,1,-5.226880073547363,121.63346168668495,-126.86034176023232,126.86034176023232,16093.546311522943,123.39558239722788,-128.62246247077525,128.62246247077525,16543.737852045986
space2_time1,1606917600000000000,18.25,103.75,2,1,-18.947439193725586,109.30658319281773,-128.2540223865433,128.2540223865433,16449.094258327954,123.39558239722788,-142.34302159095347,142.34302159095347,20261.535795642645
space2_time1,1606917600000000000,14.25,103.0,2,1,-26.1343994140625,106.69139141122923,-132.82579082529173,132.82579082529173,17642.690708364153,123.39558239722788,-149.52998181129038,149.52998181129038,22359.215460484833
space2_time1,1606917600000000000,10.0,102.0,2,1,-24.174320220947266,85.96493310342721,-110.13925332437448,110.13925332437448,12130.655122850734,123.39558239722788,-147.56990261817515,147.56990261817515,21776.876158737698
space2_time1,1606917600000000000,5.75,101.25,2,1,-17.64072036743164,103.30251340432135,-120.94323377175299,120.94323377175299,14627.265795168893,123.39558239722788,-141.03630276465952,141.03630276465952,19891.238697524706
space2_time1,1606917600000000000,1.75,100.0,2,1,-22.867599487304688,98.73087990082314,-121.59847938812783,121.59847938812783,14786.190189504949,123.39558239722788,-146.26318188453257,146.26318188453257,21392.918374987858
space2_time1,1606917600000000000,-2.5,99.25,2,1,-32.01464080810547,89.81669682470104,-121.83133763280651,121.83133763280651,14842.874829398896,123.39558239722788,-155.41022320533335,155.41022320533335,24152.337476731533
space2_time1,1606917600000000000,-6.75,98.0,2,1,-21.56087875366211,102.35770041856955,-123.91857917223166,123.91857917223166,15355.814264064646,123.39558239722788,-144.95646115089,144.95646115089,21012.37562938948
space2_time1,1606917600000000000,-11.25,96.75,2,1,-6.533599853515625,104.74183134670464,-111.27543120022027,111.27543120022027,12382.221588794955,123.39558239722788,-129.9291822507435,129.9291822507435,16881.592400346923
space2_time1,1606917600000000000,-15.75,95.5,2,1,-13.06719970703125,98.46239752401014,-111.5295972310414,111.5295972310414,12438.851058518316,123.39558239722788,-136.46278210425913,136.46278210425913,18622.090899634506
space2_time1,1606921200000000000,49.0,86.5,2,1,134.5921630859375,122.2886758117209,12.303487274216593,12.303487274216593,151.37579910680964,123.39558239722788,11.196580688709616,11.196580688709616,125.3634191187851
space2_time1,1606921200000000000,45.0,85.25,2,1,159.41983032226562,146.49939715494693,12.920433167318691,12.920433167318691,166.93759323114892,123.39558239722788,36.02424792503774,36.02424792503774,1297.746438564586
space2_time1,1606921200000000000,41.0,84.25,2,1,141.12576293945312,122.04732536819122,19.0784375712619,19.0784375712619,363.9867801605377,123.39558239722788,17.73018054222524,17.73018054222524,314.3593020599026
space2_time1,1606921200000000000,36.75,83.75,2,1,172.48703002929688,78.9940742374005,93.49295579189638,93.49295579189638,8740.932782705491,123.39558239722788,49.09144763206899,49.09144763206899,2409.970230612172
space2_time1,1606921200000000000,32.75,82.75,2,1,137.20559692382812,67.54490676847583,69.6606901553523,69.6606901553523,4852.611752919996,123.39558239722788,13.810014526600241,13.810014526600241,190.71650122490968
space2_time1,1606921200000000000,28.75,82.0,2,1,170.52696228027344,120.79598182822883,49.730980452044605,49.730980452044605,2473.1704167216426,123.39558239722788,47.131379883045554,47.131379883045554,2221.366969679951
space2_time1,1606921200000000000,24.75,81.25,2,1,228.0226287841797,111.40728588567629,116.6153428985034,116.6153428985034,13599.138199335528,123.39558239722788,104.6270463869518,104.6270463869518,10946.818835657365
space2_time1,1606921200000000000,20.75,80.25,2,1,226.06256103515625,107.56047954696933,118.50208148818692,118.50208148818692,14042.743317032893,123.39558239722788,102.66697863792837,102.66697863792837,10540.50850264084
space2_time1,1606921200000000000,16.5,79.5,2,1,208.4218292236328,113.97717956642855,94.44464965720427,94.44464965720427,8919.791848872053,123.39558239722788,85.02624682640493,85.02624682640493,7229.4626493847345
space2_time1,1606921200000000000,12.5,78.5,2,1,177.06056213378906,106.68199160469956,70.3785705290895,70.3785705290895,4953.1431897180255,123.39558239722788,53.66497973656118,53.66497973656118,2879.930050125522
space2_time1,1606921200000000000,8.5,77.75,2,1,110.41783905029297,107.48902370954742,2.928815340745544,2.928815340745544,8.577959300186437,123.39558239722788,-12.977743346934915,12.977743346934915,168.42182237891345
space2_time1,1606921200000000000,4.25,76.75,2,1,145.04591369628906,79.3392806873525,65.70663300893656,65.70663300893656,4317.361621371072,123.39558239722788,21.65033129906118,21.65033129906118,468.7368453591081
space2_time1,1606921200000000000,0.0,75.75,2,1,179.6739959716797,88.4751359226959,91.19886004898379,91.19886004898379,8317.23207423413,123.39558239722788,56.278413574451804,56.278413574451804,3167.259834457041
space2_time1,1606924800000000000,-4.25,74.75,2,1,163.9933624267578,95.04537114006395,68.94799128669386,68.94799128669386,4753.825502470013,123.39558239722788,40.59778002952993,40.59778002952993,1648.179743326099
space2_time1,1606924800000000000,-8.25,73.75,2,1,126.75183868408203,92.05371578361842,34.698122900463616,34.698122900463616,1203.9597328156776,123.39558239722788,3.3562562868541477,3.3562562868541477,11.264456263047991
space2_time1,1606924800000000000,-12.75,72.5,2,1,128.7119140625,95.29188897693041,33.42002508556959,33.42002508556959,1116.8980767201008,123.39558239722788,5.316331665272116,5.316331665272116,28.263382375174995
space2_time1,1606924800000000000,-17.0,71.25,2,1,189.47439575195312,106.03279854032463,83.44159721162849,83.44159721162849,6962.500145227647,123.39558239722788,66.07881335472524,66.07881335472524,4366.409574368615
space2_time2,1606928400000000000,47.5,61.75,2,2,376.98870849609375,137.771495341436,239.21721315465774,239.21721315465774,57224.87506948096,132.8019508290291,244.18675766706465,244.18675766706465,59627.17261995376
space2_time2,1606928400000000000,23.25,56.75,2,2,381.5622253417969,129.18416681430944,252.37805852748744,252.37805852748744,63694.68442610388,132.8019508290291,248.76027451276778,248.76027451276778,61881.674175667584
space2_time2,1606928400000000000,19.0,55.75,2,2,258.7305603027344,128.65126797467525,130.07929232805913,130.07929232805913,16920.622292568663,132.8019508290291,125.92860947370528,125.92860947370528,15858.014683980975
space2_time2,1606928400000000000,15.0,55.0,2,2,248.93016052246094,129.92770983034788,119.00245069211306,119.00245069211306,14161.5832707288,132.8019508290291,116.12820969343184,116.12820969343184,13485.761086601677
space2_time2,1606928400000000000,11.0,54.0,2,2,250.89022827148438,124.98948838821136,125.90073988327302,125.90073988327302,15850.996303155573,132.8019508290291,118.08827744245528,118.08827744245528,13944.841269326293
space2_time2,1606928400000000000,6.75,53.25,2,2,213.64871215820312,126.44784304523135,87.20086911297177,87.20086911297177,7603.991574057634,132.8019508290291,80.84676132917403,80.84676132917403,6536.198817416429
space2_time2,1606928400000000000,2.75,52.25,2,2,231.2894287109375,126.23076647834063,105.05866223259687,105.05866223259687,11037.322510102877,132.8019508290291,98.4874778819084,98.4874778819084,9699.783299539396
space2_time2,1606928400000000000,-1.5,51.25,2,2,223.44911193847656,125.80976090460187,97.63935103387469,97.63935103387469,9533.442870316207,132.8019508290291,90.64716110944747,90.64716110944747,8216.907817202125
space2_time2,1606928400000000000,-5.75,50.25,2,2,221.48902893066406,93.13766558010528,128.35136335055878,128.35136335055878,16474.072473947166,132.8019508290291,88.68707810163497,88.68707810163497,7865.3978222055
space2_time2,1606928400000000000,-10.0,49.25,2,2,218.87559509277344,124.00094828224245,94.87464681053099,94.87464681053099,9001.198607422999,132.8019508290291,86.07364426374434,86.07364426374434,7408.672236841609
space2_time2,1606928400000000000,-14.25,47.75,2,2,213.64871215820312,110.88271570831739,102.76599644988573,102.76599644988573,10560.850026337926,132.8019508290291,80.84676132917403,80.84676132917403,6536.198817416429
space2_time2,1607004000000000000,44.0,107.0,2,2,117.60479736328125,134.82125203991873,-17.216454676637483,17.216454676637483,296.40631163271263,132.8019508290291,-15.197153465747846,15.197153465747846,230.95347346149177
space2_time2,1607004000000000000,40.0,106.0,2,2,150.27279663085938,134.73684134606054,15.535955284798831,15.535955284798831,241.36590661126874,132.8019508290291,17.47084580183028,17.47084580183028,305.2304530313307
space2_time2,1607004000000000000,35.75,105.25,2,2,145.69927978515625,133.76119370274688,11.93808608240937,11.93808608240937,142.5178993110163,132.8019508290291,12.897328956127154,12.897328956127154,166.34109420255595
space2_time2,1607004000000000000,31.75,104.25,2,2,160.7265625,132.85563768938795,27.870924810612053,27.870924810612053,776.7884497987905,132.8019508290291,27.924611670970904,27.924611670970904,779.7839369745244
space2_time2,1607004000000000000,27.75,103.5,2,2,143.08583068847656,131.48112662237347,11.604704066103096,11.604704066103096,134.66915646182974,132.8019508290291,10.283879859447467,10.283879859447467,105.75818496354925
space2_time2,1607004000000000000,23.75,102.75,2,2,86.89688110351562,128.96726546587323,-42.0703843623576,42.0703843623576,1769.9172403965028,132.8019508290291,-45.90506972551347,45.90506972551347,2107.2754265042536
space2_time2,1607004000000000000,19.75,102.0,2,2,-13.720560073852539,127.24399388657791,-140.96455396043046,140.96455396043046,19871.00547326311,132.8019508290291,-146.52251090288163,146.52251090288163,21468.84620128507
space2_time2,1607004000000000000,15.5,101.0,2,2,-13.06719970703125,120.95914416490879,-134.02634387194004,134.02634387194004,17963.060851679522,132.8019508290291,-145.86915053606035,145.86915053606035,21277.809078111834
space2_time2,1607004000000000000,11.5,100.0,2,2,-11.1071195602417,119.75417430426022,-130.86129386450193,130.86129386450193,17124.678231891532,132.8019508290291,-143.9090703892708,143.9090703892708,20709.820540304096
space2_time2,1607004000000000000,7.5,99.0,2,2,-3.2667999267578125,109.2284496895077,-112.49524961626551,112.49524961626551,12655.181186225886,132.8019508290291,-136.0687507557869,136.0687507557869,18514.70493224046
space2_time2,1607004000000000000,3.25,98.0,2,2,-18.294078826904297,111.65322490029163,-129.94730372719593,129.94730372719593,16886.30174596811,132.8019508290291,-151.0960296559334,151.0960296559334,22830.010177786702
space2_time2,1607004000000000000,-1.0,96.75,2,2,-23.520959854125977,111.1734463760211,-134.69440623014708,134.69440623014708,18142.583069691886,132.8019508290291,-156.32291068315507,156.32291068315507,24436.85240445368
space2_time2,1607004000000000000,-5.25,95.5,2,2,-18.947439193725586,110.11065577627124,-129.05809496999683,129.05809496999683,16655.99187728472,132.8019508290291,-151.74939002275468,151.74939002275468,23027.87737227812
space2_time2,1607004000000000000,-9.75,94.5,2,2,-24.174320220947266,118.46842242821947,-142.64274264916673,142.64274264916673,20346.952030476412,132.8019508290291,-156.97627104997636,156.97627104997636,24641.549672755646
space2_time2,1607004000000000000,-13.75,93.75,2,2,-16.333999633789062,124.30703198986839,-140.64103162365745,140.64103162365745,19779.899776166618,132.8019508290291,-149.13595046281816,149.13595046281816,22241.53172044815
space2_time2,1607007600000000000,46.5,83.25,2,2,150.92616271972656,134.0104109979932,16.915751721733358,16.915751721733358,286.1426563113251,132.8019508290291,18.124211890697467,18.124211890697467,328.48705665889946
space2_time2,1607007600000000000,42.5,82.5,2,2,155.4996795654297,135.66540748755943,19.834272077870253,19.834272077870253,393.3983488589836,132.8019508290291,22.69772873640059,22.69772873640059,515.1868897912252
space2_time2,1607007600000000000,38.5,81.5,2,2,170.52696228027344,133.3484893558098,37.17847292446365,37.17847292446365,1382.2388489950765,132.8019508290291,37.72501145124434,37.72501145124434,1423.1764889965168
space2_time2,1607007600000000000,34.25,80.75,2,2,142.43247985839844,132.05536540397114,10.3771144544273,10.3771144544273,107.684504400284,132.8019508290291,9.630529029369342,9.630529029369342,92.7470893855256
space2_time2,1607011200000000000,30.25,79.75,2,2,130.0186309814453,133.56090917839123,-3.542278196945915,3.542278196945915,12.547734824558404,132.8019508290291,-2.7833198475837833,2.7833198475837833,7.746869373953815
space2_time2,1607011200000000000,26.25,79.0,2,2,114.33799743652344,129.62075887363935,-15.282761437115909,15.282761437115909,233.5627971437971,132.8019508290291,-18.46395339250566,18.46395339250566,340.9175748806212
space2_time2,1607011200000000000,22.25,78.25,2,2,30.70792007446289,130.43529171468188,-99.72737164021899,99.72737164021899,9945.548654266355,132.8019508290291,-102.0940307545662,102.0940307545662,10423.19111571431
space2_time2,1607011200000000000,18.0,77.5,2,2,0.0,128.89192492585795,-128.89192492585795,128.89192492585795,16613.128311093,132.8019508290291,-132.8019508290291,132.8019508290291,17636.35814399586
space2_time2,1607011200000000000,14.0,76.5,2,2,19.600799560546875,126.09423601533666,-106.49343645478979,106.49343645478979,11340.85200795035,132.8019508290291,-113.20115126848222,113.20115126848222,12814.500648509795
space2_time2,1607011200000000000,10.0,75.5,2,2,-5.880239963531494,119.67604922031884,-125.55628918385034,125.55628918385034,15764.381753618654,132.8019508290291,-138.6821907925606,138.6821907925606,19232.750043024178
space2_time2,1607011200000000000,5.75,74.5,2,2,-6.533599853515625,75.28276408648925,-81.81636394000488,81.81636394000488,6693.917408363331,132.8019508290291,-139.33555068254472,139.33555068254472,19414.395684007988
space2_time2,1607011200000000000,1.75,73.5,2,2,-16.333999633789062,97.34974859700247,-113.68374823079154,113.68374823079154,12923.994611801998,132.8019508290291,-149.13595046281816,149.13595046281816,22241.53172044815
space2_time2,1607011200000000000,-2.5,72.5,2,2,-11.1071195602417,112.34305141645574,-123.45017097669744,123.45017097669744,15239.94471417583,132.8019508290291,-143.9090703892708,143.9090703892708,20709.820540304096
space2_time2,1607011200000000000,-6.75,71.5,2,2,-12.413839340209961,84.73123817502582,-97.14507751523578,97.14507751523578,9437.16608544117,132.8019508290291,-145.21579016923906,145.21579016923906,21087.625714476468
space2_time2,1607011200000000000,-11.25,70.25,2,2,-26.78775978088379,79.59140024649162,-106.3791600273754,106.3791600273754,11316.525688129945,132.8019508290291,-159.58971060991288,159.58971060991288,25468.87573255574
space2_time2,1607011200000000000,-15.75,69.0,2,2,-19.600799560546875,116.05459536462762,-135.6553949251745,135.6553949251745,18402.38617230506,132.8019508290291,-152.40275038957597,152.40275038957597,23226.598326307398
space2_time2,1607014800000000000,49.25,60.0,2,2,153.5395965576172,137.21864269459437,16.320953863022822,16.320953863022822,266.3735349989196,132.8019508290291,20.73764572858809,20.73764572858809,430.0499503644279
space2_time2,1607014800000000000,45.0,58.75,2,2,141.77911376953125,138.0512915828512,3.7278221866800436,3.7278221866800436,13.896658255503983,132.8019508290291,8.977162940502154,8.977162940502154,80.58945446032529
space2_time2,1607014800000000000,41.0,58.0,2,2,165.95343017578125,134.6634902919799,31.28993988380134,31.28993988380134,979.0603379319017,132.8019508290291,33.151479346752154,33.151479346752154,1099.0205828781347
space2_time2,1607014800000000000,36.75,57.25,2,2,159.41983032226562,134.9013739667947,24.51845635547093,24.51845635547093,601.1547020551329,132.8019508290291,26.61787949323653,26.61787949323653,708.5115087164618
space2_time2,1607014800000000000,32.75,56.25,2,2,148.96607971191406,133.0577513669677,15.90832834494637,15.90832834494637,253.07491073062408,132.8019508290291,16.164128882884967,16.164128882884967,261.279062542516
space2_time2,1607014800000000000,28.5,54.75,2,2,156.806396484375,129.3520586660386,27.4543378183364,27.4543378183364,753.7406650433362,132.8019508290291,24.004445655345904,24.004445655345904,576.2134112204549
space2_time2,1607014800000000000,25.0,54.5,2,2,209.0751953125,125.9061335433456,83.1690617691544,83.1690617691544,6917.09283556142,132.8019508290291,76.2732444834709,76.2732444834709,5817.6078240353245
space2_time2,1607014800000000000,20.5,53.75,2,2,169.22023010253906,128.60002111917117,40.62020898336789,40.62020898336789,1650.0013778524813,132.8019508290291,36.41827927350997,36.41827927350997,1326.2910652433657
space2_time2,1607014800000000000,16.5,53.0,2,2,71.21623992919922,128.89073638849902,-57.6744964592998,57.6744964592998,3326.3475418337857,132.8019508290291,-61.58571089982988,61.58571089982988,3792.7997870374247
space2_time2,1607014800000000000,12.5,52.0,2,2,-4.573519706726074,130.00877696776763,-134.5822966744937,134.5822966744937,18112.39457818144,132.8019508290291,-137.37547053575517,137.37547053575517,18872.019904920136
space2_time2,1607014800000000000,8.5,51.25,2,2,0.0,126.16217159149397,-126.16217159149397,126.16217159149397,15916.893540681569,132.8019508290291,-132.8019508290291,132.8019508290291,17636.35814399586
space2_time2,1607014800000000000,4.25,50.25,2,2,-22.2142391204834,126.44703009730793,-148.66126921779133,148.66126921779133,22100.17296544463,132.8019508290291,-155.0161899495125,155.0161899495125,24030.01914646334
space2_time2,1607014800000000000,0.0,49.0,2,2,-12.413839340209961,116.8502469823176,-129.26408632252756,129.26408632252756,16709.204012797858,132.8019508290291,-145.21579016923906,145.21579016923906,21087.625714476468
space2_time2,1607014800000000000,-4.25,47.75,2,2,-17.64072036743164,118.2310331174037,-135.87175348483532,135.87175348483532,18461.13339504386,132.8019508290291,-150.44267119646074,150.44267119646074,22632.997316726396
space2_time2,1607014800000000000,-8.5,46.75,2,2,-15.680639266967773,120.90299764283513,-136.58363690980292,136.58363690980292,18655.089871508877,132.8019508290291,-148.48259009599687,148.48259009599687,22047.07956161583
space2_time2,1607014800000000000,-13.0,45.5,2,2,-9.147039413452148,120.53354244300458,-129.68058185645674,129.68058185645674,16817.053310629177,132.8019508290291,-141.94899024248124,141.94899024248124,20149.515830860037
space2_time2,1607014800000000000,-17.25,44.5,2,2,-2.6134400367736816,123.66611170376399,-126.27955174053767,126.27955174053767,15946.52518779113,132.8019508290291,-135.41539086580278,135.41539086580278,18337.328083338143
space2_time2,1607022000000000000,43.5,34.5,2,2,194.70127868652344,136.77586615994502,57.92541252657841,57.92541252657841,3355.3534163742875,132.8019508290291,61.89932785749434,61.89932785749434,3831.526789209575
space2_time2,1607022000000000000,39.5,33.5,2,2,197.31471252441406,136.55068652835405,60.76402599606001,60.76402599606001,3692.266855249857,132.8019508290291,64.51276169538497,64.51276169538497,4161.89642156553
space2_time2,1607022000000000000,35.5,32.75,2,2,204.50167846679688,110.65673187178467,93.8449465950122,93.8449465950122,8806.874001420692,132.8019508290291,71.69972763776778,71.69972763776778,5140.850943330081
space2_time2,1607022000000000000,31.25,31.75,2,2,162.0332794189453,121.21224468878148,40.82103473016383,40.82103473016383,1666.3568764412416,132.8019508290291,29.231328589916217,29.231328589916217,854.4705711316532
space2_time2,1607022000000000000,27.25,31.0,2,2,214.95542907714844,133.98930974763363,80.96611932951481,80.96611932951481,6555.512479281232,132.8019508290291,82.15347824811934,82.15347824811934,6749.193988264218
space2_time2,1607022000000000000,23.25,30.0,2,2,228.67599487304688,134.2890119065392,94.38698296650767,94.38698296650767,8908.902553519809,132.8019508290291,95.87404404401778,95.87404404401778,9191.83232135426
space2_time2,1607022000000000000,19.25,29.25,2,2,209.0751953125,132.5110999664809,76.56409534601909,76.56409534601909,5862.060696154302,132.8019508290291,76.2732444834709,76.2732444834709,5817.6078240353245
space2_time2,1607022000000000000,15.0,28.5,2,2,212.995361328125,130.4884263348946,82.5069349932304,82.5069349932304,6807.394321977147,132.8019508290291,80.1934104990959,80.1934104990959,6430.983087476505
space2_time2,1607022000000000000,11.0,27.5,2,2,230.63607788085938,126.4253734920467,104.21070438881267,104.21070438881267,10859.870909212501,132.8019508290291,97.83412705183028,97.83412705183028,9571.516415993668
space2_time2,1607022000000000000,6.75,26.75,2,2,209.0751953125,128.48829955783577,80.58689575466423,80.58689575466423,6494.247767373119,132.8019508290291,76.2732444834709,76.2732444834709,5817.6078240353245
space2_time2,1607022000000000000,2.75,25.75,2,2,196.00799560546875,116.33268979825526,79.67530580721349,79.67530580721349,6348.154355472988,132.8019508290291,63.206044776439654,63.206044776439654,3995.0040962812946
space2_time2,1607022000000000000,-1.5,24.75,2,2,179.6739959716797,56.70082261931752,122.97317335236217,122.97317335236217,15122.401364350117,132.8019508290291,46.87204514265059,46.87204514265059,2196.988615854675
space2_time2,1607022000000000000,-5.75,23.75,2,2,129.3652801513672,62.11481141101524,67.25046874035195,67.25046874035195,4522.625545797055,132.8019508290291,-3.4366706776619083,3.4366706776619083,11.810705346701159
space2_time2,1607022000000000000,-10.0,22.5,2,2,121.52495574951172,106.40079047427454,15.124165275237175,15.124165275237175,228.74037527268996,132.8019508290291,-11.276995079517377,11.276995079517377,127.17061802345913
space2_time2,1607022000000000000,-14.25,21.25,2,2,129.3652801513672,115.94214818444948,13.423131966917708,13.423131966917708,180.18047180128806,132.8019508290291,-3.4366706776619083,3.4366706776619083,11.810705346701159
space2_time3,1607083200000000000,38.75,120.25,2,3,166.60679626464844,114.94961277988912,51.657183484759315,51.657183484759315,2668.4646055780904,126.10995800502765,40.49683825962079,40.49683825962079,1639.993909025886
space2_time3,1607083200000000000,34.75,121.75,2,3,161.37991333007812,110.92761359596278,50.45229973411534,50.45229973411534,2545.4345484610153,126.10995800502765,35.269955325050475,35.269955325050475,1243.9697486310563
space2_time3,1607083200000000000,30.25,122.25,2,3,182.9407958984375,107.40167506917223,75.53912082926527,75.53912082926527,5706.1587756583385,126.10995800502765,56.83083789340985,56.83083789340985,3229.744135667029
space2_time3,1607083200000000000,26.5,122.5,2,3,220.18231201171875,99.86622610204978,120.31608590966897,120.31608590966897,14475.960528622843,126.10995800502765,94.0723540066911,94.0723540066911,8849.60778836021
space2_time3,1607083200000000000,22.5,123.0,2,3,203.19496154785156,88.80234680773401,114.39261474011755,114.39261474011755,13085.67030708096,126.10995800502765,77.08500354282391,77.08500354282391,5942.0977711971755
space2_time3,1607083200000000000,18.5,123.25,2,3,188.1676788330078,73.60933552091859,114.55834331208922,114.55834331208922,13123.614022410497,126.10995800502765,62.05772082798016,62.05772082798016,3851.160714363523
space2_time3,1607086800000000000,14.5,122.5,2,3,175.10047912597656,57.1809615964994,117.91951752947716,117.91951752947716,13905.012614384672,126.10995800502765,48.99052112094891,48.99052112094891,2400.0711597021414
space2_time3,1607086800000000000,10.5,121.75,2,3,189.47439575195312,33.52130465784899,155.95309109410414,155.95309109410414,24321.366621805944,126.10995800502765,63.364437746925475,63.364437746925475,4015.051970983994
space2_time3,1607086800000000000,6.25,120.75,2,3,150.92616271972656,30.24109685403701,120.68506586568955,120.68506586568955,14564.885123005826,126.10995800502765,24.816204714698912,24.816204714698912,615.8440164418445
space2_time3,1607086800000000000,2.25,120.0,2,3,194.04791259765625,29.35005412747546,164.6978584701808,164.6978584701808,27125.3845846637,126.10995800502765,67.9379545926286,67.9379545926286,4615.565674230065
space2_time3,1607086800000000000,-2.0,119.0,2,3,188.82102966308594,62.90626786812525,125.9147617949607,125.9147617949607,15854.527237881694,126.10995800502765,62.71107165805829,62.71107165805829,3932.6785085021215
space2_time3,1607086800000000000,-6.25,118.0,2,3,183.5941619873047,59.20011262677714,124.39404936052755,124.39404936052755,15473.879516309364,126.10995800502765,57.48420398227704,57.48420398227704,3304.433707476035
space2_time3,1607086800000000000,-10.5,116.75,2,3,109.11111450195312,49.368927684022495,59.74218681793063,59.74218681793063,3569.1288857885243,126.10995800502765,-16.998843503074525,16.998843503074525,288.960680442019
space2_time3,1607086800000000000,-15.0,115.25,2,3,88.8569564819336,25.13445136387118,63.722505118062415,63.722505118062415,4060.557658521491,126.10995800502765,-37.253001523094056,37.253001523094056,1387.7861224796482
space2_time3,1607090400000000000,45.5,104.5,2,3,148.31271362304688,106.5306337225837,41.782079900463174,41.782079900463174,1745.7422008086887,126.10995800502765,22.202755618019225,22.202755618019225,492.96235703348424
space2_time3,1607090400000000000,41.5,104.0,2,3,149.6194305419922,113.40468846302392,36.21474207896827,36.21474207896827,1311.5075438461952,126.10995800502765,23.509472536964537,23.509472536964537,552.6952989662898
space2_time3,1607090400000000000,37.5,103.0,2,3,131.3253631591797,96.93192253144683,34.39344062773286,34.39344062773286,1182.9087582133852,126.10995800502765,5.215405154152037,5.215405154152037,27.20045092195564
space2_time3,1607090400000000000,33.75,102.0,2,3,101.27079772949219,82.49703828243958,18.773759447052612,18.773759447052612,352.4540437757972,126.10995800502765,-24.839160275535463,24.839160275535463,616.983883193739
space2_time3,1607090400000000000,29.5,101.25,2,3,28.094478607177734,80.2495519028045,-52.155073295626764,52.155073295626764,2720.1516704722,126.10995800502765,-98.01547939784992,98.01547939784992,9607.03420159034
space2_time3,1607090400000000000,25.25,100.5,2,3,12.413839340209961,90.21470734084971,-77.80086800063975,77.80086800063975,6052.975061652971,126.10995800502765,-113.69611866481769,113.69611866481769,12926.807399444306
space2_time3,1607090400000000000,21.25,99.75,2,3,6.533599853515625,94.82204629897336,-88.28844644545774,88.28844644545774,7794.849775752459,126.10995800502765,-119.57635815151203,119.57635815151203,14298.505428778677
space2_time3,1607090400000000000,17.0,99.0,2,3,-2.6134400367736816,92.40894893087419,-95.02238896764787,95.02238896764787,9029.254405118967,126.10995800502765,-128.72339804180132,128.72339804180132,16569.71320342802
space2_time3,1607090400000000000,13.0,98.0,2,3,-12.413839340209961,78.0131885289778,-90.42702786918777,90.42702786918777,8177.047369254861,126.10995800502765,-138.5237973452376,138.5237973452376,19188.842430944456
space2_time3,1607090400000000000,9.0,97.25,2,3,-1.3067200183868408,72.09570365151022,-73.40242366989706,73.40242366989706,5387.915800615065,126.10995800502765,-127.41667802341449,127.41667802341449,16235.009838522477
space2_time3,1607090400000000000,4.75,96.25,2,3,0.0,76.12986772308206,-76.12986772308206,76.12986772308206,5795.7567595339715,126.10995800502765,-126.10995800502765,126.10995800502765,15903.721508029837
space2_time3,1607090400000000000,0.5,95.25,2,3,11.1071195602417,62.66288879314938,-51.55576923290768,51.55576923290768,2657.99734119683,126.10995800502765,-115.00283844478595,115.00283844478595,13225.652850357537
space2_time3,1607090400000000000,-3.5,94.25,2,3,-4.573519706726074,56.328928727259324,-60.9024484339854,60.9024484339854,3709.1082252542506,126.10995800502765,-130.6834777117537,130.6834777117537,17078.17134683843
space2_time3,1607090400000000000,-8.0,93.25,2,3,-7.186959743499756,46.35125078919751,-53.53821053269726,53.53821053269726,2866.3399870434164,126.10995800502765,-133.2969177485274,133.2969177485274,17768.068281257678
space2_time3,1607090400000000000,-12.25,92.0,2,3,0.0,71.56702416406267,-71.56702416406267,71.56702416406267,5121.838947699531,126.10995800502765,-126.10995800502765,126.10995800502765,15903.721508029837
space2_time3,1607090400000000000,-16.5,90.5,2,3,15.0272798538208,91.69230385636104,-76.66502400254024,76.66502400254024,5877.525905310071,126.10995800502765,-111.08267815120685,111.08267815120685,12339.361385244607
space2_time3,1607097600000000000,48.0,81.25,2,3,163.33999633789062,110.74939036556813,52.59060597232249,52.59060597232249,2765.7718365360824,126.10995800502765,37.230038332862975,37.230038332862975,1386.0757542664464
space2_time3,1607097600000000000,44.0,80.25,2,3,147.65936279296875,108.39240215447373,39.26696063849502,39.26696063849502,1541.8941977851173,126.10995800502765,21.5494047879411,21.5494047879411,464.37684671453883
space2_time3,1607097600000000000,40.0,79.25,2,3,199.27479553222656,100.29900770221919,98.97578783000738,98.97578783000738,9796.206576570636,126.10995800502765,73.16483752719891,73.16483752719891,5353.093450381414
space2_time3,1607097600000000000,36.0,78.75,2,3,177.06056213378906,69.9303265439141,107.13023558987496,107.13023558987496,11476.88737754211,126.10995800502765,50.95060412876141,50.95060412876141,2595.9640610857596
space2_time3,1607097600000000000,31.75,77.75,2,3,156.806396484375,83.92468633322423,72.88171015115077,72.88171015115077,5311.743674556354,126.10995800502765,30.69643847934735,30.69643847934735,942.2713353163566
space2_time3,1607097600000000000,27.75,77.0,2,3,171.18031311035156,100.3291653693041,70.85114774104746,70.85114774104746,5019.885136223734,126.10995800502765,45.07035510532391,45.07035510532391,2031.3369093199972
space2_time3,1607097600000000000,23.75,76.25,2,3,207.7684783935547,98.67699605876332,109.09148233479137,109.09148233479137,11900.951518002097,126.10995800502765,81.65852038852704,81.65852038852704,6668.113952043486
space2_time3,1607097600000000000,19.75,75.25,2,3,214.95542907714844,96.82818186450558,118.12724721264286,118.12724721264286,13954.04653403684,126.10995800502765,88.84547107212079,88.84547107212079,7893.517730027052
space2_time3,1607097600000000000,15.5,74.5,2,3,244.35662841796875,95.14673738339008,149.20989103457867,149.20989103457867,22263.591582550842,126.10995800502765,118.2466704129411,118.2466704129411,13982.27506374672
space2_time3,1607097600000000000,11.5,73.75,2,3,220.83567810058594,74.35077986521559,146.48489823537034,146.48489823537034,21457.825411026803,126.10995800502765,94.72572009555829,94.72572009555829,8972.962047622055
space2_time3,1607097600000000000,7.5,72.75,2,3,190.1277618408203,61.02988468944473,129.0978771513756,129.0978771513756,16666.261884991665,126.10995800502765,64.01780383579266,64.01780383579266,4098.2792079580295
space2_time3,1607097600000000000,3.25,71.75,2,3,156.1530303955078,33.13812684095495,123.01490355455286,123.01490355455286,15132.666496535941,126.10995800502765,30.043072390480162,30.043072390480162,902.5861986596315
space2_time3,1607097600000000000,-1.0,70.75,2,3,210.3819122314453,51.906004146024586,158.4759080854207,158.4759080854207,25114.613443498714,126.10995800502765,84.27195422641766,84.27195422641766,7101.762269139434
space2_time3,1607097600000000000,-5.25,69.75,2,3,195.35462951660156,47.54599261837237,147.8086368982292,147.8086368982292,21847.39314171256,126.10995800502765,69.24467151157391,69.24467151157391,4794.824532745776
space2_time3,1607097600000000000,-9.5,68.75,2,3,200.58151245117188,56.55038224300971,144.03113020816215,144.03113020816215,20744.96646904056,126.10995800502765,74.47155444614422,74.47155444614422,5546.012421625023
space2_time3,1607097600000000000,-13.75,67.5,2,3,165.30007934570312,94.7029913583657,70.59708798733743,70.59708798733743,4983.948832291863,126.10995800502765,39.190121340675475,39.190121340675475,1535.8656106968672
space2_time3,1607101200000000000,46.5,56.75,2,3,163.33999633789062,124.75566387062494,38.58433246726568,38.58433246726568,1488.7507119444927,126.10995800502765,37.230038332862975,37.230038332862975,1386.0757542664464
space2_time3,1607101200000000000,42.5,55.75,2,3,162.68663024902344,121.22032503792533,41.4663052110981,41.4663052110981,1719.4544678599416,126.10995800502765,36.57667224399579,36.57667224399579,1337.852952444692
space2_time3,1607101200000000000,38.5,55.0,2,3,161.37991333007812,114.01609054416889,47.363822785909235,47.363822785909235,2243.331708895015,126.10995800502765,35.269955325050475,35.269955325050475,1243.9697486310563
space2_time3,1607101200000000000,33.0,50.75,2,3,173.14039611816406,101.22884634960438,71.91154976855968,71.91154976855968,5171.270990116036,126.10995800502765,47.03043811313641,47.03043811313641,2211.862109113554
space2_time3,1607101200000000000,30.75,53.5,2,3,173.79376220703125,93.25908104707845,80.5346811599528,80.5346811599528,6485.834869535256,126.10995800502765,47.6838042020036,47.6838042020036,2273.7451831750163
space2_time3,1607101200000000000,26.25,52.5,2,3,214.3020782470703,74.02570033053321,140.27637791653711,140.27637791653711,19677.462201383143,126.10995800502765,88.19212024204266,88.19212024204266,7777.850072786911
space2_time3,1607101200000000000,22.25,51.75,2,3,173.14039611816406,96.47412714008391,76.66626897808015,76.66626897808015,5877.716799019336,126.10995800502765,47.03043811313641,47.03043811313641,2211.862109113554
space2_time3,1607101200000000000,18.0,50.75,2,3,199.92816162109375,88.97382070177309,110.95434091932066,110.95434091932066,12310.865768840835,126.10995800502765,73.8182036160661,73.8182036160661,5449.127185102994
space2_time3,1607101200000000000,14.0,50.0,2,3,167.91351318359375,101.27472708085115,66.6387861027426,66.6387861027426,4440.72781324708,126.10995800502765,41.8035551785661,41.8035551785661,1747.5372255674206
space2_time3,1607101200000000000,10.0,49.25,2,3,171.18031311035156,102.56294621229414,68.61736689805743,68.61736689805743,4708.343040022627,126.10995800502765,45.07035510532391,45.07035510532391,2031.3369093199972
space2_time3,1607101200000000000,5.75,48.25,2,3,152.23287963867188,91.95809943428974,60.27478020438214,60.27478020438214,3633.049128686577,126.10995800502765,26.122921633644225,26.122921633644225,682.4070346775175
space2_time3,1607101200000000000,1.75,47.5,2,3,139.81903076171875,94.73780890116643,45.08122186055232,45.08122186055232,2032.3165644403402,126.10995800502765,13.7090727566911,13.7090727566911,187.9386758482501
space2_time3,1607101200000000000,-2.5,46.25,2,3,150.92616271972656,68.7754766033612,82.15068611636536,82.15068611636536,6748.735229389585,126.10995800502765,24.816204714698912,24.816204714698912,615.8440164418445
space2_time3,1607101200000000000,-6.75,45.25,2,3,105.84431457519531,86.63460800440276,19.209706570792548,19.209706570792548,369.0128265359504,126.10995800502765,-20.265643429832338,20.265643429832338,410.69630362510657
space2_time3,1607101200000000000,-11.0,44.0,2,3,79.05655670166016,96.05266318896065,-16.996106487300494,16.996106487300494,288.86763572765796,126.10995800502765,-47.053401303367494,47.053401303367494,2214.022574215746
space2_time3,1607101200000000000,-15.5,42.5,2,3,64.6826400756836,88.13876646543301,-23.456126389749414,23.456126389749414,550.1898652118989,126.10995800502765,-61.427317929344056,61.427317929344056,3773.3153879927136
space2_time3,1607108400000000000,41.0,31.25,2,3,188.1676788330078,112.07264476532566,76.09503406768215,76.09503406768215,5790.454209761707,126.10995800502765,62.05772082798016,62.05772082798016,3851.160714363523
space2_time3,1607108400000000000,37.0,30.5,2,3,183.5941619873047,104.92508171984969,78.669080267455,78.669080267455,6188.824190127278,126.10995800502765,57.48420398227704,57.48420398227704,3304.433707476035
space2_time3,1607108400000000000,33.0,29.75,2,3,163.9933624267578,92.1920725668007,71.80128985995711,71.80128985995711,5155.425225553579,126.10995800502765,37.88340442173016,37.88340442173016,1435.1523305803644
space2_time3,1607108400000000000,28.75,29.0,2,3,156.1530303955078,102.51714045659251,53.6358899389153,53.6358899389153,2876.8086895394354,126.10995800502765,30.043072390480162,30.043072390480162,902.5861986596315
space2_time3,1607108400000000000,24.75,28.0,2,3,116.9514389038086,99.68867292745944,17.262765976349158,17.262765976349158,298.0030891541981,126.10995800502765,-9.158519101219056,9.158519101219056,83.87847212739432
space2_time3,1607108400000000000,20.75,27.25,2,3,13.06719970703125,97.42115725820588,-84.35395755117463,84.35395755117463,7115.590154545372,126.10995800502765,-113.0427582979964,113.0427582979964,12778.665203619234
space2_time3,1607108400000000000,16.5,26.25,2,3,-3.9201598167419434,91.05965264693961,-94.97981246368155,94.97981246368155,9021.164775636118,126.10995800502765,-130.03011782176958,130.03011782176958,16907.83154074328
space2_time3,1607108400000000000,12.5,25.5,2,3,-11.760479927062988,80.54238264253127,-92.30286256959425,92.30286256959425,8519.818438541404,126.10995800502765,-137.87043793209062,137.87043793209062,19008.257655586454
space2_time3,1607108400000000000,8.5,24.5,2,3,-3.9201598167419434,87.69771508627936,-91.6178749030213,91.6178749030213,8393.835001745661,126.10995800502765,-130.03011782176958,130.03011782176958,16907.83154074328
space2_time3,1607108400000000000,4.25,23.75,2,3,-15.0272798538208,87.48081148468385,-102.50809133850466,102.50809133850466,10507.908789863213,126.10995800502765,-141.13723785884844,141.13723785884844,19919.71991042516
space2_time3,1607108400000000000,0.25,22.75,2,3,-15.680639266967773,39.96130598857091,-55.64194525553869,55.64194525553869,3096.026071820364,126.10995800502765,-141.7905972719954,141.7905972719954,20104.57347474919
space2_time3,1607108400000000000,-4.25,21.25,2,3,-4.573519706726074,38.31688530029999,-42.89040500702606,42.89040500702606,1839.5868416667263,126.10995800502765,-130.6834777117537,130.6834777117537,17078.17134683843
space2_time3,1607108400000000000,-8.5,20.5,2,3,5.880239963531494,46.80641711577036,-40.926177152238864,40.926177152238864,1674.9519762964385,126.10995800502765,-120.22971804149616,120.22971804149616,14455.185100337667
space2_time3,1607108400000000000,-12.75,19.25,2,3,8.493680000305176,43.8633146045367,-35.36963460423152,35.36963460423152,1251.0110520368519,126.10995800502765,-117.61627800472247,117.61627800472247,13833.588851684164
space3_time0,1606788000000000000,81.25,-62.25,3,0,112.37791442871094,217.45130556258673,-105.07339113387579,105.07339113387579,11040.417524372448,116.68283383691752,-4.304919408206587,4.304919408206587,18.53233111115375
space3_time0,1606788000000000000,76.75,-67.0,3,0,135.24551391601562,210.4913706451751,-75.24585672915947,75.24585672915947,5661.938954905194,116.68283383691752,18.5626800790981,18.5626800790981,344.5730917189455
space3_time0,1606788000000000000,72.5,-70.0,3,0,116.9514389038086,207.7372229687578,-90.78578406494921,90.78578406494921,8242.058588287586,116.68283383691752,0.26860506689106955,0.26860506689106955,0.07214868195955595
space3_time0,1606788000000000000,68.25,-72.0,3,0,125.44511413574219,205.56328464395682,-80.11817050821463,80.11817050821463,6418.921245583353,116.68283383691752,8.762280298824663,8.762280298824663,76.77755603517083
space3_time0,1606788000000000000,64.0,-73.75,3,0,135.24551391601562,206.326929606889,-71.08141569087337,71.08141569087337,5052.567656618739,116.68283383691752,18.5626800790981,18.5626800790981,344.5730917189455
space3_time0,1606788000000000000,59.75,-75.0,3,0,146.35263061523438,197.49440952404464,-51.14177890881027,51.14177890881027,2615.4815499576307,116.68283383691752,29.66979677831685,29.66979677831685,880.296840866621
space3_time0,1606788000000000000,55.75,-76.25,3,0,134.5921630859375,192.15265693638733,-57.56049385044983,57.56049385044983,3313.2104523076728,116.68283383691752,17.909329249019976,17.909329249019976,320.74407414980243
space3_time0,1606788000000000000,51.5,-77.5,3,0,162.68663024902344,185.18669752537346,-22.500067276350023,22.500067276350023,506.25302744027715,116.68283383691752,46.00379641210591,46.00379641210591,2116.349284326489
space3_time0,1606798800000000000,78.0,-114.5,3,0,102.5775146484375,223.19033297369023,-120.61281832525273,120.61281832525273,14547.45194436042,116.68283383691752,-14.105319188480024,14.105319188480024,198.96002940890276
space3_time0,1606798800000000000,73.5,-117.75,3,0,118.91151428222656,214.9729080161839,-96.06139373395735,96.06139373395735,9227.79136611038,116.68283383691752,2.2286804453090383,2.2286804453090383,4.967016527302893
space3_time0,1606798800000000000,69.25,-120.0,3,0,128.05856323242188,209.97697646788944,-81.91841323546757,81.91841323546757,6710.626427016828,116.68283383691752,11.37572939550435,11.37572939550435,129.40721927974178
space3_time0,1606798800000000000,62.75,-124.25,3,0,131.9787139892578,202.2083695621513,-70.22965557289348,70.22965557289348,4932.204521887248,116.68283383691752,15.295880152340288,15.295880152340288,233.96394963475757
space3_time0,1606798800000000000,59.0,-125.25,3,0,131.9787139892578,199.0661807889157,-67.08746679965788,67.08746679965788,4500.728201595198,116.68283383691752,15.295880152340288,15.295880152340288,233.96394963475757
space3_time0,1606798800000000000,55.5,-126.0,3,0,147.65936279296875,198.1164261877206,-50.457063394751856,50.457063394751856,2545.915246422008,116.68283383691752,30.976528956051226,30.976528956051226,959.54534616508
space3_time0,1606798800000000000,52.0,-126.5,3,0,131.9787139892578,197.33748664785548,-65.35877265859767,65.35877265859767,4271.7691634382545,116.68283383691752,15.295880152340288,15.295880152340288,233.96394963475757
space3_time0,1606806000000000000,80.5,-135.5,3,0,118.91151428222656,229.57045263470067,-110.65893835247411,110.65893835247411,12245.400637296665,116.68283383691752,2.2286804453090383,2.2286804453090383,4.967016527302893
space3_time0,1606806000000000000,76.25,-139.75,3,0,120.2182388305664,225.04575416218125,-104.82751533161485,104.82751533161485,10988.807970599946,116.68283383691752,3.535404993648882,3.535404993648882,12.499088469117451
space3_time0,1606806000000000000,72.0,-142.75,3,0,116.29808044433594,218.61981585409868,-102.32173540976274,102.32173540976274,10469.737537265493,116.68283383691752,-0.3847533925815867,0.3847533925815867,0.14803517310304057
space3_time0,1606806000000000000,67.75,-144.75,3,0,143.73919677734375,209.7772500549855,-66.03805327764175,66.03805327764175,4361.02448070065,116.68283383691752,27.056362940426226,27.056362940426226,732.0467755640697
space3_time0,1606806000000000000,63.5,-146.5,3,0,111.07119750976562,200.95711375715052,-89.8859162473849,89.8859162473849,8079.477939631893,116.68283383691752,-5.611636327151899,5.611636327151899,31.490462268210855
space3_time0,1606806000000000000,59.25,-147.75,3,0,135.8988800048828,198.2597475389038,-62.360867534021,62.360867534021,3888.877799595714,116.68283383691752,19.21604616796529,19.21604616796529,369.2564303293734
space3_time0,1606813200000000000,79.0,-161.75,3,0,114.33799743652344,231.9491200702896,-117.61112263376617,117.61112263376617,13832.376167174785,116.68283383691752,-2.3448364003940867,2.3448364003940867,5.498257744613098
space3_time0,1606813200000000000,74.75,-165.5,3,0,124.13839721679688,225.87876768041565,-101.74037046361877,101.74037046361877,10351.102982074392,116.68283383691752,7.455563379879351,7.455563379879351,55.58542531139801
space3_time0,1606813200000000000,67.75,-170.75,3,0,151.5795135498047,219.79750797331857,-68.21799442351389,68.21799442351389,4653.694763166572,116.68283383691752,34.89667971288716,34.89667971288716,1217.7782549838305
space3_time0,1606813200000000000,64.25,-172.0,3,0,128.7119140625,216.65924185941446,-87.94732779691446,87.94732779691446,7734.732466617924,116.68283383691752,12.029080225582476,12.029080225582476,144.69877107349936
space3_time0,1606813200000000000,60.5,-173.25,3,0,114.9913558959961,213.13942090453708,-98.14806500854098,98.14806500854098,9633.042664920788,116.68283383691752,-1.6914779409214304,1.6914779409214304,2.861097624623802
space3_time0,1606816800000000000,77.25,172.5,3,0,131.3253631591797,164.1613239290796,-32.83596076989991,32.83596076989991,1078.200319682406,116.68283383691752,14.642529322262163,14.642529322262163,214.40366495330724
space3_time0,1606816800000000000,73.0,169.5,3,0,154.8463134765625,160.46658477737267,-5.620271300810174,5.620271300810174,31.587449494710484,116.68283383691752,38.163479639644976,38.163479639644976,1456.4511782055965
space3_time0,1606816800000000000,68.75,167.25,3,0,133.28543090820312,154.77086816226395,-21.485437254060827,21.485437254060827,461.62401399818486,116.68283383691752,16.6025970712856,16.6025970712856,275.64622951146123
space3_time0,1606816800000000000,64.5,165.75,3,0,142.43247985839844,150.03898236698205,-7.606502508583617,7.606502508583617,57.858880413088855,116.68283383691752,25.749646021480913,25.749646021480913,663.0442702315678
space3_time0,1606816800000000000,60.25,164.25,3,0,137.20559692382812,144.15273672937695,-6.947139805548829,6.947139805548829,48.26275147784103,116.68283383691752,20.5227630869106,20.5227630869106,421.1838047214603
space3_time0,1606824000000000000,80.0,151.25,3,0,107.80439758300781,168.05941821429911,-60.2550206312913,60.2550206312913,3630.6675112773405,116.68283383691752,-8.878436253909712,8.878436253909712,78.82663031473831
space3_time0,1606824000000000000,75.75,147.25,3,0,122.83168029785156,163.14470722974627,-40.31302693189471,40.31302693189471,1625.1401404116684,116.68283383691752,6.148846460934038,6.148846460934038,37.808312800141046
space3_time0,1606824000000000000,71.5,144.25,3,0,129.3652801513672,160.64410121909117,-31.27882106772398,31.27882106772398,978.3646473866936,116.68283383691752,12.682446314449663,12.682446314449663,160.84444451889786
space3_time0,1606824000000000000,67.25,142.5,3,0,128.05856323242188,156.104186757089,-28.04562352466712,28.04562352466712,786.5569988873618,116.68283383691752,11.37572939550435,11.37572939550435,129.40721927974178
space3_time0,1606824000000000000,63.0,141.0,3,0,120.2182388305664,154.17429574892188,-33.95605691835547,33.95605691835547,1153.0138014425966,116.68283383691752,3.535404993648882,3.535404993648882,12.499088469117451
space3_time0,1606824000000000000,58.75,139.5,3,0,148.96607971191406,154.18526114793215,-5.21918143601809,5.21918143601809,27.239854862075852,116.68283383691752,32.28324587499654,32.28324587499654,1042.207964225481
space3_time0,1606824000000000000,52.5,137.75,3,0,151.5795135498047,146.0254714073287,5.554042142475993,5.554042142475993,30.847384120399315,116.68283383691752,34.89667971288716,34.89667971288716,1217.7782549838305
space3_time0,1606824000000000000,48.75,136.5,3,0,152.23287963867188,145.19013260354635,7.0427470351255295,7.0427470351255295,49.600285800769434,116.68283383691752,35.55004580175435,35.55004580175435,1263.805756506832
space3_time0,1606842000000000000,79.5,78.25,3,0,105.84431457519531,183.93068553908938,-78.08637096389407,78.08637096389407,6097.481330310879,116.68283383691752,-10.838519261722212,10.838519261722212,117.4734997867234
space3_time0,1606842000000000000,75.25,74.0,3,0,120.87159729003906,180.28724761291534,-59.415650322876274,59.415650322876274,3530.2195032903073,116.68283383691752,4.188763453121538,4.188763453121538,17.545739266206674
space3_time0,1606842000000000000,70.75,71.75,3,0,116.29808044433594,182.12578298853504,-65.8277025441991,65.8277025441991,4333.286422247556,116.68283383691752,-0.3847533925815867,0.3847533925815867,0.14803517310304057
space3_time0,1606842000000000000,66.5,69.75,3,0,125.44511413574219,178.81931309650773,-53.37419896076554,53.37419896076554,2848.8051147033852,116.68283383691752,8.762280298824663,8.762280298824663,76.77755603517083
space3_time0,1606842000000000000,62.25,68.25,3,0,134.5921630859375,179.09002775192775,-44.49786466599025,44.49786466599025,1980.0599598327835,116.68283383691752,17.909329249019976,17.909329249019976,320.74407414980243
space3_time0,1606842000000000000,58.25,67.0,3,0,173.14039611816406,177.49960087861552,-4.359204760451462,4.359204760451462,19.002666143542687,116.68283383691752,56.45756228124654,56.45756228124654,3187.456338740832
space3_time0,1606842000000000000,54.25,66.0,3,0,174.44711303710938,171.42750010150593,3.0196129356034476,3.0196129356034476,9.11806228086367,116.68283383691752,57.76427920019185,57.76427920019185,3336.711951517717
space3_time0,1606845600000000000,78.0,52.25,3,0,122.17831420898438,190.0524759317892,-67.87416172280481,67.87416172280481,4606.901829573462,116.68283383691752,5.495480372066851,5.495480372066851,30.20030451977201
space3_time0,1606845600000000000,73.5,49.0,3,0,142.43247985839844,184.00393354958612,-41.571453691187685,41.571453691187685,1728.1857619985622,116.68283383691752,25.749646021480913,25.749646021480913,663.0442702315678
space3_time0,1606845600000000000,69.25,46.75,3,0,159.41983032226562,185.08603559531235,-25.666205273046728,25.666205273046728,658.7540931181717,116.68283383691752,42.7369964853481,42.7369964853481,1826.450868588656
space3_time0,1606845600000000000,65.0,45.0,3,0,147.00599670410156,185.8392607863179,-38.833264082216346,38.833264082216346,1508.0223992791541,116.68283383691752,30.32316286718404,30.32316286718404,919.4942062697689
space3_time0,1606845600000000000,60.75,43.75,3,0,163.33999633789062,180.7157580872926,-17.37576174940199,17.37576174940199,301.91709637198124,116.68283383691752,46.6571625009731,46.6571625009731,2176.8908126422107
space3_time0,1606845600000000000,56.75,42.5,3,0,169.22023010253906,174.85174978910402,-5.631519686564957,5.631519686564957,31.71401398016867,116.68283383691752,52.53739626562154,52.53739626562154,2760.178006370944
space3_time0,1606845600000000000,52.5,41.25,3,0,137.8589630126953,170.2576086358942,-32.39864562319889,32.39864562319889,1049.6722382176245,116.68283383691752,21.17612917577779,21.17612917577779,448.4284468692273
space3_time0,1606845600000000000,48.5,40.5,3,0,137.20559692382812,164.1420029207553,-26.936405996927164,26.936405996927164,725.5699680312937,116.68283383691752,20.5227630869106,20.5227630869106,421.1838047214603
space3_time0,1606852800000000000,80.75,31.25,3,0,98.00399780273438,201.73250733077913,-103.72850952804475,103.72850952804475,10759.60368890967,116.68283383691752,-18.67883603418315,18.67883603418315,348.89891559189886
space3_time0,1606852800000000000,76.25,26.75,3,0,110.41783905029297,198.6622952056993,-88.24445615540634,88.24445615540634,7787.084042163432,116.68283383691752,-6.2649947866245554,6.2649947866245554,39.25015967643286
space3_time0,1606852800000000000,72.0,23.75,3,0,129.3652801513672,197.00372039919569,-67.6384402478285,67.6384402478285,4574.958599159066,116.68283383691752,12.682446314449663,12.682446314449663,160.84444451889786
space3_time0,1606852800000000000,67.75,22.0,3,0,151.5795135498047,184.05901429343623,-32.47950074363155,32.47950074363155,1054.9179685555623,116.68283383691752,34.89667971288716,34.89667971288716,1217.7782549838305
space3_time0,1606852800000000000,63.5,20.25,3,0,135.24551391601562,181.62810579582265,-46.38259187980702,46.38259187980702,2151.3448294887403,116.68283383691752,18.5626800790981,18.5626800790981,344.5730917189455
space3_time0,1606852800000000000,59.25,19.0,3,0,154.8463134765625,178.70545248948392,-23.859139012921418,23.859139012921418,569.2585144379088,116.68283383691752,38.163479639644976,38.163479639644976,1456.4511782055965
space3_time0,1606852800000000000,55.0,17.75,3,0,180.980712890625,173.99089665902613,6.989816231598866,6.989816231598866,48.85753095152297,116.68283383691752,64.29787905370748,64.29787905370748,4134.217250805194
space3_time0,1606852800000000000,51.0,17.0,3,0,179.0206298828125,166.1900937888931,12.830536093919392,12.830536093919392,164.6226564573683,116.68283383691752,62.337796045894976,62.337796045894976,3886.0008158595992
space3_time0,1606852800000000000,47.0,16.0,3,0,169.87359619140625,162.55721124365672,7.316384947749526,7.316384947749526,53.529488703655836,116.68283383691752,53.190762354488726,53.190762354488726,2829.257199851695
space3_time0,1606852800000000000,43.0,14.75,3,0,184.90087890625,157.03785410266948,27.863024803580515,27.863024803580515,776.3481512049431,116.68283383691752,68.21804506933248,68.21804506933248,4653.701673081477
space3_time0,1606856400000000000,79.0,5.0,3,0,124.79175567626953,207.8129748483749,-83.02121917210536,83.02121917210536,6892.522832822755,116.68283383691752,8.108921839352007,8.108921839352007,65.75461339671993
space3_time0,1606856400000000000,74.75,1.5,3,0,133.28543090820312,201.17899942377426,-67.89356851557113,67.89356851557113,4609.536645778552,116.68283383691752,16.6025970712856,16.6025970712856,275.64622951146123
space3_time0,1606856400000000000,70.25,-1.0,3,0,143.08583068847656,187.93498775701883,-44.84915706854227,44.84915706854227,2011.446889758775,116.68283383691752,26.40299685155904,26.40299685155904,697.1182427434364
space3_time0,1606856400000000000,66.0,-3.0,3,0,123.48503875732422,187.40039682275477,-63.91535806543055,63.91535806543055,4085.1729966321986,116.68283383691752,6.8022049204066946,6.8022049204066946,46.26999177920504
space3_time0,1606860000000000000,62.0,-4.25,3,0,167.91351318359375,184.45365524657566,-16.540142062981914,16.540142062981914,273.5762994636236,116.68283383691752,51.230679346676226,51.230679346676226,2624.582506321958
space3_time0,1606860000000000000,57.75,-5.75,3,0,175.10047912597656,181.11612834821125,-6.015649222234686,6.015649222234686,36.18803556497278,116.68283383691752,58.41764528905904,58.41764528905904,3412.621281118322
space3_time0,1606860000000000000,53.75,-6.75,3,0,163.33999633789062,176.7192943518213,-13.37929801393068,13.37929801393068,179.00561534556942,116.68283383691752,46.6571625009731,46.6571625009731,2176.8908126422107
space3_time1,1606863600000000000,77.25,-20.75,3,1,112.37791442871094,171.0802887224101,-58.702374293699165,58.702374293699165,3445.9687477175526,114.699589825996,-2.3216753972850626,2.3216753972850626,5.390176650358753
space3_time1,1606863600000000000,73.0,-23.75,3,1,120.2182388305664,167.16414404375422,-46.945905213187814,46.945905213187814,2203.9180162856146,114.699589825996,5.518649004570406,5.518649004570406,30.455486835645935
space3_time1,1606863600000000000,68.75,-26.0,3,1,130.6719970703125,163.25204064100015,-32.58004357068765,32.58004357068765,1061.4592390679056,114.699589825996,15.9724072443165,15.9724072443165,255.11779317829422
space3_time1,1606863600000000000,64.5,-27.5,3,1,124.13839721679688,159.1651520554912,-35.02675483869433,35.02675483869433,1226.8735545299967,114.699589825996,9.438807390800875,9.438807390800875,89.09108496063722
space3_time1,1606863600000000000,60.25,-29.0,3,1,140.47239685058594,155.42682351651658,-14.95442666593064,14.95442666593064,223.6348769066974,114.699589825996,25.772807024589937,25.772807024589937,664.2375819267525
space3_time1,1606863600000000000,56.25,-30.25,3,1,160.7265625,151.74490327386425,8.981659226135747,8.981659226135747,80.67020245442939,114.699589825996,46.026972674004,46.026972674004,2118.4822135335107
space3_time1,1606870800000000000,80.0,-41.75,3,1,105.19095611572266,173.6102828455783,-68.41932672985564,68.41932672985564,4681.204270166739,114.699589825996,-9.508633710273344,9.508633710273344,90.41411503614661
space3_time1,1606870800000000000,75.75,-46.25,3,1,118.91151428222656,169.6984320225681,-50.78691774034155,50.78691774034155,2579.311013564219,114.699589825996,4.211924456230562,4.211924456230562,17.740307624993118
space3_time1,1606870800000000000,71.5,-48.75,3,1,111.72455596923828,165.78506572109472,-54.06050975185644,54.06050975185644,2922.5387146305657,114.699589825996,-2.975033856757719,2.975033856757719,8.850826448854708
space3_time1,1606870800000000000,67.25,-50.75,3,1,134.5921630859375,161.82724538470103,-27.23508229876353,27.23508229876353,741.7497078204226,114.699589825996,19.8925732599415,19.8925732599415,395.71447090213957
space3_time1,1606870800000000000,63.0,-52.25,3,1,148.96607971191406,157.92827612862794,-8.96219641671388,8.96219641671388,80.32096461175911,114.699589825996,34.26648988591806,34.26648988591806,1174.192329101725
space3_time1,1606870800000000000,58.75,-53.75,3,1,140.47239685058594,154.04496681667456,-13.572569966088622,13.572569966088622,184.2146554843709,114.699589825996,25.772807024589937,25.772807024589937,664.2375819267525
space3_time1,1606874400000000000,78.5,-68.25,3,1,114.9913558959961,172.2312045229188,-57.23984862692271,57.23984862692271,3276.4002708330254,114.699589825996,0.2917660700000937,0.2917660700000937,0.08512743960329958
space3_time1,1606874400000000000,74.0,-71.5,3,1,114.33799743652344,168.0874024815998,-53.74940504507637,53.74940504507637,2888.9985426996814,114.699589825996,-0.36159238947256256,0.36159238947256256,0.13074905612447738
space3_time1,1606874400000000000,69.75,-73.75,3,1,126.75183868408203,164.17403618012642,-37.42219749604439,37.42219749604439,1400.4208654329511,114.699589825996,12.052248858086031,12.052248858086031,145.25670253723604
space3_time1,1606874400000000000,65.5,-75.75,3,1,122.83168029785156,160.2616801976285,-37.42999989977693,37.42999989977693,1401.004892497301,114.699589825996,8.132090471855562,8.132090471855562,66.13089544244403
space3_time1,1606874400000000000,61.25,-77.0,3,1,114.33799743652344,156.32684461792655,-41.988847181403116,41.988847181403116,1763.0632876232244,114.699589825996,-0.36159238947256256,0.36159238947256256,0.13074905612447738
space3_time1,1606874400000000000,57.25,-78.0,3,1,130.6719970703125,152.664120435808,-21.9921233654955,21.9921233654955,483.6534901231732,114.699589825996,15.9724072443165,15.9724072443165,255.11779317829422
space3_time1,1606874400000000000,53.25,-79.25,3,1,168.56687927246094,148.97639085904677,19.590488413414164,19.590488413414164,383.7872362761146,114.699589825996,53.86728944646494,53.86728944646494,2901.684872309233
space3_time1,1606881600000000000,81.25,-88.75,3,1,123.48503875732422,174.7632192840379,-51.27818052671367,51.27818052671367,2629.451798130237,114.699589825996,8.785448931328219,8.785448931328219,77.18411292497613
space3_time1,1606881600000000000,76.75,-93.75,3,1,126.09848022460938,170.61739660476798,-44.5189163801586,44.5189163801586,1981.9339156635538,114.699589825996,11.398890398613375,11.398890398613375,129.93470231960018
space3_time1,1606881600000000000,72.5,-96.75,3,1,120.2182388305664,166.70377772355073,-46.48553889298432,46.48553889298432,2160.9053261711583,114.699589825996,5.518649004570406,5.518649004570406,30.455486835645935
space3_time1,1606881600000000000,68.25,-98.75,3,1,128.05856323242188,162.79318979925986,-34.73462656683799,34.73462656683799,1206.4942827376874,114.699589825996,13.358973406425875,13.358973406425875,178.46217047359374
space3_time1,1606881600000000000,64.0,-100.25,3,1,128.05856323242188,158.88058123701808,-30.822018004596202,30.822018004596202,949.9967938756524,114.699589825996,13.358973406425875,13.358973406425875,178.46217047359374
space3_time1,1606881600000000000,59.75,-101.75,3,1,132.632080078125,154.9634262393867,-22.331346161261706,22.331346161261706,498.68902137409793,114.699589825996,17.932490252129,17.932490252129,321.5742066427016
space3_time1,1606881600000000000,55.75,-102.75,3,1,156.806396484375,151.2845369536608,5.5218595307142095,5.5218595307142095,30.49093267693935,114.699589825996,42.106806658379,42.106806658379,1772.98316696611
space3_time1,1606881600000000000,51.5,-104.0,3,1,128.05856323242188,147.35980456371345,-19.30124133129158,19.30124133129158,372.5379169287583,114.699589825996,13.358973406425875,13.358973406425875,178.46217047359374
space3_time1,1606881600000000000,47.5,-105.0,3,1,162.0332794189453,143.68293591593843,18.350343503006883,18.350343503006883,336.73510667834694,114.699589825996,47.33368959294931,47.33368959294931,2240.4781704816783
space3_time1,1606881600000000000,43.5,-105.75,3,1,180.32736206054688,140.0055621086757,40.321799951871185,40.321799951871185,1625.847551358719,114.699589825996,65.62777223455087,65.62777223455087,4307.0044884700865
space3_time1,1606881600000000000,39.5,-106.75,3,1,152.23287963867188,136.25494017569198,15.97793946297989,15.97793946297989,255.2945494826501,114.699589825996,37.533289812675875,37.533289812675875,1408.7478441623186
space3_time1,1606885200000000000,79.5,-115.25,3,1,119.56488037109375,173.15042168486255,-53.5855413137688,53.5855413137688,2871.4102378896227,114.699589825996,4.86529054509775,4.86529054509775,23.67105208821756
space3_time1,1606888800000000000,75.25,-119.25,3,1,100.61743927001953,169.23831828210848,-68.62087901208895,68.62087901208895,4708.82503639175,114.699589825996,-14.082150555976469,14.082150555976469,198.30696428118836
space3_time1,1606888800000000000,70.75,-121.5,3,1,128.05856323242188,165.09401108130177,-37.0354478488799,37.0354478488799,1371.6243973671026,114.699589825996,13.358973406425875,13.358973406425875,178.46217047359374
space3_time1,1606888800000000000,66.75,-123.5,3,1,137.8589630126953,161.4125959981372,-23.55363298544188,23.55363298544188,554.7736268128957,114.699589825996,23.159373186699312,23.159373186699312,536.3565664008071
space3_time1,1606888800000000000,62.25,-125.0,3,1,152.88623046875,157.26929911630592,-4.383068647555916,4.383068647555916,19.21129076918765,114.699589825996,38.186640642754,38.186640642754,1458.2195235788315
space3_time1,1606888800000000000,58.25,-126.25,3,1,141.12576293945312,153.58636855467813,-12.460605615225006,12.460605615225006,155.26669229817696,114.699589825996,26.426173113457125,26.426173113457125,698.3426254224042
space3_time1,1606888800000000000,54.25,-127.25,3,1,139.81903076171875,149.90343799305037,-10.084407231331625,10.084407231331625,101.69526920733357,114.699589825996,25.11944093572275,25.11944093572275,630.9863129232638
space3_time1,1606892400000000000,78.0,-141.0,3,1,108.45775604248047,171.76932272425213,-63.311566681771666,63.311566681771666,4008.35447570042,114.699589825996,-6.241833783515531,6.241833783515531,38.960488981035816
space3_time1,1606892400000000000,73.5,-144.25,3,1,116.29808044433594,167.62552068293314,-51.327440238597205,51.327440238597205,2634.5061214467673,114.699589825996,1.5984906183399374,1.5984906183399374,2.5551722569207955
space3_time1,1606892400000000000,69.25,-146.5,3,1,127.40519714355469,163.71442759915456,-36.309230455599874,36.309230455599874,1318.3602162778614,114.699589825996,12.705607317558687,12.705607317558687,161.43245730800086
space3_time1,1606892400000000000,65.0,-148.25,3,1,150.92616271972656,159.80131387742503,-8.875151157698468,8.875151157698468,78.76830807199646,114.699589825996,36.22657289373056,36.22657289373056,1312.364583624774
space3_time1,1606892400000000000,61.0,-149.5,3,1,126.09848022460938,156.11080592348128,-30.012325698871905,30.012325698871905,900.7396938551669,114.699589825996,11.398890398613375,11.398890398613375,129.93470231960018
space3_time1,1606899600000000000,80.75,-162.0,3,1,101.92415618896484,174.30285296383443,-72.37869677486958,72.37869677486958,5238.675746828516,114.699589825996,-12.775433637031156,12.775433637031156,163.2117046141871
space3_time1,1606899600000000000,76.25,-166.5,3,1,116.9514389038086,170.15854576302772,-53.207106859219124,53.207106859219124,2830.9962203283626,114.699589825996,2.2518490778125937,2.2518490778125937,5.070824269245429
space3_time1,1606899600000000000,72.0,-169.25,3,1,142.43247985839844,166.18582322174595,-23.75334336334751,23.75334336334751,564.2213209370852,114.699589825996,27.732890032402437,27.732890032402437,769.1131895493264
space3_time1,1606899600000000000,67.75,-171.25,3,1,147.00599670410156,162.21209036148872,-15.206093657387157,15.206093657387157,231.22528431722992,114.699589825996,32.30640687810556,32.30640687810556,1043.7039253737064
space3_time1,1606899600000000000,63.25,-173.0,3,1,158.7664794921875,158.1890214377374,0.5774580544500907,0.5774580544500907,0.3334578046492839,114.699589825996,44.0668896661915,44.0668896661915,1941.8907648522952
space3_time1,1606899600000000000,59.25,-174.5,3,1,162.0332794189453,154.50659603559734,7.526683383347972,7.526683383347972,56.65096275316648,114.699589825996,47.33368959294931,47.33368959294931,2240.4781704816783
space3_time1,1606903200000000000,79.0,171.75,3,1,124.79175567626953,172.67085930412532,-47.879103627855784,47.879103627855784,2292.408564206953,114.699589825996,10.092165850273531,10.092165850273531,101.85181154942727
space3_time1,1606903200000000000,74.75,168.0,3,1,127.40519714355469,168.77492100497864,-41.36972386142395,41.36972386142395,1711.4540523704702,114.699589825996,12.705607317558687,12.705607317558687,161.43245730800086
space3_time1,1606903200000000000,70.25,165.75,3,1,150.92616271972656,164.63263444212285,-13.706471722396287,13.706471722396287,187.86736707684904,114.699589825996,36.22657289373056,36.22657289373056,1312.364583624774
space3_time1,1606903200000000000,66.0,163.75,3,1,137.20559692382812,160.72002587988106,-23.51442895605294,23.51442895605294,552.9283691292609,114.699589825996,22.506007097832125,22.506007097832125,506.52035548767
space3_time1,1606903200000000000,61.75,162.25,3,1,139.16567993164062,156.80893279610245,-17.64325286446183,17.64325286446183,311.2843716393405,114.699589825996,24.466090105644625,24.466090105644625,598.5895650575218
space3_time1,1606903200000000000,57.75,161.0,3,1,147.65936279296875,153.1229712775483,-5.463608484579538,5.463608484579538,29.851017672769515,114.699589825996,32.95977296697275,32.95977296697275,1086.3466340343878
space3_time1,1606910400000000000,77.25,146.0,3,1,137.8589630126953,171.06765973521684,-33.20869672252152,33.20869672252152,1102.8175380084117,114.699589825996,23.159373186699312,23.159373186699312,536.3565664008071
space3_time1,1606910400000000000,73.0,143.0,3,1,141.77911376953125,167.1525253755364,-25.373411606005163,25.373411606005163,643.8100165277575,114.699589825996,27.07952394353525,27.07952394353525,733.3006170084989
space3_time1,1606910400000000000,68.75,140.75,3,1,128.7119140625,163.2530509599756,-34.54113689747561,34.54113689747561,1193.090138170151,114.699589825996,14.012324236504,14.012324236504,196.3452305089174
space3_time1,1606910400000000000,64.5,139.25,3,1,120.2182388305664,159.33993723824608,-39.12169840767967,39.12169840767967,1530.5072863014464,114.699589825996,5.518649004570406,5.518649004570406,30.455486835645935
space3_time1,1606910400000000000,60.25,137.75,3,1,122.83168029785156,155.4273286760043,-32.59564837815273,32.59564837815273,1062.4762931921707,114.699589825996,8.132090471855562,8.132090471855562,66.13089544244403
space3_time1,1606910400000000000,56.0,136.5,3,1,138.51231384277344,151.51067883786067,-12.998364995087229,12.998364995087229,168.957492545509,114.699589825996,23.812724016777437,23.812724016777437,567.045825099209
space3_time1,1606910400000000000,52.0,135.5,3,1,132.632080078125,147.831284392647,-15.199204314522007,15.199204314522007,231.01581179458438,114.699589825996,17.932490252129,17.932490252129,321.5742066427016
space3_time1,1606910400000000000,48.0,134.5,3,1,160.0731964111328,144.14885899050694,15.924337420625875,15.924337420625875,253.58452228594555,114.699589825996,45.37360658513681,45.37360658513681,2058.764174542771
space3_time1,1606917600000000000,80.5,123.75,3,1,133.9387969970703,174.06711304936766,-40.12831605229735,40.12831605229735,1610.2817491930653,114.699589825996,19.239207171074312,19.239207171074312,370.14709257151725
space3_time1,1606917600000000000,75.75,120.25,3,1,108.45775604248047,169.58704435552346,-61.12928831304299,61.12928831304299,3736.7898896591346,114.699589825996,-6.241833783515531,6.241833783515531,38.960488981035816
space3_time1,1606917600000000000,71.25,117.75,3,1,134.5921630859375,165.54932580662793,-30.957162720690434,30.957162720690434,958.3459237153055,114.699589825996,19.8925732599415,19.8925732599415,395.71447090213957
space3_time1,1606917600000000000,67.0,116.0,3,1,147.65936279296875,161.63671724438615,-13.977354451417398,13.977354451417398,195.36643746055773,114.699589825996,32.95977296697275,32.95977296697275,1086.3466340343878
space3_time1,1606917600000000000,63.0,114.25,3,1,145.69927978515625,157.9593434371234,-12.260063651967158,12.260063651967158,150.30916075028628,114.699589825996,30.99968995916025,30.99968995916025,960.9807775640609
space3_time1,1606917600000000000,58.75,113.25,3,1,128.05856323242188,154.04420907744296,-25.985645845021082,25.985645845021082,675.2537899828615,114.699589825996,13.358973406425875,13.358973406425875,178.46217047359374
space3_time1,1606917600000000000,54.75,112.25,3,1,143.73919677734375,150.3632991537661,-6.624102376422343,6.624102376422343,43.87873229332413,114.699589825996,29.03960695134775,29.03960695134775,843.2987718887646
space3_time1,1606917600000000000,50.5,111.0,3,1,114.33799743652344,146.44816479408567,-32.11016735756223,32.11016735756223,1031.0628477306552,114.699589825996,-0.36159238947256256,0.36159238947256256,0.13074905612447738
space3_time1,1606917600000000000,46.5,110.0,3,1,118.2581558227539,142.76776002989652,-24.509604207142615,24.509604207142615,600.720698390783,114.699589825996,3.558565996757906,3.558565996757906,12.663391953281591
space3_time1,1606921200000000000,78.5,98.75,3,1,122.83168029785156,172.2312045229188,-49.39952422506724,49.39952422506724,2440.312993663005,114.699589825996,8.132090471855562,8.132090471855562,66.13089544244403
space3_time1,1606921200000000000,74.25,95.5,3,1,130.0186309814453,168.3170804822138,-38.2984495007685,38.2984495007685,1466.7712341629149,114.699589825996,15.319041155449312,15.319041155449312,234.67302192234982
space3_time1,1606921200000000000,69.75,92.75,3,1,126.09848022460938,164.1742887598703,-38.07580853526093,38.07580853526093,1449.7671956138493,114.699589825996,11.398890398613375,11.398890398613375,129.93470231960018
space3_time1,1606921200000000000,65.5,91.25,3,1,133.9387969970703,160.2616801976285,-26.32288320055818,26.32288320055818,692.894179990228,114.699589825996,19.239207171074312,19.239207171074312,370.14709257151725
space3_time1,1606921200000000000,61.5,89.75,3,1,137.20559692382812,156.5787496360007,-19.373152712172583,19.373152712172583,375.31904600915993,114.699589825996,22.506007097832125,22.506007097832125,506.52035548767
space3_time1,1606921200000000000,57.25,88.5,3,1,143.73919677734375,152.60451161625576,-8.865314838912013,8.865314838912013,78.59380719303354,114.699589825996,29.03960695134775,29.03960695134775,843.2987718887646
space3_time1,1606921200000000000,53.25,87.5,3,1,167.91351318359375,148.97866407674158,18.93484910685217,18.93484910685217,358.5285106992604,114.699589825996,53.21392335759775,53.21392335759775,2831.7216391082875
space3_time2,1606928400000000000,81.25,78.0,3,2,115.64471435546875,170.50642685303237,-54.861712497563616,54.861712497563616,3009.8074981653276,125.02198887915839,-9.377274523689636,9.377274523689636,87.93327749263868
space3_time2,1606928400000000000,76.75,73.0,3,2,117.60479736328125,164.40074307662252,-46.79594571334127,46.79594571334127,2189.860535205983,125.02198887915839,-7.4171915158771355,7.4171915158771355,55.01472998319976
space3_time2,1606928400000000000,72.5,70.0,3,2,141.12576293945312,164.39070129670634,-23.264938357253214,23.264938357253214,541.2573567667919,125.02198887915839,16.10377406029474,16.10377406029474,259.3315389850217
space3_time2,1606928400000000000,68.25,68.0,3,2,147.00599670410156,164.81739983252896,-17.8114031284274,17.8114031284274,317.2460814033534,125.02198887915839,21.984007824943177,21.984007824943177,483.2966000471628
space3_time2,1606928400000000000,64.0,66.5,3,2,137.8589630126953,164.63368986815829,-26.774726855462973,26.774726855462973,716.8859981846501,125.02198887915839,12.836974133536927,12.836974133536927,164.78790490509613
space3_time2,1606928400000000000,60.0,65.0,3,2,138.51231384277344,165.7733044878156,-27.26099064504217,27.26099064504217,743.1616109490767,125.02198887915839,13.490324963615052,13.490324963615052,181.98886762393545
space3_time2,1606928400000000000,55.75,64.0,3,2,164.64671325683594,161.75979649907697,2.886916757758968,2.886916757758968,8.33428836622955,125.02198887915839,39.62472437767755,39.62472437767755,1570.1187820069138
space3_time2,1606928400000000000,51.75,62.75,3,2,150.27279663085938,159.38013047410493,-9.107333843245556,9.107333843245556,82.94352973232587,125.02198887915839,25.25080775170099,25.25080775170099,637.6032921133627
space3_time2,1606939200000000000,78.0,25.75,3,2,130.6719970703125,176.0216783308167,-45.34968126050421,45.34968126050421,2056.593590429327,125.02198887915839,5.6500081911541145,5.6500081911541145,31.922592560108587
space3_time2,1606939200000000000,73.5,22.5,3,2,125.44511413574219,170.03166410499963,-44.58654996925745,44.58654996925745,1987.9604381610914,125.02198887915839,0.42312525658380196,0.42312525658380196,0.17903498275910823
space3_time2,1606939200000000000,69.25,20.25,3,2,157.4597625732422,169.42238294678333,-11.962620373541142,11.962620373541142,143.1042862014616,125.02198887915839,32.4377736940838,32.4377736940838,1052.209162228595
space3_time2,1606939200000000000,65.0,18.5,3,2,124.13839721679688,170.25424958126277,-46.115852364465894,46.115852364465894,2126.6718393012147,125.02198887915839,-0.8835916623615105,0.8835916623615105,0.7807342257947777
space3_time2,1606939200000000000,61.0,17.0,3,2,175.7538299560547,168.40544587434098,7.348384081713704,7.348384081713704,53.99874861238335,125.02198887915839,50.7318410768963,50.7318410768963,2573.719699051463
space3_time2,1606939200000000000,54.5,14.75,3,2,154.19296264648438,162.4889869128986,-8.296024266414236,8.296024266414236,68.82401862893386,125.02198887915839,29.17097376732599,29.17097376732599,850.945710534021
space3_time2,1606939200000000000,50.75,13.25,3,2,150.27279663085938,158.77738191357835,-8.504585282718978,8.504585282718978,72.32797083104023,125.02198887915839,25.25080775170099,25.25080775170099,637.6032921133627
space3_time2,1606939200000000000,47.0,12.5,3,2,135.24551391601562,156.0120046478962,-20.766490731880566,20.766490731880566,431.24713731728144,125.02198887915839,10.22352503685724,10.22352503685724,104.52046417924682
space3_time2,1606939200000000000,43.25,11.5,3,2,120.2182388305664,151.81506968633641,-31.59683085577001,31.59683085577001,998.3597201281397,125.02198887915839,-4.803750048591979,4.803750048591979,23.076014529347443
space3_time2,1606946400000000000,80.75,4.75,3,2,115.64471435546875,184.9733234986829,-69.32860914321415,69.32860914321415,4806.456045732557,125.02198887915839,-9.377274523689636,9.377274523689636,87.93327749263868
space3_time2,1606946400000000000,76.25,0.25,3,2,141.12576293945312,178.20263063862254,-37.07686769916941,37.07686769916941,1374.694118381712,125.02198887915839,16.10377406029474,16.10377406029474,259.3315389850217
space3_time2,1606946400000000000,72.0,-2.75,3,2,131.3253631591797,173.65876779961113,-42.33340464043144,42.33340464043144,1792.117148450502,125.02198887915839,6.303374280021302,6.303374280021302,39.732527314034066
space3_time2,1606946400000000000,67.75,-4.5,3,2,150.27279663085938,167.36606934025116,-17.093272709391783,17.093272709391783,292.17997191763794,125.02198887915839,25.25080775170099,25.25080775170099,637.6032921133627
space3_time2,1606946400000000000,63.5,-6.25,3,2,185.55422973632812,161.9288448799926,23.62538485633553,23.62538485633553,558.1588096099681,125.02198887915839,60.53224085716974,60.53224085716974,3664.1521831904097
space3_time2,1606946400000000000,59.25,-7.5,3,2,181.6340789794922,159.9049330818451,21.7291458976471,21.7291458976471,472.15578144123384,125.02198887915839,56.6120901003338,56.6120901003338,3204.9287455283124
space3_time2,1606946400000000000,55.25,-8.75,3,2,178.36727905273438,160.4202817085279,17.946997344206466,17.946997344206466,322.09471367295396,125.02198887915839,53.34529017357599,53.34529017357599,2845.719983703023
space3_time2,1606946400000000000,51.0,-9.75,3,2,134.5921630859375,161.21823517343952,-26.626072087502024,26.626072087502024,708.9477148088544,125.02198887915839,9.570174206779114,9.570174206779114,91.58823434810026
space3_time2,1606950000000000000,79.0,-21.5,3,2,128.7119140625,187.9258151251072,-59.21390106260719,59.21390106260719,3506.286079052233,125.02198887915839,3.6899251833416145,3.6899251833416145,13.615547858658648
space3_time2,1606950000000000000,74.75,-25.25,3,2,109.11111450195312,186.37962740873678,-77.26851290678366,77.26851290678366,5970.423086825793,125.02198887915839,-15.91087437720526,15.91087437720526,253.15592344720687
space3_time2,1606950000000000000,70.25,-27.5,3,2,128.7119140625,181.2501616177295,-52.5382475552295,52.5382475552295,2760.267456174579,125.02198887915839,3.6899251833416145,3.6899251833416145,13.615547858658648
space3_time2,1606950000000000000,66.25,-29.5,3,2,113.68463897705078,177.48407348263487,-63.79943450558409,63.79943450558409,4070.3678432323136,125.02198887915839,-11.337349902107604,11.337349902107604,128.5355028028193
space3_time2,1606950000000000000,62.0,-31.0,3,2,147.65936279296875,172.97481250866784,-25.31544971569909,25.31544971569909,640.871994308089,125.02198887915839,22.637373913810364,22.637373913810364,512.450697713662
space3_time2,1606950000000000000,57.75,-32.25,3,2,172.48703002929688,172.86060335974642,-0.37357333044954544,0.37357333044954544,0.13955703322316526,125.02198887915839,47.46504115013849,47.46504115013849,2252.9301313843403
space3_time2,1607004000000000000,77.25,119.25,3,2,137.20559692382812,160.90044342492138,-23.694846501093252,23.694846501093252,561.4457507103712,125.02198887915839,12.18360804466974,12.18360804466974,148.4403049861412
space3_time2,1607004000000000000,73.0,116.25,3,2,122.17831420898438,156.63597334696368,-34.457659137979306,34.457659137979306,1187.3302732691689,125.02198887915839,-2.8436746701740105,2.8436746701740105,8.086485629789268
space3_time2,1607004000000000000,68.75,114.25,3,2,139.81903076171875,151.94825881541644,-12.129228053697688,12.129228053697688,147.11817317860698,125.02198887915839,14.797041882560364,14.797041882560364,218.95244847424559
space3_time2,1607004000000000000,64.5,112.75,3,2,139.16567993164062,152.84342398868077,-13.677744057040144,13.677744057040144,187.080682489897,125.02198887915839,14.14369105248224,14.14369105248224,200.04399658806616
space3_time2,1607004000000000000,60.5,111.25,3,2,127.40519714355469,152.85740591709288,-25.45220877353819,25.45220877353819,647.8149314517743,125.02198887915839,2.383208264396302,2.383208264396302,5.679681631486834
space3_time2,1607004000000000000,56.25,109.75,3,2,126.09848022460938,153.91868429709444,-27.82020407248507,27.82020407248507,773.9637546347149,125.02198887915839,1.0764913454509895,1.0764913454509895,1.1588336168308815
space3_time2,1607004000000000000,52.0,109.0,3,2,107.15103912353516,151.76829196224773,-44.617252838712574,44.617252838712574,1990.6992508736053,125.02198887915839,-17.87094975562323,17.87094975562323,319.37084516800996
space3_time2,1607004000000000000,48.0,108.0,3,2,107.15103912353516,147.62813755234876,-40.477098428813605,40.477098428813605,1638.395497215865,125.02198887915839,-17.87094975562323,17.87094975562323,319.37084516800996
space3_time2,1607007600000000000,80.0,98.5,3,2,123.48503875732422,167.8099622848087,-44.324923527484486,44.324923527484486,1964.6988457173477,125.02198887915839,-1.5369501218341668,1.5369501218341668,2.36221567700606
space3_time2,1607007600000000000,75.75,94.0,3,2,127.40519714355469,166.37174786894278,-38.96655072538809,38.96655072538809,1518.392075434243,125.02198887915839,2.383208264396302,2.383208264396302,5.679681631486834
space3_time2,1607007600000000000,71.5,91.5,3,2,147.00599670410156,162.37694940924854,-15.370952705146976,15.370952705146976,236.26618706386515,125.02198887915839,21.984007824943177,21.984007824943177,483.2966000471628
space3_time2,1607007600000000000,67.25,89.5,3,2,145.69927978515625,162.43383340932814,-16.734553624171895,16.734553624171895,280.0452850002847,125.02198887915839,20.677290905997864,20.677290905997864,427.550359211262
space3_time2,1607007600000000000,63.0,87.75,3,2,152.88623046875,161.550284129283,-8.664053660533,8.664053660533,75.06582583259528,125.02198887915839,27.864241589591614,27.864241589591614,776.4159593631271
space3_time2,1607007600000000000,58.75,86.5,3,2,134.5921630859375,160.17344716382422,-25.58128407788672,25.58128407788672,654.4020950735406,125.02198887915839,9.570174206779114,9.570174206779114,91.58823434810026
space3_time2,1607007600000000000,54.5,85.5,3,2,125.44511413574219,158.14291107292075,-32.697796937178566,32.697796937178566,1069.145924544964,125.02198887915839,0.42312525658380196,0.42312525658380196,0.17903498275910823
space3_time2,1607007600000000000,50.5,84.25,3,2,156.1530303955078,151.56114821116077,4.5918821843470425,4.5918821843470425,21.085381994923768,125.02198887915839,31.131041516349427,31.131041516349427,969.1417458926717
space3_time2,1607014800000000000,78.5,72.25,3,2,120.2182388305664,172.47431717512967,-52.256078344563264,52.256078344563264,2730.697723953134,125.02198887915839,-4.803750048591979,4.803750048591979,23.076014529347443
space3_time2,1607014800000000000,74.0,68.5,3,2,142.43247985839844,169.79361802414138,-27.361138165742943,27.361138165742943,748.6318817248751,125.02198887915839,17.410490979240052,17.410490979240052,303.1251961381992
space3_time2,1607014800000000000,69.75,66.5,3,2,146.35263061523438,167.6105526811625,-21.257922065928113,21.257922065928113,451.8992505610734,125.02198887915839,21.33064173607599,21.33064173607599,454.9962768728269
space3_time2,1607014800000000000,65.5,64.75,3,2,137.8589630126953,167.30572722855135,-29.446764215856035,29.446764215856035,867.1119227842195,125.02198887915839,12.836974133536927,12.836974133536927,164.78790490509613
space3_time2,1607014800000000000,61.25,63.0,3,2,133.9387969970703,164.39497728605795,-30.45618028898764,30.45618028898764,927.5789177953192,125.02198887915839,8.916808117911927,8.916808117911927,79.50946701166004
space3_time2,1607014800000000000,57.25,61.75,3,2,157.4597625732422,162.32921553846396,-4.869452965221768,4.869452965221768,23.71157218050707,125.02198887915839,32.4377736940838,32.4377736940838,1052.209162228595
space3_time2,1607014800000000000,53.0,60.75,3,2,161.37991333007812,160.8076486030625,0.5722647270156358,0.5722647270156358,0.32748691778628014,125.02198887915839,36.35792445091974,36.35792445091974,1321.8986703787875
space3_time2,1607022000000000000,81.25,51.75,3,2,125.44511413574219,177.2086483748975,-51.76353423915532,51.76353423915532,2679.463476928205,125.02198887915839,0.42312525658380196,0.42312525658380196,0.17903498275910823
space3_time2,1607022000000000000,76.75,46.25,3,2,135.8988800048828,172.26457000944575,-36.365690004562936,36.365690004562936,1322.4634095079687,125.02198887915839,10.876891125724427,10.876891125724427,118.3067605608628
space3_time2,1607022000000000000,72.5,43.75,3,2,133.9387969970703,170.4795386419192,-36.54074164484888,36.54074164484888,1335.2257999555932,125.02198887915839,8.916808117911927,8.916808117911927,79.50946701166004
space3_time2,1607022000000000000,68.25,41.5,3,2,165.95343017578125,171.75341469628418,-5.799984520502932,5.799984520502932,33.63982043807362,125.02198887915839,40.931441296622864,40.931441296622864,1675.3828866188837
space3_time2,1607022000000000000,64.0,40.0,3,2,157.4597625732422,170.04291048832516,-12.583147915082975,12.583147915082975,158.33561145285702,125.02198887915839,32.4377736940838,32.4377736940838,1052.209162228595
space3_time2,1607022000000000000,60.0,38.5,3,2,169.87359619140625,167.9915611149467,1.8820350764595446,1.8820350764595446,3.5420560290240837,125.02198887915839,44.851607312247864,44.851607312247864,2011.666678492086
space3_time2,1607022000000000000,55.75,37.25,3,2,171.18031311035156,163.2880820112808,7.892231099070756,7.892231099070756,62.28731172113959,125.02198887915839,46.15832423119318,46.15832423119318,2130.590895831955
space3_time2,1607022000000000000,51.5,36.25,3,2,159.41983032226562,159.5397527044794,-0.1199223822137867,0.1199223822137867,0.014381377755829546,125.02198887915839,34.39784144310724,34.39784144310724,1183.211495945146
space3_time2,1607022000000000000,47.5,35.25,3,2,163.33999633789062,155.36164048029005,7.978355857600576,7.978355857600576,63.654162190509425,125.02198887915839,38.31800745873224,38.31800745873224,1468.2696956074594
space3_time2,1607025600000000000,79.5,25.25,3,2,123.48503875732422,178.30059126353666,-54.81555250621244,54.81555250621244,3004.7447965613333,125.02198887915839,-1.5369501218341668,1.5369501218341668,2.36221567700606
space3_time2,1607025600000000000,75.25,21.0,3,2,126.75183868408203,175.5898657814765,-48.83802709739447,48.83802709739447,2385.1528907658367,125.02198887915839,1.7298498049236457,1.7298498049236457,2.9923803475943753
space3_time2,1607025600000000000,70.75,18.75,3,2,135.24551391601562,172.57552185959398,-37.33000794357835,37.33000794357835,1393.5294930676228,125.02198887915839,10.22352503685724,10.22352503685724,104.52046417924682
space3_time2,1607025600000000000,66.75,16.75,3,2,138.51231384277344,170.37161199480994,-31.8592981520365,31.8592981520365,1015.0148787403565,125.02198887915839,13.490324963615052,13.490324963615052,181.98886762393545
space3_time2,1607025600000000000,60.5,16.25,3,2,144.39256286621094,165.34893803406032,-20.956375167849387,20.956375167849387,439.1696601756544,125.02198887915839,19.370573987052552,19.370573987052552,375.219136587877
space3_time2,1607025600000000000,58.25,13.75,3,2,132.632080078125,162.96149056117994,-30.329410483054943,30.329410483054943,919.873140249643,125.02198887915839,7.6100911989666145,7.6100911989666145,57.913488056589124
space3_time2,1607025600000000000,54.25,12.75,3,2,111.72455596923828,158.9645243498528,-47.23996838061453,47.23996838061453,2231.6146126014605,125.02198887915839,-13.297432909920104,13.297432909920104,176.82172199382626
space3_time2,1607025600000000000,50.0,11.75,3,2,148.96607971191406,154.35393947833987,-5.387859766425805,5.387859766425805,29.029032862669933,125.02198887915839,23.944090832755677,23.944090832755677,573.3194858072544
space3_time2,1607025600000000000,46.0,11.0,3,2,149.6194305419922,153.90429277696757,-4.284862234975378,4.284862234975378,18.360044372718193,125.02198887915839,24.597441662833802,24.597441662833802,605.0341363565121
space3_time2,1607032800000000000,78.0,-1.5,3,2,127.40519714355469,186.1647633328322,-58.75956618927751,58.75956618927751,3452.6866187520845,125.02198887915839,2.383208264396302,2.383208264396302,5.679681631486834
space3_time2,1607032800000000000,73.5,-4.25,3,2,118.91151428222656,181.74370817076974,-62.83219388854317,62.83219388854317,3947.884588847482,125.02198887915839,-6.110474596931823,6.110474596931823,37.337899799749124
space3_time2,1607032800000000000,69.25,-6.25,3,2,118.2581558227539,173.7677834533464,-55.50962763059249,55.50962763059249,3081.318759687037,125.02198887915839,-6.763833056404479,6.763833056404479,45.74943761490996
space3_time2,1607032800000000000,65.0,-8.25,3,2,121.52495574951172,169.75435343832922,-48.2293976888175,48.2293976888175,2326.074801426115,125.02198887915839,-3.497033129646667,3.497033129646667,12.22924070984636
space3_time2,1607032800000000000,60.75,-9.5,3,2,117.60479736328125,163.68215154383867,-46.07735418055742,46.07735418055742,2123.1225682805325,125.02198887915839,-7.4171915158771355,7.4171915158771355,55.01472998319976
space3_time2,1607032800000000000,56.75,-10.5,3,2,150.27279663085938,158.54886958697557,-8.276072956116195,8.276072956116195,68.49338357495786,125.02198887915839,25.25080775170099,25.25080775170099,637.6032921133627
space3_time2,1607032800000000000,52.75,-11.75,3,2,154.8463134765625,157.7451389837929,-2.8988255072304128,2.8988255072304128,8.40318932136966,125.02198887915839,29.824324597404114,29.824324597404114,889.490337691324
space3_time2,1607036400000000000,80.75,-21.5,3,2,118.2581558227539,190.78944740204992,-72.53129157929601,72.53129157929601,5260.7882581608565,125.02198887915839,-6.763833056404479,6.763833056404479,45.74943761490996
space3_time2,1607036400000000000,76.5,-25.75,3,2,127.40519714355469,188.8872147486237,-61.48201760506902,61.48201760506902,3780.038488790017,125.02198887915839,2.383208264396302,2.383208264396302,5.679681631486834
space3_time2,1607036400000000000,71.75,-28.5,3,2,162.68663024902344,186.6744557686062,-23.98782551958277,23.98782551958277,575.4157731579464,125.02198887915839,37.66464136986505,37.66464136986505,1418.62520952055
space3_time2,1607036400000000000,67.5,-31.0,3,2,175.10047912597656,183.00661172215717,-7.906132596180612,7.906132596180612,62.506932628389585,125.02198887915839,50.07849024681818,50.07849024681818,2507.8551854006632
space3_time2,1607036400000000000,63.25,-32.75,3,2,188.82102966308594,181.51695781349864,7.304071849587302,7.304071849587302,53.34946558393367,125.02198887915839,63.79904078392755,63.79904078392755,4070.3176049492513
space3_time2,1607036400000000000,59.25,-34.0,3,2,141.12576293945312,177.3277238363934,-36.20196089694028,36.20196089694028,1310.5819727835928,125.02198887915839,16.10377406029474,16.10377406029474,259.3315389850217
space3_time2,1607036400000000000,55.25,-35.25,3,2,175.10047912597656,172.42340011776852,2.6770790082080396,2.6770790082080396,7.16675201618814,125.02198887915839,50.07849024681818,50.07849024681818,2507.8551854006632
space3_time2,1607043600000000000,79.0,-48.0,3,2,103.88423919677734,194.54121227212556,-90.65697307534822,90.65697307534822,8218.686767184412,125.02198887915839,-21.137749682381042,21.137749682381042,446.8044616349998
space3_time2,1607043600000000000,74.75,-51.75,3,2,121.52495574951172,192.35073961665438,-70.82578386714266,70.82578386714266,5016.291660395205,125.02198887915839,-3.497033129646667,3.497033129646667,12.22924070984636
space3_time2,1607043600000000000,70.25,-54.5,3,2,122.17831420898438,183.7193091013787,-61.54099489239434,61.54099489239434,3787.294052345706,125.02198887915839,-2.8436746701740105,2.8436746701740105,8.086485629789268
space3_time2,1607043600000000000,66.0,-56.25,3,2,114.9913558959961,179.74576107482892,-64.75440517883283,64.75440517883283,4193.132990064451,125.02198887915839,-10.030632983162292,10.030632983162292,100.61359804290326
space3_time2,1607043600000000000,62.0,-57.5,3,2,141.12576293945312,174.00599089719918,-32.88022795774606,32.88022795774606,1081.1093905533455,125.02198887915839,16.10377406029474,16.10377406029474,259.3315389850217
space3_time2,1607043600000000000,57.75,-58.5,3,2,156.1530303955078,169.44939772853724,-13.296367333029423,13.296367333029423,176.79338425485196,125.02198887915839,31.131041516349427,31.131041516349427,969.1417458926717
space3_time3,1607050800000000000,77.25,-73.75,3,3,108.45775604248047,167.8928580710683,-59.435102028587835,59.435102028587835,3532.531353148646,116.1356532257294,-7.6778971832489304,7.6778971832489304,58.95010515654186
space3_time3,1607050800000000000,73.0,-77.0,3,3,131.3253631591797,166.2629695180524,-34.9376063588727,34.9376063588727,1220.636338087542,116.1356532257294,15.189709933450288,15.189709933450288,230.72728786235837
space3_time3,1607050800000000000,68.75,-79.0,3,3,156.806396484375,155.70317640710468,1.103220077270322,1.103220077270322,1.2170945388923353,116.1356532257294,40.6707432586456,40.6707432586456,1654.1093572106665
space3_time3,1607050800000000000,64.5,-80.75,3,3,165.30007934570312,138.36248292361228,26.93759642209085,26.93759642209085,725.6341009994417,116.1356532257294,49.164426119973726,49.164426119973726,2417.1407957063548
space3_time3,1607050800000000000,60.25,-82.0,3,3,155.4996795654297,131.72357911662166,23.776100448808023,23.776100448808023,565.3029525518091,116.1356532257294,39.36402633970029,39.36402633970029,1549.526569672618
space3_time3,1607050800000000000,56.25,-83.25,3,3,160.7265625,134.64115506090627,26.08540743909373,26.08540743909373,680.4484812635264,116.1356532257294,44.5909092742706,44.5909092742706,1988.349189906232
space3_time3,1607050800000000000,52.25,-84.25,3,3,163.33999633789062,137.3270276585133,26.012968679377337,26.012968679377337,676.6745395142664,116.1356532257294,47.204343112161226,47.204343112161226,2228.250008650643
space3_time3,1607050800000000000,48.25,-85.5,3,3,165.30007934570312,138.34517207286066,26.954907272842462,26.954907272842462,726.5670260875354,116.1356532257294,49.164426119973726,49.164426119973726,2417.1407957063548
space3_time3,1607072400000000000,79.5,-168.0,3,3,100.61743927001953,155.87050656700066,-55.25306729698113,55.25306729698113,3052.9014457247254,116.1356532257294,-15.518213955709868,15.518213955709868,240.8149643751885
space3_time3,1607072400000000000,75.25,-172.25,3,3,138.51231384277344,147.78997825928678,-9.277664416513346,9.277664416513346,86.07505702543793,116.1356532257294,22.37666061704404,22.37666061704404,500.7149403703697
space3_time3,1607072400000000000,71.0,-174.5,3,3,117.60479736328125,163.07170944211236,-45.466912078831115,45.466912078831115,2067.2400939841586,116.1356532257294,1.4691441375518508,1.4691441375518508,2.1583844969029715
space3_time3,1607072400000000000,66.5,-176.5,3,3,145.69927978515625,167.43222629934635,-21.732946514190104,21.732946514190104,472.3209641886478,116.1356532257294,29.56362655942685,29.56362655942685,874.0080153452487
space3_time3,1607072400000000000,62.5,-178.0,3,3,112.37791442871094,157.86781079150387,-45.48989636279293,45.48989636279293,2069.3306710976417,116.1356532257294,-3.7577387970184617,3.7577387970184617,14.120600866617755
space3_time3,1607079600000000000,78.0,166.0,3,3,120.87159729003906,105.66674317257062,15.204854117468443,15.204854117468443,231.18758873349708,116.1356532257294,4.735944064309663,4.735944064309663,22.42916618026993
space3_time3,1607079600000000000,73.5,162.5,3,3,143.08583068847656,104.67045472256167,38.41537596591489,38.41537596591489,1475.7411106025913,116.1356532257294,26.950177462747163,26.950177462747163,726.3120652735652
space3_time3,1607079600000000000,69.25,160.25,3,3,130.0186309814453,101.98573326052149,28.032897720923827,28.032897720923827,785.8433546317763,116.1356532257294,13.882977755715913,13.882977755715913,192.73707136570286
space3_time3,1607079600000000000,65.0,158.75,3,3,146.35263061523438,98.58870335367152,47.763927261562856,47.763927261562856,2281.3927474478674,116.1356532257294,30.216977389504976,30.216977389504976,913.065722557855
space3_time3,1607079600000000000,60.75,157.25,3,3,133.9387969970703,83.47106456731345,50.467732429756865,50.467732429756865,2546.9920166015327,116.1356532257294,17.803143771340913,17.803143771340913,316.95192814303476
space3_time3,1607079600000000000,56.75,156.0,3,3,137.8589630126953,91.93077346920309,45.92818954349222,45.92818954349222,2109.3985947429483,116.1356532257294,21.723309786965913,21.723309786965913,471.902188100489
space3_time3,1607083200000000000,80.75,145.25,3,3,111.72455596923828,110.50138065788579,1.2231753113524917,1.2231753113524917,1.496157842302265,116.1356532257294,-4.411097256491118,4.411097256491118,19.45777900622347
space3_time3,1607083200000000000,76.25,140.5,3,3,128.7119140625,99.28189365006165,29.430020412438353,29.430020412438353,866.1261014765381,116.1356532257294,12.5762608367706,12.5762608367706,158.16233663448998
space3_time3,1607083200000000000,72.0,137.5,3,3,136.55223083496094,104.22588555452522,32.32634528043572,32.32634528043572,1044.9925991899486,116.1356532257294,20.41657760923154,20.41657760923154,416.8366412737746
space3_time3,1607083200000000000,67.75,135.5,3,3,134.5921630859375,104.48213976204315,30.110023323894353,30.110023323894353,906.613504565462,116.1356532257294,18.4565098602081,18.4565098602081,340.64275621995887
space3_time3,1607083200000000000,63.5,134.0,3,3,142.43247985839844,88.48465932616634,53.9478205322321,53.9478205322321,2910.3673401779233,116.1356532257294,26.29682663266904,26.29682663266904,691.5230909486517
space3_time3,1607083200000000000,59.25,132.75,3,3,128.05856323242188,99.20230725168406,28.856255980737814,28.856255980737814,832.6835092258668,116.1356532257294,11.922910006692476,11.922910006692476,142.15578302768756
space3_time3,1607083200000000000,55.25,131.5,3,3,130.6719970703125,104.37414812183466,26.297848948477835,26.297848948477835,691.5768593169568,116.1356532257294,14.5363438445831,14.5363438445831,211.305292367949
space3_time3,1607083200000000000,51.0,130.5,3,3,154.8463134765625,93.02468538663571,61.82162808992679,61.82162808992679,3821.9136996892253,116.1356532257294,38.7106602508331,38.7106602508331,1498.5152170554297
space3_time3,1607083200000000000,47.0,129.5,3,3,133.9387969970703,107.27914113973671,26.659655857333604,26.659655857333604,710.7372504314619,116.1356532257294,17.803143771340913,17.803143771340913,316.95192814303476
space3_time3,1607083200000000000,43.0,128.5,3,3,137.20559692382812,111.71050386793158,25.495093055896547,25.495093055896547,649.9997699288243,116.1356532257294,21.069943698098726,21.069943698098726,443.94252744105023
space3_time3,1607090400000000000,79.0,119.0,3,3,133.9387969970703,109.53719222380886,24.401604773261454,24.401604773261454,595.4383155104562,116.1356532257294,17.803143771340913,17.803143771340913,316.95192814303476
space3_time3,1607090400000000000,74.75,115.0,3,3,137.20559692382812,109.46272490426645,27.742872019561673,27.742872019561673,769.666947893778,116.1356532257294,21.069943698098726,21.069943698098726,443.94252744105023
space3_time3,1607090400000000000,70.25,112.5,3,3,128.05856323242188,112.35693045818262,15.701632774239258,15.701632774239258,246.5412717770644,116.1356532257294,11.922910006692476,11.922910006692476,142.15578302768756
space3_time3,1607090400000000000,63.5,108.5,3,3,140.47239685058594,116.61003332566968,23.862363524916262,23.862363524916262,569.4123929952541,116.1356532257294,24.33674362485654,24.33674362485654,592.2770902619953
space3_time3,1607090400000000000,60.0,107.0,3,3,120.87159729003906,115.92145108505886,4.9501462049802,4.9501462049802,24.503947450679878,116.1356532257294,4.735944064309663,4.735944064309663,22.42916618026993
space3_time3,1607090400000000000,56.25,106.0,3,3,120.87159729003906,108.15987990780215,12.711717382236912,12.711717382236912,161.58775880586407,116.1356532257294,4.735944064309663,4.735944064309663,22.42916618026993
space3_time3,1607090400000000000,52.5,105.5,3,3,128.05856323242188,117.73056006769683,10.328003164725047,10.328003164725047,106.66764937057059,116.1356532257294,11.922910006692476,11.922910006692476,142.15578302768756
space3_time3,1607090400000000000,49.0,105.25,3,3,112.37791442871094,120.1785053808787,-7.8005909521677665,7.8005909521677665,60.84921920304162,116.1356532257294,-3.7577387970184617,3.7577387970184617,14.120600866617755
space3_time3,1607094000000000000,81.75,98.5,3,3,116.9514389038086,115.53156786607312,1.4198710377354757,1.4198710377354757,2.0160337638000168,116.1356532257294,0.8157856780791946,0.8157856780791946,0.6655062725591312
space3_time3,1607094000000000000,77.25,93.0,3,3,130.0186309814453,105.65100056149988,24.367630419945428,24.367630419945428,593.7814122830498,116.1356532257294,13.882977755715913,13.882977755715913,192.73707136570286
space3_time3,1607094000000000000,73.0,90.0,3,3,144.39256286621094,91.06748584101328,53.32507702519766,53.32507702519766,2843.563839743263,116.1356532257294,28.25690964048154,28.25690964048154,798.4529424303385
space3_time3,1607097600000000000,68.75,87.75,3,3,133.28543090820312,116.16914733531353,17.1162835728896,17.1162835728896,292.96716334757036,116.1356532257294,17.149777682473726,17.149777682473726,294.11487455827387
space3_time3,1607097600000000000,64.5,86.0,3,3,115.64471435546875,124.46413819831562,-8.819423842846874,8.819423842846874,77.78223691977591,116.1356532257294,-0.4909388702606492,0.4909388702606492,0.24102097433280253
space3_time3,1607097600000000000,60.5,84.75,3,3,145.69927978515625,131.23723204607114,14.462047739085108,14.462047739085108,209.15082480757667,116.1356532257294,29.56362655942685,29.56362655942685,874.0080153452487
space3_time3,1607097600000000000,56.25,83.5,3,3,142.43247985839844,129.26773501883997,13.164744839558466,13.164744839558466,173.31050669068125,116.1356532257294,26.29682663266904,26.29682663266904,691.5230909486517
space3_time3,1607097600000000000,52.25,82.25,3,3,154.19296264648438,127.10632495725827,27.08663768922611,27.08663768922611,733.6859413074043,116.1356532257294,38.057309420754976,38.057309420754976,1448.3588003470854
space3_time3,1607101200000000000,80.0,71.75,3,3,100.61743927001953,100.85467164761724,-0.23723237759770655,0.23723237759770655,0.05627920098066082,116.1356532257294,-15.518213955709868,15.518213955709868,240.8149643751885
space3_time3,1607101200000000000,75.75,67.5,3,3,126.09848022460938,108.19930336615738,17.899176858451995,17.899176858451995,320.38053221014343,116.1356532257294,9.962826998879976,9.962826998879976,99.25792180961179
space3_time3,1607101200000000000,71.5,64.75,3,3,139.81903076171875,113.18219319598091,26.636837565737835,26.636837565737835,709.5211155035023,116.1356532257294,23.68337753598935,23.68337753598935,560.902371512205
space3_time3,1607101200000000000,67.25,62.75,3,3,159.41983032226562,127.70433468913706,31.71549563312857,31.71549563312857,1005.8726632549973,116.1356532257294,43.284177096536226,43.284177096536226,1873.519986924311
space3_time3,1607101200000000000,63.0,61.5,3,3,166.60679626464844,131.6630247754984,34.94377148915004,34.94377148915004,1221.067165885935,116.1356532257294,50.47114303891904,50.47114303891904,2547.336279655026
space3_time3,1607101200000000000,59.0,60.0,3,3,181.6340789794922,133.59896848895528,48.03511049053691,48.03511049053691,2307.371839838089,116.1356532257294,65.49842575376279,65.49842575376279,4290.043776221177
space3_time3,1607101200000000000,54.75,58.75,3,3,161.37991333007812,135.96155619004975,25.418357140028377,25.418357140028377,646.0928796980315,116.1356532257294,45.244260104348726,45.244260104348726,2047.0430723899617
space3_time3,1607101200000000000,50.5,58.0,3,3,162.0332794189453,123.63030848881101,38.4029709301343,38.4029709301343,1474.7881762607403,116.1356532257294,45.89762619321591,45.89762619321591,2106.5920901721793
space3_time3,1607108400000000000,78.5,45.5,3,3,141.12576293945312,121.91924864861929,19.206514290833837,19.206514290833837,368.8901912040044,116.1356532257294,24.990109713723726,24.990109713723726,624.505583503949
space3_time3,1607108400000000000,74.0,42.25,3,3,137.20559692382812,116.7507736420595,20.454823281768626,20.454823281768626,418.3997954883838,116.1356532257294,21.069943698098726,21.069943698098726,443.94252744105023
space3_time3,1607108400000000000,69.75,40.0,3,3,158.7664794921875,121.85258802060898,36.91389147157852,36.91389147157852,1362.6353835754776,116.1356532257294,42.6308262664581,42.6308262664581,1817.387348160934
space3_time3,1607108400000000000,65.5,38.0,3,3,156.1530303955078,127.36766839297081,28.785362002537,28.785362002537,828.5970656171008,116.1356532257294,40.01737716977841,40.01737716977841,1601.3904755483027
space3_time3,1607108400000000000,61.5,36.75,3,3,168.56687927246094,122.72192249439993,45.844956778061004,45.844956778061004,2101.7600619822815,116.1356532257294,52.43122604673154,52.43122604673154,2749.0334647634595
space3_time3,1607108400000000000,57.25,35.5,3,3,147.65936279296875,121.38681512280016,26.272547670168592,26.272547670168592,690.2467610812811,116.1356532257294,31.52370956723935,31.52370956723935,993.7442648796577
space3_time3,1607108400000000000,53.25,34.5,3,3,152.23287963867188,127.61329037588496,24.619589262786917,24.619589262786917,606.1241754683329,116.1356532257294,36.097226412942476,36.097226412942476,1303.0097547072319
space3_time3,1607108400000000000,49.25,33.25,3,3,164.64671325683594,123.5966306024408,41.05008265439514,41.05008265439514,1685.1092859326727,116.1356532257294,48.51106003110654,48.51106003110654,2353.3229453416225
space3_time3,1607108400000000000,45.0,32.5,3,3,204.50167846679688,116.24757087820333,88.25410758859354,88.25410758859354,7788.787506259044,116.1356532257294,88.36602524106748,88.36602524106748,7808.5544169049745
space3_time3,1607112000000000000,81.25,25.0,3,3,115.64471435546875,135.84940745068133,-20.204693095212576,20.204693095212576,408.22962307173077,116.1356532257294,-0.4909388702606492,0.4909388702606492,0.24102097433280253
space3_time3,1607112000000000000,76.75,20.0,3,3,145.69927978515625,132.75173461631817,12.947545168838076,12.947545168838076,167.6389258991022,116.1356532257294,29.56362655942685,29.56362655942685,874.0080153452487
space3_time3,1607112000000000000,72.5,17.25,3,3,133.9387969970703,106.38625336975306,27.55254362731725,27.55254362731725,759.1426603352203,116.1356532257294,17.803143771340913,17.803143771340913,316.95192814303476
space3_time3,1607112000000000000,68.25,15.0,3,3,126.09848022460938,108.67073273397813,17.427747490631248,17.427747490631248,303.7263825972037,116.1356532257294,9.962826998879976,9.962826998879976,99.25792180961179
space3_time3,1607112000000000000,64.0,13.5,3,3,133.28543090820312,107.27151068509133,26.013920223111796,26.013920223111796,676.7240453744249,116.1356532257294,17.149777682473726,17.149777682473726,294.11487455827387
space3_time3,1607112000000000000,59.75,12.0,3,3,175.10047912597656,100.26409584935028,74.83638327662628,74.83638327662628,5600.484261926109,116.1356532257294,58.96482590024716,58.96482590024716,3476.8506934464585
space3_time3,1607112000000000000,55.75,10.75,3,3,139.81903076171875,98.52154462006523,41.29748614165352,41.29748614165352,1705.4823616200647,116.1356532257294,23.68337753598935,23.68337753598935,560.902371512205
space3_time3,1607112000000000000,49.75,10.5,3,3,156.1530303955078,87.90864045408279,68.24438994142503,68.24438994142503,4657.296758477273,116.1356532257294,40.01737716977841,40.01737716977841,1601.3904755483027
space3_time3,1607112000000000000,46.25,9.25,3,3,142.43247985839844,92.4537968709671,49.97868298743134,49.97868298743134,2497.868753158159,116.1356532257294,26.29682663266904,26.29682663266904,691.5230909486517
space3_time3,1607119200000000000,79.5,-1.5,3,3,102.5775146484375,142.78224898835313,-40.20473433991563,40.20473433991563,1616.4206633431913,116.1356532257294,-13.5581385772919,13.5581385772919,183.8231216810508
space3_time3,1607119200000000000,75.25,-5.25,3,3,127.40519714355469,141.3280687383127,-13.922871594758021,13.922871594758021,193.84635344411976,116.1356532257294,11.269543917825288,11.269543917825288,127.00262011579295
space3_time3,1607119200000000000,71.0,-8.0,3,3,134.5921630859375,140.31765284213859,-5.725489756201085,5.725489756201085,32.78123294836357,116.1356532257294,18.4565098602081,18.4565098602081,340.64275621995887
space3_time3,1607119200000000000,66.5,-9.75,3,3,130.0186309814453,126.61545886888973,3.4031721125555805,3.4031721125555805,11.581580427676013,116.1356532257294,13.882977755715913,13.882977755715913,192.73707136570286
space3_time3,1607119200000000000,62.5,-11.25,3,3,146.35263061523438,123.89535650120449,22.457274114029886,22.457274114029886,504.3291606326768,116.1356532257294,30.216977389504976,30.216977389504976,913.065722557855
space3_time3,1607119200000000000,58.25,-12.5,3,3,130.0186309814453,118.85095929408124,11.167671687364077,11.167671687364077,124.71689091675321,116.1356532257294,13.882977755715913,13.882977755715913,192.73707136570286
space3_time3,1607119200000000000,54.25,-13.75,3,3,167.91351318359375,117.63837443243743,50.27513875115632,50.27513875115632,2527.5895764480197,116.1356532257294,51.77785995786435,51.77785995786435,2680.9467818162125
