fold_id,hour,latitude,longitude,space_fold,time_fold,observed,predicted,rf_mean_predicted,kriged_residual_predicted,kriging_variance,residual,abs_error,squared_error,rf_mean_residual,baseline_predicted,baseline_residual,baseline_abs_error,baseline_squared_error
space0_time0,2020-12-01 02:00:00,47.5,-78.5,0,0,164.64671325683594,145.97470452550274,138.97152325911983,7.003181266382897,1366.5973488171767,18.672008731333193,18.672008731333193,348.643910062983,25.675189997716103,126.17057221182462,38.47614104501132,38.47614104501132,1480.4134297156047
space0_time0,2020-12-01 02:00:00,43.5,-79.25,0,0,155.4996795654297,143.66836312428273,137.65243981972014,6.015923304562583,1366.9380930477996,11.831316441146953,11.831316441146953,139.9800487305542,17.847239745709544,126.17057221182462,29.329107353605067,29.329107353605067,860.1965381592909
space0_time0,2020-12-01 02:00:00,39.5,-80.25,0,0,183.5941619873047,140.447518503923,136.11213637354294,4.335382130380054,1367.366621737615,43.146643483381695,43.146643483381695,1861.632843882044,47.48202561376175,126.17057221182462,57.42358977548007,57.42358977548007,3297.468662702619
space0_time0,2020-12-01 02:00:00,35.25,-81.0,0,0,203.8483123779297,135.84406390908504,134.6109440816012,1.2331198274838466,1367.7835819843572,68.00424846884465,68.00424846884465,4624.57780981236,69.2373682963285,126.17057221182462,77.67774016610507,77.67774016610507,6033.831317312933
space0_time0,2020-12-01 02:00:00,31.25,-81.75,0,0,201.8882293701172,137.08001800820037,135.8376915429188,1.2423264652815693,1367.8774099083003,64.80821136191682,64.80821136191682,4200.104259930884,66.05053782719838,126.17057221182462,75.71765715829257,75.71765715829257,5733.163605540733
space0_time0,2020-12-01 02:00:00,27.25,-82.75,0,0,214.3020782470703,178.93967872578543,177.69456599428045,1.2451127315049668,1367.9314815100838,35.362399521284885,35.362399521284885,1250.4992999029696,36.60751225278986,126.17057221182462,88.13150603524569,88.13150603524569,7767.162356040548
space0_time0,2020-12-01 02:00:00,23.0,-83.5,0,0,202.54159545898438,116.9528102593802,119.12797385659282,-2.175163597212618,1367.9104288772457,85.58878519960417,85.58878519960417,7325.4401519439825,83.41362160239156,126.17057221182462,76.37102324715975,76.37102324715975,5832.5331918182155
space0_time0,2020-12-01 02:00:00,19.0,-84.25,0,0,232.59616088867188,94.49687118451581,98.61042721776057,-4.113556033244764,1367.7873776394354,138.09928970415606,138.09928970415606,19071.413816792425,133.98573367091132,126.17057221182462,106.42558867684725,106.42558867684725,11326.40592521348
space0_time0,2020-12-01 02:00:00,15.0,-85.25,0,0,246.97007751464844,65.8966874322965,67.97785835157676,-2.0811709192802557,1367.7342373287001,181.07339008235192,181.07339008235192,32787.57259591558,178.9922191630717,126.17057221182462,120.79950530282382,120.79950530282382,14592.52048140696
space0_time0,2020-12-01 02:00:00,10.75,-86.0,0,0,145.69927978515625,90.40587087061944,89.55907927941847,0.8467915912009678,1367.7744835289247,55.29340891453681,55.29340891453681,3057.361069390179,56.14020050573778,126.17057221182462,19.52870757333163,19.52870757333163,381.37041948470016
space0_time0,2020-12-01 02:00:00,6.75,-87.0,0,0,165.95343017578125,97.97592273433403,92.8976798550853,5.078242879248732,1368.4066217891148,67.97750744144722,67.97750744144722,4620.941517952012,73.05575032069595,126.17057221182462,39.78285796395663,39.78285796395663,1582.6757877803475
space0_time0,2020-12-01 02:00:00,2.75,-88.0,0,0,213.64871215820312,116.05755829975624,108.41557448317741,7.641983816578822,1368.2445597603576,97.59115385844689,97.59115385844689,9524.033311423053,105.23313767502572,126.17057221182462,87.4781399463785,87.4781399463785,7652.424968478183
space0_time0,2020-12-01 02:00:00,-1.5,-88.75,0,0,222.14239501953125,119.6582288585152,109.92950217658934,9.72872668192586,1368.7242712111479,102.48416616101605,102.48416616101605,10503.004313718748,112.21289284294191,126.17057221182462,95.97182280770663,95.97182280770663,9210.590773033839
space0_time0,2020-12-01 02:00:00,-5.75,-90.0,0,0,225.40919494628906,138.03025376602494,128.29732030163572,9.73293346438923,1368.7208562400626,87.37894118026412,87.37894118026412,7635.079361784057,97.11187464465334,126.17057221182462,99.23862273446444,99.23862273446444,9848.304242233364
space0_time0,2020-12-01 02:00:00,-10.0,-91.0,0,0,203.19496154785156,186.94099246016464,177.22656230711237,9.714430153052277,1369.054911835261,16.253969087686926,16.253969087686926,264.1915111034821,25.96839924073919,126.17057221182462,77.02438933602694,77.02438933602694,5932.756552587861
space0_time0,2020-12-01 03:00:00,-14.25,-92.5,0,0,209.0751953125,185.95991394586054,175.68915090721208,10.270763038648463,1369.8095280314842,23.115281366639465,23.115281366639465,534.3162326589096,33.38604440528792,126.17057221182462,82.90462310067538,82.90462310067538,6873.176531465037
space0_time0,2020-12-01 20:00:00,39.0,14.0,0,0,166.60679626464844,198.19671694333525,181.89686515922548,16.299851784109773,1349.7783643934008,-31.58992067868681,31.58992067868681,997.9230884857245,-15.290068894577047,126.17057221182462,40.43622405282382,40.43622405282382,1635.0882156501675
space0_time0,2020-12-01 20:00:00,34.75,13.0,0,0,154.8463134765625,201.8088292517001,183.65382970956256,18.15499954213754,1351.1984570966042,-46.962515775137604,46.962515775137604,2205.4778879300484,-28.807516233000058,126.17057221182462,28.67574126473788,28.67574126473788,822.2981370821908
space0_time0,2020-12-01 20:00:00,30.75,12.25,0,0,148.96607971191406,185.12436431125641,165.84236365832604,19.28200065293038,1352.852994830118,-36.15828459934235,36.15828459934235,1307.4215451670384,-16.876283946411974,126.17057221182462,22.795507500089442,22.795507500089442,519.635162186634
space0_time0,2020-12-01 20:00:00,26.75,11.5,0,0,184.90087890625,192.4518467011364,173.01528619904923,19.43656050208716,1354.153922471515,-7.55096779488639,7.55096779488639,57.017114639411425,11.885592707200772,126.17057221182462,58.73030669442538,58.73030669442538,3449.2489244212666
space0_time0,2020-12-01 20:00:00,22.75,10.5,0,0,177.7139129638672,193.50862717008783,173.3041042547735,20.204522915314342,1355.157010695755,-15.794714206220647,15.794714206220647,249.4729968561883,4.4098087090936815,126.17057221182462,51.54334075204257,51.54334075204257,2656.715975881172
space0_time0,2020-12-01 20:00:00,18.5,9.75,0,0,128.7119140625,203.67801655856834,183.39359250646544,20.28442405210292,1356.0030685682038,-74.96610249606834,74.96610249606834,5619.916523451025,-54.68167844396544,126.17057221182462,2.54134185067538,2.54134185067538,6.458418401994165
space0_time0,2020-12-01 20:00:00,14.5,8.75,0,0,91.47039794921875,199.58634427932813,181.35143222306365,18.234912056264477,1356.6500899941511,-108.11594633010938,108.11594633010938,11689.057850855092,-89.8810342738449,126.17057221182462,-34.70017426260587,34.70017426260587,1204.102093855215
space0_time0,2020-12-01 20:00:00,10.5,8.0,0,0,98.00399780273438,179.62399179136958,164.1528740678054,15.47111772356417,1357.377527749912,-81.6199939886352,81.6199939886352,6661.8234187048465,-66.14887626507104,126.17057221182462,-28.166574409090245,28.166574409090245,793.3559139428174
space0_time0,2020-12-01 20:00:00,6.25,7.25,0,0,97.35063934326172,127.39011683006535,113.07557156636587,14.31454526369949,1358.320632286408,-30.039477486803634,30.039477486803634,902.3702076801824,-15.724932223104148,126.17057221182462,-28.8199328685629,28.8199328685629,830.5885305484722
space0_time0,2020-12-01 20:00:00,2.25,6.25,0,0,71.21623992919922,135.3122286683381,120.60713009243909,14.705098575899004,1358.118690146287,-64.09598873913887,64.09598873913887,4108.295772447817,-49.390890163239874,126.17057221182462,-54.9543322826254,54.9543322826254,3019.978636629204
space0_time0,2020-12-01 20:00:00,-2.0,5.25,0,0,23.520959854125977,117.41880148606275,103.93836947133082,13.480432014731932,1358.6767691281552,-93.89784163193677,93.89784163193677,8816.804663136278,-80.41740961720484,126.17057221182462,-102.64961235769864,102.64961235769864,10536.942917185797
space0_time0,2020-12-01 20:00:00,-6.25,4.0,0,0,16.98736000061035,118.7489024511399,105.34373526199185,13.405167189148042,1358.4244776597234,-101.76154245052955,101.76154245052955,10355.411521910926,-88.3563752613815,126.17057221182462,-109.18321221121427,109.18321221121427,11920.973828759048
space0_time0,2020-12-01 20:00:00,-10.5,3.0,0,0,26.1343994140625,145.81794818716475,127.47099956236534,18.346948624799396,1356.2654097972602,-119.68354877310225,119.68354877310225,14324.151846923543,-101.33660014830284,126.17057221182462,-100.03617279776212,100.03617279776212,10007.235868023721
space0_time0,2020-12-01 20:00:00,-15.0,1.75,0,0,43.77511978149414,165.75747159297427,143.10507153410757,22.652400058866704,1355.6594914172374,-121.98235181148013,121.98235181148013,14879.69415345971,-99.32995175261343,126.17057221182462,-82.39545243033048,82.39545243033048,6789.010581198853
space0_time0,2020-12-01 22:00:00,49.5,-7.75,0,0,184.90087890625,168.841243960141,161.77343264874798,7.067811311393003,1319.5689406864087,16.059634946109014,16.059634946109014,257.9118746022859,23.127446257502015,126.17057221182462,58.73030669442538,58.73030669442538,3449.2489244212666
space0_time0,2020-12-01 22:00:00,45.5,-8.5,0,0,178.36727905273438,175.64785425157666,167.3301300979034,8.31772415367325,1324.4637853259132,2.7194248011577145,2.7194248011577145,7.3952712491516746,11.037148954830968,126.17057221182462,52.196706840909755,52.196706840909755,2724.4962050358754
space0_time0,2020-12-01 22:00:00,41.5,-9.5,0,0,149.6194305419922,189.44934910863893,179.74025957579408,9.709089532844853,1329.3658036916431,-39.82991856664674,39.82991856664674,1586.4224130257107,-30.120829033801897,126.17057221182462,23.448858330167567,23.448858330167567,549.8489569882689
space0_time0,2020-12-01 22:00:00,37.25,-10.5,0,0,147.65936279296875,189.0016318290428,178.17597837344294,10.82565345559986,1334.7058107495257,-41.34226903607404,41.34226903607404,1709.1832090511266,-30.516615580474195,126.17057221182462,21.48879058114413,21.48879058114413,461.76812064026865
space0_time0,2020-12-01 22:00:00,33.25,-11.5,0,0,196.66136169433594,187.53996373975806,173.55638611096023,13.983577628797836,1338.7574380390986,9.121397954577873,9.121397954577873,83.1999006457774,23.104975583375705,126.17057221182462,70.49078948251132,70.49078948251132,4968.951401867728
space0_time0,2020-12-01 22:00:00,29.25,-12.25,0,0,147.65936279296875,197.51965450857628,180.49550245472946,17.02415205384682,1342.6736787180464,-49.86029171560753,49.86029171560753,2486.048689965481,-32.83613966176071,126.17057221182462,21.48879058114413,21.48879058114413,461.76812064026865
space0_time0,2020-12-01 22:00:00,25.25,-13.0,0,0,165.95343017578125,193.67806695311737,174.74024462246342,18.93782233065395,1346.091096750434,-27.724636777336116,27.724636777336116,768.6554844352183,-8.786814446682172,126.17057221182462,39.78285796395663,39.78285796395663,1582.6757877803475
space0_time0,2020-12-01 22:00:00,21.0,-13.75,0,0,203.19496154785156,154.17012787446885,132.4554319674713,21.714695906997548,1348.943445420226,49.024833673382716,49.024833673382716,2403.4343167028396,70.73952958038026,126.17057221182462,77.02438933602694,77.02438933602694,5932.756552587861
space0_time0,2020-12-01 22:00:00,17.0,-14.75,0,0,156.806396484375,184.30594687162647,160.17313853384047,24.132808337786017,1351.1089453439413,-27.499550387251475,27.499550387251475,756.2252715009827,-3.366742049465472,126.17057221182462,30.63582427255038,30.63582427255038,938.553728858587
space0_time0,2020-12-01 22:00:00,13.0,-15.5,0,0,154.19296264648438,157.95781288055994,130.51455209893246,27.443260781627483,1352.153801328939,-3.764850234075567,3.764850234075567,14.174097285018851,23.67841054755192,126.17057221182462,28.022390434659755,28.022390434659755,785.2543656725105
space0_time0,2020-12-01 22:00:00,8.75,-16.5,0,0,184.90087890625,91.00213042807377,66.13237491406993,24.869755514003838,1353.3011238927488,93.89874847817623,93.89874847817623,8816.974965767802,118.76850399218007,126.17057221182462,58.73030669442538,58.73030669442538,3449.2489244212666
space0_time0,2020-12-01 22:00:00,4.75,-17.25,0,0,138.51231384277344,94.97755494891526,67.88046196698414,27.097092981931112,1353.8584858993681,43.53475889385818,43.53475889385818,1895.275231946364,70.6318518757893,126.17057221182462,12.341741630948817,12.341741630948817,152.31858648509518
space0_time0,2020-12-01 22:00:00,0.5,-18.25,0,0,148.96607971191406,125.51371728848066,97.32305410894385,28.19066317953681,1354.3954474561178,23.4523624234334,23.4523624234334,550.0133032400709,51.64302560297021,126.17057221182462,22.795507500089442,22.795507500089442,519.635162186634
space0_time0,2020-12-01 22:00:00,-3.5,-19.25,0,0,180.980712890625,129.36106495383177,101.1089473936104,28.25211756022135,1354.577046517281,51.61964793679323,51.61964793679323,2664.588053118481,79.8717654970146,126.17057221182462,54.81014067880038,54.81014067880038,3004.151521229888
space0_time0,2020-12-01 22:00:00,-7.75,-20.25,0,0,177.7139129638672,134.79436420715157,106.52091053424475,28.273453672906815,1354.6477437625044,42.91954875671561,42.91954875671561,1842.0876654800888,71.19300242962244,126.17057221182462,51.54334075204257,51.54334075204257,2656.715975881172
space0_time0,2020-12-01 22:00:00,-12.25,-21.5,0,0,194.70127868652344,187.2590452184989,158.84774701491799,28.4112982035809,1354.6716830993832,7.44223346802454,7.44223346802454,55.38683899258457,35.85353167160545,126.17057221182462,68.53070647469882,68.53070647469882,4696.457729921326
space0_time0,2020-12-01 22:00:00,-16.5,-23.0,0,0,158.1131134033203,190.3629105078925,172.09579527476626,18.267115233126244,1354.7103225420228,-32.249797104572195,32.249797104572195,1040.049413286073,-13.982681871445948,126.17057221182462,31.942541191495692,31.942541191495692,1020.325937770399
space0_time1,2020-12-01 23:00:00,52.25,-31.5,0,1,163.9933624267578,155.10746637620576,155.1875878219262,-0.08012144572043145,1566.065876834129,8.885896050552049,8.885896050552049,78.9591486212165,8.805774604831612,126.25077273943246,37.74258968732535,37.74258968732535,1424.5030763057978
space0_time1,2020-12-01 23:00:00,48.0,-32.25,0,1,150.27279663085938,159.27014441941265,159.40053945889977,-0.13039503948713116,1569.454191083718,-8.99734778855327,8.99734778855327,80.95226722818443,-9.127742828040397,126.25077273943246,24.02202389142691,24.02202389142691,577.0576318402854
space0_time1,2020-12-01 23:00:00,44.0,-33.25,0,1,179.6739959716797,162.07490587573295,164.20266303741246,-2.1277571616795257,1572.7579519309957,17.599090095946735,17.599090095946735,309.72797220525047,15.471332934267224,126.25077273943246,53.423223232247224,53.423223232247224,2854.0407805225195
space0_time1,2020-12-01 23:00:00,40.0,-34.0,0,1,197.96807861328125,165.6175820935129,168.2353513681891,-2.6177692746761836,1576.055991521832,32.35049651976834,32.35049651976834,1046.5546250755435,29.73272724509215,126.25077273943246,71.71730587384879,71.71730587384879,5143.3719618031855
space0_time1,2020-12-01 23:00:00,35.75,-35.0,0,1,234.5562286376953,168.1638884423638,171.4644053825894,-3.3005169402256183,1579.5828209646816,66.39234019533151,66.39234019533151,4407.942836612632,63.09182325510591,126.25077273943246,108.30545589826285,108.30545589826285,11730.071777330559
space0_time1,2020-12-01 23:00:00,31.75,-35.75,0,1,223.44911193847656,159.25859392185333,163.78016425058416,-4.521570328730837,1582.132197758398,64.19051801662323,64.19051801662323,4120.422603242431,59.6689476878924,126.25077273943246,97.1983391990441,97.1983391990441,9447.517143052433
space0_time1,2020-12-01 23:00:00,27.75,-36.75,0,1,216.2621612548828,151.6800166736451,156.43154321333083,-4.751526539685736,1584.9064217292473,64.58214458123771,64.58214458123771,4170.853398711892,59.830618041551986,126.25077273943246,90.01138851545035,90.01138851545035,8102.050062479347
space0_time1,2020-12-01 23:00:00,23.75,-37.75,0,1,239.1297607421875,138.54614644820407,143.63803581513875,-5.0918893669346925,1587.1218829086235,100.58361429398343,100.58361429398343,10117.063464440827,95.49172492704875,126.25077273943246,112.87898800275504,112.87898800275504,12741.665932526115
space0_time1,2020-12-01 23:00:00,19.5,-38.5,0,1,232.59616088867188,151.94259581351906,154.53814186865722,-2.5955460551381493,1588.542808554025,80.65356507515281,80.65356507515281,6504.9975593319095,78.05801902001465,126.25077273943246,106.34538814923941,106.34538814923941,11309.34158061239
space0_time1,2020-12-01 23:00:00,15.5,-39.25,0,1,227.36927795410156,145.4071378409793,143.99543443981818,1.4117034011611005,1589.4110287779204,81.96214011312227,81.96214011312227,6717.7924119230875,83.37384351428338,126.25077273943246,101.1185052146691,101.1185052146691,10224.952096849061
space0_time1,2020-12-01 23:00:00,11.5,-40.0,0,1,193.39456176757812,125.64018950255685,119.7455135770273,5.89467592552955,1590.4782669154702,67.75437226502127,67.75437226502127,4590.654961027084,73.64904819055083,126.25077273943246,67.14378902814566,67.14378902814566,4508.288405056133
space0_time1,2020-12-01 23:00:00,7.25,-41.0,0,1,162.0332794189453,76.4287873698674,66.35913255362063,10.069654816246768,1588.809451442132,85.60449204907792,85.60449204907792,7328.129058980645,95.67414686532469,126.25077273943246,35.78250667951285,35.78250667951285,1280.3877842693817
space0_time1,2020-12-01 23:00:00,3.25,-41.75,0,1,148.96607971191406,79.33429975148334,62.84403313962198,16.490266611861358,1588.1064717007166,69.63177996043072,69.63177996043072,4848.584780457842,86.12204657229208,126.25077273943246,22.7153069724816,22.7153069724816,515.9851708540712
space0_time1,2020-12-01 23:00:00,-1.0,-42.75,0,1,194.70127868652344,92.8794081704564,73.1395278821687,19.7398802882877,1587.6933020683591,101.82187051606704,101.82187051606704,10367.693315390721,121.56175080435474,126.25077273943246,68.45050594709097,68.45050594709097,4685.471764412737
space0_time1,2020-12-01 23:00:00,-5.25,-43.75,0,1,251.54359436035156,89.11123329039809,67.26812355313325,21.84310973726484,1587.6374769354638,162.43236106995346,162.43236106995346,26384.271922759734,184.2754708072183,126.25077273943246,125.2928216209191,125.2928216209191,15698.291149731453
space0_time1,2020-12-01 23:00:00,-9.5,-45.0,0,1,234.5562286376953,113.50844848015262,89.81458819966835,23.69386028048428,1587.5823521931325,121.04778015754269,121.04778015754269,14652.565081068786,144.74164043802696,126.25077273943246,108.30545589826285,108.30545589826285,11730.071777330559
space0_time1,2020-12-01 23:00:00,-13.75,-46.25,0,1,220.18231201171875,114.16278299168162,89.41426723243109,24.748515759250537,1587.6117716550898,106.01952902003713,106.01952902003713,11240.140533630494,130.76804477928766,126.25077273943246,93.93153927228629,93.93153927228629,8823.134070061062
space0_time1,2020-12-02 01:00:00,54.5,-55.0,0,1,139.81903076171875,147.16864627188437,144.69552882165533,2.4731174502290543,1578.027779589611,-7.34961551016562,7.34961551016562,54.01684814726705,-4.87649805993658,126.25077273943246,13.568258022286287,13.568258022286287,184.09762575933618
space0_time1,2020-12-02 01:00:00,50.5,-55.75,0,1,130.6719970703125,151.6072993301696,148.82864363892895,2.778655691240661,1579.3574254174387,-20.93530225985711,20.93530225985711,438.28688071157825,-18.156646568616452,126.25077273943246,4.421224330880037,4.421224330880037,19.54722458396563
space0_time1,2020-12-02 01:00:00,46.5,-56.75,0,1,130.0186309814453,157.7311289655501,153.86487440909806,3.8662545564520396,1580.9248872970484,-27.7124979841048,27.7124979841048,767.9825445190127,-23.84624342765275,126.25077273943246,3.7678582420128492,3.7678582420128492,14.196755731904158
space0_time1,2020-12-02 01:00:00,42.5,-57.5,0,1,126.09848022460938,173.1381771232203,168.15678737579591,4.9813897474243785,1582.4594899478845,-47.03969689861091,47.03969689861091,2212.733084313185,-42.05830715118654,126.25077273943246,-0.15229251482308825,0.15229251482308825,0.023193010071140555
space0_time1,2020-12-02 01:00:00,38.25,-58.75,0,1,182.9407958984375,165.35261413169016,158.86015744113655,6.492456690553615,1584.1080716583738,17.58818176674734,17.58818176674734,309.3441378601436,24.08063845730095,126.25077273943246,56.69002315900504,56.69002315900504,3213.7587257685273
space0_time1,2020-12-02 01:00:00,34.25,-59.5,0,1,199.92816162109375,165.90252838385263,158.62115789935234,7.281370484500284,1585.1017491402445,34.025633237241124,34.025633237241124,1157.7437171952479,41.30700372174141,126.25077273943246,73.67738888166129,73.67738888166129,5428.3576324195465
space0_time1,2020-12-02 01:00:00,30.25,-60.25,0,1,212.995361328125,159.8334167935328,154.57625673262996,5.257160060902831,1585.7998788786533,53.16194453459221,53.16194453459221,2826.1923466990584,58.41910459549504,126.25077273943246,86.74458858869254,86.74458858869254,7524.623649421527
space0_time1,2020-12-02 01:00:00,26.25,-61.0,0,1,206.46176147460938,144.90553528869077,141.4249103600035,3.4806249286872704,1586.1182316317568,61.556226185918604,61.556226185918604,3789.168982251971,65.03685111460587,126.25077273943246,80.21098873517691,80.21098873517691,6433.8027138746775
space0_time1,2020-12-02 01:00:00,22.25,-62.0,0,1,209.7285614013672,162.3536604560624,159.33860136851513,3.0150590875472965,1586.4601049281773,47.37490094530477,47.37490094530477,2244.381239577439,50.38996003285206,126.25077273943246,83.47778866193472,83.47778866193472,6968.5411998866375
space0_time1,2020-12-02 01:00:00,18.0,-62.75,0,1,197.96807861328125,152.92022167118517,149.93405729037954,2.9861643808056284,1586.584358258288,45.047856942096075,45.047856942096075,2029.3094150755535,48.03402132290171,126.25077273943246,71.71730587384879,71.71730587384879,5143.3719618031855
space0_time1,2020-12-02 01:00:00,14.0,-63.75,0,1,155.4996795654297,123.09767069828516,122.12654863761273,0.9711220606724262,1586.685319371671,32.40200886714453,32.40200886714453,1049.8901786265128,33.37313092781696,126.25077273943246,29.248906825997224,29.248906825997224,855.498550515867
space0_time1,2020-12-02 01:00:00,10.0,-64.5,0,1,74.48303985595703,82.61212341626184,84.01915676564094,-1.4070333493791036,1587.2153442411977,-8.129083560304807,8.129083560304807,66.08199953041787,-9.536116909683912,126.25077273943246,-51.76773288347543,51.76773288347543,2679.8981678948635
space0_time1,2020-12-02 01:00:00,5.75,-65.5,0,1,45.08184051513672,55.45467963692134,59.71673475732671,-4.262055120405369,1587.8814131259455,-10.372839121784622,10.372839121784622,107.59579144642558,-14.634894242189993,126.25077273943246,-81.16893222429574,81.16893222429574,6588.395558432316
space0_time1,2020-12-02 01:00:00,1.75,-66.5,0,1,5.226880073547363,65.02163250016184,71.56884387714528,-6.547211376983447,1588.4511020745226,-59.79475242661448,59.79475242661448,3575.4124177601184,-66.34196380359792,126.25077273943246,-121.0238926658851,121.0238926658851,14646.782596003677
space0_time1,2020-12-02 01:00:00,-2.5,-67.25,0,1,0.6533600091934204,61.031381470525425,69.46142360551136,-8.430042134985932,1588.6931283849788,-60.378021461332004,60.378021461332004,3645.505475585068,-68.80806359631794,126.25077273943246,-125.59741273023904,125.59741273023904,15774.710084530012
space0_time1,2020-12-02 01:00:00,-6.75,-68.5,0,1,22.867599487304688,60.43768298710621,68.54525377198637,-8.10757078488016,1589.0375689620357,-37.57008349980152,37.57008349980152,1411.5111741820583,-45.67765428468168,126.25077273943246,-103.38317325212778,103.38317325212778,10688.080511679467
space0_time1,2020-12-02 01:00:00,-11.25,-69.75,0,1,-22.867599487304688,59.68399440713889,67.29546130089716,-7.611466893758271,1589.3267413315248,-82.55159389444358,82.55159389444358,6814.765654513135,-90.16306078820185,126.25077273943246,-149.11837222673716,149.11837222673716,22236.288935551736
space0_time1,2020-12-02 01:00:00,-15.5,-71.0,0,1,-8.493680000305176,112.62029115604967,120.22892730412275,-7.608636148073079,1589.32358841779,-121.11397115635485,121.11397115635485,14668.594009262355,-128.72260730442792,126.25077273943246,-134.74445273973765,134.74445273973765,18156.067544131394
space0_time1,2020-12-02 02:00:00,49.0,-80.5,0,1,180.980712890625,147.1914894051272,143.59483583548055,3.596653569646639,1583.7531739109165,33.789223485497814,33.789223485497814,1141.7116237529171,37.38587705514445,126.25077273943246,54.72994015119254,54.72994015119254,2995.366348953117
space0_time1,2020-12-02 02:00:00,45.0,-81.25,0,1,181.6340789794922,152.97979678626064,149.32826534122054,3.651531445040098,1584.8374184038028,28.654282193231552,28.654282193231552,821.0678880093468,32.305813638271644,126.25077273943246,55.383306240059724,55.383306240059724,3067.3106100802383
space0_time1,2020-12-02 02:00:00,40.75,-82.0,0,1,179.6739959716797,157.44760735901562,152.72701906162567,4.720588297389963,1585.6397888014476,22.226388612664067,22.226388612664067,494.0123507611629,26.94697691005402,126.25077273943246,53.423223232247224,53.423223232247224,2854.0407805225195
space0_time1,2020-12-02 02:00:00,36.75,-83.0,0,1,180.32736206054688,157.38578507308898,154.44564894530714,2.9401361277818356,1586.7415377016384,22.941576987457893,22.941576987457893,526.3159546714576,25.881713115239734,126.25077273943246,54.07658932111441,54.07658932111441,2924.2775126044653
space0_time1,2020-12-02 02:00:00,32.75,-84.0,0,1,180.980712890625,159.77549895774783,156.19442885106326,3.581070106684554,1587.6547533636424,21.20521393287717,21.20521393287717,449.6610979390881,24.786284039561735,126.25077273943246,54.72994015119254,54.72994015119254,2995.366348953117
space0_time1,2020-12-02 02:00:00,28.75,-84.75,0,1,171.83367919921875,158.46390713095604,156.18632274908194,2.2775843818741173,1588.4130419324927,13.369772068262705,13.369772068262705,178.7508051572976,15.647356450136812,126.25077273943246,45.58290645978629,45.58290645978629,2077.8013613216262
space0_time1,2020-12-02 02:00:00,24.75,-85.5,0,1,210.3819122314453,146.92032336384764,145.07848154913353,1.8418418147141085,1589.176272763573,63.46158886759767,63.46158886759767,4027.3732615999966,65.30343068231178,126.25077273943246,84.13113949201285,84.13113949201285,7078.048632224524
space0_time1,2020-12-02 03:00:00,20.75,-86.5,0,1,222.14239501953125,156.53212139392144,155.03747887729506,1.4946425166263886,1590.2151854671724,65.6102736256098,65.6102736256098,4304.70800522739,67.10491614223619,126.25077273943246,95.89162228009879,95.89162228009879,9195.203223509137
space0_time1,2020-12-02 03:00:00,16.5,-87.25,0,1,210.3819122314453,136.53523792073108,138.8805079755641,-2.3452700548330068,1590.7226086934497,73.84667431071423,73.84667431071423,5453.3313067527015,71.50140425588123,126.25077273943246,84.13113949201285,84.13113949201285,7078.048632224524
space0_time1,2020-12-02 03:00:00,12.5,-88.0,0,1,194.04791259765625,66.30728531959387,70.10201829277838,-3.7947329731845096,1591.8428048994306,127.74062727806238,127.74062727806238,16317.667857392853,123.94589430487787,126.25077273943246,67.79713985822379,67.79713985822379,4596.452172955556
space0_time1,2020-12-02 03:00:00,8.25,-89.0,0,1,227.36927795410156,85.22767247984969,88.82046785124669,-3.5927953713970044,1591.8571555847411,142.1416054742519,142.1416054742519,20204.236006797873,138.54881010285487,126.25077273943246,101.1185052146691,101.1185052146691,10224.952096849061
space0_time1,2020-12-02 03:00:00,4.25,-90.0,0,1,203.8483123779297,88.46001072501738,91.67236236503433,-3.2123516400169407,1591.885301129102,115.3883016529123,115.3883016529123,13314.460158343485,112.17595001289536,126.25077273943246,77.59753963849722,77.59753963849722,6021.378157948148
space0_time1,2020-12-02 03:00:00,0.0,-91.0,0,1,186.2075958251953,114.76274146258942,118.4682346970941,-3.70549323450469,1592.4648199019093,71.4448543626059,71.4448543626059,5104.367214893967,67.73936112810121,126.25077273943246,59.95682308576285,59.95682308576285,3594.820634537465
space0_time1,2020-12-02 03:00:00,-4.0,-92.0,0,1,212.3419952392578,151.4864450643295,155.4346599447851,-3.9482148804555965,1592.7961599547816,60.85555017492831,60.85555017492831,3703.397987093217,56.907335294472716,126.25077273943246,86.09122249982535,86.09122249982535,7411.698591514434
space0_time1,2020-12-02 03:00:00,-8.25,-93.0,0,1,199.27479553222656,150.70834320575364,155.31802637832126,-4.609683172567628,1592.5542188752572,48.56645232647293,48.56645232647293,2358.7002915795674,43.9567691539053,126.25077273943246,73.0240227927941,73.0240227927941,5332.507904842512
space0_time1,2020-12-02 03:00:00,-12.75,-94.25,0,1,210.3819122314453,147.61799017484762,152.9436356639341,-5.325645489086481,1592.1625820942763,62.76392205659769,62.76392205659769,3939.3099119266703,57.438276567511224,126.25077273943246,84.13113949201285,84.13113949201285,7078.048632224524
space0_time1,2020-12-02 03:00:00,-17.0,-95.5,0,1,185.55422973632812,147.14220912991803,153.55016790415064,-6.407958774232618,1592.1996643041075,38.412020606410096,38.412020606410096,1475.4833270672739,32.004061832177484,126.25077273943246,59.30345699689566,59.30345699689566,3516.900011782653
space0_time2,2020-12-02 20:00:00,39.75,11.25,0,2,97.35063934326172,168.27981512878375,162.80858229857097,5.471232830212788,1082.6484555544507,-70.92917578552203,70.92917578552203,5030.947977613485,-65.45794295530925,123.36751873245333,-26.016879389191615,26.016879389191615,676.8780131517435
space0_time2,2020-12-02 20:00:00,36.25,10.75,0,2,80.36328125,176.39722067466792,171.53319863543268,4.8640220392352465,1089.6651988205685,-96.03393942466792,96.03393942466792,9222.517521420788,-91.16991738543268,123.36751873245333,-43.004237482453334,43.004237482453334,1849.3644414472442
space0_time2,2020-12-02 20:00:00,32.5,10.25,0,2,52.268798828125,150.7647183766778,148.44026100460746,2.3244573720703174,1094.929411100627,-98.49591954855279,98.49591954855279,9701.446167714985,-96.17146217648246,123.36751873245333,-71.09871990432833,71.09871990432833,5055.027972034134
space0_time2,2020-12-02 20:00:00,28.5,9.25,0,2,21.56087875366211,161.118356130453,160.18382002374398,0.9345361067090407,1103.6165316430727,-139.5574773767909,139.5574773767909,19476.289491773503,-138.62294127008187,123.36751873245333,-101.80663997879122,101.80663997879122,10364.591943771211
space0_time2,2020-12-02 20:00:00,24.5,8.25,0,2,8.493680000305176,152.53401594590585,153.78789471845406,-1.253878772548192,1112.2916470790592,-144.04033594560067,144.04033594560067,20747.618379321502,-145.29421471814888,123.36751873245333,-114.87383873214816,114.87383873214816,13195.998825059582
space0_time2,2020-12-02 20:00:00,20.5,7.5,0,2,-19.600799560546875,131.67559003366776,138.58508850412775,-6.909498470459983,1119.8728139674997,-151.27638959421463,151.27638959421463,22884.54604866061,-158.18588806467463,123.36751873245333,-142.9683182930002,142.9683182930002,20439.94003552862
space0_time2,2020-12-02 20:00:00,16.25,6.75,0,2,-22.2142391204834,123.74952239835639,133.43547092616038,-9.68594852780399,1130.0674888526974,-145.9637615188398,145.9637615188398,21305.419676728736,-155.64971004664378,123.36751873245333,-145.58175785293673,145.58175785293673,21194.048219551107
space0_time2,2020-12-02 20:00:00,12.0,5.75,0,2,-10.453760147094727,103.19887153471726,114.04653731955418,-10.847665784836913,1143.032366159212,-113.65263168181198,113.65263168181198,12916.920688201613,-124.5002974666489,123.36751873245333,-133.82127887954806,133.82127887954806,17908.134680957777
space0_time2,2020-12-02 20:00:00,7.75,4.75,0,2,-13.720560073852539,64.37121800068589,76.14079634066412,-11.769578339978242,1157.228219675656,-78.09177807453842,78.09177807453842,6098.32580284296,-89.86135641451666,123.36751873245333,-137.08807880630587,137.08807880630587,18793.14135080393
space0_time2,2020-12-02 20:00:00,3.5,4.0,0,2,-9.147039413452148,141.77781113112997,139.6010719390678,2.1767391920621764,1162.1742647958602,-150.9248505445821,150.9248505445821,22778.31051190445,-148.74811135251994,123.36751873245333,-132.51455814590548,132.51455814590548,17560.108120604564
space0_time2,2020-12-02 20:00:00,-0.5,3.0,0,2,-9.800399780273438,130.86520660950927,129.9785057314178,0.8867008780914656,1179.9315822819299,-140.6656063897827,140.6656063897827,19786.81282100528,-139.77890551169125,123.36751873245333,-133.16791851272677,133.16791851272677,17733.694521012236
space0_time2,2020-12-02 20:00:00,-4.75,2.0,0,2,-6.533599853515625,120.32507129878167,120.73239148721231,-0.40732018843063855,1200.116037016412,-126.85867115229729,126.85867115229729,16093.122446526704,-127.26599134072794,123.36751873245333,-129.90111858596896,129.90111858596896,16874.30060988597
space0_time2,2020-12-02 20:00:00,-9.0,1.0,0,2,-15.0272798538208,152.258761936347,153.81633264384328,-1.557570707496262,1222.9573808190992,-167.28604179016781,167.28604179016781,27984.619777821772,-168.84361249766408,123.36751873245333,-138.39479858627413,138.39479858627413,19153.120275735386
space0_time2,2020-12-02 20:00:00,-13.25,-0.25,0,2,-3.2667999267578125,159.3192603596064,162.69558771363643,-3.3763273540300185,1250.5461731939188,-162.58606028636422,162.58606028636422,26434.22699944126,-165.96238764039424,123.36751873245333,-126.63431865921115,126.63431865921115,16036.250662282633
space0_time2,2020-12-02 20:00:00,-17.5,-1.5,0,2,0.6533600091934204,157.29835183328393,162.51677617252844,-5.2184243392445175,1280.4360814623751,-156.6449918240905,156.6449918240905,24537.653463569382,-161.86341616333502,123.36751873245333,-122.71415872325991,122.71415872325991,15058.764751157427
space0_time2,2020-12-02 22:00:00,47.0,-10.75,0,2,114.9913558959961,166.42265019099548,164.59891302653898,1.8237371644564901,1187.3901910459708,-51.43129429499939,51.43129429499939,2645.1780328588366,-49.60755713054289,123.36751873245333,-8.37616283645724,8.37616283645724,70.16010386284741
space0_time2,2020-12-02 22:00:00,43.0,-11.75,0,2,183.5941619873047,175.12932452375628,169.97177590632734,5.157548617428945,1197.4373809743502,8.464837463548406,8.464837463548406,71.65347328429262,13.62238608097735,123.36751873245333,60.22664325485135,60.22664325485135,3627.248557747132
space0_time2,2020-12-02 22:00:00,39.0,-12.5,0,2,182.2874298095703,170.88111559461075,166.81080666373717,4.070308930873581,1210.2212265870717,11.406314214959565,11.406314214959565,130.10400397038865,15.476623145833145,123.36751873245333,58.91991107711698,58.91991107711698,3471.555921335372
space0_time2,2020-12-02 22:00:00,34.75,-13.5,0,2,169.87359619140625,154.9564823854436,150.4790523426748,4.477430042768797,1225.3514525910693,14.917113805962657,14.917113805962657,222.5202843000417,19.394543848731445,123.36751873245333,46.506077458952916,46.506077458952916,2162.8152406181284
space0_time2,2020-12-02 22:00:00,30.75,-14.25,0,2,182.2874298095703,158.57832267100625,152.38255127931563,6.195771391690601,1239.9788039127218,23.709107138564065,23.709107138564065,562.1217613079095,29.904878530254678,123.36751873245333,58.91991107711698,58.91991107711698,3471.555921335372
space0_time2,2020-12-02 22:00:00,26.75,-15.0,0,2,157.4597625732422,169.16646528826487,163.2591789587691,5.907286329495776,1255.4510200278487,-11.706702715022686,11.706702715022686,137.04688845791952,-5.799416385526911,123.36751873245333,34.09224384078885,34.09224384078885,1162.2810900998056
space0_time2,2020-12-02 22:00:00,22.75,-16.0,0,2,185.55422973632812,160.9022671554049,153.97037334694352,6.93189380846138,1273.4992641574413,24.651962580923225,24.651962580923225,607.7192590912389,31.583856389384607,123.36751873245333,62.18671100387479,62.18671100387479,3867.187025479442
space0_time2,2020-12-02 22:00:00,18.5,-16.75,0,2,191.43447875976562,156.43803595482197,156.84794783965444,-0.40991188483246255,1287.1312945454674,34.996442804943655,34.996442804943655,1224.7510089996924,34.58653092011119,123.36751873245333,68.06696002731229,68.06696002731229,4633.111047359729
space0_time2,2020-12-02 22:00:00,14.5,-17.75,0,2,147.00599670410156,147.4593489609786,145.27300194171167,2.186347019266927,1287.6284704574916,-0.4533522568770252,0.4533522568770252,0.20552826881549222,1.7329947623898931,123.36751873245333,23.63847797164823,23.63847797164823,558.7776408160986
space0_time2,2020-12-02 22:00:00,10.5,-18.5,0,2,156.806396484375,125.19319977617408,125.2802957561704,-0.08709597999631846,1297.5119946916977,31.613196708200917,31.613196708200917,999.3942061114053,31.526100728204597,123.36751873245333,33.438877751921666,33.438877751921666,1118.1585453079617
space0_time2,2020-12-02 22:00:00,6.25,-19.25,0,2,148.31271362304688,121.46583708003583,126.66613213346567,-5.200295053429846,1306.9088839812937,26.84687654301105,26.84687654301105,720.7547801156769,21.64658148958121,123.36751873245333,24.94519489059354,24.94519489059354,622.2627481296942
space0_time2,2020-12-02 22:00:00,2.25,-20.25,0,2,194.04791259765625,138.52118585596727,140.9955993948527,-2.4744135388854014,1319.3160314830188,55.526726741688975,55.526726741688975,3083.2173826461976,53.05231320280356,123.36751873245333,70.68039386520292,70.68039386520292,4995.718076940214
space0_time2,2020-12-02 22:00:00,-2.0,-21.25,0,2,196.00799560546875,130.1974418809238,131.65709457685614,-1.4596526959323288,1333.2553917063592,65.81055372454495,65.81055372454495,4331.028981531216,64.35090102861261,123.36751873245333,72.64047687301542,72.64047687301542,5276.638880339087
space0_time2,2020-12-02 22:00:00,-6.25,-22.5,0,2,160.7265625,135.97817355607495,138.9945217390073,-3.0163481829323455,1349.7365640425173,24.74838894392505,24.74838894392505,612.4827553197916,21.732040760992703,123.36751873245333,37.359043767546666,37.359043767546666,1395.6981512254674
space0_time2,2020-12-02 22:00:00,-10.5,-23.75,0,2,149.6194305419922,142.8507194906756,145.5859182432469,-2.7351987525713195,1368.0686617285837,6.768711051316586,6.768711051316586,45.815449296215284,4.033512298745279,123.36751873245333,26.251911809538854,26.251911809538854,689.1628736558055
space0_time2,2020-12-02 22:00:00,-15.0,-25.0,0,2,141.77911376953125,141.58831749107395,143.25261160322248,-1.6642941121485113,1387.7712452677254,0.19079627845729874,0.19079627845729874,0.03640321987315508,-1.4734978336912263,123.36751873245333,18.411595037077916,18.411595037077916,338.98683180935217
space0_time2,2020-12-02 23:00:00,53.75,-33.25,0,2,189.47439575195312,152.9391190306245,145.26556637088967,7.673552659734834,1084.9914244690099,36.535276721328614,36.535276721328614,1334.8264451040566,44.20882938106345,123.36751873245333,66.10687701949979,66.10687701949979,4370.1191892712695
space0_time2,2020-12-02 23:00:00,49.5,-34.25,0,2,167.26016235351562,163.63400406524718,153.7006688830054,9.933335182241798,1094.5302239118605,3.626158288268442,3.626158288268442,13.149023931577918,13.559493470510233,123.36751873245333,43.89264362106229,43.89264362106229,1926.5641640455801
space0_time2,2020-12-02 23:00:00,45.5,-35.25,0,2,207.1151123046875,173.4947470860933,162.01278976202485,11.48195732406844,1105.9303134593595,33.6203652185942,33.6203652185942,1130.3289574316589,45.10232254266265,123.36751873245333,83.74759357223417,83.74759357223417,7013.659429140117
space0_time2,2020-12-02 23:00:00,41.5,-36.25,0,2,163.9933624267578,178.872887701298,166.73550795113087,12.137379750167128,1119.680785543474,-14.879525274540185,14.879525274540185,221.4002723956802,-2.7421455243730577,123.36751873245333,40.62584369430448,40.62584369430448,1650.459175874059
space0_time2,2020-12-02 23:00:00,37.5,-37.25,0,2,202.54159545898438,181.06183863970563,166.42503556544315,14.636803074262467,1135.6262634233967,21.479756819278748,21.479756819278748,461.3799530153519,36.11655989354122,123.36751873245333,79.17407672653104,79.17407672653104,6268.534425498624
space0_time2,2020-12-02 23:00:00,33.25,-37.75,0,2,212.3419952392578,175.38852756145675,164.08695356157065,11.30157399988609,1152.0225930036338,36.95346767780106,36.95346767780106,1365.5587734142875,48.25504167768716,123.36751873245333,88.97447650680448,88.97447650680448,7916.457469659902
space0_time2,2020-12-02 23:00:00,29.25,-38.75,0,2,225.40919494628906,161.68406615179714,149.7469975538543,11.93706859794283,1171.2072758498846,63.72512879449192,63.72512879449192,4060.8920398745836,75.66219739243476,123.36751873245333,102.04167621383573,102.04167621383573,10412.503684529289
space0_time2,2020-12-02 23:00:00,25.25,-39.5,0,2,228.0226287841797,151.5805650794486,138.0154301109885,13.565134968460127,1190.488732598909,76.44206370473108,76.44206370473108,5843.389103438165,90.0071986731912,123.36751873245333,104.65511005172635,104.65511005172635,10952.692059938954
space0_time2,2020-12-02 23:00:00,21.25,-40.25,0,2,235.2095947265625,144.07612225163086,130.36227183807247,13.713850413558397,1210.5648057107837,91.13347247493164,91.13347247493164,8305.309805339122,104.84732288849003,123.36751873245333,111.84207599410917,111.84207599410917,12508.64996267209
space0_time2,2020-12-02 23:00:00,17.0,-41.25,0,2,203.8483123779297,163.2404841024994,147.18932746773106,16.05115663476836,1227.5069700802912,40.60782827543028,40.60782827543028,1648.9957172468348,56.658984910198626,123.36751873245333,80.48079364547635,80.48079364547635,6477.158145805747
space0_time2,2020-12-02 23:00:00,13.0,-42.0,0,2,149.6194305419922,176.5193097578481,159.7313447338336,16.787965024014508,1244.7961516924643,-26.89987921585592,26.89987921585592,723.6035018276372,-10.111914191841407,123.36751873245333,26.251911809538854,26.251911809538854,689.1628736558055
space0_time2,2020-12-02 23:00:00,9.0,-43.0,0,2,169.87359619140625,166.92644867952427,145.6189816277845,21.307467051739753,1261.399183284761,2.9471475118819797,2.9471475118819797,8.685678456792143,24.254614563621743,123.36751873245333,46.506077458952916,46.506077458952916,2162.8152406181284
space0_time2,2020-12-03 20:00:00,42.0,9.75,0,2,135.24551391601562,167.1386856260307,172.39806903496094,-5.259383408930233,1230.5831170259562,-31.893171710015082,31.893171710015082,1017.1744017245063,-37.152555118945315,123.36751873245333,11.877995183562291,11.877995183562291,141.08676958072897
space0_time2,2020-12-03 20:00:00,38.0,9.0,0,2,111.07119750976562,160.97293231703097,166.59308164370566,-5.620149326674687,1232.5666356356915,-49.90173480726534,49.90173480726534,2490.183136774637,-55.521884133940034,123.36751873245333,-12.296321222687709,12.296321222687709,151.19951561152016
space0_time2,2020-12-03 20:00:00,34.25,8.0,0,2,98.65735626220703,146.85733548617696,154.29695613544538,-7.439620649268422,1237.082458675723,-48.19997922396993,48.19997922396993,2323.237997191133,-55.63959987323835,123.36751873245333,-24.710162470246303,24.710162470246303,610.5921293059689
space0_time2,2020-12-03 20:00:00,30.25,7.0,0,2,47.69527816772461,137.6067379890836,147.11802145489548,-9.511283465811896,1242.7575520307755,-89.91145982135899,89.91145982135899,8084.070607207852,-99.42274328717087,123.36751873245333,-75.67224056472872,75.67224056472872,5726.287992086175
space0_time2,2020-12-03 20:00:00,26.0,6.25,0,2,2.6134400367736816,151.130358247668,162.0625953194568,-10.932237071788778,1247.9837961201001,-148.51691821089432,148.51691821089432,22057.274994861473,-159.4491552826831,123.36751873245333,-120.75407869567965,120.75407869567965,14581.547521642395
space0_time2,2020-12-03 20:00:00,22.0,5.5,0,2,0.6533600091934204,112.63683768688378,124.68391617261186,-12.047078485728079,1254.1348500676386,-111.98347767769036,111.98347767769036,12540.299272789774,-124.03055616341844,123.36751873245333,-122.71415872325991,122.71415872325991,15058.764751157427
space0_time2,2020-12-03 20:00:00,17.75,4.75,0,2,-15.0272798538208,109.74291064952834,123.89315522500677,-14.150244575478418,1260.5697799331294,-124.77019050334914,124.77019050334914,15567.600438242036,-138.92043507882755,123.36751873245333,-138.39479858627413,138.39479858627413,19153.120275735386
space0_time2,2020-12-03 20:00:00,13.75,4.0,0,2,-8.493680000305176,105.09005416889028,120.20598505647052,-15.11593088758025,1267.601368768858,-113.58373416919545,113.58373416919545,12901.26466781846,-128.6996650567757,123.36751873245333,-131.8611987327585,131.8611987327585,17387.375731240034
space0_time2,2020-12-03 20:00:00,9.5,3.0,0,2,-8.493680000305176,86.6220732303882,102.95904462060466,-16.336971390216465,1277.3400553014212,-95.11575323069337,95.11575323069337,9047.006512642156,-111.45272462090983,123.36751873245333,-131.8611987327585,131.8611987327585,17387.375731240034
space0_time2,2020-12-03 20:00:00,5.25,2.0,0,2,-27.441120147705078,81.47722509460564,91.36793846347746,-9.89071336887182,1204.6107624754045,-108.91834524231072,108.91834524231072,11863.20593032319,-118.80905861118254,123.36751873245333,-150.8086388801584,150.8086388801584,22743.24556088603
space0_time2,2020-12-03 20:00:00,1.25,1.0,0,2,-30.0545597076416,96.11793356377738,109.29183416288957,-13.173900599112187,1207.9028978573128,-126.17249327141899,126.17249327141899,15919.49805832627,-139.3463938705312,123.36751873245333,-153.42207844009494,153.42207844009494,23538.334152878644
space0_time2,2020-12-03 20:00:00,-3.0,0.0,0,2,-5.880239963531494,107.95783712992069,123.0353051266578,-15.077467996737111,1218.6857703246076,-113.83807709345218,113.83807709345218,12959.107796334763,-128.9155450901893,123.36751873245333,-129.24775869598483,129.24775869598483,16704.98312793552
space0_time2,2020-12-03 20:00:00,-7.25,-1.0,0,2,3.2667999267578125,137.35942231569135,152.44356749158854,-15.084145175897179,1231.781676856388,-134.09262238893353,134.09262238893353,17980.83137914112,-149.17676756483073,123.36751873245333,-120.10071880569552,120.10071880569552,14424.182657644746
space0_time2,2020-12-03 21:00:00,-11.5,-2.25,0,2,9.800399780273438,136.69613255240662,153.9534495897235,-17.25731703731689,1226.9507092138276,-126.89573277213319,126.89573277213319,16102.526995776636,-144.15304980945007,123.36751873245333,-113.5671189521799,113.5671189521799,12897.490507098579
space0_time2,2020-12-03 21:00:00,-16.0,-3.5,0,2,-7.186959743499756,142.36671560374708,160.7673370114285,-18.400621407681413,1250.125505525362,-149.55367534724684,149.55367534724684,22366.301809869707,-167.95429675492827,123.36751873245333,-130.5544784759531,130.5544784759531,17044.4718501281
space0_time2,2020-12-03 22:00:00,48.5,-12.75,0,2,145.04591369628906,165.2835332983045,171.12262010029247,-5.839086801987966,1071.5088106900141,-20.237619602015428,20.237619602015428,409.5612471558791,-26.076706404003403,123.36751873245333,21.67839496383573,21.67839496383573,469.9528082080583
space0_time2,2020-12-03 22:00:00,44.5,-13.75,0,2,144.39256286621094,170.8096091212233,177.7134490497433,-6.903839928520006,1078.3625400826804,-26.417046255012366,26.417046255012366,697.8603328394629,-33.320886183532366,123.36751873245333,21.025044133757604,21.025044133757604,442.052480826455
space0_time2,2020-12-03 22:00:00,40.5,-14.5,0,2,129.3652801513672,159.93145574692224,168.41091897454444,-8.479463227622208,1087.991662898794,-30.566175595555052,30.566175595555052,934.2910905383052,-39.045638823177256,123.36751873245333,5.9977614189138535,5.9977614189138535,35.97314203821152
space0_time2,2020-12-03 22:00:00,36.5,-15.5,0,2,71.86959838867188,164.7873581126488,174.5928050909422,-9.805446978293396,1099.107891560695,-92.91775972397693,92.91775972397693,8633.710072122709,-102.72320670227032,123.36751873245333,-51.49792034378146,51.49792034378146,2652.0357997344604
space0_time2,2020-12-03 22:00:00,32.75,-16.5,0,2,23.520959854125977,160.80852971133248,171.84358822427905,-11.035058512946563,1111.2068932291436,-137.2875698572065,137.2875698572065,18847.876837297357,-148.32262837015307,123.36751873245333,-99.84655887832736,99.84655887832736,9969.335319843292
space0_time2,2020-12-03 22:00:00,28.75,-17.5,0,2,9.147039413452148,139.2931729531649,151.90513996373232,-12.611967010567426,1125.9914888124822,-130.14613353971276,130.14613353971276,16938.01607533675,-142.75810055028018,123.36751873245333,-114.22047931900119,114.22047931900119,13046.317895862378
space0_time2,2020-12-03 22:00:00,24.5,-18.5,0,2,-26.78775978088379,140.45937119739787,154.63076254813038,-14.17139135073251,1143.5685023998283,-167.24713097828166,167.24713097828166,27971.6028204665,-181.41852232901417,123.36751873245333,-150.15527851333712,150.15527851333712,22546.60766541784
space0_time2,2020-12-03 22:00:00,20.25,-19.0,0,2,-6.533599853515625,143.17338862111953,158.82434284444483,-15.650954223325295,1162.7043550857688,-149.70698847463515,149.70698847463515,22412.18239814454,-165.35794269796045,123.36751873245333,-129.90111858596896,129.90111858596896,16874.30060988597
space0_time2,2020-12-03 22:00:00,16.0,-19.75,0,2,-24.827678680419922,144.8465177304821,161.60105243192336,-16.754534701441255,1183.268241027501,-169.67419641090203,169.67419641090203,28789.33292768536,-186.42873111234329,123.36751873245333,-148.19519741287326,148.19519741287326,21961.816536240476
space0_time2,2020-12-03 22:00:00,12.0,-20.5,0,2,-22.2142391204834,132.73720247116822,150.68526578747745,-17.94806331630924,1204.0388702980945,-154.95144159165162,154.95144159165162,24009.94925133102,-172.89950490796085,123.36751873245333,-145.58175785293673,145.58175785293673,21194.048219551107
space0_time2,2020-12-03 22:00:00,8.0,-21.5,0,2,-24.827678680419922,100.41844986952867,118.94183080146516,-18.523380931936487,1226.4281286141986,-125.2461285499486,125.2461285499486,15686.592716750249,-143.76950948188508,123.36751873245333,-148.19519741287326,148.19519741287326,21961.816536240476
space0_time2,2020-12-03 22:00:00,3.75,-22.25,0,2,-6.533599853515625,103.92958650733044,122.7250481902663,-18.795461682935862,1250.9376268843757,-110.46318636084607,110.46318636084607,12202.115540991008,-129.25864804378193,123.36751873245333,-129.90111858596896,129.90111858596896,16874.30060988597
space0_time2,2020-12-03 22:00:00,-0.5,-23.25,0,2,-20.254159927368164,115.03147976045858,134.5985760190584,-19.567096258599836,1277.5793802767848,-135.28563968782674,135.28563968782674,18302.204305744483,-154.85273594642658,123.36751873245333,-143.6216786598215,143.6216786598215,20627.186581065027
space0_time2,2020-12-03 22:00:00,-4.75,-24.25,0,2,-7.840319633483887,119.52131141526918,139.70880137369954,-20.18748995843036,1305.4953773445618,-127.36163104875307,127.36163104875307,16220.9850633987,-147.54912100718343,123.36751873245333,-131.20783836593722,131.20783836593722,17215.496848661907
space0_time2,2020-12-03 22:00:00,-9.25,-25.25,0,2,-3.9201598167419434,129.60679818308665,149.87165286352428,-20.264854680437626,1336.0523557721685,-133.5269579998286,133.5269579998286,17829.44851268799,-153.79181268026622,123.36751873245333,-127.28767854919528,127.28767854919528,16202.153110443267
space0_time2,2020-12-03 22:00:00,-13.5,-26.25,0,2,222.79576110839844,138.57106881331774,152.266220323443,-13.695151510125275,1324.8130185018376,84.2246922950807,84.2246922950807,7093.798792201026,70.52954078495543,123.36751873245333,99.4282423759451,99.4282423759451,9885.975381969685
space0_time2,2020-12-03 23:00:00,51.25,-36.25,0,2,126.75183868408203,146.9640312746956,151.29447933071228,-4.3304480560166905,921.0216693412319,-20.21219259061357,20.21219259061357,408.53272932005405,-24.542640646630247,123.36751873245333,3.3843199516286973,3.3843199516286973,11.453621534992068
space0_time2,2020-12-04 00:00:00,47.0,-37.25,0,2,139.16567993164062,157.28618556087991,162.4639944755072,-5.177808914627279,912.6909235431137,-18.12050562923929,18.12050562923929,328.35272425929276,-23.29831454386658,123.36751873245333,15.798161199187291,15.798161199187291,249.58189727550683
space0_time2,2020-12-04 00:00:00,43.25,-38.5,0,2,148.31271362304688,158.0750714490258,164.52739398677954,-6.452322537753728,925.6713488566671,-9.762357825978938,9.762357825978938,95.30363032245222,-16.21468036373267,123.36751873245333,24.94519489059354,24.94519489059354,622.2627481296942
space0_time2,2020-12-04 00:00:00,39.0,-39.5,0,2,125.44511413574219,164.5850695372411,171.9540469796146,-7.368977442373488,947.620527407787,-39.13995540149892,39.13995540149892,1531.9361088313246,-46.5089328438724,123.36751873245333,2.0775954032888535,2.0775954032888535,4.316402659766974
space0_time2,2020-12-04 00:00:00,35.0,-40.25,0,2,54.882240295410156,155.94089555584952,163.9857943341488,-8.044898778299274,973.4287650659084,-101.05865526043937,101.05865526043937,10212.851803048328,-109.10355403873865,123.36751873245333,-68.48527843704318,68.48527843704318,4690.2333625993315
space0_time2,2020-12-04 00:00:00,31.0,-41.25,0,2,1.9600799083709717,146.5322323097098,155.53843534598118,-9.00620303627139,1001.4771300010129,-144.57215240133883,144.57215240133883,20901.10724995594,-153.5783554376102,123.36751873245333,-121.40743882408236,121.40743882408236,14739.7662018233
space0_time2,2020-12-04 00:00:00,26.75,-42.0,0,2,-9.147039413452148,132.02686221933237,142.29445666751215,-10.267594448179764,1036.4591295851276,-141.17390163278452,141.17390163278452,19930.07050222312,-151.4414960809643,123.36751873245333,-132.51455814590548,132.51455814590548,17560.108120604564
space0_time2,2020-12-04 00:00:00,22.75,-42.75,0,2,-14.373919486999512,119.95838775492606,131.3928237098311,-11.434435954905034,1071.8271445909622,-134.33230724192558,134.33230724192558,18045.16876893909,-145.76674319683062,123.36751873245333,-137.74143821945285,137.74143821945285,18972.703802763346
space0_time2,2020-12-04 00:00:00,18.75,-43.5,0,2,-18.947439193725586,122.44098430658205,134.99706781023315,-12.556083503651093,1109.1785484878947,-141.38842350030762,141.38842350030762,19990.68629990234,-153.94450700395873,123.36751873245333,-142.31495792617892,142.31495792617892,20253.547249530075
space0_time2,2020-12-04 00:00:00,14.5,-44.25,0,2,-9.800399780273438,122.97352148504072,136.95217042201392,-13.978648936973206,1148.362876699848,-132.77392126531416,132.77392126531416,17628.914168167845,-146.75257020228736,123.36751873245333,-133.16791851272677,133.16791851272677,17733.694521012236
space0_time2,2020-12-04 00:00:00,10.5,-45.25,0,2,3.2667999267578125,132.35604746075077,142.84170250327898,-10.485655042528204,1183.6763750135192,-129.08924753399296,129.08924753399296,16664.03382889251,-139.57490257652117,123.36751873245333,-120.10071880569552,120.10071880569552,14424.182657644746
space0_time2,2020-12-04 00:00:00,6.25,-46.0,0,2,13.720560073852539,106.56214586269058,118.13983851571889,-11.57769265302831,1222.5593315884103,-92.84158578883805,92.84158578883805,8619.560051786175,-104.41927844186635,123.36751873245333,-109.6469586586008,109.6469586586008,12022.455543080912
space0_time2,2020-12-04 00:00:00,2.25,-47.0,0,2,143.08583068847656,104.76210324292762,118.16130347175812,-13.399200228830502,1257.2417911968982,38.32372744554894,38.32372744554894,1468.708085320721,24.924527216718445,123.36751873245333,19.71831195602323,19.71831195602323,388.8118263950486
space0_time2,2020-12-04 00:00:00,-2.0,-48.0,0,2,190.78111267089844,36.79798980339627,56.117882771406315,-19.319892968010045,1292.3501102814955,153.98312286750217,153.98312286750217,23710.80212802827,134.66322989949214,123.36751873245333,67.4135939384451,67.4135939384451,4544.592647697563
space0_time2,2020-12-04 00:00:00,-6.25,-49.25,0,2,227.36927795410156,43.01595013897294,61.17062763729673,-18.15467749832379,1327.4519837760722,184.35332781512864,184.35332781512864,33986.149476512284,166.19865031680484,123.36751873245333,104.00175922164823,104.00175922164823,10816.365921197692
space0_time2,2020-12-04 00:00:00,-10.5,-50.25,0,2,187.51431274414062,44.0720528828867,60.33874722926752,-16.266694346380817,1361.9594770730678,143.44225986125392,143.44225986125392,20575.681914103498,127.17556551487311,123.36751873245333,64.14679401168729,64.14679401168729,4114.8111819778405
space0_time2,2020-12-04 00:00:00,-15.0,-51.5,0,2,237.82302856445312,64.26874743364564,70.38788799939464,-6.119140565748998,1366.7110357579602,173.55428113080748,173.55428113080748,30121.08849883136,167.43514056505848,123.36751873245333,114.45550983199979,114.45550983199979,13100.063730903
space0_time2,2020-12-04 01:00:00,53.75,-59.75,0,2,169.22023010253906,140.71323470765392,137.76266240902575,2.950572298628173,598.1268999873519,28.506995394885138,28.506995394885138,812.6487864440024,31.45756769351331,123.36751873245333,45.85271137008573,45.85271137008573,2102.471139988389
space0_time2,2020-12-04 01:00:00,49.5,-60.75,0,2,158.1131134033203,153.33048240893737,149.90476664931666,3.4257157596207013,617.4651008201619,4.7826309943829415,4.7826309943829415,22.873559228432363,8.208346754003657,123.36751873245333,34.74559467086698,34.74559467086698,1207.2563490321797
space0_time2,2020-12-04 01:00:00,45.5,-61.75,0,2,184.2475128173828,153.17250062541638,150.07351358075522,3.09898704466117,642.9039086402033,31.075012191966437,31.075012191966437,965.6563827308627,34.173999236627594,123.36751873245333,60.87999408492948,60.87999408492948,3706.3736797810484
space0_time2,2020-12-04 01:00:00,41.5,-62.75,0,2,176.40719604492188,172.33230373142428,169.6960506914154,2.6362530400088895,676.7151891974072,4.0748923134976,4.0748923134976,16.60474736660182,6.711145353506481,123.36751873245333,53.03967731246854,53.03967731246854,2813.20736941079
space0_time2,2020-12-04 01:00:00,37.5,-63.5,0,2,199.92816162109375,172.52691350675858,170.20261077826032,2.324302728498245,722.226298647755,27.401248114335175,27.401248114335175,750.828398223357,29.725550842833428,123.36751873245333,76.56064288864042,76.56064288864042,5861.532039521926
space0_time2,2020-12-04 01:00:00,33.25,-64.5,0,2,216.91551208496094,165.94427963567125,162.74708621299015,3.197193422681085,775.9600680010319,50.97123244928969,50.97123244928969,2598.066537399522,54.16842587197078,123.36751873245333,93.5479933525076,93.5479933525076,8751.227060280808
space0_time2,2020-12-04 01:00:00,29.25,-65.25,0,2,224.10247802734375,149.262245608195,148.26237921664003,0.9998663915549799,833.8440395096727,74.84023241914875,74.84023241914875,5601.060388552203,75.84009881070372,123.36751873245333,100.73495929489042,100.73495929489042,10147.53202414323
space0_time2,2020-12-04 01:00:00,25.25,-66.25,0,2,207.7684783935547,150.45165243576005,148.75687066095293,1.6947817748071257,891.3430109504018,57.316825957794634,57.316825957794634,3285.218537876121,59.01160773260176,123.36751873245333,84.40095966110135,84.40095966110135,7123.521991714858
space0_time2,2020-12-04 01:00:00,21.25,-67.0,0,2,193.39456176757812,155.48846290788487,154.09710625524323,1.3913566526416394,949.9948604024426,37.90609885969326,37.90609885969326,1436.8723307608386,39.29745551233489,123.36751873245333,70.02704303512479,70.02704303512479,4903.786756243219
space0_time2,2020-12-04 01:00:00,17.0,-67.75,0,2,165.95343017578125,139.74478739155876,139.45363807791531,0.29114931364345864,1010.391520794069,26.20864278422249,26.20864278422249,686.8929565909776,26.499792097865935,123.36751873245333,42.585911443327916,42.585911443327916,1813.5598534589676
space0_time2,2020-12-04 01:00:00,13.0,-68.75,0,2,90.8170394897461,115.25648252966695,114.89817491077612,0.3583076188908323,1063.4941462763081,-24.43944303992086,24.43944303992086,597.2863761015361,-24.081135421030027,123.36751873245333,-32.55047924270724,32.55047924270724,1059.5336989299149
space0_time2,2020-12-04 01:00:00,9.0,-69.5,0,2,25.48103904724121,85.9037881499297,85.61393389980617,0.2898542501235213,1112.9020484598368,-60.422749102688485,60.422749102688485,3650.908609126442,-60.13289485256496,123.36751873245333,-97.88647968521212,97.88647968521212,9581.762905163445
space0_time2,2020-12-04 01:00:00,4.75,-70.5,0,2,-10.453760147094727,71.23521015742939,72.20699154115047,-0.9717813837210845,1162.460797625161,-81.68897030452412,81.68897030452412,6673.0878694134235,-82.6607516882452,123.36751873245333,-133.82127887954806,133.82127887954806,17908.134680957777
space0_time2,2020-12-04 01:00:00,0.75,-71.25,0,2,-18.294078826904297,48.20749954441511,50.23911944790701,-2.0316199034918987,1206.5340794338515,-66.5015783713194,66.5015783713194,4422.459925876736,-68.5331982748113,123.36751873245333,-141.66159755935763,141.66159755935763,20068.0082230694
space0_time2,2020-12-04 01:00:00,-3.5,-72.5,0,2,-1.9600799083709717,54.56386395671675,57.91120763202068,-3.347343675303925,1249.1935691195254,-56.52394386508772,56.52394386508772,3194.956230063588,-59.87128754039165,123.36751873245333,-125.3275986408243,125.3275986408243,15707.006981075547
space0_time2,2020-12-04 01:00:00,-7.75,-73.5,0,2,-23.520959854125977,38.75785695556246,42.953722405687856,-4.195865450125397,1288.684014633898,-62.278816809688436,62.278816809688436,3878.651023214731,-66.47468225981383,123.36751873245333,-146.8884785865793,146.8884785865793,21576.22514147997
space0_time2,2020-12-04 01:00:00,-12.25,-74.75,0,2,-9.147039413452148,110.73031095491928,115.06508300203055,-4.334772047111276,1326.0515914562043,-119.87735036837142,119.87735036837142,14370.579131341281,-124.2121224154827,123.36751873245333,-132.51455814590548,132.51455814590548,17560.108120604564
space0_time2,2020-12-04 01:00:00,-16.5,-76.25,0,2,-11.1071195602417,162.69576648431777,167.3025229568605,-4.606756472542734,1357.7003187333894,-173.80288604455947,173.80288604455947,30207.443197418124,-178.4096425171022,123.36751873245333,-134.47463829269503,134.47463829269503,18083.42834395116
space0_time3,2020-12-04 03:00:00,44.25,-86.5,0,3,192.08782958984375,157.7712464464243,149.54402929724768,8.227217149176616,1737.8715523222647,34.31658314341945,34.31658314341945,1177.62787863922,42.543800292596075,122.00347440616346,70.08435518368029,70.08435518368029,4911.816841512254
space0_time3,2020-12-04 03:00:00,40.0,-87.25,0,3,170.52696228027344,161.47197450617747,152.81374358376465,8.658230922412827,1758.6405754494313,9.054987774095963,9.054987774095963,81.99280358902736,17.71321869650879,122.00347440616346,48.523487874109975,48.523487874109975,2354.5288754688977
space0_time3,2020-12-04 03:00:00,36.0,-88.25,0,3,197.96807861328125,147.2651165687374,138.24916723491884,9.015949333818543,1777.2695603008985,50.70296204454385,50.70296204454385,2570.7903600904547,59.71891137836241,122.00347440616346,75.96460420711779,75.96460420711779,5770.621092344058
space0_time3,2020-12-04 03:00:00,32.0,-88.75,0,3,167.91351318359375,131.5548728443086,126.34489808988478,5.209974754423824,1791.6158822285524,36.35864033928516,36.35864033928516,1321.950727321494,41.56861509370897,122.00347440616346,45.91003877743029,45.91003877743029,2107.731660545153
space0_time3,2020-12-04 03:00:00,27.75,-89.75,0,3,205.155029296875,125.46586965316419,121.89335274767527,3.5725169054889183,1805.6025797868515,79.68915964371081,79.68915964371081,6350.362164720827,83.26167654919973,122.00347440616346,83.15155489071154,83.15155489071154,6914.181080743014
space0_time3,2020-12-04 03:00:00,23.75,-90.5,0,3,133.9387969970703,114.25787809536405,110.75676158016623,3.5011165151978147,1815.4620117369275,19.680918901706264,19.680918901706264,387.3385688155389,23.182035416904085,122.00347440616346,11.93532259090685,11.93532259090685,142.4519253490114
space0_time3,2020-12-04 03:00:00,19.5,-91.5,0,3,187.51431274414062,129.48445374314065,128.096098877252,1.3883548658886595,1823.3872633773403,58.02985900099998,58.02985900099998,3367.464535675938,59.418213866888635,122.00347440616346,65.51083833797716,65.51083833797716,4291.669939744578
space0_time3,2020-12-04 03:00:00,15.5,-92.25,0,3,226.06256103515625,103.14394159544604,102.79926673927064,0.3446748561754015,1828.2488098349043,122.91861943971021,122.91861943971021,15108.987004964305,123.26329429588561,122.00347440616346,104.05908662899279,104.05908662899279,10828.293510060226
space0_time3,2020-12-04 03:00:00,11.5,-93.0,0,3,188.82102966308594,99.42098007458353,102.65110490553795,-3.2301248309544235,1832.8510200156115,89.40004958850241,89.40004958850241,7992.36886642669,86.16992475754799,122.00347440616346,66.81755525692247,66.81755525692247,4464.585690511888
space0_time3,2020-12-04 03:00:00,7.5,-94.0,0,3,175.7538299560547,78.91936268468298,82.60828253567196,-3.6889198509889845,1835.581425721803,96.83446727137171,96.83446727137171,9376.914051730359,93.14554742038273,122.00347440616346,53.750355549891225,53.750355549891225,2889.1007217397223
space0_time3,2020-12-04 03:00:00,3.25,-95.0,0,3,218.87559509277344,110.49471976699662,114.23918254325869,-3.7444627762620715,1836.5413197538064,108.38087532577681,108.38087532577681,11746.414136381578,104.63641254951474,122.00347440616346,96.87212068660997,96.87212068660997,9384.207766321128
space0_time3,2020-12-04 03:00:00,-1.0,-96.0,0,3,209.7285614013672,140.5845487085537,144.29035420994467,-3.705805501390957,1837.1139161070964,69.14401269281348,69.14401269281348,4780.894491263951,65.43820719142252,122.00347440616346,87.72508699520372,87.72508699520372,7695.690888316061
space0_time3,2020-12-04 03:00:00,-5.0,-97.0,0,3,209.0751953125,156.65294593042287,160.3603349204509,-3.7073889900280115,1837.130848218922,52.422249382077126,52.422249382077126,2748.0922302766858,48.714860392049104,122.00347440616346,87.07172090633654,87.07172090633654,7581.484581590963
space0_time3,2020-12-04 03:00:00,-9.25,-98.0,0,3,225.40919494628906,172.8765671745681,174.9149001590882,-2.038332984520102,1838.0026767422632,52.53262777172097,52.53262777172097,2759.676980602189,50.49429478720086,122.00347440616346,103.4057205401256,103.4057205401256,10692.743040422554
space0_time3,2020-12-04 03:00:00,-13.75,-99.5,0,3,232.59616088867188,170.06501600614257,172.10334899066265,-2.0383329845200864,1838.002676742263,62.531144882529304,62.531144882529304,3910.1440803198707,60.49281189800922,122.00347440616346,110.59268648250841,110.59268648250841,12230.7423034184
space0_time3,2020-12-04 20:00:00,42.5,8.25,0,3,124.79175567626953,166.75903208106288,161.4743992626085,5.284632818454384,1860.9907622288401,-41.96727640479335,41.96727640479335,1761.2522888363249,-36.68264358633897,122.00347440616346,2.7882812701060686,2.7882812701060686,7.774512441224311
space0_time3,2020-12-04 20:00:00,38.75,7.0,0,3,156.806396484375,163.91754970599183,159.4562674849241,4.461282221067739,1860.8887927113242,-7.111153221616831,7.111153221616831,50.56850014131144,-2.6498710005490977,122.00347440616346,34.80292207821154,34.80292207821154,1211.243385182064
space0_time3,2020-12-04 20:00:00,35.25,6.0,0,3,126.09848022460938,159.1221068138488,156.1009760990397,3.0211307148090896,1861.020129462838,-33.02362658923943,33.02362658923943,1090.5599131055212,-30.002495874430338,122.00347440616346,4.095005818445912,4.095005818445912,16.769072653105876
space0_time3,2020-12-04 21:00:00,31.25,5.25,0,3,42.46839904785156,172.81473493856967,171.46064638149028,1.354088557079403,1861.9458062150143,-130.3463358907181,130.3463358907181,16990.16728013591,-128.99224733363872,122.00347440616346,-79.5350753583119,79.5350753583119,6325.828212252352
space0_time3,2020-12-04 21:00:00,27.25,4.25,0,3,-5.880239963531494,168.60178198937322,167.9303453730184,0.6714366163548016,1861.9986727042071,-174.48202195290472,174.48202195290472,30443.975984773922,-173.8105853365499,122.00347440616346,-127.88371436969496,127.88371436969496,16354.244400989724
space0_time3,2020-12-04 21:00:00,23.25,3.5,0,3,-1.3067200183868408,151.28728000408628,151.11879447479043,0.16848552929586247,1862.3185625430974,-152.59400002247313,152.59400002247313,23284.928842858528,-152.42551449317727,122.00347440616346,-123.3101944245503,123.3101944245503,15205.404049020397
space0_time3,2020-12-04 21:00:00,19.25,2.75,0,3,-9.147039413452148,164.61370749216022,166.53419932817445,-1.9204918360142327,1861.9360398805688,-173.76074690561236,173.76074690561236,30192.797165196276,-175.6812387416266,122.00347440616346,-131.1505138196156,131.1505138196156,17200.457275149187
space0_time3,2020-12-04 21:00:00,15.0,1.75,0,3,-1.3067200183868408,140.42836552179534,143.16541531431233,-2.73704979251698,1862.174964527493,-141.73508554018218,141.73508554018218,20088.83447308276,-144.47213533269917,122.00347440616346,-123.3101944245503,123.3101944245503,15205.404049020397
space0_time3,2020-12-04 21:00:00,11.0,1.0,0,3,-10.453760147094727,146.31567760537527,149.05272739789226,-2.7370497925169843,1862.1749645274933,-156.76943775247,156.76943775247,24576.656613225565,-159.50648754498698,122.00347440616346,-132.4572345532582,132.4572345532582,17544.918985496854
space0_time3,2020-12-04 21:00:00,7.0,0.0,0,3,-26.78775978088379,100.37363082174228,103.11068061425927,-2.7370497925169874,1862.174964527493,-127.16139060262607,127.16139060262607,16170.019259993638,-129.89844039514304,122.00347440616346,-148.79123418704725,148.79123418704725,22138.83137090474
space0_time3,2020-12-04 21:00:00,2.75,-1.25,0,3,-36.588157653808594,93.48137004735814,96.26077287209394,-2.779402824735804,1858.3285632139523,-130.06952770116675,130.06952770116675,16918.082036404583,-132.84893052590252,122.00347440616346,-158.59163205997206,158.59163205997206,25151.305759445557
space0_time3,2020-12-04 21:00:00,-1.5,-2.0,0,3,-26.78775978088379,123.19406766063905,125.56956682565195,-2.375499165012893,1858.6887026386516,-149.98182744152285,149.98182744152285,22494.54856269874,-152.35732660653574,122.00347440616346,-148.79123418704725,148.79123418704725,22138.83137090474
space0_time3,2020-12-04 21:00:00,-5.75,-3.0,0,3,-16.333999633789062,135.60533209440783,138.61006303436542,-3.004730939957593,1858.9629859476313,-151.9393317281969,151.9393317281969,23085.560526011057,-154.9440626681545,122.00347440616346,-138.33747403995253,138.33747403995253,19137.256723754537
space0_time3,2020-12-04 21:00:00,-10.0,-4.25,0,3,-37.241519927978516,150.20172387640275,153.20645481636035,-3.004730939957603,1858.9629859476308,-187.44324380438127,187.44324380438127,35134.969647908714,-190.44797474433886,122.00347440616346,-159.24499433414198,159.24499433414198,25358.96822048091
space0_time3,2020-12-04 21:00:00,-14.5,-5.5,0,3,-1.3067200183868408,152.1839158979595,157.16910915614346,-4.985193258183948,1858.8425759433014,-153.49063591634635,153.49063591634635,23559.375314004392,-158.4758291745303,122.00347440616346,-123.3101944245503,123.3101944245503,15205.404049020397
space0_time3,2020-12-04 22:00:00,50.0,-14.75,0,3,173.79376220703125,166.09041622821002,158.3717935251967,7.718622703013314,1860.835203023344,7.703345978821233,7.703345978821233,59.341539269421254,15.421968681834556,122.00347440616346,51.79028780086779,51.79028780086779,2682.2339104967145
space0_time3,2020-12-04 22:00:00,46.0,-15.75,0,3,188.1676788330078,172.1158856616998,163.31474589510714,8.801139766592655,1859.0695366289574,16.05179317130802,16.05179317130802,257.66006401445077,24.852932937900675,122.00347440616346,66.16420442684435,66.16420442684435,4377.701947437249
space0_time3,2020-12-04 22:00:00,42.0,-16.75,0,3,179.6739959716797,172.4666410728194,166.34779052122272,6.118850551596701,1859.1957710295621,7.207354898860274,7.207354898860274,51.94596463812519,13.326205450456968,122.00347440616346,57.670521565516225,57.670521565516225,3325.889057638672
space0_time3,2020-12-04 22:00:00,38.0,-17.5,0,3,177.06056213378906,172.8901017359515,168.6351914712723,4.254910264679199,1859.257241886674,4.170460397837559,4.170460397837559,17.39273992993141,8.42537066251677,122.00347440616346,55.0570877276256,55.0570877276256,3031.2829090474615
space0_time3,2020-12-04 22:00:00,34.0,-18.5,0,3,187.51431274414062,173.3715969510454,171.8162177054189,1.5553792456265225,1861.0891175606478,14.14271579309522,14.14271579309522,200.01641000426497,15.698095038721732,122.00347440616346,65.51083833797716,65.51083833797716,4291.669939744578
space0_time3,2020-12-04 22:00:00,29.75,-19.25,0,3,203.19496154785156,173.17848505866388,172.14485535556193,1.0336297031019486,1860.9913630337173,30.01647648918768,30.01647648918768,900.9888608259569,31.050106192289633,122.00347440616346,81.1914871416881,81.1914871416881,6592.057584278904
space0_time3,2020-12-04 22:00:00,25.75,-20.0,0,3,171.83367919921875,150.45968004894624,150.14942713372002,0.3102529152262281,1861.8065605177094,21.37399915027251,21.37399915027251,456.84783967584997,21.684252065498725,122.00347440616346,49.83020479305529,49.83020479305529,2483.04930971783
space0_time3,2020-12-04 22:00:00,21.75,-21.0,0,3,203.8483123779297,145.03760677790362,146.90017507389186,-1.862568295988251,1861.3979445693653,58.81070560002607,58.81070560002607,3458.6990931729374,56.94813730403783,122.00347440616346,81.84483797176622,81.84483797176622,6698.5775026246665
space0_time3,2020-12-04 22:00:00,17.75,-21.75,0,3,209.7285614013672,147.17045687477992,149.03302517076816,-1.8625682959882408,1861.397944569365,62.55810452658727,62.55810452658727,3913.516441959419,60.69553623059903,122.00347440616346,87.72508699520372,87.72508699520372,7695.690888316061
space0_time3,2020-12-04 22:00:00,13.5,-22.5,0,3,186.2075958251953,107.80656746803649,109.66913576402476,-1.8625682959882726,1861.3979445693649,78.40102835715882,78.40102835715882,6146.721247460022,76.53846006117055,122.00347440616346,64.20412141903185,64.20412141903185,4122.169207189784
space0_time3,2020-12-04 22:00:00,9.5,-23.5,0,3,148.31271362304688,70.04587413115318,72.37301065493736,-2.327136523784171,1861.5405596941853,78.26683949189369,78.26683949189369,6125.69816404985,75.93970296810951,122.00347440616346,26.309239216883412,26.309239216883412,692.1760681711961
space0_time3,2020-12-04 22:00:00,5.25,-24.5,0,3,90.16368103027344,68.19578994617328,70.52292646995747,-2.3271365237841852,1861.540559694185,21.96789108410016,21.96789108410016,482.58823868288727,19.64075456031597,122.00347440616346,-31.839793375890025,31.839793375890025,1013.7724422193703
space0_time3,2020-12-04 22:00:00,1.25,-25.25,0,3,92.1237564086914,104.21306105577845,106.95011084829547,-2.737049792517017,1862.1749645274929,-12.089304647087047,12.089304647087047,146.15128685008048,-14.82635443960406,122.00347440616346,-29.879717997472056,29.879717997472056,892.7975476084555
space0_time3,2020-12-04 22:00:00,-3.0,-26.25,0,3,86.24351501464844,98.89967311339547,102.9123920232715,-4.012718909876033,1859.4928442716355,-12.656158098747028,12.656158098747028,160.17833782047998,-16.668877008623056,122.00347440616346,-35.759959391515025,35.759959391515025,1278.7746956828037
space0_time3,2020-12-04 22:00:00,-7.25,-27.5,0,3,58.14904022216797,112.25164660033478,115.34769000332254,-3.0960434029877657,1858.3367800895364,-54.10260637816681,54.10260637816681,2927.0920169108563,-57.19864978115457,122.00347440616346,-63.854434183995494,63.854434183995494,4077.388764958212
space0_time3,2020-12-04 22:00:00,-11.5,-28.75,0,3,38.548240661621094,122.98947064267014,126.08551404565792,-3.096043402987769,1858.3367800895364,-84.44122998104905,84.44122998104905,7130.321320712416,-87.53727338403682,122.00347440616346,-83.45523374454237,83.45523374454237,6964.776039356203
space0_time3,2020-12-04 22:00:00,-15.75,-30.0,0,3,28.094478607177734,127.269215821916,130.75218884489203,-3.4829730229760223,1858.4191125428536,-99.17473721473827,99.17473721473827,9835.628501612393,-102.6577102377143,122.00347440616346,-93.90899579898573,93.90899579898573,8818.89949197392
space1_time0,2020-12-01 05:00:00,48.25,-126.75,1,0,152.23287963867188,169.0667212786404,163.22091639036483,5.8458048882755484,1736.6150514837982,-16.83384163996851,16.83384163996851,283.37822435953774,-10.98803675169296,122.48775041899326,29.745129219678617,29.745129219678617,884.7727122953786
space1_time0,2020-12-01 05:00:00,44.5,-127.5,1,0,153.5395965576172,174.383184221989,168.29310947885617,6.090074743132832,1736.6229338342405,-20.843587664371825,20.843587664371825,434.4551467223533,-14.753512921238979,122.48775041899326,31.05184613862393,31.05184613862393,964.2171486167739
space1_time0,2020-12-01 05:00:00,40.5,-128.25,1,0,159.41983032226562,175.02368564485272,168.3556958296791,6.667989815173621,1736.6524279633827,-15.603855322587094,15.603855322587094,243.48030092822958,-8.935865507413467,122.48775041899326,36.93207990327237,36.93207990327237,1363.9785259816947
space1_time0,2020-12-01 06:00:00,36.25,-129.25,1,0,199.27479553222656,167.1652739249188,159.9376059585359,7.227667966382912,1736.703682867028,32.109521607307755,32.109521607307755,1031.0213778501636,39.337189573690665,122.48775041899326,76.7870451132333,76.7870451132333,5896.250297221727
space1_time0,2020-12-01 06:00:00,32.25,-130.0,1,0,226.06256103515625,176.83405130333725,170.27499168365293,6.559059619684316,1736.7462433666437,49.228509731819,49.228509731819,2423.4461704157984,55.78756935150332,122.48775041899326,103.57481061616299,103.57481061616299,10727.74139417403
space1_time0,2020-12-01 06:00:00,28.25,-130.75,1,0,207.7684783935547,177.7635306222655,173.82828360192264,3.935247020342862,1736.8157017731519,30.00494777128918,30.00494777128918,900.2968907577916,33.94019479163205,122.48775041899326,85.28072797456143,85.28072797456143,7272.802563871144
space1_time0,2020-12-01 06:00:00,24.0,-131.5,1,0,190.1277618408203,177.48064600067468,173.5453989803318,3.9352470203428638,1736.8157017731526,12.64711584014563,12.64711584014563,159.94953907406253,16.5823628604885,122.48775041899326,67.64001142182705,67.64001142182705,4575.171145144895
space1_time0,2020-12-01 06:00:00,20.0,-132.5,1,0,190.1277618408203,158.28913720375945,154.35389018341658,3.935247020342863,1736.8157017731523,31.83862463706086,31.83862463706086,1013.6980187796588,35.77387165740373,122.48775041899326,67.64001142182705,67.64001142182705,4575.171145144895
space1_time0,2020-12-01 06:00:00,16.0,-133.25,1,0,209.7285614013672,122.85085043877434,118.91560341843147,3.9352470203428673,1736.815701773152,86.87771096259284,86.87771096259284,7547.736662099825,90.81295798293571,122.48775041899326,87.24081098237393,87.24081098237393,7610.959100862296
space1_time0,2020-12-01 06:00:00,12.0,-134.25,1,0,226.71591186523438,123.01843609731915,114.87320597724417,8.14523012007499,1736.6014838653055,103.69747576791522,103.69747576791522,10753.166480637365,111.8427058879902,122.48775041899326,104.22816144624112,104.22816144624112,10863.509638463704
space1_time0,2020-12-01 06:00:00,7.75,-135.0,1,0,231.9427947998047,139.72987291036057,128.48679835608647,11.243074554274092,1736.7158866103305,92.21292188944412,92.21292188944412,8503.222963388722,103.45599644371822,122.48775041899326,109.45504438081143,109.45504438081143,11980.4067404054
space1_time0,2020-12-01 06:00:00,3.75,-136.0,1,0,238.4763946533203,121.63017111635034,109.69050598268544,11.939665133664906,1736.7399316091603,116.84622353696997,116.84622353696997,13653.039954851556,128.78588867063488,122.48775041899326,115.98864423432705,115.98864423432705,13453.365591317292
space1_time0,2020-12-01 06:00:00,-0.5,-137.0,1,0,214.95542907714844,170.0310236697037,157.33719563381666,12.693828035887043,1736.7789274886456,44.92440540744474,44.92440540744474,2018.20220121245,57.618233443331775,122.48775041899326,92.46767865815518,92.46767865815518,8550.271596427847
space1_time0,2020-12-01 06:00:00,-4.75,-138.0,1,0,235.2095947265625,170.42180133257432,157.72797329668728,12.693828035887044,1736.7789274886459,64.78779339398818,64.78779339398818,4197.458172862099,77.48162142987522,122.48775041899326,112.72184430756924,112.72184430756924,12706.214184099881
space1_time0,2020-12-01 06:00:00,-9.0,-139.0,1,0,224.10247802734375,163.23398663347697,149.8714258120173,13.362560821459692,1736.7995717481576,60.868491393866776,60.868491393866776,3704.973244565234,74.23105221532646,122.48775041899326,101.61472760835049,101.61472760835049,10325.552866919268
space1_time0,2020-12-01 06:00:00,-13.25,-140.25,1,0,235.2095947265625,148.731139669484,135.36857884802433,13.362560821459688,1736.799571748158,86.47845505707849,86.47845505707849,7478.523189059145,99.84101587853817,122.48775041899326,112.72184430756924,112.72184430756924,12706.214184099881
space1_time0,2020-12-01 06:00:00,-17.75,-141.75,1,0,229.9827117919922,134.80077670642058,120.94215153336486,13.858625173055705,1736.7976048325377,95.18193508557161,95.18193508557161,9059.600766633968,109.04056025862732,122.48775041899326,107.49496137299893,107.49496137299893,11555.166720582532
space1_time0,2020-12-01 07:00:00,55.0,-149.0,1,0,160.0731964111328,150.44489366557954,144.07977570999398,6.365117955585571,1736.6023124499263,9.62830274555327,9.62830274555327,92.70421376002865,15.993420701138831,122.48775041899326,37.585445992139555,37.585445992139555,1412.6657504280392
space1_time0,2020-12-01 07:00:00,51.0,-149.75,1,0,137.20559692382812,152.1066882889459,145.0183282639082,7.088360025037705,1736.594768572334,-14.901091365117765,14.901091365117765,222.0425238715872,-7.812731340080063,122.48775041899326,14.717846504834867,14.717846504834867,216.6150057398799
space1_time0,2020-12-01 07:00:00,47.0,-151.0,1,0,182.2874298095703,143.8019189479111,136.9264859979355,6.875432949975609,1736.6085809312076,38.48551086165921,38.48551086165921,1481.1345462828888,45.360943811634826,122.48775041899326,59.799679390577055,59.799679390577055,3576.0016552158063
space1_time0,2020-12-01 07:00:00,43.0,-152.0,1,0,158.1131134033203,142.59393341879303,135.28029788991503,7.31363552887799,1736.586252042173,15.519179984527284,15.519179984527284,240.84494739215228,22.83281551340528,122.48775041899326,35.625362984327055,35.625362984327055,1269.1664877650603
space1_time0,2020-12-01 07:00:00,38.75,-152.75,1,0,178.36727905273438,140.1368202882252,133.07799231923244,7.058827968992773,1736.6263509527184,38.230458764509166,38.230458764509166,1461.5679773448358,45.28928673350194,122.48775041899326,55.87952863374112,55.87952863374112,3122.5217203290936
space1_time0,2020-12-01 07:00:00,34.75,-153.5,1,0,143.73919677734375,142.7464888371134,136.09954616764298,6.646942669470418,1736.6189803682687,0.9927079402303605,0.9927079402303605,0.9854690545964049,7.639650609700766,122.48775041899326,21.251446358350492,21.251446358350492,451.6239723218484
space1_time0,2020-12-01 07:00:00,30.75,-154.5,1,0,95.39055633544922,168.57700559173273,162.07399953086644,6.5030060608662845,1736.6338381745745,-73.18644925628351,73.18644925628351,5356.256354742561,-66.68344319541723,122.48775041899326,-27.09719408354404,27.09719408354404,734.2579272012541
space1_time0,2020-12-01 07:00:00,26.75,-155.25,1,0,-5.880239963531494,194.33370057942196,188.34933210116145,5.984368478260496,1736.6186232692112,-200.21394054295345,200.21394054295345,40085.6219877373,-194.22957206469295,122.48775041899326,-128.36799038252474,128.36799038252474,16478.340954847965
space1_time0,2020-12-01 07:00:00,22.75,-156.0,1,0,5.226880073547363,197.3773884152373,192.9907785989963,4.386609816241032,1736.6861026076267,-192.15050834168994,192.15050834168994,36921.81785596986,-187.76389852544892,122.48775041899326,-117.2608703454459,117.2608703454459,13750.111714171473
space1_time0,2020-12-01 07:00:00,18.75,-157.0,1,0,-9.800399780273438,185.91979417248592,181.92975484478583,3.990039327700095,1736.6983330964595,-195.72019395275936,195.72019395275936,38306.39432090574,-191.73015462505927,122.48775041899326,-132.28815019926668,132.28815019926668,17500.15468314374
space1_time0,2020-12-01 07:00:00,15.0,-158.0,1,0,-18.947439193725586,163.22441240845032,159.23437308075023,3.990039327700084,1736.6983330964595,-182.1718516021759,182.1718516021759,33186.5835161652,-178.18181227447582,122.48775041899326,-141.43518961271883,141.43518961271883,20003.912860785727
space1_time0,2020-12-01 07:00:00,10.75,-159.0,1,0,-14.373919486999512,118.04179129739546,114.05175196969537,3.990039327700092,1736.6983330964595,-132.41571078439497,132.41571078439497,17533.920462536535,-128.4256714566949,122.48775041899326,-136.86166990599276,136.86166990599276,18731.11668945692
space1_time0,2020-12-01 07:00:00,6.5,-159.75,1,0,-8.493680000305176,124.42948383328354,120.43944450558345,3.990039327700086,1736.6983330964597,-132.92316383358872,132.92316383358872,17668.567483531067,-128.93312450588863,122.48775041899326,-130.98143041929842,130.98143041929842,17156.135114685512
space1_time0,2020-12-01 07:00:00,2.25,-160.75,1,0,-31.361278533935547,144.76717429956298,138.22838762986254,6.538786669700453,1736.4785934103465,-176.12845283349853,176.12845283349853,31021.231897521917,-169.58966616379809,122.48775041899326,-153.8490289529288,153.8490289529288,23669.52370975912
space1_time0,2020-12-01 07:00:00,-2.25,-162.0,1,0,-26.78775978088379,144.72801084999128,136.0922427664082,8.635768083583102,1736.4843115171743,-171.51577063087507,171.51577063087507,29417.659575102945,-162.88000254729198,122.48775041899326,-149.27551019987703,149.27551019987703,22283.177945433592
space1_time0,2020-12-01 07:00:00,-6.5,-163.0,1,0,-31.361278533935547,126.17344342542931,116.36807042827742,9.805372997151895,1736.4708032023595,-157.53472195936484,157.53472195936484,24817.18862281439,-147.72934896221295,122.48775041899326,-153.8490289529288,153.8490289529288,23669.52370975912
space1_time0,2020-12-01 07:00:00,-10.75,-164.25,1,0,-1.9600799083709717,105.291751451743,94.4563923055008,10.835359146242203,1736.5505925623015,-107.25183136011397,107.25183136011397,11502.955330098326,-96.41647221387177,122.48775041899326,-124.44783032736423,124.44783032736423,15487.262473188435
space1_time0,2020-12-01 07:00:00,-15.5,-165.5,1,0,-28.094478607177734,96.90536497031559,86.07000582407336,10.83535914624222,1736.5505925623015,-124.99984357749332,124.99984357749332,15624.960894397798,-114.1644844312511,122.48775041899326,-150.58222902617098,150.58222902617098,22675.007698490208
space1_time0,2020-12-01 09:00:00,57.0,-173.75,1,0,125.44511413574219,161.93699471473923,154.32313078297122,7.613863931768016,1736.5777050415345,-36.49188057899704,36.49188057899704,1331.6573481917815,-28.878016647229032,122.48775041899326,2.9573637167489295,2.9573637167489295,8.746000153143042
space1_time0,2020-12-01 09:00:00,53.25,-174.0,1,0,123.48503875732422,162.83227873934476,155.17949910204518,7.652779637299566,1736.587033086732,-39.34723998202054,39.34723998202054,1548.2052942027158,-31.694460344720966,122.48775041899326,0.9972883383309608,0.9972883383309608,0.9945840297709289
space1_time0,2020-12-01 09:00:00,49.5,-174.5,1,0,114.9913558959961,162.34954126068916,154.6967616233896,7.652779637299579,1736.5870330867315,-47.35818536469307,47.35818536469307,2242.797721036629,-39.7054057273935,122.48775041899326,-7.496394522997164,7.496394522997164,56.19593084442188
space1_time0,2020-12-01 09:00:00,45.5,-175.5,1,0,137.20559692382812,165.3182123476789,158.0045768188009,7.313635528877987,1736.5862520421736,-28.11261542385077,28.11261542385077,790.3191459693322,-20.798979894972774,122.48775041899326,14.717846504834867,14.717846504834867,216.6150057398799
space1_time0,2020-12-01 09:00:00,41.5,-176.5,1,0,153.5395965576172,165.83478212012648,158.73945052116696,7.095331598959525,1736.5758590330054,-12.295185562509289,12.295185562509289,151.17158801653687,-5.199853963549771,122.48775041899326,31.05184613862393,31.05184613862393,964.2171486167739
space1_time0,2020-12-01 09:00:00,37.5,-177.5,1,0,81.66999816894531,153.74439069828824,147.09744802881784,6.646942669470411,1736.6189803682687,-72.07439252934293,72.07439252934293,5194.718058473804,-65.42744985987252,122.48775041899326,-40.817752250047945,40.817752250047945,1666.088898746294
space1_time0,2020-12-01 09:00:00,33.5,-178.25,1,0,18.294078826904297,172.20665227564226,165.4428831542975,6.763769121344756,1736.6158161626474,-153.91257344873796,153.91257344873796,23689.080265613156,-147.1488043273932,122.48775041899326,-104.19367159208896,104.19367159208896,10856.321199840086
space1_time0,2020-12-01 09:00:00,29.25,-178.75,1,0,-0.6533600091934204,199.0542369884081,193.06986851014761,5.984368478260487,1736.6186232692107,-199.7075969976015,199.7075969976015,39883.12429855642,-193.72322851934103,122.48775041899326,-123.14111042818668,123.14111042818668,15163.733077486866
space1_time0,2020-12-01 09:00:00,25.25,-179.75,1,0,13.06719970703125,185.82729690161176,181.45122311126042,4.376073790351335,1736.5963468838584,-172.7600971945805,172.7600971945805,29846.051182680905,-168.38402340422917,122.48775041899326,-109.42055071196201,109.42055071196201,11972.85691810905
space1_time0,2020-12-01 09:00:00,21.0,179.5,1,0,-22.2142391204834,143.3164059956043,152.24847881295983,-8.932072817355523,1736.9802390345521,-165.5306451160877,165.5306451160877,27400.394472548167,-174.46271793344323,122.48775041899326,-144.70198953947664,144.70198953947664,20938.665776682807
space1_time0,2020-12-01 09:00:00,17.0,178.5,1,0,-6.533599853515625,129.19402686745303,137.24444753793728,-8.050420670484245,1737.0016816205123,-135.72762672096866,135.72762672096866,18421.988655306606,-143.7780473914529,122.48775041899326,-129.02135027250887,129.02135027250887,16646.508826141424
space1_time0,2020-12-01 09:00:00,13.0,177.75,1,0,-15.680639266967773,101.19762067450573,108.60217151225945,-7.404550837753715,1737.0416964790625,-116.8782599414735,116.8782599414735,13660.52764694665,-124.28281077922722,122.48775041899326,-138.16838968596102,138.16838968596102,19090.503908411578
space1_time0,2020-12-01 09:00:00,8.75,177.0,1,0,-5.880239963531494,55.09881450850235,62.31629235938573,-7.217477850883375,1737.0351793129762,-60.979054472033845,60.979054472033845,3718.445084303271,-68.19653232291722,122.48775041899326,-128.36799038252474,128.36799038252474,16478.340954847965
space1_time0,2020-12-01 09:00:00,4.75,176.0,1,0,-21.56087875366211,68.11959077139628,74.11641484253526,-5.996824071138981,1737.023399353833,-89.68046952505838,89.68046952505838,8042.586614234926,-95.67729359619737,122.48775041899326,-144.04862917265535,144.04862917265535,20750.007566521173
space1_time0,2020-12-01 09:00:00,0.5,175.0,1,0,-14.373919486999512,97.15890118023036,103.15572525136935,-5.996824071138986,1737.0233993538325,-111.53282066722987,111.53282066722987,12439.570085988458,-117.52964473836886,122.48775041899326,-136.86166990599276,136.86166990599276,18731.11668945692
space1_time0,2020-12-01 09:00:00,-3.75,173.75,1,0,-14.373919486999512,85.88627133601926,91.88309540715825,-5.996824071138992,1737.0233993538322,-100.26019082301877,100.26019082301877,10052.105863868139,-106.25701489415776,122.48775041899326,-136.86166990599276,136.86166990599276,18731.11668945692
space1_time0,2020-12-01 09:00:00,-7.75,172.75,1,0,-13.720560073852539,83.68765010555383,89.6844741766928,-5.996824071138978,1737.0233993538322,-97.40821017940637,97.40821017940637,9488.359410355406,-103.40503425054534,122.48775041899326,-136.20831049284578,136.20831049284578,18552.703847315483
space1_time0,2020-12-01 09:00:00,-12.25,171.75,1,0,-16.333999633789062,64.03857891612357,70.03540298726257,-5.996824071138996,1737.023399353833,-80.37257854991263,80.37257854991263,6459.751382761876,-86.36940262105163,122.48775041899326,-138.8217500527823,138.8217500527823,19271.478287717164
space1_time0,2020-12-01 09:00:00,-16.75,170.25,1,0,-2.6134400367736816,99.8849402575601,103.69077161663557,-3.8058313590754707,1736.829563400964,-102.49838029433378,102.49838029433378,10505.917962961872,-106.30421165340925,122.48775041899326,-125.10119045576694,125.10119045576694,15650.307853450073
space1_time0,2020-12-01 10:00:00,56.25,163.0,1,0,143.73919677734375,129.6143996350931,139.12369857876644,-9.509298943673347,1736.638566536013,14.124797142250657,14.124797142250657,199.50989430973232,4.615498198577313,122.48775041899326,21.251446358350492,21.251446358350492,451.6239723218484
space1_time0,2020-12-01 10:00:00,52.0,162.0,1,0,145.69927978515625,136.97127393089255,147.17851567699873,-10.207241746106176,1736.6604040709449,8.7280058542637,8.7280058542637,76.17808619206141,-1.4792358918424782,122.48775041899326,23.211529366162992,23.211529366162992,538.7750955162469
space1_time0,2020-12-01 10:00:00,48.0,161.0,1,0,146.35263061523438,136.33260163740047,146.53984338350662,-10.207241746106146,1736.660404070945,10.020028977833903,10.020028977833903,100.40098071663112,-0.18721276827224642,122.48775041899326,23.864880196241117,23.864880196241117,569.5325067809415
space1_time0,2020-12-01 10:00:00,44.0,160.0,1,0,192.08782958984375,142.06497011214756,152.4807893967782,-10.415819284630633,1736.758546833447,50.02285947769619,50.02285947769619,2502.2864703253395,39.60704019306556,122.48775041899326,69.60007917085049,69.60007917085049,4844.171020588657
space1_time0,2020-12-01 10:00:00,40.0,159.0,1,0,162.0332794189453,148.51808046153872,157.45015327889425,-8.932072817355529,1736.9802390345521,13.515198957406596,13.515198957406596,182.66060285828436,4.583126140051064,122.48775041899326,39.545528999952055,39.545528999952055,1563.848863886049
space1_time0,2020-12-01 10:00:00,35.75,158.25,1,0,187.51431274414062,140.41150444552983,149.3435772628854,-8.932072817355566,1736.980239034552,47.102808298610796,47.102808298610796,2218.674549615678,38.170735481255235,122.48775041899326,65.02656232514737,65.02656232514737,4228.453807826275
space1_time0,2020-12-01 10:00:00,31.75,157.5,1,0,175.7538299560547,141.0794319664751,150.01150478383067,-8.93207281735556,1736.980239034552,34.674397989579575,34.674397989579575,1202.31387593976,25.742325172224014,122.48775041899326,53.26607953706143,53.26607953706143,2837.2752292485543
space1_time0,2020-12-01 10:00:00,27.75,156.5,1,0,184.90087890625,173.2138440080864,182.1459168254419,-8.932072817355511,1736.9802390345517,11.687034898163603,11.687034898163603,136.58678471089394,2.754962080808099,122.48775041899326,62.41312848725674,62.41312848725674,3895.398607566819
space1_time0,2020-12-01 10:00:00,23.75,155.75,1,0,199.92816162109375,147.7357277139568,156.66780053131234,-8.93207281735554,1736.9802390345521,52.192433907136945,52.192433907136945,2724.050157150858,43.26036108978141,122.48775041899326,77.44041120210049,77.44041120210049,5997.017287150411
space1_time0,2020-12-01 10:00:00,19.5,155.0,1,0,207.1151123046875,150.50189833051908,158.55231900100333,-8.050420670484236,1737.0016816205125,56.61321397416842,56.61321397416842,3205.055996484978,48.562793303684174,122.48775041899326,84.62736188569424,84.62736188569424,7161.790379732254
space1_time0,2020-12-01 10:00:00,15.5,154.0,1,0,225.40919494628906,102.1975395249077,109.60209036266144,-7.40455083775374,1737.041696479063,123.21165542138137,123.21165542138137,15181.112031677216,115.80710458362762,122.48775041899326,102.9214445272958,102.9214445272958,10592.823743585228
space1_time0,2020-12-01 10:00:00,11.5,153.25,1,0,214.95542907714844,100.87257009317773,108.09004794406113,-7.217477850883401,1737.035179312976,114.08285898397071,114.08285898397071,13014.898713956547,106.86538113308731,122.48775041899326,92.46767865815518,92.46767865815518,8550.271596427847
space1_time0,2020-12-01 10:00:00,7.25,152.5,1,0,166.60679626464844,98.6832725090201,104.68009658015907,-5.99682407113897,1737.0233993538327,67.92352375562834,67.92352375562834,4613.605079381407,61.926699684489364,122.48775041899326,44.11904584565518,44.11904584565518,1946.4902063310235
space1_time0,2020-12-01 10:00:00,3.25,151.5,1,0,145.69927978515625,120.67696243964566,126.67378651078465,-5.996824071138988,1737.0233993538325,25.022317345510587,25.022317345510587,626.11636533944,19.0254932743716,122.48775041899326,23.211529366162992,23.211529366162992,538.7750955162469
space1_time0,2020-12-01 10:00:00,-1.0,150.5,1,0,143.08583068847656,120.32032798279758,126.49808121185386,-6.177753229056272,1737.085310991879,22.765502705678983,22.765502705678983,518.2681134422771,16.587749476622704,122.48775041899326,20.598080269483305,20.598080269483305,424.2809107880774
space1_time0,2020-12-01 11:00:00,-5.25,149.5,1,0,162.68663024902344,53.704720144469206,57.352316765198424,-3.647596620729219,1736.859967373723,108.98191010455423,108.98191010455423,11877.05673003714,105.33431348382501,122.48775041899326,40.19887983003018,40.19887983003018,1615.9499395892071
space1_time0,2020-12-01 11:00:00,-9.5,148.25,1,0,124.13839721679688,52.05442706536412,52.87625174969278,-0.8218246843286514,1736.9442551521915,72.08397015143275,72.08397015143275,5196.098752792648,71.26214546710409,122.48775041899326,1.650646797803617,1.650646797803617,2.724634851099335
space1_time0,2020-12-01 11:00:00,-13.75,147.0,1,0,100.61743927001953,49.93014677943548,47.58594924645974,2.34419753297574,1736.9834729181778,50.68729249058405,50.68729249058405,2569.201620026018,53.03149002355979,122.48775041899326,-21.870311148973727,21.870311148973727,478.3105097529245
space1_time0,2020-12-01 12:00:00,45.0,135.25,1,0,143.73919677734375,126.58023798848961,135.422027603404,-8.841789614914372,1736.555213396115,17.158958788854136,17.158958788854136,294.4298667175946,8.31716917393976,122.48775041899326,21.251446358350492,21.251446358350492,451.6239723218484
space1_time0,2020-12-01 12:00:00,41.25,134.5,1,0,101.92415618896484,152.90899485270938,161.60252877721572,-8.693533924506353,1736.7550297063187,-50.98483866374454,50.98483866374454,2599.45377356806,-59.67837258825088,122.48775041899326,-20.563594230028414,20.563594230028414,422.86140765725787
space1_time0,2020-12-01 12:00:00,37.5,134.0,1,0,40.50831985473633,145.05812142423574,153.9901942415913,-8.932072817355552,1736.9802390345521,-104.54980156949941,104.54980156949941,10930.661008221701,-113.48187438685497,122.48775041899326,-81.97943056425693,81.97943056425693,6720.627035639824
space1_time0,2020-12-01 12:00:00,34.0,133.5,1,0,24.174320220947266,139.37763506800005,148.3097078853556,-8.932072817355559,1736.9802390345521,-115.20331484705278,115.20331484705278,13271.803751749172,-124.13538766440834,122.48775041899326,-98.31343019804599,98.31343019804599,9665.530557306061
space1_time0,2020-12-01 12:00:00,30.25,132.75,1,0,11.1071195602417,169.9171411967961,178.84921401415164,-8.932072817355534,1736.980239034552,-158.8100216365544,158.8100216365544,25220.62297220288,-167.74209445390994,122.48775041899326,-111.38063085875156,111.38063085875156,12405.64493049348
space1_time0,2020-12-01 12:00:00,26.25,132.0,1,0,4.573519706726074,115.27501476007242,123.32543543055665,-8.050420670484224,1737.0016816205125,-110.70149505334635,110.70149505334635,12254.821007046066,-118.75191572383058,122.48775041899326,-117.91423071226718,117.91423071226718,13903.765804465773
space1_time0,2020-12-01 12:00:00,22.25,131.25,1,0,0.0,105.57726788764492,112.98181872539865,-7.404550837753735,1737.0416964790627,-105.57726788764492,105.57726788764492,11146.55949461954,-112.98181872539865,122.48775041899326,-122.48775041899326,122.48775041899326,15003.249002705583
space1_time0,2020-12-01 12:00:00,18.25,130.0,1,0,-26.78775978088379,71.12980459628618,78.39815066787403,-7.268346071587857,1737.0749803031033,-97.91756437716997,97.91756437716997,9587.849413557225,-105.18591044875782,122.48775041899326,-149.27551019987703,149.27551019987703,22283.177945433592
space1_time0,2020-12-01 12:00:00,14.25,129.25,1,0,1.3067200183868408,58.58012184611199,64.80767089732797,-6.227549051215977,1737.125222169708,-57.27340182772515,57.27340182772515,3280.242556920071,-63.500950878941126,122.48775041899326,-121.18103040060642,121.18103040060642,14684.842128952696
space1_time0,2020-12-01 12:00:00,10.0,128.5,1,0,-11.1071195602417,48.62262742990568,48.15264724110971,0.4699801887959669,1736.9562242571137,-59.729746990147376,59.729746990147376,3567.6426755070197,-59.25976680135141,122.48775041899326,-133.59486997923494,133.59486997923494,17847.58928476869
space1_time0,2020-12-01 12:00:00,5.5,127.5,1,0,-16.333999633789062,54.775183851558396,52.741924345922335,2.0332595056360576,1736.999469517691,-71.10918348534746,71.10918348534746,5056.5159759528115,-69.0759239797114,122.48775041899326,-138.8217500527823,138.8217500527823,19271.478287717164
space1_time1,2020-12-02 04:00:00,35.25,-107.5,1,1,179.0206298828125,161.43938993772355,142.6879823148302,18.751407622893353,1654.5726918655785,17.581239945088953,17.581239945088953,309.0999980067914,36.33264756798229,124.49919247514084,54.521437407671655,54.521437407671655,2972.587136998658
space1_time1,2020-12-02 04:00:00,31.25,-108.5,1,1,191.43447875976562,161.69403992287937,142.71086422668265,18.98317569619671,1654.584953540546,29.740438836886256,29.740438836886256,884.4937022105723,48.72361453308298,124.49919247514084,66.93528628462478,66.93528628462478,4480.3325500046785
space1_time1,2020-12-02 04:00:00,27.25,-109.25,1,1,234.5562286376953,159.53448030402512,138.87258214859614,20.661898155429,1654.7889853895952,75.02174833367019,75.02174833367019,5628.262723040546,95.68364648909917,124.49919247514084,110.05703616255447,110.05703616255447,12112.551208885821
space1_time1,2020-12-02 04:00:00,23.0,-110.0,1,1,224.75582885742188,167.83311293307906,146.779450648878,21.053662284201074,1653.5158541423289,56.92271592434281,56.92271592434281,3240.1955882034304,77.97637820854388,124.49919247514084,100.25663638228103,100.25663638228103,10051.393138688916
space1_time1,2020-12-02 04:00:00,19.0,-111.0,1,1,229.9827117919922,185.5516602819139,167.1164038801032,18.435256401810705,1653.9018703618833,44.43105151007828,44.43105151007828,1974.118338291229,62.86630791188898,124.49919247514084,105.48351931685134,105.48351931685134,11126.77284746855
space1_time1,2020-12-02 04:00:00,15.0,-111.75,1,1,221.48902893066406,143.96323388378542,125.11057475738703,18.852659126398404,1654.474483004792,77.52579504687864,77.52579504687864,6010.248897650633,96.37845417327704,124.49919247514084,96.98983645552322,96.98983645552322,9407.02837566914
space1_time1,2020-12-02 04:00:00,11.0,-112.5,1,1,200.58151245117188,123.30518717004303,108.00490625810423,15.300280911938795,1655.5312239828154,77.27632528112885,77.27632528112885,5971.630448954834,92.57660619306765,124.49919247514084,76.08231997603103,76.08231997603103,5788.51941293517
space1_time1,2020-12-02 04:00:00,6.75,-113.5,1,1,159.41983032226562,132.23312712754904,117.52572263797754,14.707404489571514,1653.3302817109397,27.186703194716586,27.186703194716586,739.116830597613,41.89410768428809,124.49919247514084,34.92063784712478,34.92063784712478,1219.4509476500436
space1_time1,2020-12-02 04:00:00,2.75,-114.5,1,1,246.31671142578125,176.50721574783637,158.02079323388608,18.486422513950288,1654.5556386233134,69.80949567794488,69.80949567794488,4873.365686809005,88.29591819189517,124.49919247514084,121.8175189506404,121.8175189506404,14839.507923289635
space1_time1,2020-12-02 04:00:00,-1.5,-115.25,1,1,240.4364776611328,178.36556409655273,160.1481516674278,18.21741242912492,1651.279838584262,62.07091356458008,62.07091356458008,3852.7983107415716,80.288325993705,124.49919247514084,115.93728518599197,115.93728518599197,13441.454096298032
space1_time1,2020-12-02 04:00:00,-5.75,-116.5,1,1,260.6906433105469,185.50315459358148,166.11678497066276,19.38636962291872,1651.649778950226,75.18748871696539,75.18748871696539,5653.158459563798,94.57385833988411,124.49919247514084,136.19145083540604,136.19145083540604,18548.11128065282
space1_time1,2020-12-02 04:00:00,-10.0,-117.5,1,1,253.50367736816406,181.11455090288013,156.8890001733063,24.22555072957382,1650.489968759717,72.38912646528394,72.38912646528394,5240.1856304068715,96.61467719485776,124.49919247514084,129.00448489302323,129.00448489302323,16642.157122514258
space1_time1,2020-12-02 04:00:00,-14.25,-119.0,1,1,220.18231201171875,186.61704790018356,159.9057799831873,26.71126791699627,1650.7595069737695,33.565264111535186,33.565264111535186,1126.626954877112,60.27653202853145,124.49919247514084,95.6831195365779,95.6831195365779,9155.259364251056
space1_time1,2020-12-02 06:00:00,50.0,-128.5,1,1,173.14039611816406,187.16709542792466,169.25948013776406,17.907615290160614,1654.5690103098232,-14.026699309760602,14.026699309760602,196.74829352643854,3.8809159804000046,124.49919247514084,48.64120364302322,48.64120364302322,2365.9666918420553
space1_time1,2020-12-02 06:00:00,46.0,-129.25,1,1,168.56687927246094,190.83879428262588,172.46043672046474,18.378357562161145,1654.5674596857625,-22.271915010164946,22.271915010164946,496.03819822001066,-3.893557448003804,124.49919247514084,44.06768679732009,44.06768679732009,1941.9610196666997
space1_time1,2020-12-02 06:00:00,42.0,-130.25,1,1,197.31471252441406,187.55113060550747,169.43808445168685,18.113046153820626,1654.6069907203191,9.763581918906596,9.763581918906596,95.3275318871998,27.876628072727215,124.49919247514084,72.81552004927322,72.81552004927322,5302.09996004611
space1_time1,2020-12-02 06:00:00,38.0,-131.25,1,1,203.19496154785156,188.1172169442109,167.42713868547492,20.690078258735987,1654.8981253129682,15.077744603640667,15.077744603640667,227.33838233261525,35.76782286237665,124.49919247514084,78.69576907271072,78.69576907271072,6193.0240699454125
space1_time1,2020-12-02 06:00:00,33.75,-132.0,1,1,186.2075958251953,183.8121599981145,162.6630688973691,21.149091100745405,1654.862065689331,2.395435827080803,2.395435827080803,5.73811280166229,23.54452692782621,124.49919247514084,61.70840335005447,61.70840335005447,3807.9270440130135
space1_time1,2020-12-02 06:00:00,29.75,-133.0,1,1,196.00799560546875,187.87273839368598,165.86580761526687,22.0069307784191,1654.9565995681094,8.135257211782772,8.135257211782772,66.18240990186361,30.142187990201876,124.49919247514084,71.5088031303279,71.5088031303279,5113.508925131994
space1_time1,2020-12-02 06:00:00,25.75,-133.75,1,1,180.32736206054688,195.87834986144225,172.82273223851143,23.055617622930807,1654.8704086946282,-15.55098780089537,15.55098780089537,241.83322158359664,7.50462982203544,124.49919247514084,55.82816958540603,55.82816958540603,3116.7845192568548
space1_time1,2020-12-02 06:00:00,21.75,-134.5,1,1,180.980712890625,194.67731815326795,174.26890420316286,20.408413950105086,1653.9160241786362,-13.696605262642947,13.696605262642947,187.59699572065847,6.711808687462138,124.49919247514084,56.481520415484155,56.481520415484155,3190.1621484447533
space1_time1,2020-12-02 06:00:00,17.5,-135.5,1,1,131.9787139892578,198.69659681539127,179.50550186768746,19.19109494770382,1654.2015838740135,-66.71788282613346,66.71788282613346,4451.275888801674,-47.526787878429644,124.49919247514084,7.479521514116968,7.479521514116968,55.943242080138575
space1_time1,2020-12-02 06:00:00,13.5,-136.25,1,1,121.52495574951172,159.72757671666596,142.75365319584637,16.97392352081959,1655.5237266307197,-38.202620967154246,38.202620967154246,1459.4402487600532,-21.22869744633465,124.49919247514084,-2.974236725629126,2.974236725629126,8.846084100081065
space1_time1,2020-12-02 06:00:00,9.5,-137.0,1,1,23.520959854125977,136.77028341902724,123.53734232799849,13.23294109102875,1656.1968538392669,-113.24932356490126,113.24932356490126,12825.4092879077,-100.01638247387251,124.49919247514084,-100.97823262101487,100.97823262101487,10196.603463263791
space1_time1,2020-12-02 06:00:00,5.25,-138.0,1,1,0.0,138.83042955505994,125.1891502480399,13.641279307020051,1656.5076616900278,-138.83042955505994,138.83042955505994,19273.88817044246,-125.1891502480399,124.49919247514084,-124.49919247514084,124.49919247514084,15500.048926962167
space1_time1,2020-12-02 06:00:00,1.0,-139.0,1,1,2.6134400367736816,176.26030042718622,162.4152860296315,13.845014397554728,1656.6387002961224,-173.64686039041254,173.64686039041254,30153.232123447426,-159.8018459928578,124.49919247514084,-121.88575243836716,121.88575243836716,14856.136647466927
space1_time1,2020-12-02 06:00:00,-3.0,-140.0,1,1,-33.32135772705078,181.7522567717619,166.80316316869366,14.949093603068231,1657.108065482607,-215.07361449881267,215.07361449881267,46256.65965358388,-200.12452089574444,124.49919247514084,-157.8205502021916,157.8205502021916,24907.32606612248
space1_time1,2020-12-02 06:00:00,-7.25,-141.0,1,1,-15.680639266967773,175.18830214692653,160.2392085438583,14.949093603068244,1657.1080654826064,-190.8689414138943,190.8689414138943,36430.95279646062,-175.91984781082607,124.49919247514084,-140.1798317421086,140.1798317421086,19650.38522724588
space1_time1,2020-12-02 06:00:00,-11.75,-142.25,1,1,7.186959743499756,165.82818885952423,150.5372014125318,15.290987446992444,1657.2683068761821,-158.64122911602448,158.64122911602448,25167.039575442974,-143.35024166903204,124.49919247514084,-117.31223273164109,117.31223273164109,13762.159948482722
space1_time1,2020-12-02 06:00:00,-16.0,-143.5,1,1,2.6134400367736816,174.74130120889004,152.51140381624205,22.229897392647985,1655.4681880295293,-172.12786117211635,172.12786117211635,29628.00059168736,-149.89796377946837,124.49919247514084,-121.88575243836716,121.88575243836716,14856.136647466927
space1_time1,2020-12-02 07:00:00,56.75,-151.0,1,1,131.9787139892578,156.28347054536798,144.37123696067485,11.912233584693116,1653.8706575956455,-24.304756556110164,24.304756556110164,590.7211912517799,-12.392522971417037,124.49919247514084,7.479521514116968,7.479521514116968,55.943242080138575
space1_time1,2020-12-02 07:00:00,52.5,-152.0,1,1,158.1131134033203,159.96059346250797,146.74450792325825,13.216085539249706,1653.9870059994378,-1.8474800591876601,1.8474800591876601,3.41318256909604,11.368605480062058,124.49919247514084,33.61392092817947,33.61392092817947,1129.8956801659017
space1_time1,2020-12-02 07:00:00,48.5,-153.0,1,1,177.06056213378906,162.22664854323463,147.6905766237274,14.536071919507243,1654.06032876374,14.833913590554431,14.833913590554431,220.04499241203544,29.369985510061667,124.49919247514084,52.56136965864822,52.56136965864822,2762.6975803930654
space1_time1,2020-12-02 07:00:00,44.5,-153.75,1,1,179.6739959716797,168.92217108043022,153.51554924795946,15.406621832470764,1654.288012234731,10.75182489124947,10.75182489124947,115.60173849209167,26.158446723720232,124.49919247514084,55.17480349653884,55.17480349653884,3044.258940881675
space1_time1,2020-12-02 07:00:00,40.5,-155.0,1,1,199.92816162109375,164.30395675416062,148.8210985563827,15.482858197777919,1654.3372770103335,35.62420486693313,35.62420486693313,1269.083972401222,51.10706306471104,124.49919247514084,75.4289691459529,75.4289691459529,5689.529386421115
space1_time1,2020-12-02 07:00:00,36.5,-155.75,1,1,203.19496154785156,157.82666665677203,141.69782638845533,16.128840268316722,1654.338833441508,45.36829489107953,45.36829489107953,2058.282181323953,61.49713515939624,124.49919247514084,78.69576907271072,78.69576907271072,6193.0240699454125
space1_time1,2020-12-02 07:00:00,32.25,-156.5,1,1,167.91351318359375,180.3470306717731,163.2518714097909,17.095159261982175,1654.3813352951183,-12.433517488179348,12.433517488179348,154.59235712886166,4.661641773802842,124.49919247514084,43.414320708452905,43.414320708452905,1884.8032425764027
space1_time1,2020-12-02 07:00:00,28.25,-157.25,1,1,173.14039611816406,182.53342502216836,165.43826576018617,17.095159261982182,1654.3813352951174,-9.393028904004296,9.393028904004296,88.22899199146015,7.702130357977893,124.49919247514084,48.64120364302322,48.64120364302322,2365.9666918420553
space1_time1,2020-12-02 07:00:00,24.25,-158.25,1,1,228.67599487304688,197.46638529857248,181.42870878247797,16.03767651609451,1653.3279510276104,31.2096095744744,31.2096095744744,974.039729791124,47.247286090568906,124.49919247514084,104.17680239790603,104.17680239790603,10852.80615785236
space1_time1,2020-12-02 07:00:00,20.0,-159.0,1,1,224.10247802734375,188.9240927908329,175.68698988289424,13.237102907938676,1653.7883516823306,35.17838523651085,35.17838523651085,1237.5187878483644,48.41548814444951,124.49919247514084,99.6032855522029,99.6032855522029,9920.814492793672
space1_time1,2020-12-02 07:00:00,16.0,-159.75,1,1,252.85031127929688,179.09825138803734,167.28116041846883,11.817090969568504,1654.833096867464,73.75205989125953,73.75205989125953,5439.366338203933,85.56915086082805,124.49919247514084,128.35111880415604,128.35111880415604,16474.00969827858
space1_time1,2020-12-02 07:00:00,12.0,-160.75,1,1,245.00999450683594,174.40520062771458,165.81185766683208,8.59334296088249,1655.499752871362,70.60479387912136,70.60479387912136,4985.036918713213,79.19813684000385,124.49919247514084,120.51080203169509,120.51080203169509,14522.853406322407
space1_time1,2020-12-02 07:00:00,7.75,-161.5,1,1,228.67599487304688,139.79185722546544,131.17768269476002,8.614174530705398,1655.9034133357543,88.88413764758144,88.88413764758144,7900.389925354204,97.49831217828685,124.49919247514084,104.17680239790603,104.17680239790603,10852.80615785236
space1_time1,2020-12-02 07:00:00,3.75,-162.5,1,1,251.54359436035156,130.512008785158,121.04712350764198,9.46488527751603,1656.3192370204945,121.03158557519356,121.03158557519356,14648.644706845402,130.4964708527096,124.49919247514084,127.04440188521072,127.04440188521072,16140.280050370933
space1_time1,2020-12-02 07:00:00,-0.5,-163.5,1,1,221.48902893066406,174.3959508433918,161.84209460985855,12.553856233533239,1654.182403684726,47.09307808727226,47.09307808727226,2217.7580037339226,59.646934320805514,124.49919247514084,96.98983645552322,96.98983645552322,9407.02837566914
space1_time1,2020-12-02 07:00:00,-4.75,-164.5,1,1,203.19496154785156,165.57508374220245,153.02122750866923,12.553856233533216,1654.1824036847263,37.61987780564911,37.61987780564911,1415.2552061119707,50.173734039182335,124.49919247514084,78.69576907271072,78.69576907271072,6193.0240699454125
space1_time1,2020-12-02 07:00:00,-9.0,-165.75,1,1,211.68862915039062,113.84246173195086,101.28468674290902,12.55777498904185,1653.6254913638227,97.84616741843976,97.84616741843976,9573.872478477342,110.40394240748161,124.49919247514084,87.18943667524978,87.18943667524978,7601.997867747392
space1_time1,2020-12-02 07:00:00,-13.25,-166.75,1,1,191.43447875976562,121.16238181298698,108.60460682394512,12.557774989041853,1653.6254913638227,70.27209694677865,70.27209694677865,4938.167609297457,82.8298719358205,124.49919247514084,66.93528628462478,66.93528628462478,4480.3325500046785
space1_time1,2020-12-02 07:00:00,-17.75,-168.25,1,1,139.81903076171875,110.34080464656381,97.78302965752196,12.557774989041842,1653.625491363823,29.47822611515494,29.47822611515494,868.9658148962027,42.036001104196785,124.49919247514084,15.319838286577905,15.319838286577905,234.69744512689826
space1_time1,2020-12-02 09:00:00,55.25,-175.25,1,1,158.1131134033203,155.65762385852793,141.2005011599659,14.457122698562003,1654.2070717552824,2.4554895447923855,2.4554895447923855,6.029428904584717,16.912612243354403,124.49919247514084,33.61392092817947,33.61392092817947,1129.8956801659017
space1_time1,2020-12-02 09:00:00,51.25,-176.5,1,1,154.8463134765625,164.1680215253434,148.76412281485744,15.403898710485937,1654.281235094624,-9.321708048780891,9.321708048780891,86.89424094670646,6.082190661705056,124.49919247514084,30.347121001421655,30.347121001421655,920.9477530749273
space1_time1,2020-12-02 09:00:00,47.0,-177.5,1,1,147.00599670410156,164.782256832545,149.4052388598103,15.377017972734679,1654.402120621622,-17.776260128443425,17.776260128443425,315.99542415408746,-2.399242155708748,124.49919247514084,22.506804228960718,22.506804228960718,506.55623660076407
space1_time1,2020-12-02 09:00:00,43.0,-178.5,1,1,165.95343017578125,168.54467207838945,152.2062293595432,16.338442718846274,1654.4298442279326,-2.5912419026082034,2.5912419026082034,6.714534597832582,13.747200816238063,124.49919247514084,41.454237700640405,41.454237700640405,1718.4538233411963
space1_time1,2020-12-02 09:00:00,39.0,-179.25,1,1,152.88623046875,164.03450558837517,146.38777113754054,17.646734450834643,1654.4263112430658,-11.148275119625168,11.148275119625168,124.28403814285356,6.49845933120946,124.49919247514084,28.387037993609155,28.387037993609155,805.8239260506097
space1_time1,2020-12-02 09:00:00,35.0,179.75,1,1,133.28543090820312,128.53422135765612,135.76621607086082,-7.231994713204696,1654.608315707596,4.751209550547003,4.751209550547003,22.573992193209055,-2.480785162657696,124.49919247514084,8.78623843306228,8.78623843306228,77.1979858026207
space1_time1,2020-12-02 09:00:00,30.75,179.0,1,1,116.29808044433594,144.43353844708454,152.09000740777373,-7.656468960689176,1653.6710819936898,-28.135458002748607,28.135458002748607,791.6039970244306,-35.79192696343779,124.49919247514084,-8.201112030804907,8.201112030804907,67.25823854181299
space1_time1,2020-12-02 09:00:00,26.75,178.25,1,1,34.62807846069336,173.68008203974424,181.74042267222333,-8.060340632479086,1652.864839419553,-139.05200357905088,139.05200357905088,19335.45969934838,-147.11234421152997,124.49919247514084,-89.87111401444749,89.87111401444749,8076.8171341978195
space1_time1,2020-12-02 09:00:00,22.75,177.25,1,1,3.9201598167419434,179.3852204051164,187.32484725708352,-7.93962685196711,1652.9986981308955,-175.46506058837446,175.46506058837446,30787.98748728192,-183.40468744034158,124.49919247514084,-120.5790326583989,120.5790326583989,14539.303116835228
space1_time1,2020-12-02 09:00:00,19.0,176.75,1,1,10.453760147094727,169.09400781732407,175.7514097884453,-6.657401971121235,1652.5837019265064,-158.64024767022934,158.64024767022934,25166.728180871705,-165.29764964135057,124.49919247514084,-114.04543232804612,114.04543232804612,13006.360634890947
space1_time1,2020-12-02 09:00:00,14.5,175.75,1,1,7.840319633483887,149.99492491569345,156.4551233054653,-6.460198389771857,1653.1683224148794,-142.15460528220956,142.15460528220956,20207.931802940802,-148.6148036719814,124.49919247514084,-116.65887284165696,116.65887284165696,13609.292612685887
space1_time1,2020-12-02 09:00:00,10.5,174.75,1,1,-12.413839340209961,105.47650710107114,112.3104595468911,-6.833952445819956,1652.8261300965796,-117.8903464412811,117.8903464412811,13898.133784045278,-124.72429888710106,124.49919247514084,-136.9130318153508,136.9130318153508,18745.17828087126
space1_time1,2020-12-02 09:00:00,6.25,173.75,1,1,-35.93479919433594,43.754372248902776,52.66929917214762,-8.914926923244842,1653.5505096730458,-79.6891714432387,79.6891714432387,6350.3640453098915,-88.60409836648356,124.49919247514084,-160.43399166947677,160.43399166947677,25739.06568300174
space1_time1,2020-12-02 09:00:00,2.25,172.75,1,1,-32.667999267578125,118.9717707132904,128.65655611922364,-9.684785405933242,1654.652898764394,-151.63976998086852,151.63976998086852,22994.619839850715,-161.32455538680176,124.49919247514084,-157.16719174271896,157.16719174271896,24701.526160292586
space1_time1,2020-12-02 09:00:00,-2.0,171.75,1,1,-6.533599853515625,116.22757926925036,127.01055313679893,-10.78297386754857,1657.4252386417293,-122.76117912276598,122.76117912276598,15070.307099611835,-133.54415299031456,124.49919247514084,-131.03279232865646,131.03279232865646,17169.59266544481
space1_time1,2020-12-02 09:00:00,-6.25,170.75,1,1,3.9201598167419434,48.74317712593127,61.24073492861053,-12.497557802679259,1658.426319746341,-44.823017309189325,44.823017309189325,2009.1028806998859,-57.320575111868585,124.49919247514084,-120.5790326583989,120.5790326583989,14539.303116835228
space1_time1,2020-12-02 09:00:00,-10.5,169.5,1,1,1.9600799083709717,33.067365934601874,42.655664530545174,-9.588298595943298,1655.586106184281,-31.107286026230902,31.107286026230902,967.6632439177404,-40.6955846221742,124.49919247514084,-122.53911256676987,122.53911256676987,15015.834108651497
space1_time1,2020-12-02 09:00:00,-15.0,168.5,1,1,-3.2667999267578125,44.93003653722977,49.368541541933375,-4.438505004703608,1651.9871922249367,-48.19683646398758,48.19683646398758,2322.935045136363,-52.63534146869119,124.49919247514084,-127.76599240189866,127.76599240189866,16324.148814442025
space1_time1,2020-12-02 10:00:00,53.75,160.0,1,1,150.27279663085938,128.425714374262,137.7507018869976,-9.324987512735632,1650.2277889131924,21.84708225659739,21.84708225659739,477.29500312653244,12.522094743861771,124.49919247514084,25.77360415571853,25.77360415571853,664.2786711756715
space1_time1,2020-12-02 10:00:00,49.5,159.0,1,1,153.5395965576172,131.6814648725711,140.39724124285235,-8.715776370281251,1649.7694782188871,21.85813168504609,21.85813168504609,477.7779207608158,13.142355314764842,124.49919247514084,29.040404082476343,29.040404082476343,843.3450692735087
space1_time1,2020-12-02 10:00:00,45.5,158.0,1,1,167.91351318359375,137.51810850202276,147.13483296821124,-9.616724466188487,1650.0896591589483,30.395404681570994,30.395404681570994,923.8806257564679,20.778680215382508,124.49919247514084,43.414320708452905,43.414320708452905,1884.8032425764027
space1_time1,2020-12-02 10:00:00,41.5,157.25,1,1,172.48703002929688,151.78854087408837,162.43407848059465,-10.64553760650629,1651.6455196084967,20.698489155208506,20.698489155208506,428.42745330828416,10.052951548702225,124.49919247514084,47.98783755415603,47.98783755415603,2302.832553124068
space1_time1,2020-12-02 11:00:00,37.5,156.25,1,1,188.1676788330078,147.06878263716277,157.1555607473506,-10.086778110187812,1653.3553091538874,41.09889619584504,41.09889619584504,1689.1192685168462,31.01211808565722,124.49919247514084,63.66848635786697,63.66848635786697,4053.676155101892
space1_time1,2020-12-02 11:00:00,33.25,155.25,1,1,166.60679626464844,148.32937869162492,159.2574333873946,-10.928054695769688,1656.0646345365299,18.277417573023513,18.277417573023513,334.0639931386687,7.349362877253839,124.49919247514084,42.10760378950759,42.10760378950759,1773.0502968941541
space1_time1,2020-12-02 11:00:00,29.25,154.5,1,1,164.64671325683594,126.63664241248495,137.96055634224996,-11.323913929765006,1655.4878714982492,38.01007084435099,38.01007084435099,1444.7654855925814,26.68615691458598,124.49919247514084,40.14752078169509,40.14752078169509,1611.8234249166394
space1_time1,2020-12-02 11:00:00,25.25,153.75,1,1,130.6719970703125,147.9306241189197,160.1009250088087,-12.170300889889013,1656.9368312123997,-17.258627048607195,17.258627048607195,297.8602076029159,-29.4289279384962,124.49919247514084,6.172804595171655,6.172804595171655,38.1035165701723
space1_time1,2020-12-02 11:00:00,21.0,153.0,1,1,95.39055633544922,120.75935554825284,132.40729802343543,-11.64794247518259,1659.4510364684977,-25.368799212803623,25.368799212803623,643.5759734995457,-37.01674168798621,124.49919247514084,-29.108636139691626,29.108636139691626,847.3126979129614
space1_time1,2020-12-02 11:00:00,17.0,152.0,1,1,9.800399780273438,104.30419497672231,106.1092889815683,-1.805094004845989,1656.8039911808796,-94.50379519644888,94.50379519644888,8930.967306532353,-96.30888920129486,124.49919247514084,-114.69879269486741,114.69879269486741,13155.813045660168
space1_time1,2020-12-02 11:00:00,13.0,151.25,1,1,-14.373919486999512,73.39090245419547,73.45738205294192,-0.06647959874645482,1656.2656965220713,-87.76482194119498,87.76482194119498,7702.66397036966,-87.83130153994144,124.49919247514084,-138.87311196214034,138.87311196214034,19285.741226049166
space1_time1,2020-12-02 11:00:00,9.0,150.25,1,1,-11.760479927062988,54.83135137186734,53.973177830714,0.858173541153344,1655.965284624926,-66.59183129893033,66.59183129893033,4434.471995745197,-65.733657757777,124.49919247514084,-136.25967240220382,136.25967240220382,18566.698323155906
space1_time1,2020-12-02 11:00:00,4.75,149.25,1,1,-6.533599853515625,70.1072357355025,67.47524718750262,2.6319885479998812,1655.5682291541136,-76.64083558901812,76.64083558901812,5873.817679782907,-74.00884704101824,124.49919247514084,-131.03279232865646,131.03279232865646,17169.59266544481
space1_time1,2020-12-02 11:00:00,0.5,148.25,1,1,4.573519706726074,81.1244797412201,80.78842429561568,0.33605544560441825,1655.2722328439145,-76.55096003449403,76.55096003449403,5860.049482202701,-76.21490458888961,124.49919247514084,-119.92567276841477,119.92567276841477,14382.1669889569
space1_time1,2020-12-02 11:00:00,-3.5,147.5,1,1,-15.0272798538208,79.07611865300458,75.29534528502049,3.7807733679840925,1651.284290769096,-94.10339850682539,94.10339850682539,8855.449610534386,-90.32262513884129,124.49919247514084,-139.52647232896163,139.52647232896163,19467.636480564495
space1_time1,2020-12-02 11:00:00,-7.75,146.25,1,1,19.600799560546875,64.74996575067414,57.92141402044841,6.8285517302257315,1650.243774049667,-45.14916619012726,45.14916619012726,2038.4472076637305,-38.320614459901535,124.49919247514084,-104.89839291459397,104.89839291459397,11003.672836064537
space1_time1,2020-12-02 11:00:00,-12.25,145.0,1,1,16.333999633789062,84.09666211785805,73.77472721269277,10.321934905165275,1652.1652187296377,-67.76266248406898,67.76266248406898,4591.77842692985,-57.440727578903704,124.49919247514084,-108.16519284135178,108.16519284135178,11699.708942406818
space1_time1,2020-12-02 11:00:00,-16.75,143.5,1,1,19.600799560546875,112.12465507477312,99.89707765848463,12.227577416288483,1651.7039839116828,-92.52385551422624,92.52385551422624,8560.663839217414,-80.29627809793776,124.49919247514084,-104.89839291459397,104.89839291459397,11003.672836064537
space1_time1,2020-12-02 12:00:00,44.0,133.5,1,1,153.5395965576172,139.47234562623171,144.14602611849386,-4.673680492262162,1655.3338901488555,14.067250931385473,14.067250931385473,197.88754876656546,9.393570439123323,124.49919247514084,29.040404082476343,29.040404082476343,843.3450692735087
space1_time1,2020-12-02 12:00:00,40.0,132.5,1,1,156.1530303955078,158.7910224050975,163.15651712776273,-4.365494722665244,1655.2614678437844,-2.6379920095896807,2.6379920095896807,6.959001842659002,-7.003486732254913,124.49919247514084,31.653837920366968,31.653837920366968,1001.9654550888617
space1_time1,2020-12-02 12:00:00,35.75,131.75,1,1,151.5795135498047,160.9901255553195,159.81715536605577,1.172970189263733,1653.4458786849345,-9.410612005514821,9.410612005514821,88.55961831833969,-8.237641816251084,124.49919247514084,27.080321074663843,27.080321074663843,733.3437895068827
space1_time1,2020-12-02 12:00:00,31.75,130.75,1,1,165.30007934570312,147.40517937768126,147.08793243915022,0.31724693853104025,1652.7861021466683,17.89489996802186,17.89489996802186,320.2274448655088,18.212146906552903,124.49919247514084,40.80088687056228,40.80088687056228,1664.7123694244215
space1_time1,2020-12-02 12:00:00,27.75,130.0,1,1,152.88623046875,177.78732926273398,179.6820605753926,-1.894731312658628,1652.243195216513,-24.901098793983977,24.901098793983977,620.0647211477502,-26.795830106642597,124.49919247514084,28.387037993609155,28.387037993609155,805.8239260506097
space1_time1,2020-12-02 12:00:00,23.75,129.25,1,1,121.52495574951172,105.73824025652152,106.98586964351182,-1.2476293869902981,1652.4486763662546,15.786715492990197,15.786715492990197,249.22038605661672,14.5390861059999,124.49919247514084,-2.974236725629126,2.974236725629126,8.846084100081065
space1_time1,2020-12-02 12:00:00,19.5,128.25,1,1,25.48103904724121,94.9913479545933,93.04091938384302,1.9504285707502722,1652.702723096286,-69.51030890735208,69.51030890735208,4831.6830443955105,-67.55988033660181,124.49919247514084,-99.01815342789963,99.01815342789963,9804.594708271072
space1_time1,2020-12-02 12:00:00,15.5,127.5,1,1,-10.453760147094727,87.60431396620149,84.1151213532926,3.4891926129088913,1654.5525101927385,-98.05807411329621,98.05807411329621,9615.385898808694,-94.56888150038732,124.49919247514084,-134.95295262223556,134.95295262223556,18212.299421459356
space1_time1,2020-12-02 12:00:00,11.5,126.75,1,1,-8.493680000305176,82.89304406280603,74.01919741370438,8.873846649101653,1654.7277859662108,-91.3867240631112,91.3867240631112,8351.533334987229,-82.51287741400955,124.49919247514084,-132.992872475446,132.992872475446,17687.104129270243
space1_time3,2020-12-04 08:00:00,39.5,-160.0,1,3,318.1863098144531,143.22094978981713,144.29510416509197,-1.0741543752748337,1595.68227780495,174.965360024636,174.965360024636,30612.877208550493,173.89120564936115,125.41893933233315,192.76737048212,192.76737048212,37159.259122590905
space1_time3,2020-12-04 08:00:00,35.25,-160.5,1,3,158.1131134033203,132.36843075324762,133.42241998343832,-1.053989230190691,1595.68227780495,25.74468265007269,25.74468265007269,662.7886847529538,24.690693419881995,125.41893933233315,32.69417407098716,32.69417407098716,1068.909018184009
space1_time3,2020-12-04 08:00:00,31.25,-161.5,1,3,150.92616271972656,137.6803334565332,139.2792638517672,-1.5989303952340346,1595.68227780495,13.245829263193372,13.245829263193372,175.45199286966985,11.64689886795935,125.41893933233315,25.50722338739341,25.50722338739341,650.6184449343893
space1_time3,2020-12-04 08:00:00,27.25,-162.25,1,3,181.6340789794922,148.47769099140353,153.14504060276872,-4.667349611365177,1595.68227780495,33.15638798808865,33.15638798808865,1099.3460644166696,28.48903837672347,125.41893933233315,56.215139647159035,56.215139647159035,3160.1419255495916
space1_time3,2020-12-04 08:00:00,23.25,-163.25,1,3,197.31471252441406,136.300705569631,140.78119499496256,-4.480489425331579,1595.68227780495,61.01400695478307,61.01400695478307,3722.709044678317,56.5335175294515,125.41893933233315,71.89577319208091,71.89577319208091,5169.00220288714
space1_time3,2020-12-04 08:00:00,19.25,-164.0,1,3,205.8083953857422,129.00458338098107,134.28665599897067,-5.2820726179895985,1595.68227780495,76.80381200476111,76.80381200476111,5898.825538462687,71.52173938677151,125.41893933233315,80.38945605340903,80.38945605340903,6462.464644562982
space1_time3,2020-12-04 08:00:00,15.0,-164.75,1,3,177.06056213378906,89.02634833945008,94.30842095743967,-5.282072617989582,1595.68227780495,88.03421379433898,88.03421379433898,7750.022798387384,82.7521411763494,125.41893933233315,51.64162280145591,51.64162280145591,2666.857205567851
space1_time3,2020-12-04 08:00:00,11.0,-165.75,1,3,187.51431274414062,90.91680521604313,97.20362251201331,-6.2868172959701765,1595.68227780495,96.5975075280975,96.5975075280975,9331.078460640852,90.31069023212731,125.41893933233315,62.09537341180747,62.09537341180747,3855.8353991518065
space1_time3,2020-12-04 08:00:00,6.75,-166.5,1,3,141.12576293945312,71.95999933542245,79.08924011509231,-7.129240779669862,1595.68227780495,69.16576360403067,69.16576360403067,4783.902854928654,62.036522824360816,125.41893933233315,15.706823607119972,15.706823607119972,246.70430782518125
space1_time3,2020-12-04 08:00:00,2.75,-167.5,1,3,85.59015655517578,53.33418574135275,60.463426521022605,-7.129240779669859,1595.68227780495,32.25597081382303,32.25597081382303,1040.4476531422033,25.126730034153177,125.41893933233315,-39.82878277715737,39.82878277715737,1586.3319375099877
space1_time3,2020-12-04 08:00:00,-1.5,-168.5,1,3,64.6826400756836,87.48949874558215,95.42669053285965,-7.937191787277497,1595.68227780495,-22.80685866989856,22.80685866989856,520.1528023887271,-30.74405045717606,125.41893933233315,-60.73629925664956,60.73629925664956,3688.8980473932897
space1_time3,2020-12-04 08:00:00,-5.75,-169.5,1,3,86.89688110351562,106.73093849251599,111.09351007810946,-4.362571585593473,1595.68227780495,-19.834057389000364,19.834057389000364,393.3898325101599,-24.196628974593835,125.41893933233315,-38.52205822881753,38.52205822881753,1483.9489701844082
space1_time3,2020-12-04 08:00:00,-10.0,-170.75,1,3,81.01663970947266,16.900328361509285,20.856522524230023,-3.9561941627207386,1595.68227780495,64.11631134796338,64.11631134796338,4110.901380868977,60.16011718524263,125.41893933233315,-44.4022996228605,44.4022996228605,1971.5642117982775
space1_time3,2020-12-04 08:00:00,-14.25,-172.0,1,3,91.47039794921875,52.65717286664831,55.91857116639027,-3.261398299741959,1595.68227780495,38.81322508257044,38.81322508257044,1506.466441310275,35.55182678282848,125.41893933233315,-33.9485413831144,33.9485413831144,1152.503462041031
space1_time3,2020-12-04 09:00:00,58.25,-179.25,1,3,168.56687927246094,143.47273250215315,146.143612286975,-2.670879784821873,1595.68227780495,25.094146770307788,25.094146770307788,629.7162021297488,22.423266985485924,125.41893933233315,43.147939940127785,43.147939940127785,1861.7447210768744
space1_time3,2020-12-04 09:00:00,54.25,179.5,1,3,189.47439575195312,132.23462725289454,141.54802476027422,-9.313397507379669,1595.68227780495,57.239768499058584,57.239768499058584,3276.3910978258195,47.92637099167891,125.41893933233315,64.05545641961997,64.05545641961997,4103.101497125834
space1_time3,2020-12-04 09:00:00,50.0,178.5,1,3,178.36727905273438,132.36662962971945,143.09510322545913,-10.728473595739668,1595.68227780495,46.00064942301492,46.00064942301492,2116.059747339123,35.27217582727525,125.41893933233315,52.94833972040122,52.94833972040122,2803.5266791470176
space1_time3,2020-12-04 09:00:00,46.0,177.5,1,3,139.81903076171875,126.32947375829512,137.82057538778116,-11.491101629486035,1595.68227780495,13.489557003423627,13.489557003423627,181.96814814861543,1.9984553739375883,125.41893933233315,14.400091429385597,14.400091429385597,207.36263317466452
space1_time3,2020-12-04 09:00:00,42.0,176.75,1,3,155.4996795654297,110.15538786628203,122.57796520327642,-12.422577336994395,1595.68227780495,45.34429169914766,45.34429169914766,2056.1047896973914,32.92171436215327,125.41893933233315,30.080740233096535,30.080740233096535,904.8509329710325
space1_time3,2020-12-04 09:00:00,38.0,175.75,1,3,114.9913558959961,73.32549729623595,85.89543257579138,-12.569935279555427,1595.68227780495,41.66585859976014,41.66585859976014,1736.0437728552063,29.09592332020472,125.41893933233315,-10.42758343633706,10.42758343633706,108.73449632177099
space1_time3,2020-12-04 09:00:00,33.75,175.0,1,3,158.1131134033203,85.90661604112033,98.97107989239659,-13.064463851276253,1595.68227780495,72.20649736219998,72.20649736219998,5213.778261317393,59.142033510923724,125.41893933233315,32.69417407098716,32.69417407098716,1068.909018184009
space1_time3,2020-12-04 09:00:00,29.75,174.0,1,3,208.4218292236328,91.09072265236576,103.0613767022822,-11.970654049916448,1595.68227780495,117.33110657126706,117.33110657126706,13766.588569238027,105.36045252135061,125.41893933233315,83.00288989129966,83.00288989129966,6889.4797303072155
space1_time3,2020-12-04 09:00:00,25.75,173.25,1,3,159.41983032226562,102.53606584137135,115.00973241873702,-12.473666577365664,1595.68227780495,56.88376448089427,56.88376448089427,3235.7626615178488,44.41009790352861,125.41893933233315,34.00089098993247,34.00089098993247,1156.060588109271
space1_time3,2020-12-04 09:00:00,21.75,172.5,1,3,146.35263061523438,103.329308160105,117.22216925621584,-13.892861096110838,1595.68227780495,43.023322455129374,43.023322455129374,1851.0062750780394,29.13046135901854,125.41893933233315,20.933691282901222,20.933691282901222,438.2194307278146
space1_time3,2020-12-04 09:00:00,17.5,171.5,1,3,113.68463897705078,86.76516224428829,102.66636727389583,-15.90120502960754,1595.68227780495,26.91947673276249,26.91947673276249,724.6582275657411,11.018271703154952,125.41893933233315,-11.734300355282372,11.734300355282372,137.69380482798
space1_time3,2020-12-04 09:00:00,13.5,170.75,1,3,58.14904022216797,74.52870147651507,92.2405699585542,-17.71186848203913,1595.68227780495,-16.3796612543471,16.3796612543471,268.2933028071596,-34.091529736386235,125.41893933233315,-67.26989911016518,67.26989911016518,4525.239326291803
space1_time3,2020-12-04 09:00:00,9.5,169.75,1,3,7.840319633483887,47.5473418286504,65.42726870767353,-17.87992687902313,1595.68227780495,-39.707022195166516,39.707022195166516,1576.6476116074464,-57.58694907418965,125.41893933233315,-117.57861969884927,117.57861969884927,13824.731810286625
space1_time3,2020-12-04 09:00:00,5.25,169.0,1,3,-3.2667999267578125,-8.840380930602576,10.327207016263733,-19.16758794686631,1595.68227780495,5.5735810038447635,5.5735810038447635,31.0648052064192,-13.594006943021546,125.41893933233315,-128.68573925909095,128.68573925909095,16560.01948865874
space1_time3,2020-12-04 09:00:00,1.5,168.0,1,3,-12.413839340209961,17.798811798949906,37.86768842488821,-20.0688766259383,1595.68227780495,-30.212651139159867,30.212651139159867,912.804288856578,-50.28152776509817,125.41893933233315,-137.8327786725431,137.8327786725431,18997.87487659425
space1_time3,2020-12-04 09:00:00,-3.0,167.0,1,3,4.573519706726074,59.72425852370685,80.52041772052641,-20.796159196819563,1595.68227780495,-55.15073881698078,55.15073881698078,3041.60399205883,-75.94689801380034,125.41893933233315,-120.84541962560708,120.84541962560708,14603.61544448906
space1_time3,2020-12-04 09:00:00,-7.5,165.75,1,3,-2.6134400367736816,-12.678716240039538,10.24488762445279,-22.92360386449233,1595.68227780495,10.065276203265856,10.065276203265856,101.30978504802994,-12.858327661226472,125.41893933233315,-128.03237936910682,128.03237936910682,16392.29016691489
space1_time3,2020-12-04 09:00:00,-11.75,164.5,1,3,16.333999633789062,-19.955600083777153,4.566853282972535,-24.522453366749687,1595.68227780495,36.28959971756622,36.28959971756622,1316.9350476611821,11.767146350816528,125.41893933233315,-109.08493969854409,109.08493969854409,11899.524069035
space1_time3,2020-12-04 09:00:00,-16.25,163.0,1,3,7.840319633483887,40.68178872501676,67.42357138648097,-26.741782661464214,1595.68227780495,-32.84146909153287,32.84146909153287,1078.562092090109,-59.583251752997086,125.41893933233315,-117.57861969884927,117.57861969884927,13824.731810286625
space1_time3,2020-12-04 11:00:00,52.5,155.0,1,3,160.7265625,128.88276597143826,140.36004611415004,-11.477280142711786,1595.68227780495,31.84379652856174,31.84379652856174,1014.0273773524407,20.366516385849962,125.41893933233315,35.30762316766685,35.30762316766685,1246.6282537499646
space1_time3,2020-12-04 11:00:00,48.75,154.0,1,3,147.65936279296875,124.99553837659982,138.02316055193597,-13.027622175336145,1595.68227780495,22.663824416368925,22.663824416368925,513.6489371760002,9.636202241032777,125.41893933233315,22.240423460635597,22.240423460635597,494.63643570839025
space1_time3,2020-12-04 11:00:00,44.5,153.0,1,3,173.79376220703125,129.36394306892663,143.04175360983587,-13.677810540909242,1595.68227780495,44.42981913810462,44.42981913810462,1974.0088286446876,30.752008597195385,125.41893933233315,48.3748228746981,48.3748228746981,2340.123488158414
space1_time3,2020-12-04 11:00:00,40.5,152.25,1,3,177.06056213378906,128.46119266345332,142.84798039147458,-14.386787728021273,1595.68227780495,48.599369470335745,48.599369470335745,2361.898712914202,34.212581742314484,125.41893933233315,51.64162280145591,51.64162280145591,2666.857205567851
space1_time3,2020-12-04 11:00:00,36.5,151.25,1,3,183.5941619873047,131.35024509563223,146.0282518761871,-14.67800678055487,1595.68227780495,52.243916891672455,52.243916891672455,2729.4268521839786,37.565910111117574,125.41893933233315,58.175222654971535,58.175222654971535,3384.3565309555133
space1_time3,2020-12-04 11:00:00,32.5,150.5,1,3,210.3819122314453,99.05265648802478,113.73066326857966,-14.678006780554876,1595.68227780495,111.32925574342053,111.32925574342053,12394.203184383934,96.65124896286565,125.41893933233315,84.96297289911216,84.96297289911216,7218.706763855267
space1_time3,2020-12-04 11:00:00,28.25,149.5,1,3,212.3419952392578,68.10904305248616,82.78704983304102,-14.678006780554869,1595.68227780495,144.23295218677166,144.23295218677166,20803.14449651156,129.5549454062168,125.41893933233315,86.92305590692466,86.92305590692466,7555.61764819835
space1_time3,2020-12-04 11:00:00,24.25,148.75,1,3,182.2874298095703,68.8858813341517,84.23709583363699,-15.351214499485286,1595.68227780495,113.40154847541861,113.40154847541861,12859.911196622716,98.05033397593333,125.41893933233315,56.86849047723716,56.86849047723716,3234.0252091596135
space1_time3,2020-12-04 11:00:00,20.25,148.0,1,3,140.47239685058594,40.24145509767247,56.85672510650582,-16.61527000883335,1595.68227780495,100.23094175291347,100.23094175291347,10046.241684675932,83.61567174408012,125.41893933233315,15.053457518252785,15.053457518252785,226.60658325384128
space1_time3,2020-12-04 11:00:00,14.0,142.5,1,3,139.16567993164062,-7.810505358839102,10.812148616208287,-18.62265397504739,1595.68227780495,146.97618529047972,146.97618529047972,21601.999042541425,128.35353131543235,125.41893933233315,13.746740599307472,13.746740599307472,188.97287710464835
space1_time3,2020-12-04 11:00:00,12.25,146.25,1,3,80.36328125,8.834404544669695,28.067385365898303,-19.232980821228608,1595.68227780495,71.5288767053303,71.5288767053303,5116.380202726345,52.2958958841017,125.41893933233315,-45.05565808233315,45.05565808233315,2030.0123252321127
space1_time3,2020-12-04 11:00:00,7.75,145.25,1,3,189.47439575195312,-18.09161396253689,2.2925291834373094,-20.3841431459742,1595.68227780495,207.56600971449,207.56600971449,43083.64838879576,187.18186656851583,125.41893933233315,64.05545641961997,64.05545641961997,4103.101497125834
space1_time3,2020-12-04 11:00:00,3.75,144.25,1,3,179.6739959716797,-27.1392639263589,-5.99354187271426,-21.14572205364464,1595.68227780495,206.81325989803858,206.81325989803858,42771.72446965365,185.66753784439396,125.41893933233315,54.255056639346535,54.255056639346535,2943.6111709387005
space1_time3,2020-12-04 11:00:00,-0.5,143.5,1,3,138.51231384277344,-27.981550335029183,-6.92954722428845,-21.05200311074073,1595.68227780495,166.4938641778026,166.4938641778026,27720.206808856583,145.4418610670619,125.41893933233315,13.093374510440285,13.093374510440285,171.43645607064735
space1_time3,2020-12-04 11:00:00,-4.75,142.25,1,3,147.00599670410156,30.816859446675245,51.86886255741596,-21.052003110740714,1595.68227780495,116.18913725742632,116.18913725742632,13499.915616625054,95.13713414668561,125.41893933233315,21.58705737176841,21.58705737176841,466.00104597202085
space1_time3,2020-12-04 11:00:00,-9.0,141.25,1,3,144.39256286621094,18.206020384427074,39.78481483586915,-21.578794451442075,1595.68227780495,126.18654248178386,126.18654248178386,15923.043503507042,104.60774803034178,125.41893933233315,18.973623533877785,18.973623533877785,359.9983900053209
space1_time3,2020-12-04 11:00:00,-13.25,140.0,1,3,75.78975677490234,24.722358293212135,47.06496526567616,-22.342606972464022,1595.68227780495,51.067398481690205,51.067398481690205,2607.879187687735,28.724791509226186,125.41893933233315,-49.62918255743081,49.62918255743081,2463.0557613187943
space2_time0,2020-12-01 12:00:00,1.5,126.5,2,0,-24.174320220947266,59.82843115500915,83.6399943443598,-23.811563189350657,1203.8304561850978,-84.00275137595642,84.00275137595642,7056.462238730748,-107.81431456530707,127.54566972474257,-151.71998994568983,151.71998994568983,23018.955349120224
space2_time0,2020-12-01 12:00:00,-2.5,125.75,2,0,-33.9747200012207,50.9811659971932,74.86464597505824,-23.88347997786504,1210.8317250951814,-84.9558859984139,84.9558859984139,7217.5025657754995,-108.83936597627894,127.54566972474257,-161.52038972596327,161.52038972596327,26088.836297227062
space2_time0,2020-12-01 12:00:00,-7.0,124.75,2,0,-32.667999267578125,64.00688362333514,85.97311953387668,-21.966235910541542,1212.8720084195927,-96.67488289091327,96.67488289091327,9346.032981971795,-118.64111880145481,127.54566972474257,-160.2136689923207,160.2136689923207,25668.4197319809
space2_time0,2020-12-01 12:00:00,-11.25,123.5,2,0,-13.06719970703125,62.50708965640504,83.95560948862357,-21.448519832218523,1223.0423050568188,-75.57428936343629,75.57428936343629,5711.4732127884,-97.02280919565482,127.54566972474257,-140.61286943177382,140.61286943177382,19771.97904983707
space2_time0,2020-12-01 12:00:00,-15.5,122.25,2,0,-15.0272798538208,63.02306431734914,82.5052177303453,-19.482153412996155,1232.828865860106,-78.05034417116994,78.05034417116994,6091.856225238082,-97.5324975841661,127.54566972474257,-142.57294957856337,142.57294957856337,20327.04595153157
space2_time0,2020-12-01 17:00:00,50.0,64.75,2,0,155.4996795654297,132.9353220471851,140.57003499035395,-7.634712943168841,1109.1248472664834,22.564357518244577,22.564357518244577,509.1502302111606,14.929644575075741,127.54566972474257,27.95400984068712,27.95400984068712,781.4266661732324
space2_time0,2020-12-01 17:00:00,46.0,63.75,2,0,184.2475128173828,129.27858913094155,138.0204633575037,-8.741874226562146,1114.0797534900373,54.96892368644126,54.96892368644126,3021.5825712458027,46.22704945987911,127.54566972474257,56.701843092640246,56.701843092640246,3215.0990101023945
space2_time0,2020-12-01 17:00:00,41.75,63.0,2,0,160.7265625,128.37617287243134,136.13436745624006,-7.758194583808704,1121.0950056512233,32.35038962756866,32.35038962756866,1046.5477090555019,24.592195043759943,127.54566972474257,33.18089277525743,33.18089277525743,1100.9716453631308
space2_time0,2020-12-01 17:00:00,37.75,62.25,2,0,175.7538299560547,140.51158614782932,149.13714270164456,-8.625556553815244,1127.849941209879,35.24224380822537,35.24224380822537,1242.0157486383994,26.616687254410124,127.54566972474257,48.20816023131212,48.20816023131212,2324.0267128878636
space2_time0,2020-12-01 17:00:00,33.75,61.25,2,0,179.0206298828125,108.21500514476321,117.62503838537306,-9.410033240609842,1137.5102368364387,70.80562473804929,70.80562473804929,5013.436494545457,61.39559149743944,127.54566972474257,51.47496015806993,51.47496015806993,2649.671523274887
space2_time0,2020-12-01 17:00:00,30.25,60.75,2,0,189.47439575195312,87.5860382971976,98.78521082332233,-11.199172526124734,1144.8988843021607,101.88835745475552,101.88835745475552,10381.237384828035,90.6891849286308,127.54566972474257,61.92872602721056,61.92872602721056,3835.1671073533066
space2_time0,2020-12-01 17:00:00,25.75,59.5,2,0,207.7684783935547,98.78368745008224,111.51557832244264,-12.731890872360392,1155.3246919986257,108.98479094347245,108.98479094347245,11877.684656992395,96.25290007111205,127.54566972474257,80.22280866881212,80.22280866881212,6435.699030712837
space2_time0,2020-12-01 17:00:00,21.5,58.75,2,0,211.68862915039062,61.28885893900193,73.72125283740189,-12.43239389839996,1165.8463082486949,150.3997702113887,150.3997702113887,22620.090879638523,137.96737631298873,127.54566972474257,84.14295942564806,84.14295942564806,7080.037620906255
space2_time0,2020-12-01 17:00:00,17.75,58.0,2,0,226.71591186523438,104.05858829209393,117.91423307475007,-13.855644782656146,1174.1703465482533,122.65732357314045,122.65732357314045,15044.819026126075,108.8016787904843,127.54566972474257,99.17024214049181,99.17024214049181,9834.736926203777
space2_time0,2020-12-01 17:00:00,13.5,57.0,2,0,246.31671142578125,103.7185822249101,114.07362938669831,-10.35504716178822,1183.6873938620975,142.59812920087114,142.59812920087114,20334.22645158834,132.24308203908294,127.54566972474257,118.77104170103868,118.77104170103868,14106.56034674987
space2_time0,2020-12-01 17:00:00,9.5,56.25,2,0,243.70327758789062,98.13415520641874,107.4706335014256,-9.336478295006854,1191.6352942105163,145.56912238147189,145.56912238147189,21190.36939091194,136.23264408646503,127.54566972474257,116.15760786314806,116.15760786314806,13492.589864488875
space2_time0,2020-12-01 17:00:00,4.75,54.25,2,0,243.04991149902344,90.73784599529712,100.17752735945206,-9.439681364154936,1200.6300404662938,152.31206550372633,152.31206550372633,23198.96529801142,142.87238413957138,127.54566972474257,115.50424177428087,115.50424177428087,13341.22986785153
space2_time0,2020-12-01 17:00:00,1.25,54.5,2,0,227.36927795410156,61.43697751738092,70.6972477864298,-9.260270269048883,1211.2971163057487,165.93230043672065,165.93230043672065,27533.528328222124,156.67203016767178,127.54566972474257,99.823608229359,99.823608229359,9964.75275992855
space2_time0,2020-12-01 17:00:00,-3.0,53.25,2,0,233.9028778076172,35.83191051349721,56.88598947231644,-21.054078958819225,1215.0716584744587,198.07096729411998,198.07096729411998,39232.108084828345,177.01688833530073,127.54566972474257,106.35720808287462,106.35720808287462,11311.85571118389
space2_time0,2020-12-01 17:00:00,-7.25,52.0,2,0,220.18231201171875,49.17606778532324,70.13527192608014,-20.959204140756896,1224.9855847473232,171.0062442263955,171.0062442263955,29243.135564417622,150.04704008563863,127.54566972474257,92.63664228697618,92.63664228697618,8581.547494205184
space2_time0,2020-12-01 17:00:00,-11.5,51.0,2,0,227.36927795410156,71.45562580982481,93.10065251902205,-21.645026709197243,1236.1172878883285,155.91365214427674,155.91365214427674,24309.06692496653,134.2686254350795,127.54566972474257,99.823608229359,99.823608229359,9964.75275992855
space2_time0,2020-12-01 17:00:00,-15.5,50.0,2,0,226.06256103515625,74.35056759371506,94.5828846094576,-20.232317015742538,1246.7070020562942,151.7119934414412,151.7119934414412,23016.528953975896,131.47967642569864,127.54566972474257,98.51689131041368,98.51689131041368,9705.577873467862
space2_time0,2020-12-01 18:00:00,44.5,39.25,2,0,177.06056213378906,143.539275453139,145.7555659889018,-2.2162905357628,1029.396759425315,33.521286680650064,33.521286680650064,1123.6766607263273,31.30499614488727,127.54566972474257,49.514892409046496,49.514892409046496,2451.7245702794503
space2_time0,2020-12-01 18:00:00,40.5,38.5,2,0,182.2874298095703,135.92717199852027,140.30961907719606,-4.3824470786757885,1040.0185137361705,46.36025781105005,46.36025781105005,2149.273504307027,41.97781073237425,127.54566972474257,54.741760084827746,54.741760084827746,2996.66029718484
space2_time0,2020-12-01 18:00:00,36.25,37.75,2,0,165.95343017578125,131.88729417915008,135.86518551965523,-3.977891340505155,1047.6734302772813,34.066135996631175,34.066135996631175,1160.5016217409702,30.088244656126022,127.54566972474257,38.40776045103868,38.40776045103868,1475.1560628643713
space2_time0,2020-12-01 18:00:00,32.25,36.75,2,0,179.0206298828125,121.83801505351232,126.32402948540953,-4.486014431897199,1053.288742716255,57.18261482930018,57.18261482930018,3269.851438716101,52.696600397402975,127.54566972474257,51.47496015806993,51.47496015806993,2649.671523274887
space2_time0,2020-12-01 18:00:00,28.25,35.75,2,0,180.980712890625,92.21921365031366,96.42535680576742,-4.206143155453752,1059.4576947094988,88.76149924031134,88.76149924031134,7878.6037473877905,84.55535608485758,127.54566972474257,53.43504316588243,53.43504316588243,2855.303838139719
space2_time0,2020-12-01 18:00:00,24.25,35.0,2,0,165.30007934570312,114.75237466188746,118.1331145005814,-3.380739838693941,1069.671941942775,50.54770468381567,50.54770468381567,2555.07044880224,47.166964845121726,127.54566972474257,37.75440962096056,37.75440962096056,1425.3954458272792
space2_time0,2020-12-01 18:00:00,20.0,34.25,2,0,138.51231384277344,69.63717917196377,75.26587481504362,-5.628695643079851,1078.0104180157778,68.87513467080967,68.87513467080967,4743.784175922168,63.24643902772982,127.54566972474257,10.966644118030871,10.966644118030871,120.2672832115411
space2_time0,2020-12-01 18:00:00,16.0,33.5,2,0,81.66999816894531,58.345669602138486,63.07752451384635,-4.731854911707867,1074.146519713118,23.324328566806827,23.324328566806827,544.024303092361,18.592473655098964,127.54566972474257,-45.875671555797254,45.875671555797254,2104.577240695385
space2_time0,2020-12-01 19:00:00,12.0,32.5,2,0,21.56087875366211,53.79822626620926,59.513190104995516,-5.714963838786254,1059.6434785362558,-32.23734751254715,32.23734751254715,1039.2465746447301,-37.95231135133341,127.54566972474257,-105.98479097108046,105.98479097108046,11232.775917183617
space2_time0,2020-12-01 19:00:00,7.75,31.75,2,0,16.98736000061035,67.2247164050787,69.12094516847777,-1.896228763399077,1068.8140620856673,-50.23735640446834,50.23735640446834,2523.7919785095764,-52.13358516786742,127.54566972474257,-110.55830972413222,110.55830972413222,12223.139849057148
space2_time0,2020-12-01 19:00:00,3.75,30.75,2,0,16.98736000061035,88.5349466203529,87.58753358352465,0.9474130368282561,1083.2523479067613,-71.54758661974255,71.54758661974255,5119.057151109562,-70.6001735829143,127.54566972474257,-110.55830972413222,110.55830972413222,12223.139849057148
space2_time0,2020-12-01 19:00:00,-0.5,29.75,2,0,-13.720560073852539,105.20787595878801,101.3819200836452,3.825955875142805,1092.3843354142675,-118.92843603264055,118.92843603264055,14143.972897169875,-115.10248015749774,127.54566972474257,-141.2662297985951,141.2662297985951,19956.14768150948
space2_time0,2020-12-01 19:00:00,-4.75,28.75,2,0,15.0272798538208,95.10577579641324,92.82577201387771,2.2800037825355246,1102.640811738416,-80.07849594259244,80.07849594259244,6412.565512427794,-77.79849216005691,127.54566972474257,-112.51838987092177,112.51838987092177,12660.38805914475
space2_time0,2020-12-01 19:00:00,-9.0,27.75,2,0,-2.6134400367736816,95.37203489337581,91.99582029030394,3.3762146030718725,1112.8648041095819,-97.9854749301495,97.9854749301495,9601.153297286955,-94.60926032707762,127.54566972474257,-130.15910976151625,130.15910976151625,16941.393853910435
space2_time0,2020-12-01 19:00:00,-13.25,26.5,2,0,5.880239963531494,81.16644256888867,82.68871923918016,-1.5222766702914896,1148.3844786068844,-75.28620260535718,75.28620260535718,5668.012302734889,-76.80847927564866,127.54566972474257,-121.66542976121107,121.66542976121107,14802.476798980186
space2_time0,2020-12-01 19:00:00,-17.75,25.0,2,0,13.720560073852539,79.29311032292601,80.78765422956324,-1.4945439066372366,1157.732003225783,-65.57255024907347,65.57255024907347,4299.759346167266,-67.0670941557107,127.54566972474257,-113.82510965089003,113.82510965089003,12956.155587037138
space2_time1,2020-12-02 12:00:00,7.25,125.75,2,1,-6.533599853515625,58.27271178057875,72.62632053821002,-14.353608757631273,1426.0875340625612,-64.80631163409438,64.80631163409438,4199.858027615357,-79.15992039172565,123.39558239722788,-129.9291822507435,129.9291822507435,16881.592400346923
space2_time1,2020-12-02 12:00:00,3.25,124.75,2,1,-16.98736000061035,56.55357326448522,64.58057097511295,-8.026997710627727,1426.1407084306256,-73.54093326509557,73.54093326509557,5408.268865501241,-81.5679309757233,123.39558239722788,-140.38294239783824,140.38294239783824,19707.37051627477
space2_time1,2020-12-02 12:00:00,-1.0,123.75,2,1,-10.453760147094727,61.1372153930551,67.09306991612304,-5.955854523067938,1429.7594818039224,-71.59097554014983,71.59097554014983,5125.267778790331,-77.54683006321777,123.39558239722788,-133.8493425443226,133.8493425443226,17915.64649954741
space2_time1,2020-12-02 12:00:00,-5.25,122.75,2,1,-9.147039413452148,67.30318239805456,76.15807208433111,-8.854889686276545,1434.9287625571142,-76.45022181150671,76.45022181150671,5844.636415028576,-85.30511149778326,123.39558239722788,-132.54262181068003,132.54262181068003,17567.546596448956
space2_time1,2020-12-02 12:00:00,-9.5,121.75,2,1,-5.226880073547363,60.87425113120333,69.79975646202338,-8.92550533082005,1440.3289785542815,-66.10113120475069,66.10113120475069,4369.359546547665,-75.02663653557074,123.39558239722788,-128.62246247077525,128.62246247077525,16543.737852045986
space2_time1,2020-12-02 12:00:00,-13.75,120.25,2,1,-26.1343994140625,50.69527851969952,60.27243848964016,-9.577159969940638,1447.886595701696,-76.82967793376201,76.82967793376201,5902.799411405597,-86.40683790370267,123.39558239722788,-149.52998181129038,149.52998181129038,22359.215460484833
space2_time1,2020-12-02 14:00:00,40.75,109.25,2,1,141.12576293945312,118.47415065166612,133.2777698831404,-14.803619231474269,1368.5025855002032,22.651612287787003,22.651612287787003,513.0955392362232,7.847993056312731,123.39558239722788,17.73018054222524,17.73018054222524,314.3593020599026
space2_time1,2020-12-02 14:00:00,36.75,107.75,2,1,146.35263061523438,113.40055944538932,128.99625870927335,-15.595699263884025,1376.4469867185453,32.952071169845055,32.952071169845055,1085.8389943825337,17.356371905961026,123.39558239722788,22.95704821800649,22.95704821800649,527.026062883875
space2_time1,2020-12-02 14:00:00,33.0,106.75,2,1,148.96607971191406,126.29274429734669,142.31975807023642,-16.02701377288973,1385.3557905326313,22.673335414567376,22.673335414567376,514.0801388214752,6.646321641677645,123.39558239722788,25.57049731468618,25.57049731468618,653.850332920373
space2_time1,2020-12-02 14:00:00,29.25,106.0,2,1,30.0545597076416,128.78957400346158,144.77584929496794,-15.986275291506372,1395.1306300764954,-98.73501429581998,98.73501429581998,9748.603047995775,-114.72128958732634,123.39558239722788,-93.34102268958628,93.34102268958628,8712.54651673786
space2_time1,2020-12-02 14:00:00,25.5,105.0,2,1,6.533599853515625,110.77005268522049,126.09548637296794,-15.325433687747454,1404.704368661972,-104.23645283170487,104.23645283170487,10865.238098936234,-119.56188651945232,123.39558239722788,-116.86198254371226,116.86198254371226,13656.722964046909
space2_time1,2020-12-02 14:00:00,22.0,104.5,2,1,-5.226880073547363,118.15872658051545,132.67297900879095,-14.514252428275494,1413.9106652571925,-123.38560665406281,123.38560665406281,15224.00792939111,-137.8998590823383,123.39558239722788,-128.62246247077525,128.62246247077525,16543.737852045986
space2_time1,2020-12-02 14:00:00,18.25,103.75,2,1,-18.947439193725586,93.92668755816516,107.84973692922762,-13.923049371062469,1423.5087952046888,-112.87412675189074,112.87412675189074,12740.568490001897,-126.7971761229532,123.39558239722788,-142.34302159095347,142.34302159095347,20261.535795642645
space2_time1,2020-12-02 14:00:00,14.25,103.0,2,1,-26.1343994140625,75.96433943415956,89.09414970881215,-13.129810274652593,1433.1294925436582,-102.09873884822206,102.09873884822206,10424.152474397448,-115.22854912287465,123.39558239722788,-149.52998181129038,149.52998181129038,22359.215460484833
space2_time1,2020-12-02 14:00:00,10.0,102.0,2,1,-24.174320220947266,54.83382186353188,68.56128003932109,-13.727458175789206,1442.4308483121092,-79.00814208447915,79.00814208447915,6242.2865156412445,-92.73560026026836,123.39558239722788,-147.56990261817515,147.56990261817515,21776.876158737698
space2_time1,2020-12-02 14:00:00,5.75,101.25,2,1,-17.64072036743164,69.52905151404384,88.11030191291694,-18.58125039887309,1445.4398999402592,-87.16977188147548,87.16977188147548,7598.569129868474,-105.75102228034858,123.39558239722788,-141.03630276465952,141.03630276465952,19891.238697524706
space2_time1,2020-12-02 14:00:00,1.75,100.0,2,1,-22.867599487304688,55.349444571344456,76.6803811702619,-21.33093659891744,1449.4534024342267,-78.21704405864915,78.21704405864915,6117.905981272663,-99.54798065756658,123.39558239722788,-146.26318188453257,146.26318188453257,21392.918374987858
space2_time1,2020-12-02 14:00:00,-2.5,99.25,2,1,-32.01464080810547,32.51214029877883,53.81061866320785,-21.298478364429016,1455.128992810212,-64.5267811068843,64.5267811068843,4163.70548001576,-85.82525947131332,123.39558239722788,-155.41022320533335,155.41022320533335,24152.337476731533
space2_time1,2020-12-02 14:00:00,-6.75,98.0,2,1,-21.56087875366211,36.24811483006263,53.38127983738072,-17.13316500731808,1457.0285546207817,-57.80899358372474,57.80899358372474,3341.8797391631283,-74.94215859104283,123.39558239722788,-144.95646115089,144.95646115089,21012.37562938948
space2_time1,2020-12-02 14:00:00,-11.25,96.75,2,1,-6.533599853515625,49.9163498554993,68.89217803181961,-18.975828176320313,1460.4673329031734,-56.44994970901492,56.44994970901492,3186.596822150314,-75.42577788533524,123.39558239722788,-129.9291822507435,129.9291822507435,16881.592400346923
space2_time1,2020-12-02 14:00:00,-15.75,95.5,2,1,-13.06719970703125,54.49795106238729,69.57800120081917,-15.08005013843189,1460.7038086351408,-67.56515076941854,67.56515076941854,4565.049598494258,-82.64520090785042,123.39558239722788,-136.46278210425913,136.46278210425913,18622.090899634506
space2_time1,2020-12-02 15:00:00,49.0,86.5,2,1,134.5921630859375,129.93072323880864,135.42541715122056,-5.494693912411917,1293.016627762473,4.661439847128861,4.661439847128861,21.72902144840074,-0.8332540652830573,123.39558239722788,11.196580688709616,11.196580688709616,125.3634191187851
space2_time1,2020-12-02 15:00:00,45.0,85.25,2,1,159.41983032226562,127.04525945567104,133.88888174627775,-6.843622290606701,1306.4314964111934,32.37457086659458,32.37457086659458,1048.1128387961546,25.53094857598788,123.39558239722788,36.02424792503774,36.02424792503774,1297.746438564586
space2_time1,2020-12-02 15:00:00,41.0,84.25,2,1,141.12576293945312,129.22434050153055,138.57981551469248,-9.355475013161946,1322.35908875411,11.901422437922577,11.901422437922577,141.64385604588696,2.545947424760641,123.39558239722788,17.73018054222524,17.73018054222524,314.3593020599026
space2_time1,2020-12-02 15:00:00,36.75,83.75,2,1,172.48703002929688,113.17988693316582,125.34149721091231,-12.161610277746485,1340.7038237027289,59.30714309613106,59.30714309613106,3517.337222224966,47.14553281838457,123.39558239722788,49.09144763206899,49.09144763206899,2409.970230612172
space2_time1,2020-12-02 15:00:00,32.75,82.75,2,1,137.20559692382812,112.49598843851226,127.44148910084566,-14.945500662333398,1356.4799810738014,24.70960848531587,24.70960848531587,610.564751497594,9.764107822982467,123.39558239722788,13.810014526600241,13.810014526600241,190.71650122490968
space2_time1,2020-12-02 15:00:00,28.75,82.0,2,1,170.52696228027344,107.52165623954743,124.29720225379009,-16.775546014242664,1372.6582422936308,63.00530604072601,63.00530604072601,3969.6685892855457,46.22976002648335,123.39558239722788,47.131379883045554,47.131379883045554,2221.366969679951
space2_time1,2020-12-02 15:00:00,24.75,81.25,2,1,228.0226287841797,90.29598616556976,106.67998933172706,-16.384003166157296,1386.8624635582546,137.72664261860993,137.72664261860993,18968.6280869943,121.34263945245263,123.39558239722788,104.6270463869518,104.6270463869518,10946.818835657365
space2_time1,2020-12-02 15:00:00,20.75,80.25,2,1,226.06256103515625,83.98030792163203,99.87617411886629,-15.895866197234252,1399.9591874709927,142.08225311352422,142.08225311352422,20187.36664981556,126.18638691628996,123.39558239722788,102.66697863792837,102.66697863792837,10540.50850264084
space2_time1,2020-12-02 15:00:00,16.5,79.5,2,1,208.4218292236328,65.78818604627976,82.85739547983054,-17.069209433550782,1412.8117157091824,142.63364317735306,142.63364317735306,20344.356166044476,125.56443374380227,123.39558239722788,85.02624682640493,85.02624682640493,7229.4626493847345
space2_time1,2020-12-02 15:00:00,12.5,78.5,2,1,177.06056213378906,76.92783163689793,94.40674587588389,-17.47891423898595,1422.444948687568,100.13273049689113,100.13273049689113,10026.56371676303,82.65381625790518,123.39558239722788,53.66497973656118,53.66497973656118,2879.930050125522
space2_time1,2020-12-02 15:00:00,8.5,77.75,2,1,110.41783905029297,46.165851289485424,66.00007081727745,-19.834219527792023,1431.9220433142464,64.25198776080754,64.25198776080754,4128.317931214961,44.41776823301552,123.39558239722788,-12.977743346934915,12.977743346934915,168.42182237891345
space2_time1,2020-12-02 15:00:00,4.25,76.75,2,1,145.04591369628906,54.247794317038995,74.81042306052474,-20.56262874348575,1439.2935847486865,90.79811937925007,90.79811937925007,8244.298482808546,70.23549063576432,123.39558239722788,21.65033129906118,21.65033129906118,468.7368453591081
space2_time1,2020-12-02 15:00:00,0.0,75.75,2,1,179.6739959716797,42.36311295826104,63.67741713910717,-21.31430418084613,1445.9825577464612,137.31088301341865,137.31088301341865,18854.27859392474,115.99657883257251,123.39558239722788,56.278413574451804,56.278413574451804,3167.259834457041
space2_time1,2020-12-02 16:00:00,-4.25,74.75,2,1,163.9933624267578,51.48647495300559,71.84579039787955,-20.359315444873964,1448.9281898737722,112.50688747375222,112.50688747375222,12657.799729031543,92.14757202887826,123.39558239722788,40.59778002952993,40.59778002952993,1648.179743326099
space2_time1,2020-12-02 16:00:00,-8.25,73.75,2,1,126.75183868408203,40.80852138345532,61.998252612112864,-21.189731228657543,1453.7529975802213,85.94331730062672,85.94331730062672,7386.253788636203,64.75358607196917,123.39558239722788,3.3562562868541477,3.3562562868541477,11.264456263047991
space2_time1,2020-12-02 16:00:00,-12.75,72.5,2,1,128.7119140625,39.35774544125623,59.455226137902734,-20.097480696646503,1459.4528598865868,89.35416862124377,89.35416862124377,7984.167449993665,69.25668792459726,123.39558239722788,5.316331665272116,5.316331665272116,28.263382375174995
space2_time1,2020-12-02 16:00:00,-17.0,71.25,2,1,189.47439575195312,69.3297434861448,87.56349625762228,-18.23375277147747,1466.4735924301046,120.14465226580832,120.14465226580832,14434.737468072,101.91089949433085,123.39558239722788,66.07881335472524,66.07881335472524,4366.409574368615
space2_time2,2020-12-02 17:00:00,47.5,61.75,2,2,376.98870849609375,142.15191407956766,140.18471360686928,1.9672004726983685,641.8040321088098,234.8367944165261,234.8367944165261,55148.32001182974,236.80399488922447,132.8019508290291,244.18675766706465,244.18675766706465,59627.17261995376
space2_time2,2020-12-02 17:00:00,23.25,56.75,2,2,381.5622253417969,112.58256578120593,124.4457869618561,-11.863221180650175,859.0235936087104,268.97965956059096,268.97965956059096,72350.05725733141,257.11643837994075,132.8019508290291,248.76027451276778,248.76027451276778,61881.674175667584
space2_time2,2020-12-02 17:00:00,19.0,55.75,2,2,258.7305603027344,94.44670796811516,110.69326871263445,-16.246560744519293,893.8614999313047,164.2838523346192,164.2838523346192,26989.184137902972,148.03729159009993,132.8019508290291,125.92860947370528,125.92860947370528,15858.014683980975
space2_time2,2020-12-02 17:00:00,15.0,55.0,2,2,248.93016052246094,91.37284055353743,109.55105835259003,-18.178217799052597,924.7232229468796,157.5573199689235,157.5573199689235,24824.30907578974,139.37910216987092,132.8019508290291,116.12820969343184,116.12820969343184,13485.761086601677
space2_time2,2020-12-02 17:00:00,11.0,54.0,2,2,250.89022827148438,95.22211438119064,116.99525334017775,-21.77313895898712,955.1465492926889,155.66811389029374,155.66811389029374,24232.561682161464,133.89497493130662,132.8019508290291,118.08827744245528,118.08827744245528,13944.841269326293
space2_time2,2020-12-02 17:00:00,6.75,53.25,2,2,213.64871215820312,66.61397558783497,91.00460775468416,-24.390632166849194,984.9173490164692,147.03473657036815,147.03473657036815,21619.213758317557,122.64410440351897,132.8019508290291,80.84676132917403,80.84676132917403,6536.198817416429
space2_time2,2020-12-02 17:00:00,2.75,52.25,2,2,231.2894287109375,55.26680190754562,80.8448173695929,-25.578015462047283,1007.9575107986807,176.0226268033919,176.0226268033919,30983.965146766175,150.4446113413446,132.8019508290291,98.4874778819084,98.4874778819084,9699.783299539396
space2_time2,2020-12-02 17:00:00,-1.5,51.25,2,2,223.44911193847656,41.91853955722962,70.62306316626905,-28.704523609039427,1032.9679190355328,181.53057238124694,181.53057238124694,32953.34870906313,152.8260487722075,132.8019508290291,90.64716110944747,90.64716110944747,8216.907817202125
space2_time2,2020-12-02 17:00:00,-5.75,50.25,2,2,221.48902893066406,33.7906145952692,64.15655498154224,-30.365940386273046,1057.89548678921,187.69841433539486,187.69841433539486,35230.69474402156,157.33247394912183,132.8019508290291,88.68707810163497,88.68707810163497,7865.3978222055
space2_time2,2020-12-02 17:00:00,-10.0,49.25,2,2,218.87559509277344,31.12884578960815,64.11329851106798,-32.98445272145983,1084.5809877274708,187.7467493031653,187.7467493031653,35248.8418739056,154.76229658170547,132.8019508290291,86.07364426374434,86.07364426374434,7408.672236841609
space2_time2,2020-12-02 17:00:00,-14.25,47.75,2,2,213.64871215820312,40.058529544683765,73.38015580544499,-33.32162626076122,1110.7414941965237,173.59018261351935,173.59018261351935,30133.551499794994,140.26855635275814,132.8019508290291,80.84676132917403,80.84676132917403,6536.198817416429
space2_time2,2020-12-03 14:00:00,44.0,107.0,2,2,117.60479736328125,132.09258302347945,133.31586738952853,-1.2232843660490746,832.3224385864369,-14.487785660198199,14.487785660198199,209.89593333584457,-15.711070026247285,132.8019508290291,-15.197153465747846,15.197153465747846,230.95347346149177
space2_time2,2020-12-03 14:00:00,40.0,106.0,2,2,150.27279663085938,139.20661922359423,139.97472243507013,-0.7681032114759007,841.3544359885193,11.066177407265144,11.066177407265144,122.4602824090655,10.29807419578924,132.8019508290291,17.47084580183028,17.47084580183028,305.2304530313307
space2_time2,2020-12-03 14:00:00,35.75,105.25,2,2,145.69927978515625,147.47541672639838,147.54016850416966,-0.0647517777712876,852.299156288314,-1.7761369412421288,1.7761369412421288,3.1546624340449454,-1.8408887190134067,132.8019508290291,12.897328956127154,12.897328956127154,166.34109420255595
space2_time2,2020-12-03 14:00:00,31.75,104.25,2,2,160.7265625,152.3573837728938,151.9957810180208,0.361602754872977,864.5909096685502,8.369178727106203,8.369178727106203,70.043152566247,8.730781481979193,132.8019508290291,27.924611670970904,27.924611670970904,779.7839369745244
space2_time2,2020-12-03 14:00:00,27.75,103.5,2,2,143.08583068847656,149.41975649115102,150.29840156009408,-0.8786450689430501,877.145039885552,-6.333925802674457,6.333925802674457,40.11861607378527,-7.212570871617515,132.8019508290291,10.283879859447467,10.283879859447467,105.75818496354925
space2_time2,2020-12-03 14:00:00,23.75,102.75,2,2,86.89688110351562,149.96753101103877,150.08100748785554,-0.11347647681678519,891.8666953825057,-63.07064990752315,63.07064990752315,3977.9068797573495,-63.18412638433992,132.8019508290291,-45.90506972551347,45.90506972551347,2107.2754265042536
space2_time2,2020-12-03 14:00:00,19.75,102.0,2,2,-13.720560073852539,149.57539166775905,148.95572598528645,0.6196656824726094,908.0712331520115,-163.2959517416116,163.2959517416116,26665.56785519874,-162.676286059139,132.8019508290291,-146.52251090288163,146.52251090288163,21468.84620128507
space2_time2,2020-12-03 14:00:00,15.5,101.0,2,2,-13.06719970703125,118.42319598288618,118.05442755259165,0.3687684302945424,926.3606517779655,-131.49039568991742,131.49039568991742,17289.724158691053,-131.1216272596229,132.8019508290291,-145.86915053606035,145.86915053606035,21277.809078111834
space2_time2,2020-12-03 14:00:00,11.5,100.0,2,2,-11.1071195602417,71.7887875083335,71.21498827322633,0.5737992351071783,944.3348366610646,-82.8959070685752,82.8959070685752,6871.731408721856,-82.32210783346802,132.8019508290291,-143.9090703892708,143.9090703892708,20709.820540304096
space2_time2,2020-12-03 14:00:00,7.5,99.0,2,2,-3.2667999267578125,47.87248250741461,47.95316698099881,-0.08068447358420183,963.712360397556,-51.13928243417242,51.13928243417242,2615.226207882056,-51.21996690775662,132.8019508290291,-136.0687507557869,136.0687507557869,18514.70493224046
space2_time2,2020-12-03 14:00:00,3.25,98.0,2,2,-18.294078826904297,105.67932119328164,106.58563708629494,-0.9063158930133044,985.3919513386805,-123.97340002018593,123.97340002018593,15369.403912565038,-124.87971591319923,132.8019508290291,-151.0960296559334,151.0960296559334,22830.010177786702
space2_time2,2020-12-03 14:00:00,-1.0,96.75,2,2,-23.520959854125977,33.826926869671325,35.79085635244988,-1.9639294827785552,1009.9449694150396,-57.3478867237973,57.3478867237973,3288.7801116854866,-59.311816206575855,132.8019508290291,-156.32291068315507,156.32291068315507,24436.85240445368
space2_time2,2020-12-03 14:00:00,-5.25,95.5,2,2,-18.947439193725586,45.09914807843997,47.95576897889374,-2.8566209004537675,1036.6620536468272,-64.04658727216555,64.04658727216555,4101.965341211118,-66.90320817261932,132.8019508290291,-151.74939002275468,151.74939002275468,23027.87737227812
space2_time2,2020-12-03 14:00:00,-9.75,94.5,2,2,-24.174320220947266,50.638884689054045,54.55826673530827,-3.9193820462542295,1064.2074959610773,-74.8132049100013,74.8132049100013,5597.015628905843,-78.73258695625555,132.8019508290291,-156.97627104997636,156.97627104997636,24641.549672755646
space2_time2,2020-12-03 14:00:00,-13.75,93.75,2,2,-16.333999633789062,83.79725787285004,88.60956840173586,-4.812310528885821,1089.8172626415092,-100.1312575066391,100.1312575066391,10026.268729860869,-104.94356803552492,132.8019508290291,-149.13595046281816,149.13595046281816,22241.53172044815
space2_time2,2020-12-03 15:00:00,46.5,83.25,2,2,150.92616271972656,146.75558719908437,144.02363468264844,2.7319525164359293,878.0325313655446,4.170575520642188,4.170575520642188,17.393700173379862,6.9025280370781275,132.8019508290291,18.124211890697467,18.124211890697467,328.48705665889946
space2_time2,2020-12-03 15:00:00,42.5,82.5,2,2,155.4996795654297,141.71742858344948,137.16921138549114,4.548217197958327,890.4170829561053,13.782250981980212,13.782250981980212,189.95044213029453,18.33046817993855,132.8019508290291,22.69772873640059,22.69772873640059,515.1868897912252
space2_time2,2020-12-03 15:00:00,38.5,81.5,2,2,170.52696228027344,147.41702843239653,146.28326738417638,1.133761048220149,907.1086747836071,23.109933847876903,23.109933847876903,534.0690424532465,24.243694896097054,132.8019508290291,37.72501145124434,37.72501145124434,1423.1764889965168
space2_time2,2020-12-03 15:00:00,34.25,80.75,2,2,142.43247985839844,128.84427225542504,128.83622633045263,0.008045924972405416,926.9404960159844,13.588207602973398,13.588207602973398,184.63938586150405,13.596253527945805,132.8019508290291,9.630529029369342,9.630529029369342,92.7470893855256
space2_time2,2020-12-03 16:00:00,30.25,79.75,2,2,130.0186309814453,145.41506138389846,140.75538928343644,4.6596721004620045,943.9190610399163,-15.396430402453149,15.396430402453149,237.05006913758362,-10.73675830199113,132.8019508290291,-2.7833198475837833,2.7833198475837833,7.746869373953815
space2_time2,2020-12-03 16:00:00,26.25,79.0,2,2,114.33799743652344,151.58547394389208,145.94682822891454,5.638645714977535,964.7927453574047,-37.247476507368646,37.247476507368646,1387.3745061669792,-31.608830792391103,132.8019508290291,-18.46395339250566,18.46395339250566,340.9175748806212
space2_time2,2020-12-03 16:00:00,22.25,78.25,2,2,30.70792007446289,148.24833583223582,145.38343416096976,2.864901671266066,987.8061585111368,-117.54041575777293,117.54041575777293,13815.749336510116,-114.67551408650687,132.8019508290291,-102.0940307545662,102.0940307545662,10423.19111571431
space2_time2,2020-12-03 16:00:00,18.0,77.5,2,2,0.0,135.9275963659802,133.49940634107963,2.428190024900571,1013.5267085917719,-135.9275963659802,135.9275963659802,18476.311453832837,-133.49940634107963,132.8019508290291,-132.8019508290291,132.8019508290291,17636.35814399586
space2_time2,2020-12-03 16:00:00,14.0,76.5,2,2,19.600799560546875,127.76486714450449,125.98239271249571,1.7824744320087795,1040.3011776687554,-108.16406758395762,108.16406758395762,11699.465516306951,-106.38159315194883,132.8019508290291,-113.20115126848222,113.20115126848222,12814.500648509795
space2_time2,2020-12-03 16:00:00,10.0,75.5,2,2,-5.880239963531494,59.54856805689688,54.95752452364198,4.591043533254906,1067.062683177106,-65.42880802042838,65.42880802042838,4280.928918974073,-60.83776448717347,132.8019508290291,-138.6821907925606,138.6821907925606,19232.750043024178
space2_time2,2020-12-03 16:00:00,5.75,74.5,2,2,-6.533599853515625,54.85727584100195,53.675153695624545,1.1821221453774093,1087.5170756628913,-61.390875694517575,61.390875694517575,3768.8396185397087,-60.20875354914017,132.8019508290291,-139.33555068254472,139.33555068254472,19414.395684007988
space2_time2,2020-12-03 16:00:00,1.75,73.5,2,2,-16.333999633789062,44.54300299280459,47.33564477586997,-2.7926417830653847,1108.4423380997096,-60.87700262659365,60.87700262659365,3706.00944879829,-63.669644409659035,132.8019508290291,-149.13595046281816,149.13595046281816,22241.53172044815
space2_time2,2020-12-03 16:00:00,-2.5,72.5,2,2,-11.1071195602417,32.21447989993267,38.558091020883225,-6.343611120950558,1131.4712942696717,-43.32159946017437,43.32159946017437,1876.7609797877801,-49.665210581124924,132.8019508290291,-143.9090703892708,143.9090703892708,20709.820540304096
space2_time2,2020-12-03 16:00:00,-6.75,71.5,2,2,-12.413839340209961,19.43797272272202,29.059034178337132,-9.621061455615113,1154.9763151051052,-31.85181206293198,31.85181206293198,1014.5379316923393,-41.47287351854709,132.8019508290291,-145.21579016923906,145.21579016923906,21087.625714476468
space2_time2,2020-12-03 16:00:00,-11.25,70.25,2,2,-26.78775978088379,29.987984593069868,41.509028571432616,-11.521043978362746,1181.4792012196056,-56.77574437395366,56.77574437395366,3223.4851492165303,-68.29678835231641,132.8019508290291,-159.58971060991288,159.58971060991288,25468.87573255574
space2_time2,2020-12-03 16:00:00,-15.75,69.0,2,2,-19.600799560546875,70.69222777149946,84.23959760019848,-13.547369828699015,1208.2923117595424,-90.29302733204634,90.29302733204634,8152.830784785667,-103.84039716074535,132.8019508290291,-152.40275038957597,152.40275038957597,23226.598326307398
space2_time2,2020-12-03 17:00:00,49.25,60.0,2,2,153.5395965576172,143.81571946192733,139.9611195779871,3.8545998839402458,938.8626963187405,9.723877095689858,9.723877095689858,94.55378577208182,13.578476979630096,132.8019508290291,20.73764572858809,20.73764572858809,430.0499503644279
space2_time2,2020-12-03 17:00:00,45.0,58.75,2,2,141.77911376953125,149.1712434986184,146.3350309399699,2.836212558648492,956.2125112844662,-7.392129729087145,7.392129729087145,54.64358193165399,-4.555917170438647,132.8019508290291,8.977162940502154,8.977162940502154,80.58945446032529
space2_time2,2020-12-03 17:00:00,41.0,58.0,2,2,165.95343017578125,154.16789223927086,152.22946907315043,1.9384231661204363,973.4283200346614,11.785537936510394,11.785537936510394,138.89890445292568,13.723961102630824,132.8019508290291,33.151479346752154,33.151479346752154,1099.0205828781347
space2_time2,2020-12-03 17:00:00,36.75,57.25,2,2,159.41983032226562,153.707013926718,151.8946558205017,1.812358106216303,994.4277828288318,5.712816395547634,5.712816395547634,32.63627116923786,7.525174501763928,132.8019508290291,26.61787949323653,26.61787949323653,708.5115087164618
space2_time2,2020-12-03 17:00:00,32.75,56.25,2,2,148.96607971191406,145.59202376199133,146.25178461689205,-0.6597608549007326,1016.7693100923017,3.3740559499227345,3.3740559499227345,11.384253553209007,2.7142950950220097,132.8019508290291,16.164128882884967,16.164128882884967,261.279062542516
space2_time2,2020-12-03 17:00:00,28.5,54.75,2,2,156.806396484375,141.56733092699142,144.91226278154986,-3.3449318545584434,1044.4628500581168,15.239065557383583,15.239065557383583,232.22911906223462,11.894133702825144,132.8019508290291,24.004445655345904,24.004445655345904,576.2134112204549
space2_time2,2020-12-03 17:00:00,25.0,54.5,2,2,209.0751953125,103.41837043008456,108.93957982879729,-5.521209398712728,1064.7477046986683,105.65682488241544,105.65682488241544,11163.364644233401,100.13561548370271,132.8019508290291,76.2732444834709,76.2732444834709,5817.6078240353245
space2_time2,2020-12-03 17:00:00,20.5,53.75,2,2,169.22023010253906,105.02158900761972,109.08382418252033,-4.06223517490061,1085.1541122410943,64.19864109491934,64.19864109491934,4121.465518434266,60.13640592001873,132.8019508290291,36.41827927350997,36.41827927350997,1326.2910652433657
space2_time2,2020-12-03 17:00:00,16.5,53.0,2,2,71.21623992919922,131.80021166961438,134.08623913954045,-2.2860274699260814,1107.2878744945842,-60.583971740415166,60.583971740415166,3670.4176318434234,-62.869999210341234,132.8019508290291,-61.58571089982988,61.58571089982988,3792.7997870374247
space2_time2,2020-12-03 17:00:00,12.5,52.0,2,2,-4.573519706726074,101.50651355126921,110.29751383010493,-8.791000278835721,1125.637724935611,-106.08003325799528,106.08003325799528,11252.973456017386,-114.871033536831,132.8019508290291,-137.37547053575517,137.37547053575517,18872.019904920136
space2_time2,2020-12-03 17:00:00,8.5,51.25,2,2,0.0,85.2338075225851,103.01232664827529,-17.778519125690188,1146.5671600188048,-85.2338075225851,85.2338075225851,7264.801944797084,-103.01232664827529,132.8019508290291,-132.8019508290291,132.8019508290291,17636.35814399586
space2_time2,2020-12-03 17:00:00,4.25,50.25,2,2,-22.2142391204834,47.71116574921187,72.58797725787151,-24.876811508659642,1159.2695844123352,-69.92540486969527,69.92540486969527,4889.562246190803,-94.80221637835491,132.8019508290291,-155.0161899495125,155.0161899495125,24030.01914646334
space2_time2,2020-12-03 17:00:00,0.0,49.0,2,2,-12.413839340209961,54.36976379026466,81.7387466339167,-27.36898284365204,1182.020493625998,-66.78360313047463,66.78360313047463,4460.049647088741,-94.15258597412667,132.8019508290291,-145.21579016923906,145.21579016923906,21087.625714476468
space2_time2,2020-12-03 17:00:00,-4.25,47.75,2,2,-17.64072036743164,24.059766464329005,53.13571716739359,-29.07595070306458,1203.661099858438,-41.70048683176064,41.70048683176064,1738.9306020058427,-70.77643753482522,132.8019508290291,-150.44267119646074,150.44267119646074,22632.997316726396
space2_time2,2020-12-03 17:00:00,-8.5,46.75,2,2,-15.680639266967773,18.207352448200393,49.75887988714803,-31.551527438947634,1224.759918795974,-33.88799171516817,33.88799171516817,1148.3959824873066,-65.4395191541158,132.8019508290291,-148.48259009599687,148.48259009599687,22047.07956161583
space2_time2,2020-12-03 17:00:00,-13.0,45.5,2,2,-9.147039413452148,18.262491687231133,52.2130639663972,-33.95057227916607,1246.9097768675513,-27.40953110068328,27.40953110068328,751.2823951593241,-61.36010337984935,132.8019508290291,-141.94899024248124,141.94899024248124,20149.515830860037
space2_time2,2020-12-03 17:00:00,-17.25,44.5,2,2,-2.6134400367736816,37.31961640544789,78.96083264373513,-41.64121623828724,1238.8157974481765,-39.93305644222157,39.93305644222157,1594.6489968176536,-81.57427268050881,132.8019508290291,-135.41539086580278,135.41539086580278,18337.328083338143
space2_time2,2020-12-03 19:00:00,43.5,34.5,2,2,194.70127868652344,168.19459742803338,169.28224223099133,-1.0876448029579469,1019.1839583740557,26.50668125849006,26.50668125849006,702.6041513391883,25.419036455532108,132.8019508290291,61.89932785749434,61.89932785749434,3831.526789209575
space2_time2,2020-12-03 19:00:00,39.5,33.5,2,2,197.31471252441406,147.2423212295269,149.43747508991171,-2.1951538603848126,1034.125225583612,50.072391294887154,50.072391294887154,2507.244369988291,47.87723743450235,132.8019508290291,64.51276169538497,64.51276169538497,4161.89642156553
space2_time2,2020-12-03 19:00:00,35.5,32.75,2,2,204.50167846679688,153.37029828506437,158.24020707683306,-4.869908791768692,1046.4626027843747,51.13138018173251,51.13138018173251,2614.418039288868,46.261471389963816,132.8019508290291,71.69972763776778,71.69972763776778,5140.850943330081
space2_time2,2020-12-03 19:00:00,31.25,31.75,2,2,162.0332794189453,134.45936018587747,151.67613448983695,-17.21677430395947,1143.9385219002606,27.57391923306784,27.57391923306784,760.3210218717486,10.357144929108358,132.8019508290291,29.231328589916217,29.231328589916217,854.4705711316532
space2_time2,2020-12-03 19:00:00,27.25,31.0,2,2,214.95542907714844,124.47416929782611,145.58464716853604,-21.11047787070993,1154.4019232186376,90.48125977932233,90.48125977932233,8186.858371253213,69.3707819086124,132.8019508290291,82.15347824811934,82.15347824811934,6749.193988264218
space2_time2,2020-12-03 19:00:00,23.25,30.0,2,2,228.67599487304688,116.54625846354799,140.9062172418061,-24.359958778258118,1167.3018297428973,112.12973640949889,112.12973640949889,12573.0777872637,87.76977763124077,132.8019508290291,95.87404404401778,95.87404404401778,9191.83232135426
space2_time2,2020-12-03 19:00:00,19.25,29.25,2,2,209.0751953125,108.74697840398994,136.5307817397942,-27.783803335804258,1179.8647067710021,100.32821690851006,100.32821690851006,10065.751108041044,72.54441357270579,132.8019508290291,76.2732444834709,76.2732444834709,5817.6078240353245
space2_time2,2020-12-03 19:00:00,15.0,28.5,2,2,212.995361328125,97.66236945370264,129.43297821637148,-31.770608762668836,1193.4183653557238,115.33299187442236,115.33299187442236,13301.699014705575,83.56238311175352,132.8019508290291,80.1934104990959,80.1934104990959,6430.983087476505
space2_time2,2020-12-03 19:00:00,11.0,27.5,2,2,230.63607788085938,44.647191628780874,79.65612933414678,-35.00893770536591,1206.5254017041987,185.9888862520785,185.9888862520785,34591.86580928859,150.9799485467126,132.8019508290291,97.83412705183028,97.83412705183028,9571.516415993668
space2_time2,2020-12-03 19:00:00,6.75,26.75,2,2,209.0751953125,43.0294028044371,81.32808568506557,-38.298682880628476,1220.3148432816952,166.0457925080629,166.0457925080629,27571.20520963068,127.74710962743443,132.8019508290291,76.2732444834709,76.2732444834709,5817.6078240353245
space2_time2,2020-12-03 19:00:00,2.75,25.75,2,2,196.00799560546875,59.7724864744326,101.08569240506596,-41.31320593063336,1233.6428143614673,136.23550913103617,136.23550913103617,18560.11394819264,94.9223032004028,132.8019508290291,63.206044776439654,63.206044776439654,3995.0040962812946
space2_time2,2020-12-03 19:00:00,-1.5,24.75,2,2,179.6739959716797,38.72495222115663,83.02890900760839,-44.303956786451764,1247.998881106083,140.94904375052306,140.94904375052306,19866.632934186862,96.6450869640713,132.8019508290291,46.87204514265059,46.87204514265059,2196.988615854675
space2_time2,2020-12-03 19:00:00,-5.75,23.75,2,2,129.3652801513672,53.00197157628048,103.4664926009523,-50.46452102467181,1206.529804828306,76.3633085750867,76.3633085750867,5831.3548965339105,25.898787550414895,132.8019508290291,-3.4366706776619083,3.4366706776619083,11.810705346701159
space2_time2,2020-12-03 19:00:00,-10.0,22.5,2,2,121.52495574951172,64.18232090440976,115.88502573989402,-51.702704835484255,1213.279106050147,57.342634845101955,57.342634845101955,3288.177770978701,5.6399300096177,132.8019508290291,-11.276995079517377,11.276995079517377,127.17061802345913
space2_time2,2020-12-03 19:00:00,-14.25,21.25,2,2,129.3652801513672,67.26575931167825,110.39705346045497,-43.13129414877672,1204.2250869815607,62.099520839688935,62.099520839688935,3856.3504885189604,18.968226690912218,132.8019508290291,-3.4366706776619083,3.4366706776619083,11.810705346701159
space2_time3,2020-12-04 12:00:00,38.75,120.25,2,3,166.60679626464844,136.72877043942262,146.99438234774584,-10.265611908323214,1485.5266278110198,29.87802582522582,29.87802582522582,892.696427212861,19.612413916902597,126.10995800502765,40.49683825962079,40.49683825962079,1639.993909025886
space2_time3,2020-12-04 12:00:00,34.75,121.75,2,3,161.37991333007812,132.3217250837322,142.564391516341,-10.24266643260881,1484.4687996323114,29.058188246345935,29.058188246345935,844.378304160077,18.81552181373712,126.10995800502765,35.269955325050475,35.269955325050475,1243.9697486310563
space2_time3,2020-12-04 12:00:00,30.25,122.25,2,3,182.9407958984375,116.5881818664464,126.82578895033157,-10.237607083885162,1483.1123550443674,66.3526140319911,66.3526140319911,4402.669388878381,56.11500694810593,126.10995800502765,56.83083789340985,56.83083789340985,3229.744135667029
space2_time3,2020-12-04 12:00:00,26.5,122.5,2,3,220.18231201171875,104.22501854254642,117.17490658313483,-12.949888040588405,1483.4152504530039,115.95729346917233,115.95729346917233,13446.093908695755,103.00740542858392,126.10995800502765,94.0723540066911,94.0723540066911,8849.60778836021
space2_time3,2020-12-04 12:00:00,22.5,123.0,2,3,203.19496154785156,73.91706428654905,87.12032280983814,-13.20325852328909,1483.5880421481602,129.2778972613025,129.2778972613025,16712.77472030389,116.07463873801342,126.10995800502765,77.08500354282391,77.08500354282391,5942.0977711971755
space2_time3,2020-12-04 12:00:00,18.5,123.25,2,3,188.1676788330078,59.19553895667447,73.70272579177431,-14.507186835099844,1483.741953801608,128.97213987633336,128.97213987633336,16633.8128642805,114.4649530412335,126.10995800502765,62.05772082798016,62.05772082798016,3851.160714363523
space2_time3,2020-12-04 13:00:00,14.5,122.5,2,3,175.10047912597656,42.84124914160781,58.33185319297919,-15.49060405137138,1483.933123513526,132.25922998436874,132.25922998436874,17492.503916058144,116.76862593299737,126.10995800502765,48.99052112094891,48.99052112094891,2400.0711597021414
space2_time3,2020-12-04 13:00:00,10.5,121.75,2,3,189.47439575195312,27.047043747370864,43.597052426234576,-16.550008678863712,1484.1050030958204,162.42735200458225,162.42735200458225,26382.64467922047,145.87734332571856,126.10995800502765,63.364437746925475,63.364437746925475,4015.051970983994
space2_time3,2020-12-04 13:00:00,6.25,120.75,2,3,150.92616271972656,35.471817572463415,52.81614567962193,-17.344328107158518,1484.2765211454966,115.45434514726315,115.45434514726315,13329.705813383367,98.11001704010462,126.10995800502765,24.816204714698912,24.816204714698912,615.8440164418445
space2_time3,2020-12-04 13:00:00,2.25,120.0,2,3,194.04791259765625,33.189733669087516,51.823910299302945,-18.63417663021543,1484.4013492447305,160.85817892856875,160.85817892856875,25875.35372821544,142.2240022983533,126.10995800502765,67.9379545926286,67.9379545926286,4615.565674230065
space2_time3,2020-12-04 13:00:00,-2.0,119.0,2,3,188.82102966308594,14.446633015572502,33.104194448413885,-18.657561432841383,1484.4742366118085,174.37439664751344,174.37439664751344,30406.430206184345,155.71683521467205,126.10995800502765,62.71107165805829,62.71107165805829,3932.6785085021215
space2_time3,2020-12-04 13:00:00,-6.25,118.0,2,3,183.5941619873047,40.49155095265504,59.17179559016992,-18.680244637514882,1484.5719522841168,143.10261103464964,143.10261103464964,20478.35728493423,124.42236639713477,126.10995800502765,57.48420398227704,57.48420398227704,3304.433707476035
space2_time3,2020-12-04 13:00:00,-10.5,116.75,2,3,109.11111450195312,24.989187239748297,40.204408821746235,-15.215221581997938,1484.2047992083303,84.12192726220482,84.12192726220482,7076.498646307678,68.9067056802069,126.10995800502765,-16.998843503074525,16.998843503074525,288.960680442019
space2_time3,2020-12-04 13:00:00,-15.0,115.25,2,3,88.8569564819336,24.65438577349183,39.86960735548978,-15.215221581997948,1484.2047992083305,64.20257070844177,64.20257070844177,4121.970085572465,48.98734912644382,126.10995800502765,-37.253001523094056,37.253001523094056,1387.7861224796482
space2_time3,2020-12-04 14:00:00,45.5,104.5,2,3,148.31271362304688,117.28791042941226,128.01313533649565,-10.725224907083383,1486.6261230869704,31.02480319363461,31.02480319363461,962.5384132037603,20.299578286551224,126.10995800502765,22.202755618019225,22.202755618019225,492.96235703348424
space2_time3,2020-12-04 14:00:00,41.5,104.0,2,3,149.6194305419922,119.09418192287009,129.35979383119331,-10.265611908323223,1485.5266278110198,30.525248619122095,30.525248619122095,931.7908032592154,20.259636710798873,126.10995800502765,23.509472536964537,23.509472536964537,552.6952989662898
space2_time3,2020-12-04 14:00:00,37.5,103.0,2,3,131.3253631591797,119.39170447843736,129.65731638676058,-10.26561190832322,1485.5266278110198,11.933658680742326,11.933658680742326,142.41220950845667,1.6680467724191033,126.10995800502765,5.215405154152037,5.215405154152037,27.20045092195564
space2_time3,2020-12-04 14:00:00,33.75,102.0,2,3,101.27079772949219,124.49752985210449,134.76314176042771,-10.265611908323221,1485.5266278110198,-23.226732122612304,23.226732122612304,539.4810850955903,-33.49234403093553,126.10995800502765,-24.839160275535463,24.839160275535463,616.983883193739
space2_time3,2020-12-04 14:00:00,29.5,101.25,2,3,28.094478607177734,116.97010219970724,128.99984111912332,-12.029738919416072,1484.3137964041298,-88.87562359252951,88.87562359252951,7898.876468960988,-100.90536251194558,126.10995800502765,-98.01547939784992,98.01547939784992,9607.03420159034
space2_time3,2020-12-04 14:00:00,25.25,100.5,2,3,12.413839340209961,114.70350376507402,127.9067622883631,-13.203258523289085,1483.5880421481604,-102.28966442486406,102.28966442486406,10463.1754481513,-115.49292294815314,126.10995800502765,-113.69611866481769,113.69611866481769,12926.807399444306
space2_time3,2020-12-04 14:00:00,21.25,99.75,2,3,6.533599853515625,79.54064585870258,94.04783269380242,-14.50718683509985,1483.741953801608,-73.00704600518695,73.00704600518695,5330.028766403484,-87.5142328402868,126.10995800502765,-119.57635815151203,119.57635815151203,14298.505428778677
space2_time3,2020-12-04 14:00:00,17.0,99.0,2,3,-2.6134400367736816,70.55502480711736,86.04562885848875,-15.490604051371388,1483.9331235135262,-73.16846484389104,73.16846484389104,5353.6242476117195,-88.65906889526244,126.10995800502765,-128.72339804180132,128.72339804180132,16569.71320342802
space2_time3,2020-12-04 14:00:00,13.0,98.0,2,3,-12.413839340209961,53.24316076703931,69.79316944590303,-16.550008678863723,1484.1050030958202,-65.65700010724927,65.65700010724927,4310.841663083331,-82.207008786113,126.10995800502765,-138.5237973452376,138.5237973452376,19188.842430944456
space2_time3,2020-12-04 14:00:00,9.0,97.25,2,3,-1.3067200183868408,28.979582735747524,46.32391084290603,-17.344328107158507,1484.2765211454964,-30.286302754134365,30.286302754134365,917.2601345150869,-47.63063086129287,126.10995800502765,-127.41667802341449,127.41667802341449,16235.009838522477
space2_time3,2020-12-04 14:00:00,4.75,96.25,2,3,0.0,44.20493140730155,62.85953261145087,-18.654601204149316,1484.6979044961245,-44.20493140730155,44.20493140730155,1954.075960724235,-62.85953261145087,126.10995800502765,-126.10995800502765,126.10995800502765,15903.721508029837
space2_time3,2020-12-04 14:00:00,0.5,95.25,2,3,11.1071195602417,22.21499400941672,41.1305556853569,-18.915561675940182,1484.897688335467,-11.107874449175021,11.107874449175021,123.38487477863528,-30.023436125115204,126.10995800502765,-115.00283844478595,115.00283844478595,13225.652850357537
space2_time3,2020-12-04 14:00:00,-3.5,94.25,2,3,-4.573519706726074,29.54862749190869,49.65509897986301,-20.106471487954323,1484.6153990139628,-34.122147198634764,34.122147198634764,1164.3209294452984,-54.22861868658909,126.10995800502765,-130.6834777117537,130.6834777117537,17078.17134683843
space2_time3,2020-12-04 14:00:00,-8.0,93.25,2,3,-7.186959743499756,38.54283563265447,54.86622929550269,-16.323393662848222,1484.8943488604434,-45.72979537615423,45.72979537615423,2091.214185144937,-62.05318903900245,126.10995800502765,-133.2969177485274,133.2969177485274,17768.068281257678
space2_time3,2020-12-04 14:00:00,-12.25,92.0,2,3,0.0,46.01973717659101,61.25842376529022,-15.238686588699208,1485.1466611873989,-46.01973717659101,46.01973717659101,2117.8162098025123,-61.25842376529022,126.10995800502765,-126.10995800502765,126.10995800502765,15903.721508029837
space2_time3,2020-12-04 14:00:00,-16.5,90.5,2,3,15.0272798538208,55.042882040822306,69.82351975531073,-14.78063771448842,1485.242342705107,-40.015602187001505,40.015602187001505,1601.2484183883596,-54.796239901489926,126.10995800502765,-111.08267815120685,111.08267815120685,12339.361385244607
space2_time3,2020-12-04 16:00:00,48.0,81.25,2,3,163.33999633789062,121.40030226113933,131.73834152285377,-10.33803926171445,1487.663266411817,41.939694076751294,41.939694076751294,1758.9379392514877,31.601654815036852,126.10995800502765,37.230038332862975,37.230038332862975,1386.0757542664464
space2_time3,2020-12-04 16:00:00,44.0,80.25,2,3,147.65936279296875,132.3584476549192,143.08367256200256,-10.725224907083387,1486.626123086971,15.300915138049561,15.300915138049561,234.1180040617942,4.575690230966188,126.10995800502765,21.5494047879411,21.5494047879411,464.37684671453883
space2_time3,2020-12-04 16:00:00,40.0,79.25,2,3,199.27479553222656,122.08074481879075,132.80596972587412,-10.72522490708338,1486.6261230869707,77.19405071343581,77.19405071343581,5958.9214655485,66.46882580635244,126.10995800502765,73.16483752719891,73.16483752719891,5353.093450381414
space2_time3,2020-12-04 16:00:00,36.0,78.75,2,3,177.06056213378906,116.03342810565503,126.7586530127384,-10.725224907083373,1486.6261230869707,61.02713402813403,61.02713402813403,3724.311087687834,50.301909121050656,126.10995800502765,50.95060412876141,50.95060412876141,2595.9640610857596
space2_time3,2020-12-04 16:00:00,31.75,77.75,2,3,156.806396484375,112.18863773356654,124.28300062589587,-12.094362892329329,1486.3088232477248,44.61775875080846,44.61775875080846,1990.744395945345,32.523395858479134,126.10995800502765,30.69643847934735,30.69643847934735,942.2713353163566
space2_time3,2020-12-04 16:00:00,27.75,77.0,2,3,171.18031311035156,78.02571727353694,92.19612907118399,-14.170411797647054,1485.2450093139894,93.15459583681462,93.15459583681462,8677.77872552028,78.98418403916757,126.10995800502765,45.07035510532391,45.07035510532391,2031.3369093199972
space2_time3,2020-12-04 16:00:00,23.75,76.25,2,3,207.7684783935547,93.86341973953395,109.40526102654164,-15.541841287007685,1484.4586264727104,113.90505865402073,113.90505865402073,12974.362386975903,98.36321736701305,126.10995800502765,81.65852038852704,81.65852038852704,6668.113952043486
space2_time3,2020-12-04 16:00:00,19.75,75.25,2,3,214.95542907714844,82.78853162077496,99.22646384337857,-16.4379322226036,1485.3359351314934,132.16689745637348,132.16689745637348,17468.08878324354,115.72896523376987,126.10995800502765,88.84547107212079,88.84547107212079,7893.517730027052
space2_time3,2020-12-04 16:00:00,15.5,74.5,2,3,244.35662841796875,64.60901998790888,82.04365440223826,-17.434634414329373,1485.8696537114602,179.74760843005987,179.74760843005987,32309.20273632613,162.3129740157305,126.10995800502765,118.2466704129411,118.2466704129411,13982.27506374672
space2_time3,2020-12-04 16:00:00,11.5,73.75,2,3,220.83567810058594,37.67023450854205,55.38320077759573,-17.71296626905368,1486.077614973291,183.16544359204389,183.16544359204389,33549.57972627021,165.4524773229902,126.10995800502765,94.72572009555829,94.72572009555829,8972.962047622055
space2_time3,2020-12-04 16:00:00,7.5,72.75,2,3,190.1277618408203,49.20273602402584,68.08410105932079,-18.881365035294944,1485.8715258526486,140.92502581679446,140.92502581679446,19859.862901464185,122.04366078149953,126.10995800502765,64.01780383579266,64.01780383579266,4098.2792079580295
space2_time3,2020-12-04 16:00:00,3.25,71.75,2,3,156.1530303955078,61.79089798454193,76.2005163389711,-14.409618354429167,1485.9254789302254,94.36213241096588,94.36213241096588,8904.212033144659,79.95251405653671,126.10995800502765,30.043072390480162,30.043072390480162,902.5861986596315
space2_time3,2020-12-04 16:00:00,-1.0,70.75,2,3,210.3819122314453,73.13681381566302,87.29622296664957,-14.15940915098655,1485.984236838502,137.2450984157823,137.2450984157823,18836.21703915777,123.08568926479575,126.10995800502765,84.27195422641766,84.27195422641766,7101.762269139434
space2_time3,2020-12-04 16:00:00,-5.25,69.75,2,3,195.35462951660156,54.80390192492179,68.96331107590831,-14.159409150986516,1485.9842368385023,140.5507275916798,140.5507275916798,19754.50702655058,126.39131844069325,126.10995800502765,69.24467151157391,69.24467151157391,4794.824532745776
space2_time3,2020-12-04 16:00:00,-9.5,68.75,2,3,200.58151245117188,49.99360864463779,61.990881468498806,-11.997272823861021,1483.060649267301,150.5879038065341,150.5879038065341,22676.716772845964,138.59063098267308,126.10995800502765,74.47155444614422,74.47155444614422,5546.012421625023
space2_time3,2020-12-04 16:00:00,-13.75,67.5,2,3,165.30007934570312,69.42350647212513,79.32704282896638,-9.903536356841265,1482.3697515925455,95.876572873578,95.876572873578,9192.317225982513,85.97303651673674,126.10995800502765,39.190121340675475,39.190121340675475,1535.8656106968672
space2_time3,2020-12-04 17:00:00,46.5,56.75,2,3,163.33999633789062,123.00148548500097,138.23660075104166,-15.235115266040697,1487.8360672269225,40.338510852889655,40.338510852889655,1627.1954578286966,25.10339558684896,126.10995800502765,37.230038332862975,37.230038332862975,1386.0757542664464
space2_time3,2020-12-04 17:00:00,42.5,55.75,2,3,162.68663024902344,119.85163640826555,135.93924740327844,-16.087610995012895,1487.779443028358,42.83499384075789,42.83499384075789,1834.8366973377663,26.747382845744994,126.10995800502765,36.57667224399579,36.57667224399579,1337.852952444692
space2_time3,2020-12-04 17:00:00,38.5,55.0,2,3,161.37991333007812,114.97668735122815,131.7515569429034,-16.774869591675238,1487.3180315979996,46.403225978849974,46.403225978849974,2153.2593812442174,29.628356387174733,126.10995800502765,35.269955325050475,35.269955325050475,1243.9697486310563
space2_time3,2020-12-04 17:00:00,33.0,50.75,2,3,173.14039611816406,110.55695530137464,128.01835801315505,-17.461402711780416,1489.636992357214,62.58344081678942,62.58344081678942,3916.687064468584,45.12203810500901,126.10995800502765,47.03043811313641,47.03043811313641,2211.862109113554
space2_time3,2020-12-04 17:00:00,30.75,53.5,2,3,173.79376220703125,96.421198524097,113.88260123587742,-17.461402711780423,1489.6369923572138,77.37256368293426,77.37256368293426,5986.513610869717,59.91116097115383,126.10995800502765,47.6838042020036,47.6838042020036,2273.7451831750163
space2_time3,2020-12-04 17:00:00,26.25,52.5,2,3,214.3020782470703,80.18813861195063,98.30325486152333,-18.115116249572694,1489.8862952172922,134.11393963511966,134.11393963511966,17986.548804452523,115.99882338554698,126.10995800502765,88.19212024204266,88.19212024204266,7777.850072786911
space2_time3,2020-12-04 17:00:00,22.25,51.75,2,3,173.14039611816406,27.166772525533577,46.74849905665408,-19.581726531120506,1490.0458868505484,145.97362359263047,145.97362359263047,21308.298784762963,126.39189706150998,126.10995800502765,47.03043811313641,47.03043811313641,2211.862109113554
space2_time3,2020-12-04 17:00:00,18.0,50.75,2,3,199.92816162109375,28.279721055928146,43.16210185021105,-14.882380794282906,1489.8565086796377,171.6484405651656,171.6484405651656,29463.187148453188,156.7660597708827,126.10995800502765,73.8182036160661,73.8182036160661,5449.127185102994
space2_time3,2020-12-04 17:00:00,14.0,50.0,2,3,167.91351318359375,41.285937465423096,62.721769383385784,-21.435831917962687,1487.0951361348539,126.62757571817065,126.62757571817065,16034.54293226104,105.19174380020797,126.10995800502765,41.8035551785661,41.8035551785661,1747.5372255674206
space2_time3,2020-12-04 17:00:00,10.0,49.25,2,3,171.18031311035156,48.701740586532914,70.8418901478848,-22.140149561351883,1487.7781284477462,122.47857252381866,122.47857252381866,15001.000727472307,100.33842296246677,126.10995800502765,45.07035510532391,45.07035510532391,2031.3369093199972
space2_time3,2020-12-04 17:00:00,5.75,48.25,2,3,152.23287963867188,52.01473908759631,68.91129174214495,-16.896552654548646,1487.9496281180914,100.21814055107556,100.21814055107556,10043.675695515136,83.32158789652692,126.10995800502765,26.122921633644225,26.122921633644225,682.4070346775175
space2_time3,2020-12-04 17:00:00,1.75,47.5,2,3,139.81903076171875,63.351853811034374,76.07434064092857,-12.722486829894194,1487.6497299399116,76.46717695068438,76.46717695068438,5847.229150807276,63.74469012079018,126.10995800502765,13.7090727566911,13.7090727566911,187.9386758482501
space2_time3,2020-12-04 17:00:00,-2.5,46.25,2,3,150.92616271972656,40.63512998331316,49.736530526461,-9.101400543147841,1487.984238119659,110.2910327364134,110.2910327364134,12164.111902064613,101.18963219326557,126.10995800502765,24.816204714698912,24.816204714698912,615.8440164418445
space2_time3,2020-12-04 17:00:00,-6.75,45.25,2,3,105.84431457519531,19.756691968250742,28.85809251139856,-9.10140054314782,1487.984238119659,86.08762260694456,86.08762260694456,7411.078766115713,76.98622206379676,126.10995800502765,-20.265643429832338,20.265643429832338,410.69630362510657
space2_time3,2020-12-04 17:00:00,-11.0,44.0,2,3,79.05655670166016,41.670920926996565,50.0706692854116,-8.39974835841503,1487.9105170240186,37.38563577466359,37.38563577466359,1397.6857622758062,28.98588741624856,126.10995800502765,-47.053401303367494,47.053401303367494,2214.022574215746
space2_time3,2020-12-04 17:00:00,-15.5,42.5,2,3,64.6826400756836,39.189566827563176,47.191435347753696,-8.001868520190518,1487.91222405838,25.493073248120417,25.493073248120417,649.8967836340329,17.491204727929897,126.10995800502765,-61.427317929344056,61.427317929344056,3773.3153879927136
space2_time3,2020-12-04 19:00:00,41.0,31.25,2,3,188.1676788330078,119.65946573786835,135.17694934864977,-15.51748361078143,1493.5621910603952,68.50821309513947,68.50821309513947,4693.375261489039,52.99072948435804,126.10995800502765,62.05772082798016,62.05772082798016,3851.160714363523
space2_time3,2020-12-04 19:00:00,37.0,30.5,2,3,183.5941619873047,110.82590622723424,129.84278959744447,-19.016883370210223,1493.8265258764345,72.76825576007045,72.76825576007045,5295.219046363026,53.75137238986022,126.10995800502765,57.48420398227704,57.48420398227704,3304.433707476035
space2_time3,2020-12-04 19:00:00,33.0,29.75,2,3,163.9933624267578,90.76777869075687,112.12376647606422,-21.355987785307345,1492.7973522572577,73.22558373600094,73.22558373600094,5361.986113478086,51.86959595069359,126.10995800502765,37.88340442173016,37.88340442173016,1435.1523305803644
space2_time3,2020-12-04 19:00:00,28.75,29.0,2,3,156.1530303955078,81.59956041239958,104.83982406118588,-23.240263648786296,1492.6220833560888,74.55346998310823,74.55346998310823,5558.21988652222,51.31320633432193,126.10995800502765,30.043072390480162,30.043072390480162,902.5861986596315
space2_time3,2020-12-04 19:00:00,24.75,28.0,2,3,116.9514389038086,69.4106184310439,94.51194656153324,-25.10132813048934,1493.8288255084124,47.54082047276469,47.54082047276469,2260.1296112236428,22.439492342275358,126.10995800502765,-9.158519101219056,9.158519101219056,83.87847212739432
space2_time3,2020-12-04 19:00:00,20.75,27.25,2,3,13.06719970703125,77.19040245643868,95.47897164017192,-18.288569183733244,1493.6810982294942,-64.12320274940743,64.12320274940743,4111.785130841612,-82.41177193314067,126.10995800502765,-113.0427582979964,113.0427582979964,12778.665203619234
space2_time3,2020-12-04 19:00:00,16.5,26.25,2,3,-3.9201598167419434,81.96642594856256,94.46748294360258,-12.501056995040013,1493.606529846075,-85.8865857653045,85.8865857653045,7376.505614421006,-98.38764276034452,126.10995800502765,-130.03011782176958,130.03011782176958,16907.83154074328
space2_time3,2020-12-04 19:00:00,12.5,25.5,2,3,-11.760479927062988,51.83531897990459,63.22180736382107,-11.38648838391648,1495.7303085173307,-63.59579890696758,63.59579890696758,4044.425638615459,-74.98228729088406,126.10995800502765,-137.87043793209062,137.87043793209062,19008.257655586454
space2_time3,2020-12-04 19:00:00,8.5,24.5,2,3,-3.9201598167419434,66.07934328788258,74.96229377647589,-8.882950488593305,1495.2265448643418,-69.99950310462452,69.99950310462452,4899.930434894338,-78.88245359321783,126.10995800502765,-130.03011782176958,130.03011782176958,16907.83154074328
space2_time3,2020-12-04 19:00:00,4.25,23.75,2,3,-15.0272798538208,53.11382304069589,61.996773529289186,-8.882950488593298,1495.2265448643411,-68.14110289451669,68.14110289451669,4643.209903681111,-77.02405338310999,126.10995800502765,-141.13723785884844,141.13723785884844,19919.71991042516
space2_time3,2020-12-04 19:00:00,0.25,22.75,2,3,-15.680639266967773,45.22701935903439,54.31145478547064,-9.084435426436249,1493.2651898171766,-60.90765862600216,60.90765862600216,3709.742879301615,-69.9920940524384,126.10995800502765,-141.7905972719954,141.7905972719954,20104.57347474919
space2_time3,2020-12-04 19:00:00,-4.25,21.25,2,3,-4.573519706726074,53.86164304749701,67.57296283206588,-13.711319784568873,1493.8460531171695,-58.435162754223086,58.435162754223086,3414.668246112541,-72.14648253879196,126.10995800502765,-130.6834777117537,130.6834777117537,17078.17134683843
space2_time3,2020-12-04 19:00:00,-8.5,20.5,2,3,5.880239963531494,59.95505025144456,76.53818805907568,-16.583137807631118,1494.080424479954,-54.07481028791307,54.07481028791307,2924.085107673789,-70.65794809554419,126.10995800502765,-120.22971804149616,120.22971804149616,14455.185100337667
space2_time3,2020-12-04 19:00:00,-12.75,19.25,2,3,8.493680000305176,61.61048530067312,79.08569880188016,-17.475213501207037,1493.5819974373092,-53.11680530036794,53.11680530036794,2821.395005317196,-70.59201880157498,126.10995800502765,-117.61627800472247,117.61627800472247,13833.588851684164
space3_time0,2020-12-01 02:00:00,81.25,-62.25,3,0,112.37791442871094,172.30561393781466,154.8129038678165,17.492710069998175,2357.4095544001357,-59.92769950910372,59.92769950910372,3591.32916845343,-42.43498943910555,116.68283383691752,-4.304919408206587,4.304919408206587,18.53233111115375
space3_time0,2020-12-01 02:00:00,76.75,-67.0,3,0,135.24551391601562,168.04501677308298,149.80324779451345,18.24176897856953,2357.4117993872724,-32.79950285706735,32.79950285706735,1075.8073876707695,-14.557733878497828,116.68283383691752,18.5626800790981,18.5626800790981,344.5730917189455
space3_time0,2020-12-01 02:00:00,72.5,-70.0,3,0,116.9514389038086,176.95586481524836,158.7140958366788,18.241768978569546,2357.4117993872724,-60.00442591143977,60.00442591143977,3600.531128961464,-41.762656932870215,116.68283383691752,0.26860506689106955,0.26860506689106955,0.07214868195955595
space3_time0,2020-12-01 02:00:00,68.25,-72.0,3,0,125.44511413574219,174.91725438246777,157.49907695599836,17.418177426469406,2357.414423725807,-49.47214024672559,49.47214024672559,2447.4926605916858,-32.053962820256174,116.68283383691752,8.762280298824663,8.762280298824663,76.77755603517083
space3_time0,2020-12-01 02:00:00,64.0,-73.75,3,0,135.24551391601562,186.32519381174183,168.90701638527244,17.418177426469384,2357.4144237258065,-51.0796798957262,51.0796798957262,2609.1336982498556,-33.66150246925682,116.68283383691752,18.5626800790981,18.5626800790981,344.5730917189455
space3_time0,2020-12-01 02:00:00,59.75,-75.0,3,0,146.35263061523438,170.00240590778498,151.7371424881841,18.265263419600878,2357.407683417926,-23.6497752925506,23.6497752925506,559.3118713881369,-5.38451187294973,116.68283383691752,29.66979677831685,29.66979677831685,880.296840866621
space3_time0,2020-12-01 02:00:00,55.75,-76.25,3,0,134.5921630859375,176.8071464285249,161.09836125214613,15.708785176378758,2357.4061796339683,-42.2149833425874,42.2149833425874,1782.104818614932,-26.506198166208634,116.68283383691752,17.909329249019976,17.909329249019976,320.74407414980243
space3_time0,2020-12-01 02:00:00,51.5,-77.5,3,0,162.68663024902344,164.00875461400503,147.62570524909174,16.38304936491329,2357.4010685612793,-1.3221243649815904,1.3221243649815904,1.7480128364779735,15.0609249999317,116.68283383691752,46.00379641210591,46.00379641210591,2116.349284326489
space3_time0,2020-12-01 05:00:00,78.0,-114.5,3,0,102.5775146484375,170.63740550536144,160.229854661617,10.407550843744449,2357.261118883681,-68.05989085692394,68.05989085692394,4632.1487434564,-57.6523400131795,116.68283383691752,-14.105319188480024,14.105319188480024,198.96002940890276
space3_time0,2020-12-01 05:00:00,73.5,-117.75,3,0,118.91151428222656,163.18277755166133,152.23893021481152,10.943847336849805,2357.284049892316,-44.27126326943477,44.27126326943477,1959.9447514716041,-33.327415932584955,116.68283383691752,2.2286804453090383,2.2286804453090383,4.967016527302893
space3_time0,2020-12-01 05:00:00,69.25,-120.0,3,0,128.05856323242188,159.26818909098873,149.7106878881339,9.557501202854832,2357.349134137071,-31.209625858566852,31.209625858566852,974.0407462317247,-21.652124655712015,116.68283383691752,11.37572939550435,11.37572939550435,129.40721927974178
space3_time0,2020-12-01 05:00:00,62.75,-124.25,3,0,131.9787139892578,161.69960277199857,149.80586654249652,11.893736229502053,2357.3447913327514,-29.720888782740758,29.720888782740758,883.3312300360454,-17.827152553238705,116.68283383691752,15.295880152340288,15.295880152340288,233.96394963475757
space3_time0,2020-12-01 05:00:00,59.0,-125.25,3,0,131.9787139892578,161.25091839828667,149.35718216878465,11.893736229502036,2357.344791332751,-29.27220440902886,29.27220440902886,856.8619509639685,-17.378468179526834,116.68283383691752,15.295880152340288,15.295880152340288,233.96394963475757
space3_time0,2020-12-01 05:00:00,55.5,-126.0,3,0,147.65936279296875,168.23027706092483,157.75741120284326,10.472865858081587,2357.3424708733082,-20.570914267956084,20.570914267956084,423.1625138195992,-10.098048409874508,116.68283383691752,30.976528956051226,30.976528956051226,959.54534616508
space3_time0,2020-12-01 05:00:00,52.0,-126.5,3,0,131.9787139892578,167.3545357009506,155.99783434770956,11.35670135324105,2357.338092047172,-35.375821711692794,35.375821711692794,1251.4487617774753,-24.019120358451744,116.68283383691752,15.295880152340288,15.295880152340288,233.96394963475757
space3_time0,2020-12-01 07:00:00,80.5,-135.5,3,0,118.91151428222656,163.64068028646017,153.43499626343078,10.205684023029388,2357.3505788749662,-44.729166004233605,44.729166004233605,2000.6982914342873,-34.52348198120421,116.68283383691752,2.2286804453090383,2.2286804453090383,4.967016527302893
space3_time0,2020-12-01 07:00:00,76.25,-139.75,3,0,120.2182388305664,172.07228770287998,160.57185738891346,11.500430313966516,2357.3399499435764,-51.85404887231357,51.85404887231357,2688.842384452284,-40.35361855834705,116.68283383691752,3.535404993648882,3.535404993648882,12.499088469117451
space3_time0,2020-12-01 07:00:00,72.0,-142.75,3,0,116.29808044433594,167.1420208642215,157.37473968308026,9.767281181141245,2357.332056311773,-50.84394041988557,50.84394041988557,2585.1062774208735,-41.07665923874433,116.68283383691752,-0.3847533925815867,0.3847533925815867,0.14803517310304057
space3_time0,2020-12-01 07:00:00,67.75,-144.75,3,0,143.73919677734375,153.97542340046326,144.36998630304132,9.605437097421952,2357.3199411132973,-10.236226623119506,10.236226623119506,104.78033547986057,-0.6307895256975655,116.68283383691752,27.056362940426226,27.056362940426226,732.0467755640697
space3_time0,2020-12-01 07:00:00,63.5,-146.5,3,0,111.07119750976562,161.89010308534753,150.38543967222816,11.504663413119365,2357.3956923051137,-50.81890557558191,50.81890557558191,2582.56116389991,-39.314242162462534,116.68283383691752,-5.611636327151899,5.611636327151899,31.490462268210855
space3_time0,2020-12-01 07:00:00,59.25,-147.75,3,0,135.8988800048828,175.05399274872704,165.28412065087397,9.769872097853074,2357.391635889432,-39.15511274384423,39.15511274384423,1533.1228539831527,-29.38524064599116,116.68283383691752,19.21604616796529,19.21604616796529,369.2564303293734
space3_time0,2020-12-01 09:00:00,79.0,-161.75,3,0,114.33799743652344,169.42536592370175,159.7802475146278,9.645118409073937,2357.3844336232187,-55.08736848717831,55.08736848717831,3034.618166842166,-45.442250078104365,116.68283383691752,-2.3448364003940867,2.3448364003940867,5.498257744613098
space3_time0,2020-12-01 09:00:00,74.75,-165.5,3,0,124.13839721679688,169.44092673098027,159.7958083219063,9.645118409073987,2357.3844336232182,-45.30252951418339,45.30252951418339,2052.319180383457,-35.65741110510942,116.68283383691752,7.455563379879351,7.455563379879351,55.58542531139801
space3_time0,2020-12-01 09:00:00,67.75,-170.75,3,0,151.5795135498047,176.1422330657841,167.1834204473992,8.958812618384906,2357.3807653751746,-24.56271951597941,24.56271951597941,603.3271900206757,-15.603906897594499,116.68283383691752,34.89667971288716,34.89667971288716,1217.7782549838305
space3_time0,2020-12-01 09:00:00,64.25,-172.0,3,0,128.7119140625,175.5860151311778,166.6272025127929,8.958812618384885,2357.3807653751746,-46.87410106867779,46.87410106867779,2197.18135099662,-37.915288450292906,116.68283383691752,12.029080225582476,12.029080225582476,144.69877107349936
space3_time0,2020-12-01 09:00:00,60.5,-173.25,3,0,114.9913558959961,175.75603179697933,166.79721917859442,8.958812618384899,2357.3807653751746,-60.764675900983235,60.764675900983235,3692.3458373515327,-51.805863282598324,116.68283383691752,-1.6914779409214304,1.6914779409214304,2.861097624623802
space3_time0,2020-12-01 10:00:00,77.25,172.5,3,0,131.3253631591797,129.3779351095488,149.50581825965637,-20.12788315010757,2357.4140463816466,1.9474280496309007,1.9474280496309007,3.7924760084892135,-18.180455100476678,116.68283383691752,14.642529322262163,14.642529322262163,214.40366495330724
space3_time0,2020-12-01 10:00:00,73.0,169.5,3,0,154.8463134765625,132.1390776766649,152.26696082677248,-20.127883150107568,2357.414046381647,22.707235799897603,22.707235799897603,515.6185576721514,2.5793526497900245,116.68283383691752,38.163479639644976,38.163479639644976,1456.4511782055965
space3_time0,2020-12-01 10:00:00,68.75,167.25,3,0,133.28543090820312,116.2808976279659,136.40878077807346,-20.127883150107564,2357.4140463816466,17.004533280237226,17.004533280237226,289.1541520786954,-3.1233498698703386,116.68283383691752,16.6025970712856,16.6025970712856,275.64622951146123
space3_time0,2020-12-01 10:00:00,64.5,165.75,3,0,142.43247985839844,112.76688794100198,132.89477109110953,-20.127883150107554,2357.4140463816466,29.665591917396455,29.665591917396455,880.0473438094979,9.537708767288905,116.68283383691752,25.749646021480913,25.749646021480913,663.0442702315678
space3_time0,2020-12-01 10:00:00,60.25,164.25,3,0,137.20559692382812,126.21222028589689,147.94891284543846,-21.73669255954157,2357.409656905575,10.993376637931235,10.993376637931235,120.85432990341225,-10.743315921610332,116.68283383691752,20.5227630869106,20.5227630869106,421.1838047214603
space3_time0,2020-12-01 12:00:00,80.0,151.25,3,0,107.80439758300781,131.81580559810232,150.10589070339614,-18.290085105293816,2357.421418120664,-24.011408015094503,24.011408015094503,576.5477148673446,-42.30149312038833,116.68283383691752,-8.878436253909712,8.878436253909712,78.82663031473831
space3_time0,2020-12-01 12:00:00,75.75,147.25,3,0,122.83168029785156,134.14439742218417,152.43448252747797,-18.290085105293798,2357.4214181206644,-11.312717124332607,11.312717124332607,127.97756873516822,-29.602802229626406,116.68283383691752,6.148846460934038,6.148846460934038,37.808312800141046
space3_time0,2020-12-01 12:00:00,71.5,144.25,3,0,129.3652801513672,130.4785526746674,148.7686377799612,-18.290085105293812,2357.4214181206644,-1.1132725233002247,1.1132725233002247,1.2393757111352495,-19.403357628594023,116.68283383691752,12.682446314449663,12.682446314449663,160.84444451889786
space3_time0,2020-12-01 12:00:00,67.25,142.5,3,0,128.05856323242188,123.2249539505032,141.51503905579702,-18.290085105293812,2357.421418120664,4.833609281918669,4.833609281918669,23.36377869025031,-13.456475823375143,116.68283383691752,11.37572939550435,11.37572939550435,129.40721927974178
space3_time0,2020-12-01 12:00:00,63.0,141.0,3,0,120.2182388305664,120.10818269342198,138.39826779871578,-18.29008510529379,2357.4214181206644,0.11005613714442575,0.11005613714442575,0.012112353323152648,-18.180028968149372,116.68283383691752,3.535404993648882,3.535404993648882,12.499088469117451
space3_time0,2020-12-01 12:00:00,58.75,139.5,3,0,148.96607971191406,126.80228182353474,145.09236692882854,-18.290085105293798,2357.4214181206644,22.16379788837932,22.16379788837932,491.2339368369276,3.873712783085523,116.68283383691752,32.28324587499654,32.28324587499654,1042.207964225481
space3_time0,2020-12-01 12:00:00,52.5,137.75,3,0,151.5795135498047,133.01275952175308,153.14064267186063,-20.127883150107557,2357.414046381646,18.566754028051605,18.566754028051605,344.7243551381705,-1.5611291220559451,116.68283383691752,34.89667971288716,34.89667971288716,1217.7782549838305
space3_time0,2020-12-01 12:00:00,48.75,136.5,3,0,152.23287963867188,135.1368338320644,155.26471698217196,-20.127883150107554,2357.414046381647,17.096045806607464,17.096045806607464,292.2747822216206,-3.0318373435000865,116.68283383691752,35.55004580175435,35.55004580175435,1263.805756506832
space3_time0,2020-12-01 17:00:00,79.5,78.25,3,0,105.84431457519531,163.04321874382472,155.2978419224346,7.74537682139012,2357.2918324757384,-57.19890416862941,57.19890416862941,3271.7146380920512,-49.45352734723929,116.68283383691752,-10.838519261722212,10.838519261722212,117.4734997867234
space3_time0,2020-12-01 17:00:00,75.25,74.0,3,0,120.87159729003906,163.34851039486958,154.4182060840701,8.930304310799468,2357.2937132852694,-42.476913104830516,42.476913104830516,1804.2881469153224,-33.546608794031044,116.68283383691752,4.188763453121538,4.188763453121538,17.545739266206674
space3_time0,2020-12-01 17:00:00,70.75,71.75,3,0,116.29808044433594,158.66060434271134,149.7085863105379,8.952018032173429,2357.288029034433,-42.3625238983754,42.3625238983754,1794.5834310404268,-33.41050586620196,116.68283383691752,-0.3847533925815867,0.3847533925815867,0.14803517310304057
space3_time0,2020-12-01 17:00:00,66.5,69.75,3,0,125.44511413574219,172.04879510382034,163.1662874200768,8.882507683743539,2357.2785391832085,-46.60368096807815,46.60368096807815,2171.90307977441,-37.72117328433461,116.68283383691752,8.762280298824663,8.762280298824663,76.77755603517083
space3_time0,2020-12-01 17:00:00,62.25,68.25,3,0,134.5921630859375,171.45178756864408,164.1308524317175,7.320935136926577,2357.2743364435773,-36.85962448270658,36.85962448270658,1358.6319170061422,-29.53868934578,116.68283383691752,17.909329249019976,17.909329249019976,320.74407414980243
space3_time0,2020-12-01 17:00:00,58.25,67.0,3,0,173.14039611816406,166.77102639989235,159.0714551285469,7.699571271345461,2357.287507781136,6.369369718271713,6.369369718271713,40.56887060803668,14.068940989617175,116.68283383691752,56.45756228124654,56.45756228124654,3187.456338740832
space3_time0,2020-12-01 17:00:00,54.25,66.0,3,0,174.44711303710938,171.53637669597595,163.83680542463048,7.699571271345466,2357.287507781136,2.910736341133429,2.910736341133429,8.472386047594823,10.610307612478891,116.68283383691752,57.76427920019185,57.76427920019185,3336.711951517717
space3_time0,2020-12-01 18:00:00,78.0,52.25,3,0,122.17831420898438,171.9338333712317,158.85172593365888,13.08210743757283,2357.224048539688,-49.75551916224734,49.75551916224734,2475.611687104762,-36.67341172467451,116.68283383691752,5.495480372066851,5.495480372066851,30.20030451977201
space3_time0,2020-12-01 18:00:00,73.5,49.0,3,0,142.43247985839844,167.02910890508474,154.03799144964208,12.991117455442659,2357.218018074387,-24.596629046686303,24.596629046686303,604.9941604602924,-11.60551159124364,116.68283383691752,25.749646021480913,25.749646021480913,663.0442702315678
space3_time0,2020-12-01 18:00:00,69.25,46.75,3,0,159.41983032226562,171.9564654427141,158.72109533246177,13.235370110252322,2357.2181533270773,-12.536635120448466,12.536635120448466,157.16722014326191,0.6987349898038531,116.68283383691752,42.7369964853481,42.7369964853481,1826.450868588656
space3_time0,2020-12-01 18:00:00,65.0,45.0,3,0,147.00599670410156,173.10772218847652,159.45640872241452,13.651313466061996,2357.23204242224,-26.101725484374953,26.101725484374953,681.3000732616689,-12.45041201831296,116.68283383691752,30.32316286718404,30.32316286718404,919.4942062697689
space3_time0,2020-12-01 18:00:00,60.75,43.75,3,0,163.33999633789062,176.73558959085864,162.78070671972938,13.954882871129268,2357.2938472815536,-13.395593252968013,13.395593252968013,179.44191859896213,0.5592896181612446,116.68283383691752,46.6571625009731,46.6571625009731,2176.8908126422107
space3_time0,2020-12-01 18:00:00,56.75,42.5,3,0,169.22023010253906,171.42733050334004,157.47244763221076,13.954882871129282,2357.293847281553,-2.2071004008009822,2.2071004008009822,4.871292179215857,11.747782470328303,116.68283383691752,52.53739626562154,52.53739626562154,2760.178006370944
space3_time0,2020-12-01 18:00:00,52.5,41.25,3,0,137.8589630126953,172.48359589958548,158.18144745626097,14.302148443324512,2357.2947824113644,-34.62463288689017,34.62463288689017,1198.8652025519161,-20.322484443565656,116.68283383691752,21.17612917577779,21.17612917577779,448.4284468692273
space3_time0,2020-12-01 18:00:00,48.5,40.5,3,0,137.20559692382812,175.4539974462802,161.1518490029557,14.30214844332452,2357.2947824113644,-38.24840052245207,38.24840052245207,1462.940142525912,-23.94625207912756,116.68283383691752,20.5227630869106,20.5227630869106,421.1838047214603
space3_time0,2020-12-01 20:00:00,80.75,31.25,3,0,98.00399780273438,176.5522246287585,161.59563606040498,14.9565885683535,2357.131813770236,-78.54822682602412,78.54822682602412,6169.823937512535,-63.59163825767061,116.68283383691752,-18.67883603418315,18.67883603418315,348.89891559189886
space3_time0,2020-12-01 20:00:00,76.25,26.75,3,0,110.41783905029297,177.9083349217893,160.28365516437438,17.624679757414924,2357.1183277061,-67.49049587149634,67.49049587149634,4554.967032980464,-49.86581611408141,116.68283383691752,-6.2649947866245554,6.2649947866245554,39.25015967643286
space3_time0,2020-12-01 20:00:00,72.0,23.75,3,0,129.3652801513672,182.98332705612168,164.40148823292859,18.581838823193102,2357.2099310274134,-53.61804690475449,53.61804690475449,2874.8949538804527,-35.0362080815614,116.68283383691752,12.682446314449663,12.682446314449663,160.84444451889786
space3_time0,2020-12-01 20:00:00,67.75,22.0,3,0,151.5795135498047,172.5546092971654,155.4883537904755,17.066255506689902,2357.2079535141966,-20.97509574736071,20.97509574736071,439.9546416109494,-3.9088402406707985,116.68283383691752,34.89667971288716,34.89667971288716,1217.7782549838305
space3_time0,2020-12-01 20:00:00,63.5,20.25,3,0,135.24551391601562,185.46352119442489,168.39726568773497,17.06625550668991,2357.2079535141966,-50.21800727840926,50.21800727840926,2521.8482550143653,-33.15175177171935,116.68283383691752,18.5626800790981,18.5626800790981,344.5730917189455
space3_time0,2020-12-01 20:00:00,59.25,19.0,3,0,154.8463134765625,181.4240877249918,163.76260409816217,17.66148362682962,2357.20439324468,-26.577774248429307,26.577774248429307,706.378084000472,-8.916290621599671,116.68283383691752,38.163479639644976,38.163479639644976,1456.4511782055965
space3_time0,2020-12-01 20:00:00,55.0,17.75,3,0,180.980712890625,182.71338182343922,165.5958736683192,17.11750815512003,2357.2060080681294,-1.7326689328142209,1.7326689328142209,3.002141630739571,15.3848392223058,116.68283383691752,64.29787905370748,64.29787905370748,4134.217250805194
space3_time0,2020-12-01 20:00:00,51.0,17.0,3,0,179.0206298828125,174.68012496879686,157.59974350596033,17.080381462836517,2357.200131448135,4.340504914015639,4.340504914015639,18.839982908593914,21.420886376852167,116.68283383691752,62.337796045894976,62.337796045894976,3886.0008158595992
space3_time0,2020-12-01 20:00:00,47.0,16.0,3,0,169.87359619140625,171.17202470956545,152.99920758136548,18.17281712819998,2357.1999467245005,-1.2984285181591986,1.2984285181591986,1.6859166167690922,16.874388610040768,116.68283383691752,53.190762354488726,53.190762354488726,2829.257199851695
space3_time0,2020-12-01 20:00:00,43.0,14.75,3,0,184.90087890625,168.16156387863333,149.71333127519674,18.448232603436587,2357.1814523403896,16.73931502761667,16.73931502761667,280.20466759379326,35.18754763105326,116.68283383691752,68.21804506933248,68.21804506933248,4653.701673081477
space3_time0,2020-12-01 21:00:00,79.0,5.0,3,0,124.79175567626953,175.08873642307708,160.10707311424898,14.981663308828107,2357.1188450807194,-50.29698074680755,50.29698074680755,2529.7862722447294,-35.315317437979445,116.68283383691752,8.108921839352007,8.108921839352007,65.75461339671993
space3_time0,2020-12-01 21:00:00,74.75,1.5,3,0,133.28543090820312,169.8211474945082,153.0740907677297,16.74705672677851,2357.2068230804807,-36.535716586305085,36.535716586305085,1334.8585864748086,-19.788659859526575,116.68283383691752,16.6025970712856,16.6025970712856,275.64622951146123
space3_time0,2020-12-01 21:00:00,70.25,-1.0,3,0,143.08583068847656,168.89263290787784,153.21408102164244,15.678551886235393,2357.209068545777,-25.806802219401277,25.806802219401277,665.9910407912947,-10.12825033316588,116.68283383691752,26.40299685155904,26.40299685155904,697.1182427434364
space3_time0,2020-12-01 21:00:00,66.0,-3.0,3,0,123.48503875732422,163.85876466043058,152.79232658677407,11.066438073656506,2357.296178502536,-40.37372590310636,40.37372590310636,1630.0377432991615,-29.307287829449848,116.68283383691752,6.8022049204066946,6.8022049204066946,46.26999177920504
space3_time0,2020-12-01 22:00:00,62.0,-4.25,3,0,167.91351318359375,166.7310256560064,154.63842180370014,12.092603852306276,2357.2904379441475,1.182487527587341,1.182487527587341,1.3982767528996225,13.27509137989361,116.68283383691752,51.230679346676226,51.230679346676226,2624.582506321958
space3_time0,2020-12-01 22:00:00,57.75,-5.75,3,0,175.10047912597656,147.78696267799674,139.95281077737687,7.834151900619884,2357.358719132634,27.313516447979822,27.313516447979822,746.0281807540642,35.147668348599694,116.68283383691752,58.41764528905904,58.41764528905904,3412.621281118322
space3_time0,2020-12-01 22:00:00,53.75,-6.75,3,0,163.33999633789062,144.49399490201228,136.65984300139243,7.834151900619849,2357.3587191326346,18.84600143587835,18.84600143587835,355.1717701211288,26.680153336498194,116.68283383691752,46.6571625009731,46.6571625009731,2176.8908126422107
space3_time1,2020-12-01 23:00:00,77.25,-20.75,3,1,112.37791442871094,165.37792602272773,153.90668602370474,11.471239999023005,2523.981780100577,-53.0000115940168,53.0000115940168,2809.001228965915,-41.5287715949938,114.699589825996,-2.3216753972850626,2.3216753972850626,5.390176650358753
space3_time1,2020-12-01 23:00:00,73.0,-23.75,3,1,120.2182388305664,162.93316208972772,150.5144799014925,12.418682188235206,2523.981780100577,-42.71492325916131,42.71492325916131,1824.56466903604,-30.2962410709261,114.699589825996,5.518649004570406,5.518649004570406,30.455486835645935
space3_time1,2020-12-01 23:00:00,68.75,-26.0,3,1,130.6719970703125,162.2811564349251,149.6065429296637,12.674613505261398,2523.981780100577,-31.609159364612594,31.609159364612594,999.1389557374761,-18.934545859351203,114.699589825996,15.9724072443165,15.9724072443165,255.11779317829422
space3_time1,2020-12-01 23:00:00,64.5,-27.5,3,1,124.13839721679688,166.6368688321566,153.7142835303078,12.922585301848798,2523.981780100577,-42.49847161535973,42.49847161535973,1806.1200896415369,-29.57588631351092,114.699589825996,9.438807390800875,9.438807390800875,89.09108496063722
space3_time1,2020-12-01 23:00:00,60.25,-29.0,3,1,140.47239685058594,167.99328840339714,155.07673307447058,12.916555328926563,2523.981780100577,-27.520891552811207,27.520891552811207,757.3994718615953,-14.604336223884644,114.699589825996,25.772807024589937,25.772807024589937,664.2375819267525
space3_time1,2020-12-01 23:00:00,56.25,-30.25,3,1,160.7265625,178.66548523424956,166.26611912462462,12.399366109624948,2523.981780100577,-17.93892273424956,17.93892273424956,321.80494886537565,-5.539556624624623,114.699589825996,46.026972674004,46.026972674004,2118.4822135335107
space3_time1,2020-12-02 01:00:00,80.0,-41.75,3,1,105.19095611572266,170.37691568481648,153.6383975745922,16.738518110224277,2523.981780100577,-65.18595956909382,65.18595956909382,4249.209324943535,-48.44744145886955,114.699589825996,-9.508633710273344,9.508633710273344,90.41411503614661
space3_time1,2020-12-02 01:00:00,75.75,-46.25,3,1,118.91151428222656,171.06142186128358,154.1292635633924,16.932158297891167,2523.981780100577,-52.149907579057015,52.149907579057015,2719.612860504188,-35.21774928116585,114.699589825996,4.211924456230562,4.211924456230562,17.740307624993118
space3_time1,2020-12-02 01:00:00,71.5,-48.75,3,1,111.72455596923828,166.23432149162971,149.30216319373855,16.932158297891178,2523.981780100577,-54.50976552239143,54.50976552239143,2971.314537306094,-37.57760722450027,114.699589825996,-2.975033856757719,2.975033856757719,8.850826448854708
space3_time1,2020-12-02 01:00:00,67.25,-50.75,3,1,134.5921630859375,179.4348019422859,160.030206368916,19.40459557336989,2523.981780100577,-44.8426388563484,44.8426388563484,2010.8622596008875,-25.438043282978498,114.699589825996,19.8925732599415,19.8925732599415,395.71447090213957
space3_time1,2020-12-02 01:00:00,63.0,-52.25,3,1,148.96607971191406,173.3128805265883,153.9082849532184,19.404595573369885,2523.981780100577,-24.346800814674225,24.346800814674225,592.7667099094215,-4.94220524130435,114.699589825996,34.26648988591806,34.26648988591806,1174.192329101725
space3_time1,2020-12-02 01:00:00,58.75,-53.75,3,1,140.47239685058594,175.8756397639842,154.68074728373216,21.194892480252026,2523.981780100577,-35.40324291339826,35.40324291339826,1253.389608785084,-14.208350433146222,114.699589825996,25.772807024589937,25.772807024589937,664.2375819267525
space3_time1,2020-12-02 02:00:00,78.5,-68.25,3,1,114.9913558959961,180.73914522451088,159.15737964600729,21.58176557850358,2523.981780100577,-65.74778932851478,65.74778932851478,4322.771801586762,-44.16602375001119,114.699589825996,0.2917660700000937,0.2917660700000937,0.08512743960329958
space3_time1,2020-12-02 02:00:00,74.0,-71.5,3,1,114.33799743652344,180.9340817134337,157.77819643425286,23.155885279180836,2523.981780100577,-66.59608427691026,66.59608427691026,4435.038441017334,-43.440198997729425,114.699589825996,-0.36159238947256256,0.36159238947256256,0.13074905612447738
space3_time1,2020-12-02 02:00:00,69.75,-73.75,3,1,126.75183868408203,183.59735018340936,159.60846128647563,23.98888889693374,2523.981780100577,-56.84551149932733,56.84551149932733,3231.4121776201555,-32.8566226023936,114.699589825996,12.052248858086031,12.052248858086031,145.25670253723604
space3_time1,2020-12-02 02:00:00,65.5,-75.75,3,1,122.83168029785156,184.5462166820088,159.98859607339315,24.55762060861564,2523.981780100577,-61.71453638415724,61.71453638415724,3808.684001111468,-37.15691577554159,114.699589825996,8.132090471855562,8.132090471855562,66.13089544244403
space3_time1,2020-12-02 02:00:00,61.25,-77.0,3,1,114.33799743652344,191.13408071196469,165.76863033461282,25.36545037735187,2523.981780100577,-76.79608327544125,76.79608327544125,5897.638406448507,-51.430632898089385,114.699589825996,-0.36159238947256256,0.36159238947256256,0.13074905612447738
space3_time1,2020-12-02 02:00:00,57.25,-78.0,3,1,130.6719970703125,180.24308397913995,154.84717475557693,25.395909223563027,2523.981780100577,-49.57108690882745,49.57108690882745,2457.2926573225245,-24.17517768526443,114.699589825996,15.9724072443165,15.9724072443165,255.11779317829422
space3_time1,2020-12-02 02:00:00,53.25,-79.25,3,1,168.56687927246094,184.3372252759805,158.49852012124606,25.838705154734434,2523.981780100577,-15.770346003519563,15.770346003519563,248.70381307072546,10.068359151214878,114.699589825996,53.86728944646494,53.86728944646494,2901.684872309233
space3_time1,2020-12-02 04:00:00,81.25,-88.75,3,1,123.48503875732422,177.09662062531763,157.8922438240591,19.204376801258512,2523.981780100577,-53.61158186799341,53.61158186799341,2874.2017103885596,-34.40720506673489,114.699589825996,8.785448931328219,8.785448931328219,77.18411292497613
space3_time1,2020-12-02 04:00:00,76.75,-93.75,3,1,126.09848022460938,176.7145951431175,160.16609859857013,16.548496544547376,2523.981780100577,-50.61611491850812,50.61611491850812,2561.99108944362,-34.067618373960755,114.699589825996,11.398890398613375,11.398890398613375,129.93470231960018
space3_time1,2020-12-02 04:00:00,72.5,-96.75,3,1,120.2182388305664,178.23673467034678,162.37830114909173,15.858433521255057,2523.981780100577,-58.01849583978037,58.01849583978037,3366.1458595106124,-42.16006231852532,114.699589825996,5.518649004570406,5.518649004570406,30.455486835645935
space3_time1,2020-12-02 04:00:00,68.25,-98.75,3,1,128.05856323242188,171.85102479953753,157.56866690384885,14.282357895688678,2523.981780100577,-43.79246156711565,43.79246156711565,1917.7796901073013,-29.510103671426975,114.699589825996,13.358973406425875,13.358973406425875,178.46217047359374
space3_time1,2020-12-02 04:00:00,64.0,-100.25,3,1,128.05856323242188,167.16732118628886,153.5002959252669,13.667025261021976,2523.981780100577,-39.108757953866984,39.108757953866984,1529.4949486941541,-25.441732692845022,114.699589825996,13.358973406425875,13.358973406425875,178.46217047359374
space3_time1,2020-12-02 04:00:00,59.75,-101.75,3,1,132.632080078125,170.3870886075338,157.68296410228515,12.704124505248645,2523.981780100577,-37.7550085294088,37.7550085294088,1425.4406690557312,-25.050884024160155,114.699589825996,17.932490252129,17.932490252129,321.5742066427016
space3_time1,2020-12-02 04:00:00,55.75,-102.75,3,1,156.806396484375,173.6698030232817,160.08051998260962,13.589283040672079,2523.981780100577,-16.863406538906702,16.863406538906702,284.3744800964413,-3.2741234982346157,114.699589825996,42.106806658379,42.106806658379,1772.98316696611
space3_time1,2020-12-02 04:00:00,51.5,-104.0,3,1,128.05856323242188,173.98708568168604,162.40085428411956,11.58623139756649,2523.981780100577,-45.928522449264165,45.928522449264165,2109.4291743725626,-34.342291051697686,114.699589825996,13.358973406425875,13.358973406425875,178.46217047359374
space3_time1,2020-12-02 04:00:00,47.5,-105.0,3,1,162.0332794189453,175.3749179350741,163.26578555805884,12.109132377015257,2523.981780100577,-13.341638516128796,13.341638516128796,177.99931829505138,-1.232506139113525,114.699589825996,47.33368959294931,47.33368959294931,2240.4781704816783
space3_time1,2020-12-02 04:00:00,43.5,-105.75,3,1,180.32736206054688,165.42922330119694,152.71378558952895,12.715437711667974,2523.981780100577,14.898138759349933,14.898138759349933,221.95453849284476,27.61357647101792,114.699589825996,65.62777223455087,65.62777223455087,4307.0044884700865
space3_time1,2020-12-02 04:00:00,39.5,-106.75,3,1,152.23287963867188,168.60336988931851,154.9668327783033,13.636537111015187,2523.981780100577,-16.37049025064664,16.37049025064664,267.9929510465167,-2.7339531396314385,114.699589825996,37.533289812675875,37.533289812675875,1408.7478441623186
space3_time1,2020-12-02 05:00:00,79.5,-115.25,3,1,119.56488037109375,169.44903395451172,164.20052986920638,5.248504085305339,2523.981780100577,-49.88415358341797,49.88415358341797,2488.4287787340318,-44.63564949811263,114.699589825996,4.86529054509775,4.86529054509775,23.67105208821756
space3_time1,2020-12-02 06:00:00,75.25,-119.25,3,1,100.61743927001953,165.01940216766567,158.5919015614665,6.427500606199175,2523.981780100577,-64.40196289764614,64.40196289764614,4147.61282506979,-57.97446229144697,114.699589825996,-14.082150555976469,14.082150555976469,198.30696428118836
space3_time1,2020-12-02 06:00:00,70.75,-121.5,3,1,128.05856323242188,160.15241373521494,155.9127704341408,4.239643301074132,2523.981780100577,-32.09385050279306,32.09385050279306,1030.0152400956304,-27.854207201718935,114.699589825996,13.358973406425875,13.358973406425875,178.46217047359374
space3_time1,2020-12-02 06:00:00,66.75,-123.5,3,1,137.8589630126953,150.51336956050588,148.08033451076653,2.4330350497393463,2523.981780100577,-12.654406547810567,12.654406547810567,160.13400507727093,-10.221371498071221,114.699589825996,23.159373186699312,23.159373186699312,536.3565664008071
space3_time1,2020-12-02 06:00:00,62.25,-125.0,3,1,152.88623046875,145.6203405206547,142.8742477016761,2.7460928189786182,2523.981780100577,7.2658899480952925,7.2658899480952925,52.79315673783221,10.011982767073903,114.699589825996,38.186640642754,38.186640642754,1458.2195235788315
space3_time1,2020-12-02 06:00:00,58.25,-126.25,3,1,141.12576293945312,156.57393548021443,154.8310715707099,1.7428639095045482,2523.981780100577,-15.448172540761306,15.448172540761306,238.6460348491316,-13.70530863125677,114.699589825996,26.426173113457125,26.426173113457125,698.3426254224042
space3_time1,2020-12-02 06:00:00,54.25,-127.25,3,1,139.81903076171875,156.20552852009104,154.50324951244946,1.7022790076415806,2523.981780100577,-16.386497758372286,16.386497758372286,268.51730878513996,-14.684218750730707,114.699589825996,25.11944093572275,25.11944093572275,630.9863129232638
space3_time1,2020-12-02 07:00:00,78.0,-141.0,3,1,108.45775604248047,158.81017734047302,156.09014661080292,2.7200307296700945,2523.981780100577,-50.35242129799255,50.35242129799255,2535.3663305705336,-47.63239056832245,114.699589825996,-6.241833783515531,6.241833783515531,38.960488981035816
space3_time1,2020-12-02 07:00:00,73.5,-144.25,3,1,116.29808044433594,157.76603052500573,155.86353377670991,1.902496748295829,2523.981780100577,-41.467950080669794,41.467950080669794,1719.590883892922,-39.56545333237398,114.699589825996,1.5984906183399374,1.5984906183399374,2.5551722569207955
space3_time1,2020-12-02 07:00:00,69.25,-146.5,3,1,127.40519714355469,146.37505131985375,144.0979615285949,2.277089791258848,2523.981780100577,-18.969854176299066,18.969854176299066,359.85536747005114,-16.69276438504022,114.699589825996,12.705607317558687,12.705607317558687,161.43245730800086
space3_time1,2020-12-02 07:00:00,65.0,-148.25,3,1,150.92616271972656,148.30729850118348,145.41756874019435,2.889729760989139,2523.981780100577,2.618864218543081,2.618864218543081,6.858449795165261,5.508593979532208,114.699589825996,36.22657289373056,36.22657289373056,1312.364583624774
space3_time1,2020-12-02 07:00:00,61.0,-149.5,3,1,126.09848022460938,154.39190404355932,151.22411298958698,3.167791053972325,2523.981780100577,-28.293423818949947,28.293423818949947,800.5178313987242,-25.12563276497761,114.699589825996,11.398890398613375,11.398890398613375,129.93470231960018
space3_time1,2020-12-02 09:00:00,80.75,-162.0,3,1,101.92415618896484,155.74904345366923,153.35864643595139,2.3903970177178513,2523.981780100577,-53.82488726470439,53.82488726470439,2897.1184890581367,-51.43449024698654,114.699589825996,-12.775433637031156,12.775433637031156,163.2117046141871
space3_time1,2020-12-02 09:00:00,76.25,-166.5,3,1,116.9514389038086,155.92576380559385,153.7194313559815,2.206332449612339,2523.981780100577,-38.97432490178525,38.97432490178525,1518.998001549918,-36.767992452172905,114.699589825996,2.2518490778125937,2.2518490778125937,5.070824269245429
space3_time1,2020-12-02 09:00:00,72.0,-169.25,3,1,142.43247985839844,152.44700690790603,150.93769917200135,1.5093077359046894,2523.981780100577,-10.014527049507592,10.014527049507592,100.29075202531924,-8.505219313602908,114.699589825996,27.732890032402437,27.732890032402437,769.1131895493264
space3_time1,2020-12-02 09:00:00,67.75,-171.25,3,1,147.00599670410156,148.49299534261485,148.05476987886703,0.43822546374782156,2523.981780100577,-1.4869986385132847,1.4869986385132847,2.2111649509403626,-1.048773174765472,114.699589825996,32.30640687810556,32.30640687810556,1043.7039253737064
space3_time1,2020-12-02 09:00:00,63.25,-173.0,3,1,158.7664794921875,148.67195495989938,148.23372949615157,0.43822546374781446,2523.981780100577,10.09452453228812,10.09452453228812,101.89942553296667,10.532749996035932,114.699589825996,44.0668896661915,44.0668896661915,1941.8907648522952
space3_time1,2020-12-02 09:00:00,59.25,-174.5,3,1,162.0332794189453,147.64250598492714,147.9009297013664,-0.2584237164392791,2523.981780100577,14.390773434018172,14.390773434018172,207.09436002924318,14.132349717578904,114.699589825996,47.33368959294931,47.33368959294931,2240.4781704816783
space3_time1,2020-12-02 10:00:00,79.0,171.75,3,1,124.79175567626953,144.58057428898385,152.16128687808086,-7.580712589097002,2523.981780100577,-19.788818612714323,19.788818612714323,391.59734208690884,-27.369531201811327,114.699589825996,10.092165850273531,10.092165850273531,101.85181154942727
space3_time1,2020-12-02 10:00:00,74.75,168.0,3,1,127.40519714355469,142.69133566696462,151.38799204874834,-8.696656381783711,2523.981780100577,-15.286138523409932,15.286138523409932,233.66603095687717,-23.982794905193657,114.699589825996,12.705607317558687,12.705607317558687,161.43245730800086
space3_time1,2020-12-02 10:00:00,70.25,165.75,3,1,150.92616271972656,145.07165933462912,155.99476826010635,-10.923108925477242,2523.981780100577,5.854503385097445,5.854503385097445,34.27520988611744,-5.068605540379792,114.699589825996,36.22657289373056,36.22657289373056,1312.364583624774
space3_time1,2020-12-02 10:00:00,66.0,163.75,3,1,137.20559692382812,131.84300780865266,142.76611673412987,-10.923108925477223,2523.981780100577,5.362589115175467,5.362589115175467,28.7573620181984,-5.5605198103017415,114.699589825996,22.506007097832125,22.506007097832125,506.52035548767
space3_time1,2020-12-02 10:00:00,61.75,162.25,3,1,139.16567993164062,133.61368240887478,146.815485175946,-13.201802767071236,2523.981780100577,5.551997522765845,5.551997522765845,30.82467649279808,-7.649805244305384,114.699589825996,24.466090105644625,24.466090105644625,598.5895650575218
space3_time1,2020-12-02 10:00:00,57.75,161.0,3,1,147.65936279296875,126.95546199125263,140.15726475832386,-13.201802767071232,2523.981780100577,20.703900801716117,20.703900801716117,428.65150840730126,7.502098034644888,114.699589825996,32.95977296697275,32.95977296697275,1086.3466340343878
space3_time1,2020-12-02 12:00:00,77.25,146.0,3,1,137.8589630126953,143.79294992253523,151.6624407736197,-7.869490851084462,2523.981780100577,-5.933986909839916,5.933986909839916,35.21220064615148,-13.80347776092438,114.699589825996,23.159373186699312,23.159373186699312,536.3565664008071
space3_time1,2020-12-02 12:00:00,73.0,143.0,3,1,141.77911376953125,143.22808462368462,152.58453222999938,-9.356447606314752,2523.981780100577,-1.448970854153373,1.448970854153373,2.0995165361859556,-10.805418460468132,114.699589825996,27.07952394353525,27.07952394353525,733.3006170084989
space3_time1,2020-12-02 12:00:00,68.75,140.75,3,1,128.7119140625,139.3136883994449,149.33647984927813,-10.022791449833221,2523.981780100577,-10.601774336944914,10.601774336944914,112.39761909150376,-20.624565786778135,114.699589825996,14.012324236504,14.012324236504,196.3452305089174
space3_time1,2020-12-02 12:00:00,64.5,139.25,3,1,120.2182388305664,130.71786779189793,143.3170991799762,-12.59923138807827,2523.981780100577,-10.499628961331524,10.499628961331524,110.2422083256317,-23.09886034940979,114.699589825996,5.518649004570406,5.518649004570406,30.455486835645935
space3_time1,2020-12-02 12:00:00,60.25,137.75,3,1,122.83168029785156,129.70447345700282,142.94273738933694,-13.238263932334114,2523.981780100577,-6.872793159151257,6.872793159151257,47.23528580847632,-20.111057091485378,114.699589825996,8.132090471855562,8.132090471855562,66.13089544244403
space3_time1,2020-12-02 12:00:00,56.0,136.5,3,1,138.51231384277344,128.42648218863954,141.73856821369856,-13.312086025059024,2523.981780100577,10.085831654133898,10.085831654133898,101.72400015552932,-3.226254370925119,114.699589825996,23.812724016777437,23.812724016777437,567.045825099209
space3_time1,2020-12-02 12:00:00,52.0,135.5,3,1,132.632080078125,122.46997278175883,136.49169414984348,-14.021721368084652,2523.981780100577,10.162107296366173,10.162107296366173,103.26842470285861,-3.8596140717184824,114.699589825996,17.932490252129,17.932490252129,321.5742066427016
space3_time1,2020-12-02 12:00:00,48.0,134.5,3,1,160.0731964111328,140.98074703454628,155.00246840263097,-14.021721368084679,2523.981780100577,19.09244937658653,19.09244937658653,364.5216231975194,5.070728008501845,114.699589825996,45.37360658513681,45.37360658513681,2058.764174542771
space3_time1,2020-12-02 14:00:00,80.5,123.75,3,1,133.9387969970703,148.82320373191388,152.9854496568958,-4.162245924981943,2523.981780100577,-14.884406734843566,14.884406734843566,221.5455638482565,-19.046652659825497,114.699589825996,19.239207171074312,19.239207171074312,370.14709257151725
space3_time1,2020-12-02 14:00:00,75.75,120.25,3,1,108.45775604248047,145.4976828826584,150.03307023342873,-4.5353873507703355,2523.981780100577,-37.03992684017794,37.03992684017794,1371.9561803257343,-41.57531419094826,114.699589825996,-6.241833783515531,6.241833783515531,38.960488981035816
space3_time1,2020-12-02 14:00:00,71.25,117.75,3,1,134.5921630859375,143.38164864706923,147.91381885017014,-4.532170203100929,2523.981780100577,-8.789485561131727,8.789485561131727,77.25505642934311,-13.321655764232645,114.699589825996,19.8925732599415,19.8925732599415,395.71447090213957
space3_time1,2020-12-02 14:00:00,67.0,116.0,3,1,147.65936279296875,137.78725793925392,142.3194281423549,-4.532170203100971,2523.981780100577,9.87210485371483,9.87210485371483,97.45845424273992,5.339934650613856,114.699589825996,32.95977296697275,32.95977296697275,1086.3466340343878
space3_time1,2020-12-02 14:00:00,63.0,114.25,3,1,145.69927978515625,143.41739306505113,148.39091423779584,-4.9735211727447215,2523.981780100577,2.2818867201051205,2.2818867201051205,5.207007003392104,-2.6916344526395903,114.699589825996,30.99968995916025,30.99968995916025,960.9807775640609
space3_time1,2020-12-02 14:00:00,58.75,113.25,3,1,128.05856323242188,144.86801799650976,149.84153916925445,-4.973521172744674,2523.981780100577,-16.80945476408789,16.80945476408789,282.55776946591703,-21.78297593683257,114.699589825996,13.358973406425875,13.358973406425875,178.46217047359374
space3_time1,2020-12-02 14:00:00,54.75,112.25,3,1,143.73919677734375,142.71484636844727,148.34913544342382,-5.634289074976558,2523.981780100577,1.0243504088964812,1.0243504088964812,1.0492937602063883,-4.609938666080069,114.699589825996,29.03960695134775,29.03960695134775,843.2987718887646
space3_time1,2020-12-02 14:00:00,50.5,111.0,3,1,114.33799743652344,140.12134890387114,147.14029647262038,-7.0189475687492395,2523.981780100577,-25.7833514673477,25.7833514673477,664.7812128887808,-32.80229903609694,114.699589825996,-0.36159238947256256,0.36159238947256256,0.13074905612447738
space3_time1,2020-12-02 14:00:00,46.5,110.0,3,1,118.2581558227539,146.8897430129631,154.23477588791783,-7.345032874954743,2523.981780100577,-28.63158719020919,28.63158719020919,819.7677850305508,-35.97662006516393,114.699589825996,3.558565996757906,3.558565996757906,12.663391953281591
space3_time1,2020-12-02 15:00:00,78.5,98.75,3,1,122.83168029785156,150.9415598907989,152.1425938723195,-1.201033981520599,2523.981780100577,-28.10987959294735,28.10987959294735,790.1653307299979,-29.310913574467946,114.699589825996,8.132090471855562,8.132090471855562,66.13089544244403
space3_time1,2020-12-02 15:00:00,74.25,95.5,3,1,130.0186309814453,146.05054559309303,147.00388563499857,-0.9533400419055353,2523.981780100577,-16.03191461164772,16.03191461164772,257.0222861151637,-16.985254653553255,114.699589825996,15.319041155449312,15.319041155449312,234.67302192234982
space3_time1,2020-12-02 15:00:00,69.75,92.75,3,1,126.09848022460938,146.75190116525292,145.85312231402477,0.8987788512281489,2523.981780100577,-20.653420940643542,20.653420940643542,426.5637965514132,-19.7546420894154,114.699589825996,11.398890398613375,11.398890398613375,129.93470231960018
space3_time1,2020-12-02 15:00:00,65.5,91.25,3,1,133.9387969970703,161.5175143729295,160.61873552170135,0.8987788512281298,2523.981780100577,-27.578717375859185,27.578717375859185,760.5856520975174,-26.67993852463104,114.699589825996,19.239207171074312,19.239207171074312,370.14709257151725
space3_time1,2020-12-02 15:00:00,61.5,89.75,3,1,137.20559692382812,162.93808371107048,160.13549834888934,2.8025853621811456,2523.981780100577,-25.73248678724235,25.73248678724235,662.1608762556021,-22.929901425061217,114.699589825996,22.506007097832125,22.506007097832125,506.52035548767
space3_time1,2020-12-02 15:00:00,57.25,88.5,3,1,143.73919677734375,162.84613128999484,161.0480190882931,1.798112201701735,2523.981780100577,-19.106934512651094,19.106934512651094,365.0749464707375,-17.308822310949353,114.699589825996,29.03960695134775,29.03960695134775,843.2987718887646
space3_time1,2020-12-02 15:00:00,53.25,87.5,3,1,167.91351318359375,157.11270744738135,154.90685089208517,2.20585655529618,2523.981780100577,10.800805736212396,10.800805736212396,116.6574045513986,13.006662291508576,114.699589825996,53.21392335759775,53.21392335759775,2831.7216391082875
space3_time2,2020-12-02 17:00:00,81.25,78.0,3,2,115.64471435546875,165.9297224478273,156.83358559067497,9.096136857152317,1415.2898818316594,-50.28500809235854,50.28500809235854,2528.5820388485636,-41.18887123520622,125.02198887915839,-9.377274523689636,9.377274523689636,87.93327749263868
space3_time2,2020-12-02 17:00:00,76.75,73.0,3,2,117.60479736328125,164.17275264583122,155.008918086059,9.163834559772235,1331.8639616567732,-46.567955282549974,46.567955282549974,2168.574459197574,-37.40412072277775,125.02198887915839,-7.4171915158771355,7.4171915158771355,55.01472998319976
space3_time2,2020-12-02 17:00:00,72.5,70.0,3,2,141.12576293945312,160.38855563672473,149.3681645971879,11.020391039536834,1254.4723136539142,-19.262792697271607,19.262792697271607,371.05518249806033,-8.242401657734774,125.02198887915839,16.10377406029474,16.10377406029474,259.3315389850217
space3_time2,2020-12-02 17:00:00,68.25,68.0,3,2,147.00599670410156,164.98257825873105,153.2797230007939,11.70285525793716,1171.0056979847914,-17.97658155462949,17.97658155462949,323.1574843902452,-6.273726296692331,125.02198887915839,21.984007824943177,21.984007824943177,483.2966000471628
space3_time2,2020-12-02 17:00:00,64.0,66.5,3,2,137.8589630126953,169.93527393033887,157.61863445637465,12.316639473964216,1092.7472152091927,-32.07631091764355,32.07631091764355,1028.889722085339,-19.759671443679338,125.02198887915839,12.836974133536927,12.836974133536927,164.78790490509613
space3_time2,2020-12-02 17:00:00,60.0,65.0,3,2,138.51231384277344,166.98517684868352,153.5455655704253,13.43961127825821,1033.1272525104669,-28.472863005910085,28.472863005910085,810.7039277533231,-15.033251727651873,125.02198887915839,13.490324963615052,13.490324963615052,181.98886762393545
space3_time2,2020-12-02 17:00:00,55.75,64.0,3,2,164.64671325683594,158.60476992987114,143.20501697304775,15.399752956823395,973.5256935625248,6.041943326964798,6.041943326964798,36.505079166254454,21.44169628378819,125.02198887915839,39.62472437767755,39.62472437767755,1570.1187820069138
space3_time2,2020-12-02 17:00:00,51.75,62.75,3,2,150.27279663085938,168.77770242647168,151.6504649828468,17.127237443624857,937.1461334751339,-18.504905795612302,18.504905795612302,342.4315385044858,-1.3776683519874382,125.02198887915839,25.25080775170099,25.25080775170099,637.6032921133627
space3_time2,2020-12-02 20:00:00,78.0,25.75,3,2,130.6719970703125,156.49819957805622,152.98830073489128,3.509898843164934,1789.0178602468825,-25.826202507743716,25.826202507743716,666.9927359709878,-22.316303664578783,125.02198887915839,5.6500081911541145,5.6500081911541145,31.922592560108587
space3_time2,2020-12-02 20:00:00,73.5,22.5,3,2,125.44511413574219,160.85852434717083,156.90834266218212,3.950181684988705,1744.8832420599397,-35.41341021142864,35.41341021142864,1254.1096228029182,-31.463228526439934,125.02198887915839,0.42312525658380196,0.42312525658380196,0.17903498275910823
space3_time2,2020-12-02 20:00:00,69.25,20.25,3,2,157.4597625732422,139.33062522446448,135.082665611782,4.247959612682466,1701.930138161103,18.129137348777704,18.129137348777704,328.6656210108467,22.377096961460182,125.02198887915839,32.4377736940838,32.4377736940838,1052.209162228595
space3_time2,2020-12-02 20:00:00,65.0,18.5,3,2,124.13839721679688,157.1747049942637,152.77103582039942,4.403669173864264,1662.5059423623154,-33.03630777746682,33.03630777746682,1091.3976315675145,-28.632638603602544,125.02198887915839,-0.8835916623615105,0.8835916623615105,0.7807342257947777
space3_time2,2020-12-02 20:00:00,61.0,17.0,3,2,175.7538299560547,161.92243330366048,157.1199661110689,4.8024671925915925,1629.1986283036267,13.831396652394204,13.831396652394204,191.3075333558616,18.633863844985797,125.02198887915839,50.7318410768963,50.7318410768963,2573.719699051463
space3_time2,2020-12-02 20:00:00,54.5,14.75,3,2,154.19296264648438,163.35722296173526,157.10525495385278,6.251968007882488,1587.6433477958356,-9.164260315250885,9.164260315250885,83.98366712568226,-2.9122923073684035,125.02198887915839,29.17097376732599,29.17097376732599,850.945710534021
space3_time2,2020-12-02 20:00:00,50.75,13.25,3,2,150.27279663085938,162.92836459558123,155.7489049329445,7.179459662636737,1567.8795677095018,-12.655567964721854,12.655567964721854,160.16340050969404,-5.476108302085123,125.02198887915839,25.25080775170099,25.25080775170099,637.6032921133627
space3_time2,2020-12-02 20:00:00,47.0,12.5,3,2,135.24551391601562,141.16982478739519,132.56815652915407,8.601668258241126,1550.340307520898,-5.924310871379561,5.924310871379561,35.09745930074605,2.6773573868615586,125.02198887915839,10.22352503685724,10.22352503685724,104.52046417924682
space3_time2,2020-12-02 20:00:00,43.25,11.5,3,2,120.2182388305664,159.89152353532825,151.3381549320941,8.553368603234127,1537.0039802740343,-39.67328470476184,39.67328470476184,1573.9695192650897,-31.119916101527707,125.02198887915839,-4.803750048591979,4.803750048591979,23.076014529347443
space3_time2,2020-12-02 22:00:00,80.75,4.75,3,2,115.64471435546875,153.8567992607022,150.70647463997412,3.1503246207280595,1926.252731204424,-38.21208490523344,38.21208490523344,1460.1634328047692,-35.06176028450537,125.02198887915839,-9.377274523689636,9.377274523689636,87.93327749263868
space3_time2,2020-12-02 22:00:00,76.25,0.25,3,2,141.12576293945312,157.26567172849784,155.2087958590002,2.056875869497643,1869.852202595269,-16.13990878904471,16.13990878904471,260.4966557186827,-14.083032919547065,125.02198887915839,16.10377406029474,16.10377406029474,259.3315389850217
space3_time2,2020-12-02 22:00:00,72.0,-2.75,3,2,131.3253631591797,152.9071716453134,151.21968406740945,1.6874875779039729,1824.369483608516,-21.581808486133724,21.581808486133724,465.77445753215363,-19.89432090822976,125.02198887915839,6.303374280021302,6.303374280021302,39.732527314034066
space3_time2,2020-12-02 22:00:00,67.75,-4.5,3,2,150.27279663085938,154.08835717095693,153.128971736408,0.9593854345489106,1787.5838595431223,-3.8155605400975503,3.8155605400975503,14.55850223514951,-2.8561751055486297,125.02198887915839,25.25080775170099,25.25080775170099,637.6032921133627
space3_time2,2020-12-02 22:00:00,63.5,-6.25,3,2,185.55422973632812,158.05652536990377,154.44652899838093,3.6099963715228482,1822.2087443237265,27.497704366424358,27.497704366424358,756.1237454232732,31.107700737947198,125.02198887915839,60.53224085716974,60.53224085716974,3664.1521831904097
space3_time2,2020-12-02 22:00:00,59.25,-7.5,3,2,181.6340789794922,165.85345289521788,162.2476661332454,3.605786761972495,1784.2492345674268,15.780626084274303,15.780626084274303,249.02815961167852,19.3864128462468,125.02198887915839,56.6120901003338,56.6120901003338,3204.9287455283124
space3_time2,2020-12-02 22:00:00,55.25,-8.75,3,2,178.36727905273438,165.91464811888636,163.65294432267095,2.2617037962154103,1752.9910239637693,12.452630933848013,12.452630933848013,155.06801717462844,14.714334730063428,125.02198887915839,53.34529017357599,53.34529017357599,2845.719983703023
space3_time2,2020-12-02 22:00:00,51.0,-9.75,3,2,134.5921630859375,162.24552467951577,159.81928555195992,2.4262391275558426,1726.5115861318732,-27.653361593578268,27.653361593578268,764.7084074251895,-25.227122466022422,125.02198887915839,9.570174206779114,9.570174206779114,91.58823434810026
space3_time2,2020-12-02 23:00:00,79.0,-21.5,3,2,128.7119140625,161.0793055030063,154.96528011311867,6.114025389887658,1835.4707436441975,-32.36739144050631,32.36739144050631,1047.6480286629612,-26.253366050618666,125.02198887915839,3.6899251833416145,3.6899251833416145,13.615547858658648
space3_time2,2020-12-02 23:00:00,74.75,-25.25,3,2,109.11111450195312,158.11945553608166,151.1706735145704,6.948782021511243,1768.0245197484758,-49.008341034128534,49.008341034128534,2401.817490917447,-42.059559012617285,125.02198887915839,-15.91087437720526,15.91087437720526,253.15592344720687
space3_time2,2020-12-02 23:00:00,70.25,-27.5,3,2,128.7119140625,159.6232129011278,154.45414276474457,5.169070136383215,1715.0043543169797,-30.9112988386278,30.9112988386278,955.5083958909524,-25.742228702244574,125.02198887915839,3.6899251833416145,3.6899251833416145,13.615547858658648
space3_time2,2020-12-02 23:00:00,66.25,-29.5,3,2,113.68463897705078,163.28901852847636,157.7651846065196,5.523833921956767,1665.6987801025107,-49.60437955142558,49.60437955142558,2460.594470681888,-44.080545629468816,125.02198887915839,-11.337349902107604,11.337349902107604,128.5355028028193
space3_time2,2020-12-02 23:00:00,62.0,-31.0,3,2,147.65936279296875,167.4863926050009,160.36740497146764,7.118987633533255,1622.7126995901788,-19.82702981203215,19.82702981203215,393.1111111672117,-12.708042178498886,125.02198887915839,22.637373913810364,22.637373913810364,512.450697713662
space3_time2,2020-12-02 23:00:00,57.75,-32.25,3,2,172.48703002929688,166.73422426318857,159.58536608621688,7.14885817697168,1586.7945628663942,5.75280576610831,5.75280576610831,33.09477418256902,12.901663943079996,125.02198887915839,47.46504115013849,47.46504115013849,2252.9301313843403
space3_time2,2020-12-03 14:00:00,77.25,119.25,3,2,137.20559692382812,158.05903244434901,147.5270800298997,10.531952414449314,1515.6303652418048,-20.85343552052089,20.85343552052089,434.86577300852235,-10.321483106071582,125.02198887915839,12.18360804466974,12.18360804466974,148.4403049861412
space3_time2,2020-12-03 14:00:00,73.0,116.25,3,2,122.17831420898438,148.63180704404806,138.6431911124345,9.98861593161357,1461.9858310907093,-26.453492835063685,26.453492835063685,699.7872831747657,-16.46487690345012,125.02198887915839,-2.8436746701740105,2.8436746701740105,8.086485629789268
space3_time2,2020-12-03 14:00:00,68.75,114.25,3,2,139.81903076171875,143.71923403528237,135.70574662502912,8.013487410253253,1411.8871264265904,-3.900203273563619,3.900203273563619,15.211585575116372,4.113284136689629,125.02198887915839,14.797041882560364,14.797041882560364,218.95244847424559
space3_time2,2020-12-03 14:00:00,64.5,112.75,3,2,139.16567993164062,149.69434737447986,143.37306158215023,6.321285792329636,1367.0122450126792,-10.528667442839236,10.528667442839236,110.85283812190289,-4.207381650509603,125.02198887915839,14.14369105248224,14.14369105248224,200.04399658806616
space3_time2,2020-12-03 14:00:00,60.5,111.25,3,2,127.40519714355469,147.4852231614857,141.79196444984552,5.693258711640178,1331.110719776567,-20.080026017931004,20.080026017931004,403.20744488078606,-14.386767306290835,125.02198887915839,2.383208264396302,2.383208264396302,5.679681631486834
space3_time2,2020-12-03 14:00:00,56.25,109.75,3,2,126.09848022460938,131.41235200938345,127.51191981576966,3.900432193613783,1296.5064608070657,-5.313871784774079,5.313871784774079,28.23723334501806,-1.4134395911602837,125.02198887915839,1.0764913454509895,1.0764913454509895,1.1588336168308815
space3_time2,2020-12-03 14:00:00,52.0,109.0,3,2,107.15103912353516,142.02900884228163,140.17842312206955,1.8505857202120684,1268.0068650543358,-34.87796971874647,34.87796971874647,1216.4727717017959,-33.02738399853439,125.02198887915839,-17.87094975562323,17.87094975562323,319.37084516800996
space3_time2,2020-12-03 14:00:00,48.0,108.0,3,2,107.15103912353516,136.966582814293,136.42561743668722,0.5409653776057739,1247.1651825829767,-29.815543690757835,29.815543690757835,888.9666455754893,-29.274578313152062,125.02198887915839,-17.87094975562323,17.87094975562323,319.37084516800996
space3_time2,2020-12-03 15:00:00,80.0,98.5,3,2,123.48503875732422,150.56898671929667,143.2721832538993,7.296803465397387,1584.7483556393418,-27.083947961972456,27.083947961972456,733.540237206832,-19.78714449657508,125.02198887915839,-1.5369501218341668,1.5369501218341668,2.36221567700606
space3_time2,2020-12-03 15:00:00,75.75,94.0,3,2,127.40519714355469,147.5745479999042,141.06661131067338,6.507936689230823,1527.389537799882,-20.169350856349524,20.169350856349524,406.8027139665273,-13.661414167118693,125.02198887915839,2.383208264396302,2.383208264396302,5.679681631486834
space3_time2,2020-12-03 15:00:00,71.5,91.5,3,2,147.00599670410156,150.40186807731106,143.67702239613476,6.7248456811762995,1473.212328714163,-3.395871373209502,3.395871373209502,11.53194238338379,3.328974307966803,125.02198887915839,21.984007824943177,21.984007824943177,483.2966000471628
space3_time2,2020-12-03 15:00:00,67.25,89.5,3,2,145.69927978515625,153.8009763056908,147.07020898486724,6.73076732082357,1424.2560640254194,-8.101696520534546,8.101696520534546,65.63748651084157,-1.3709291997109858,125.02198887915839,20.677290905997864,20.677290905997864,427.550359211262
space3_time2,2020-12-03 15:00:00,63.0,87.75,3,2,152.88623046875,150.3689847959277,144.88863175241028,5.48035304351743,1381.6913988064198,2.5172456728222983,2.5172456728222983,6.336525777342585,7.9975987163397235,125.02198887915839,27.864241589591614,27.864241589591614,776.4159593631271
space3_time2,2020-12-03 15:00:00,58.75,86.5,3,2,134.5921630859375,154.95038251999804,147.98968210867972,6.9607004113183315,1347.3569842342085,-20.358219434060544,20.358219434060544,414.45709852536044,-13.397519022742216,125.02198887915839,9.570174206779114,9.570174206779114,91.58823434810026
space3_time2,2020-12-03 15:00:00,54.5,85.5,3,2,125.44511413574219,153.52149692279733,146.299510878021,7.221986044776322,1315.192555581768,-28.076382787055138,28.076382787055138,788.2832704052461,-20.854396742278823,125.02198887915839,0.42312525658380196,0.42312525658380196,0.17903498275910823
space3_time2,2020-12-03 15:00:00,50.5,84.25,3,2,156.1530303955078,144.4320344968414,137.53264496006048,6.899389536780905,1292.2764171036297,11.720995898666416,11.720995898666416,137.38174485655495,18.620385435447332,125.02198887915839,31.131041516349427,31.131041516349427,969.1417458926717
space3_time2,2020-12-03 17:00:00,78.5,72.25,3,2,120.2182388305664,173.71249790897087,158.5912995062074,15.121198402763454,1634.929099609984,-53.49425907840447,53.49425907840447,2861.6357543474587,-38.373060675641,125.02198887915839,-4.803750048591979,4.803750048591979,23.076014529347443
space3_time2,2020-12-03 17:00:00,74.0,68.5,3,2,142.43247985839844,175.01943643769485,161.07366077996613,13.945775657728728,1580.6357806611124,-32.58695657929641,32.58695657929641,1061.9097391009498,-18.641180921567695,125.02198887915839,17.410490979240052,17.410490979240052,303.1251961381992
space3_time2,2020-12-03 17:00:00,69.75,66.5,3,2,146.35263061523438,173.22265044357653,158.31951454669087,14.903135896885665,1533.4300132809096,-26.87001982834215,26.87001982834215,721.9979655755004,-11.966883931456493,125.02198887915839,21.33064173607599,21.33064173607599,454.9962768728269
space3_time2,2020-12-03 17:00:00,65.5,64.75,3,2,137.8589630126953,160.14134852604192,144.88997031079882,15.251378215243113,1492.1734089766187,-22.28238551334661,22.28238551334661,496.5047041653989,-7.0310072981035034,125.02198887915839,12.836974133536927,12.836974133536927,164.78790490509613
space3_time2,2020-12-03 17:00:00,61.25,63.0,3,2,133.9387969970703,170.4170778927898,154.14943054073333,16.26764735205647,1457.6293678329534,-36.47828089571948,36.47828089571948,1330.6649771070126,-20.210633543663022,125.02198887915839,8.916808117911927,8.916808117911927,79.50946701166004
space3_time2,2020-12-03 17:00:00,57.25,61.75,3,2,157.4597625732422,170.60797512409883,153.73490669202857,16.873068432070255,1431.1963852675124,-13.148212550856641,13.148212550856641,172.8754932825041,3.724855881213614,125.02198887915839,32.4377736940838,32.4377736940838,1052.209162228595
space3_time2,2020-12-03 17:00:00,53.0,60.75,3,2,161.37991333007812,170.03683179810582,152.42417692385138,17.612654874254435,1404.6388301845202,-8.656918468027698,8.656918468027698,74.94223736207901,8.955736406226748,125.02198887915839,36.35792445091974,36.35792445091974,1321.8986703787875
space3_time2,2020-12-03 19:00:00,81.25,51.75,3,2,125.44511413574219,167.78046672091295,154.57522058428088,13.205246136632073,1743.0914462140931,-42.33535258517077,42.33535258517077,1792.2820785107251,-29.130106448538697,125.02198887915839,0.42312525658380196,0.42312525658380196,0.17903498275910823
space3_time2,2020-12-03 19:00:00,76.75,46.25,3,2,135.8988800048828,163.52694884617375,149.3627215848462,14.164227261327552,1711.7935776188438,-27.62806884129094,27.62806884129094,763.3101878991113,-13.4638415799634,125.02198887915839,10.876891125724427,10.876891125724427,118.3067605608628
space3_time2,2020-12-03 19:00:00,72.5,43.75,3,2,133.9387969970703,170.04872045851565,154.6580173512063,15.390703107309353,1672.3064986834747,-36.109923461445334,36.109923461445334,1303.9265723914402,-20.719220354135985,125.02198887915839,8.916808117911927,8.916808117911927,79.50946701166004
space3_time2,2020-12-03 19:00:00,68.25,41.5,3,2,165.95343017578125,173.3362300711704,158.62370105770637,14.712529013464046,1637.5680771844882,-7.382799895389155,7.382799895389155,54.50573429535812,7.32972911807488,125.02198887915839,40.931441296622864,40.931441296622864,1675.3828866188837
space3_time2,2020-12-03 19:00:00,64.0,40.0,3,2,157.4597625732422,168.94434929835427,154.40669130194414,14.537657996410129,1603.1615664509986,-11.48458672511208,11.48458672511208,131.89573224662064,3.0530712712980517,125.02198887915839,32.4377736940838,32.4377736940838,1052.209162228595
space3_time2,2020-12-03 19:00:00,60.0,38.5,3,2,169.87359619140625,167.6024801679727,152.87527012831617,14.727210039656518,1576.3907066984682,2.2711160234335637,2.2711160234335637,5.157967991896683,16.998326063090076,125.02198887915839,44.851607312247864,44.851607312247864,2011.666678492086
space3_time2,2020-12-03 19:00:00,55.75,37.25,3,2,171.18031311035156,166.97436842451742,152.94501501762701,14.029353406890419,1552.0986789090427,4.20594468583414,4.20594468583414,17.689970700296445,18.23529809272455,125.02198887915839,46.15832423119318,46.15832423119318,2130.590895831955
space3_time2,2020-12-03 19:00:00,51.5,36.25,3,2,159.41983032226562,161.486482067809,147.75575795340166,13.73072411440735,1531.0494030035502,-2.0666517455433677,2.0666517455433677,4.271049437357449,11.66407236886397,125.02198887915839,34.39784144310724,34.39784144310724,1183.211495945146
space3_time2,2020-12-03 19:00:00,47.5,35.25,3,2,163.33999633789062,170.9604186222649,158.40372713081263,12.556691491452284,1517.0115012765802,-7.6204222843742855,7.6204222843742855,58.070835792188205,4.9362692070779985,125.02198887915839,38.31800745873224,38.31800745873224,1468.2696956074594
space3_time2,2020-12-03 20:00:00,79.5,25.25,3,2,123.48503875732422,164.59093583075733,150.49409037830355,14.096845452453783,1842.1032153683316,-41.10589707343311,41.10589707343311,1689.694774211677,-27.009051620979335,125.02198887915839,-1.5369501218341668,1.5369501218341668,2.36221567700606
space3_time2,2020-12-03 20:00:00,75.25,21.0,3,2,126.75183868408203,166.27611413482245,152.7944893310467,13.48162480377577,1811.6542016717224,-39.52427545074042,39.52427545074042,1562.1683499060018,-26.04265064696466,125.02198887915839,1.7298498049236457,1.7298498049236457,2.9923803475943753
space3_time2,2020-12-03 20:00:00,70.75,18.75,3,2,135.24551391601562,167.56344012442844,153.39092241784107,14.172517706587357,1777.265332924701,-32.317926208412814,32.317926208412814,1044.448354412416,-18.145408501825443,125.02198887915839,10.22352503685724,10.22352503685724,104.52046417924682
space3_time2,2020-12-03 20:00:00,66.75,16.75,3,2,138.51231384277344,153.53789084196976,138.74982781679594,14.788063025173813,1755.7198174701543,-15.025576999196318,15.025576999196318,225.76796415877743,-0.23751397402250518,125.02198887915839,13.490324963615052,13.490324963615052,181.98886762393545
space3_time2,2020-12-03 20:00:00,60.5,16.25,3,2,144.39256286621094,173.5686981975864,158.4651726365969,15.103525560989524,1802.4969269716196,-29.176135331375463,29.176135331375463,851.2468728747356,-14.072609770385952,125.02198887915839,19.370573987052552,19.370573987052552,375.219136587877
space3_time2,2020-12-03 20:00:00,58.25,13.75,3,2,132.632080078125,172.65518720091285,158.0417234912594,14.613463709653459,1790.4825478330133,-40.02310712278785,40.02310712278785,1601.8491037621513,-25.409643413134404,125.02198887915839,7.6100911989666145,7.6100911989666145,57.913488056589124
space3_time2,2020-12-03 20:00:00,54.25,12.75,3,2,111.72455596923828,169.5909842884828,155.36656497321508,14.22441931526772,1761.2133492135606,-57.866428319244505,57.866428319244505,3348.5235264262624,-43.642009003976796,125.02198887915839,-13.297432909920104,13.297432909920104,176.82172199382626
space3_time2,2020-12-03 20:00:00,50.0,11.75,3,2,148.96607971191406,162.14838724406115,150.97687482830537,11.171512415755782,1735.301723119153,-13.182307532147092,13.182307532147092,173.77323187210197,-2.010795116391307,125.02198887915839,23.944090832755677,23.944090832755677,573.3194858072544
space3_time2,2020-12-03 20:00:00,46.0,11.0,3,2,149.6194305419922,161.2708659291514,153.10061133166323,8.170254597488169,1714.4753698963268,-11.65143538715921,11.65143538715921,135.7559465811459,-3.4811807896710434,125.02198887915839,24.597441662833802,24.597441662833802,605.0341363565121
space3_time2,2020-12-03 22:00:00,78.0,-1.5,3,2,127.40519714355469,173.3029985544032,159.5264257428654,13.776572811537791,1867.1822657355813,-45.8978014108485,45.8978014108485,2106.6081743496866,-32.12122859931071,125.02198887915839,2.383208264396302,2.383208264396302,5.679681631486834
space3_time2,2020-12-03 22:00:00,73.5,-4.25,3,2,118.91151428222656,172.7656457088801,161.79860956048714,10.967036148392975,1810.0424839963239,-53.85413142665354,53.85413142665354,2900.267471719272,-42.887095278260574,125.02198887915839,-6.110474596931823,6.110474596931823,37.337899799749124
space3_time2,2020-12-03 22:00:00,69.25,-6.25,3,2,118.2581558227539,169.91752488996184,159.31361962321395,10.60390526674789,1759.556166466085,-51.65936906720793,51.65936906720793,2668.690412422,-41.055463800460046,125.02198887915839,-6.763833056404479,6.763833056404479,45.74943761490996
space3_time2,2020-12-03 22:00:00,65.0,-8.25,3,2,121.52495574951172,170.77364715423096,160.2814524736473,10.492194680583644,1715.5304690002313,-49.24869140471924,49.24869140471924,2425.4336050772667,-38.75649672413559,125.02198887915839,-3.497033129646667,3.497033129646667,12.22924070984636
space3_time2,2020-12-03 22:00:00,60.75,-9.5,3,2,117.60479736328125,174.18012366317473,164.14187187762232,10.038251785552392,1673.7435700940403,-56.575326299893476,56.575326299893476,3200.7675459394186,-46.53707451434107,125.02198887915839,-7.4171915158771355,7.4171915158771355,55.01472998319976
space3_time2,2020-12-03 22:00:00,56.75,-10.5,3,2,150.27279663085938,174.91810359193008,165.5770716092273,9.34103198270278,1639.3053750466033,-24.645306961070702,24.645306961070702,607.3911552054,-15.304274978367914,125.02198887915839,25.25080775170099,25.25080775170099,637.6032921133627
space3_time2,2020-12-03 22:00:00,52.75,-11.75,3,2,154.8463134765625,175.46621334225637,167.04739316157972,8.418820180676654,1609.3021351795219,-20.619899865693867,20.619899865693867,425.18027047124195,-12.20107968501722,125.02198887915839,29.824324597404114,29.824324597404114,889.490337691324
space3_time2,2020-12-03 23:00:00,80.75,-21.5,3,2,118.2581558227539,151.02554293138508,140.64594275566972,10.37960017571534,1784.2622766950603,-32.76738710863117,32.76738710863117,1073.7016579268882,-22.387786932915816,125.02198887915839,-6.763833056404479,6.763833056404479,45.74943761490996
space3_time2,2020-12-03 23:00:00,76.5,-25.75,3,2,127.40519714355469,161.72473031234375,150.20860108510954,11.516129227234211,1721.1652897547,-34.319533168789064,34.319533168789064,1177.8303569236127,-22.803403941554848,125.02198887915839,2.383208264396302,2.383208264396302,5.679681631486834
space3_time2,2020-12-03 23:00:00,71.75,-28.5,3,2,162.68663024902344,159.43874696650863,148.67076882394252,10.767978142566093,1663.626727465029,3.247883282514806,3.247883282514806,10.548745816839151,14.015861425080914,125.02198887915839,37.66464136986505,37.66464136986505,1418.62520952055
space3_time2,2020-12-03 23:00:00,67.5,-31.0,3,2,175.10047912597656,168.16931920695112,156.95284523728353,11.2164739696676,1605.0884408588263,6.931159919025447,6.931159919025447,48.04097782310484,18.147633888693036,125.02198887915839,50.07849024681818,50.07849024681818,2507.8551854006632
space3_time2,2020-12-03 23:00:00,63.25,-32.75,3,2,188.82102966308594,171.4642255568218,159.47046858792814,11.993756968893653,1592.3614844636786,17.35680410626415,17.35680410626415,301.25864878322807,29.3505610751578,125.02198887915839,63.79904078392755,63.79904078392755,4070.3176049492513
space3_time2,2020-12-03 23:00:00,59.25,-34.0,3,2,141.12576293945312,164.93684502926348,152.4897325936616,12.447112435601873,1543.669307740131,-23.811082089810355,23.811082089810355,566.9676302876875,-11.36396965420849,125.02198887915839,16.10377406029474,16.10377406029474,259.3315389850217
space3_time2,2020-12-03 23:00:00,55.25,-35.25,3,2,175.10047912597656,165.44192522881139,152.64266127701077,12.799263951800617,1499.3247713089681,9.658553897165177,9.658553897165177,93.28766338444463,22.45781784896579,125.02198887915839,50.07849024681818,50.07849024681818,2507.8551854006632
space3_time2,2020-12-04 01:00:00,79.0,-48.0,3,2,103.88423919677734,160.42124289987584,150.2370827409653,10.18416015891053,1630.6924329180658,-56.53700370309849,56.53700370309849,3196.4327877241726,-46.35284354418795,125.02198887915839,-21.137749682381042,21.137749682381042,446.8044616349998
space3_time2,2020-12-04 01:00:00,74.75,-51.75,3,2,121.52495574951172,160.4106067680827,149.72799735336957,10.682609414713099,1542.606956457174,-38.88565101857097,38.88565101857097,1512.0938551380893,-28.203041603857855,125.02198887915839,-3.497033129646667,3.497033129646667,12.22924070984636
space3_time2,2020-12-04 01:00:00,70.25,-54.5,3,2,122.17831420898438,166.16615805827558,154.40305920823866,11.763098850036918,1445.3607509974945,-43.98784384929121,43.98784384929121,1934.9304065096264,-32.224744999254284,125.02198887915839,-2.8436746701740105,2.8436746701740105,8.086485629789268
space3_time2,2020-12-04 01:00:00,66.0,-56.25,3,2,114.9913558959961,174.3625061166782,161.6505936416636,12.711912475014605,1357.0542525129235,-59.3711502206821,59.3711502206821,3524.9334785267997,-46.6592377456675,125.02198887915839,-10.030632983162292,10.030632983162292,100.61359804290326
space3_time2,2020-12-04 01:00:00,62.0,-57.5,3,2,141.12576293945312,168.10275622036167,156.73793926274521,11.364816957616455,1277.6203144914703,-26.976993280908545,26.976993280908545,727.7581664781848,-15.61217632329209,125.02198887915839,16.10377406029474,16.10377406029474,259.3315389850217
space3_time2,2020-12-04 01:00:00,57.75,-58.5,3,2,156.1530303955078,171.52726130530954,160.74734701865856,10.779914286650964,1199.4718777625098,-15.374230909801724,15.374230909801724,236.36697606790275,-4.594316623150746,125.02198887915839,31.131041516349427,31.131041516349427,969.1417458926717
space3_time3,2020-12-04 03:00:00,77.25,-73.75,3,3,108.45775604248047,157.79216463084984,152.62097887937824,5.171185751471605,2585.567243450175,-49.33440858836937,49.33440858836937,2433.8838707641735,-44.16322283689777,116.1356532257294,-7.6778971832489304,7.6778971832489304,58.95010515654186
space3_time3,2020-12-04 03:00:00,73.0,-77.0,3,3,131.3253631591797,155.9546694201752,150.20652483226255,5.748144587912666,2573.007842012088,-24.62930626099552,24.62930626099552,606.6027268979132,-18.881161673082858,116.1356532257294,15.189709933450288,15.189709933450288,230.72728786235837
space3_time3,2020-12-04 03:00:00,68.75,-79.0,3,3,156.806396484375,154.11049245711246,147.2998970697479,6.810595387364535,2558.263460316575,2.695904027262543,2.695904027262543,7.267898524210398,9.506499414627086,116.1356532257294,40.6707432586456,40.6707432586456,1654.1093572106665
space3_time3,2020-12-04 03:00:00,64.5,-80.75,3,3,165.30007934570312,150.88006749235572,143.18140469449642,7.698662797859304,2543.9068520287983,14.420011853347404,14.420011853347404,207.93674185067962,22.118674651206703,116.1356532257294,49.164426119973726,49.164426119973726,2417.1407957063548
space3_time3,2020-12-04 03:00:00,60.25,-82.0,3,3,155.4996795654297,156.149078962765,144.85321020182448,11.295868760940524,2528.7048294399283,-0.6493993973353156,0.6493993973353156,0.4217195772594711,10.646469363605206,116.1356532257294,39.36402633970029,39.36402633970029,1549.526569672618
space3_time3,2020-12-04 03:00:00,56.25,-83.25,3,3,160.7265625,153.84696284326753,142.1933350046454,11.653627838622127,2516.7170038637155,6.879599656732466,6.879599656732466,47.32889143691347,18.533227495354595,116.1356532257294,44.5909092742706,44.5909092742706,1988.349189906232
space3_time3,2020-12-04 03:00:00,52.25,-84.25,3,3,163.33999633789062,160.38532383856784,147.87118088044969,12.514142958118162,2505.26182912455,2.9546724993227826,2.9546724993227826,8.730089578254338,15.46881545744094,116.1356532257294,47.204343112161226,47.204343112161226,2228.250008650643
space3_time3,2020-12-04 03:00:00,48.25,-85.5,3,3,165.30007934570312,165.02988673347397,152.50924510474007,12.520641628733904,2497.774185099719,0.2701926122291525,0.2701926122291525,0.07300404770321316,12.79083424096305,116.1356532257294,49.164426119973726,49.164426119973726,2417.1407957063548
space3_time3,2020-12-04 09:00:00,79.5,-168.0,3,3,100.61743927001953,148.13065665976288,139.56938635834743,8.56127030141545,2667.8642562452824,-47.513217389743346,47.513217389743346,2257.5058267250097,-38.9519470883279,116.1356532257294,-15.518213955709868,15.518213955709868,240.8149643751885
space3_time3,2020-12-04 09:00:00,75.25,-172.25,3,3,138.51231384277344,148.4181164619464,139.66053654932162,8.757579912624779,2671.117652886313,-9.90580261917296,9.90580261917296,98.12492553001387,-1.1482227065481823,116.1356532257294,22.37666061704404,22.37666061704404,500.7149403703697
space3_time3,2020-12-04 09:00:00,71.0,-174.5,3,3,117.60479736328125,155.84732479272634,145.59755035324545,10.249774439480902,2670.161398718239,-38.24252742944509,38.24252742944509,1462.4909041918602,-27.992752989964202,116.1356532257294,1.4691441375518508,1.4691441375518508,2.1583844969029715
space3_time3,2020-12-04 09:00:00,66.5,-176.5,3,3,145.69927978515625,143.7912954115646,133.5415209720837,10.249774439480893,2670.1613987182395,1.9079843735916597,1.9079843735916597,3.640404369869958,12.157758813072547,116.1356532257294,29.56362655942685,29.56362655942685,874.0080153452487
space3_time3,2020-12-04 09:00:00,62.5,-178.0,3,3,112.37791442871094,153.31564260078252,143.06586816130164,10.249774439480884,2670.16139871824,-40.93772817207159,40.93772817207159,1675.8975878904237,-30.6879537325907,116.1356532257294,-3.7577387970184617,3.7577387970184617,14.120600866617755
space3_time3,2020-12-04 11:00:00,78.0,166.0,3,3,120.87159729003906,135.58225027601122,140.51291444316166,-4.9306641671504305,2666.065670249137,-14.71065298597216,14.71065298597216,216.40331127369163,-19.6413171531226,116.1356532257294,4.735944064309663,4.735944064309663,22.42916618026993
space3_time3,2020-12-04 11:00:00,73.5,162.5,3,3,143.08583068847656,134.57179894829625,140.50775069755812,-5.935951749261877,2667.6228922082346,8.514031740180315,8.514031740180315,72.48873647279784,2.5780799909184395,116.1356532257294,26.950177462747163,26.950177462747163,726.3120652735652
space3_time3,2020-12-04 11:00:00,69.25,160.25,3,3,130.0186309814453,125.47170586830977,131.40765761757166,-5.935951749261894,2667.6228922082346,4.5469251131355435,4.5469251131355435,20.674527984462674,-1.3890266361263457,116.1356532257294,13.882977755715913,13.882977755715913,192.73707136570286
space3_time3,2020-12-04 11:00:00,65.0,158.75,3,3,146.35263061523438,122.1541506648212,127.48186887964403,-5.327718214822828,2667.6146747033417,24.198479950413173,24.198479950413173,585.5664319105483,18.87076173559035,116.1356532257294,30.216977389504976,30.216977389504976,913.065722557855
space3_time3,2020-12-04 11:00:00,60.75,157.25,3,3,133.9387969970703,132.9016154531638,138.75675875802278,-5.855143304858988,2667.6120000553465,1.037181543906513,1.037181543906513,1.0757455550202981,-4.817961760952471,116.1356532257294,17.803143771340913,17.803143771340913,316.95192814303476
space3_time3,2020-12-04 11:00:00,56.75,156.0,3,3,137.8589630126953,134.00806698043456,139.13021447684991,-5.122147496415355,2667.760152039966,3.8508960322607493,3.8508960322607493,14.829400251281582,-1.2712514641546022,116.1356532257294,21.723309786965913,21.723309786965913,471.902188100489
space3_time3,2020-12-04 12:00:00,80.75,145.25,3,3,111.72455596923828,134.7904119489637,140.24205986720213,-5.451647918238431,2666.1570119844573,-23.065855979725427,23.065855979725427,532.0337120774352,-28.51750389796385,116.1356532257294,-4.411097256491118,4.411097256491118,19.45777900622347
space3_time3,2020-12-04 12:00:00,76.25,140.5,3,3,128.7119140625,134.25181382699904,140.13219097222037,-5.880377145221338,2670.7412919189414,-5.53989976449904,5.53989976449904,30.69048940069652,-11.420276909720371,116.1356532257294,12.5762608367706,12.5762608367706,158.16233663448998
space3_time3,2020-12-04 12:00:00,72.0,137.5,3,3,136.55223083496094,134.33470314203336,139.65267142559782,-5.317968283564444,2673.813971921363,2.2175276929275753,2.2175276929275753,4.917429068900695,-3.100440590636879,116.1356532257294,20.41657760923154,20.41657760923154,416.8366412737746
space3_time3,2020-12-04 12:00:00,67.75,135.5,3,3,134.5921630859375,125.9042810100249,130.21904865031684,-4.3147676402919375,2675.7562908464047,8.687882075912597,8.687882075912597,75.47929496496337,4.373114435620664,116.1356532257294,18.4565098602081,18.4565098602081,340.64275621995887
space3_time3,2020-12-04 12:00:00,63.5,134.0,3,3,142.43247985839844,128.6984279014349,135.07378822102726,-6.3753603195923425,2681.0718719959063,13.734051956963526,13.734051956963526,188.62418315657365,7.35869163737118,116.1356532257294,26.29682663266904,26.29682663266904,691.5230909486517
space3_time3,2020-12-04 12:00:00,59.25,132.75,3,3,128.05856323242188,134.1556670556766,139.43602422285784,-5.28035716718124,2683.677093298479,-6.097103823254713,6.097103823254713,37.17467503154724,-11.377460990435964,116.1356532257294,11.922910006692476,11.922910006692476,142.15578302768756
space3_time3,2020-12-04 12:00:00,55.25,131.5,3,3,130.6719970703125,134.33790217778116,139.53505142923177,-5.1971492514506235,2682.8116866080563,-3.66590510746866,3.66590510746866,13.438860256964809,-8.863054358919271,116.1356532257294,14.5363438445831,14.5363438445831,211.305292367949
space3_time3,2020-12-04 12:00:00,51.0,130.5,3,3,154.8463134765625,132.12930148270124,137.78512976921732,-5.65582828651608,2693.6073787059054,22.717011993861263,22.717011993861263,516.0626339292364,17.06118370734518,116.1356532257294,38.7106602508331,38.7106602508331,1498.5152170554297
space3_time3,2020-12-04 12:00:00,47.0,129.5,3,3,133.9387969970703,133.61986651428023,139.22566322848067,-5.60579671420044,2692.5461258760756,0.31893048279007985,0.31893048279007985,0.10171665285271342,-5.286866231410357,116.1356532257294,17.803143771340913,17.803143771340913,316.95192814303476
space3_time3,2020-12-04 12:00:00,43.0,128.5,3,3,137.20559692382812,134.07440414621666,138.0065639214822,-3.93215977526555,2691.7884321208626,3.13119277761146,3.13119277761146,9.804368210566171,-0.8009669976540863,116.1356532257294,21.069943698098726,21.069943698098726,443.94252744105023
space3_time3,2020-12-04 14:00:00,79.0,119.0,3,3,133.9387969970703,131.4647504016986,141.10762828229517,-9.642877880596544,2697.616010808306,2.4740465953717035,2.4740465953717035,6.1209065560703175,-7.168831285224854,116.1356532257294,17.803143771340913,17.803143771340913,316.95192814303476
space3_time3,2020-12-04 14:00:00,74.75,115.0,3,3,137.20559692382812,131.81341749335172,141.4610556262013,-9.647638132849586,2697.369600657468,5.3921794304764035,5.3921794304764035,29.07559901045283,-4.255458702373176,116.1356532257294,21.069943698098726,21.069943698098726,443.94252744105023
space3_time3,2020-12-04 14:00:00,70.25,112.5,3,3,128.05856323242188,128.68637821041384,138.31001945445666,-9.623641244042842,2696.844294739785,-0.6278149779919602,0.6278149779919602,0.39415164659104546,-10.25145622203479,116.1356532257294,11.922910006692476,11.922910006692476,142.15578302768756
space3_time3,2020-12-04 14:00:00,63.5,108.5,3,3,140.47239685058594,131.91224951289078,141.38664086943498,-9.474391356544192,2695.4029146636167,8.560147337695156,8.560147337695156,73.27612244304947,-0.9142440188490468,116.1356532257294,24.33674362485654,24.33674362485654,592.2770902619953
space3_time3,2020-12-04 14:00:00,60.0,107.0,3,3,120.87159729003906,132.82558958357566,140.97602663479972,-8.150437051224058,2694.2058632755998,-11.9539922935366,11.9539922935366,142.89793175393245,-20.10442934476066,116.1356532257294,4.735944064309663,4.735944064309663,22.42916618026993
space3_time3,2020-12-04 14:00:00,56.25,106.0,3,3,120.87159729003906,132.35210644371296,140.44655243213444,-8.094445988421494,2693.0974461043675,-11.480509153673893,11.480509153673893,131.80209042759003,-19.574955142095376,116.1356532257294,4.735944064309663,4.735944064309663,22.42916618026993
space3_time3,2020-12-04 14:00:00,52.5,105.5,3,3,128.05856323242188,133.9796622073035,142.07925660387045,-8.099594396566943,2692.0358748745493,-5.92109897488163,5.92109897488163,35.05941307034429,-14.020693371448573,116.1356532257294,11.922910006692476,11.922910006692476,142.15578302768756
space3_time3,2020-12-04 14:00:00,49.0,105.25,3,3,112.37791442871094,136.28789571786874,144.44308431573467,-8.155188597865923,2691.120935226587,-23.9099812891578,23.9099812891578,571.687205247876,-32.06516988702373,116.1356532257294,-3.7577387970184617,3.7577387970184617,14.120600866617755
space3_time3,2020-12-04 15:00:00,81.75,98.5,3,3,116.9514389038086,129.68478316544608,140.5029455964994,-10.818162431053317,2693.953820931216,-12.733344261637484,12.733344261637484,162.13805608537623,-23.551506692690793,116.1356532257294,0.8157856780791946,0.8157856780791946,0.6655062725591312
space3_time3,2020-12-04 15:00:00,77.25,93.0,3,3,130.0186309814453,127.43990249548496,138.2581283030035,-10.81822580751854,2693.668237494653,2.5787284859603545,2.5787284859603545,6.649840604303383,-8.23949732155819,116.1356532257294,13.882977755715913,13.882977755715913,192.73707136570286
space3_time3,2020-12-04 15:00:00,73.0,90.0,3,3,144.39256286621094,125.31365396827925,138.81639844066513,-13.502744472385872,2696.579625498903,19.078908897931683,19.078908897931683,364.00476473557677,5.576164425545812,116.1356532257294,28.25690964048154,28.25690964048154,798.4529424303385
space3_time3,2020-12-04 16:00:00,68.75,87.75,3,3,133.28543090820312,128.95925518603144,138.92344993512782,-9.964194749096377,2696.863414948521,4.3261757221716834,4.3261757221716834,18.715796379107687,-5.638019026924695,116.1356532257294,17.149777682473726,17.149777682473726,294.11487455827387
space3_time3,2020-12-04 16:00:00,64.5,86.0,3,3,115.64471435546875,134.05288345540558,144.00398160191568,-9.951098146510112,2696.240559992953,-18.408169099936828,18.408169099936828,338.860689611869,-28.359267246446933,116.1356532257294,-0.4909388702606492,0.4909388702606492,0.24102097433280253
space3_time3,2020-12-04 16:00:00,60.5,84.75,3,3,145.69927978515625,139.74000930175575,149.6716229988955,-9.931613697139742,2695.558870818464,5.959270483400502,5.959270483400502,35.512904694328455,-3.9723432137392365,116.1356532257294,29.56362655942685,29.56362655942685,874.0080153452487
space3_time3,2020-12-04 16:00:00,56.25,83.5,3,3,142.43247985839844,141.50805033341967,151.4094408778911,-9.901390544471424,2694.7523495901855,0.9244295249787626,0.9244295249787626,0.8545699466524607,-8.976961019492649,116.1356532257294,26.29682663266904,26.29682663266904,691.5230909486517
space3_time3,2020-12-04 16:00:00,52.25,82.25,3,3,154.19296264648438,137.42851988764144,147.640052908715,-10.211533021073567,2694.2325439601873,16.764442758842932,16.764442758842932,281.0465410145212,6.552909737769369,116.1356532257294,38.057309420754976,38.057309420754976,1448.3588003470854
space3_time3,2020-12-04 17:00:00,80.0,71.75,3,3,100.61743927001953,130.08121025088576,140.15478158798956,-10.07357133710379,2690.6125023271297,-29.46377098086623,29.46377098086623,868.1138004129349,-39.53734231797003,116.1356532257294,-15.518213955709868,15.518213955709868,240.8149643751885
space3_time3,2020-12-04 17:00:00,75.75,67.5,3,3,126.09848022460938,128.41573095434697,139.09750429307124,-10.681773338724263,2690.4565426393838,-2.3172507297375944,2.3172507297375944,5.369650944469414,-12.999024068461864,116.1356532257294,9.962826998879976,9.962826998879976,99.25792180961179
space3_time3,2020-12-04 17:00:00,71.5,64.75,3,3,139.81903076171875,126.25096212807351,138.2390981288402,-11.988136000766689,2689.7771200423435,13.56806863364524,13.56806863364524,184.0924864473078,1.5799326328785526,116.1356532257294,23.68337753598935,23.68337753598935,560.902371512205
space3_time3,2020-12-04 17:00:00,67.25,62.75,3,3,159.41983032226562,139.63715225561972,151.55518972905918,-11.918037473439453,2689.118094503511,19.7826780666459,19.7826780666459,391.35435148855277,7.864640593206445,116.1356532257294,43.284177096536226,43.284177096536226,1873.519986924311
space3_time3,2020-12-04 17:00:00,63.0,61.5,3,3,166.60679626464844,139.86573130234774,153.06418798344282,-13.198456681095095,2688.0731003365945,26.741064962300698,26.741064962300698,715.084555317986,13.542608281205617,116.1356532257294,50.47114303891904,50.47114303891904,2547.336279655026
space3_time3,2020-12-04 17:00:00,59.0,60.0,3,3,181.6340789794922,142.29899038043595,153.01787632242687,-10.718885941990933,2687.211034633659,39.335088599056235,39.335088599056235,1547.2491950956037,28.616202657065315,116.1356532257294,65.49842575376279,65.49842575376279,4290.043776221177
space3_time3,2020-12-04 17:00:00,54.75,58.75,3,3,161.37991333007812,134.1055006914315,144.5304062689375,-10.424905577506,2686.252298178507,27.274412638646623,27.274412638646623,743.8935847831667,16.849507061140628,116.1356532257294,45.244260104348726,45.244260104348726,2047.0430723899617
space3_time3,2020-12-04 17:00:00,50.5,58.0,3,3,162.0332794189453,134.8627431698473,145.2550824606289,-10.392339290781589,2685.231616193715,27.170536249098006,27.170536249098006,738.2380400635487,16.778196958316414,116.1356532257294,45.89762619321591,45.89762619321591,2106.5920901721793
space3_time3,2020-12-04 19:00:00,78.5,45.5,3,3,141.12576293945312,126.69896146996669,139.09107048945634,-12.392109019489649,2683.4619749147196,14.426801469486435,14.426801469486435,208.13260063997595,2.0346924499967827,116.1356532257294,24.990109713723726,24.990109713723726,624.505583503949
space3_time3,2020-12-04 19:00:00,74.0,42.25,3,3,137.20559692382812,119.18110888069668,136.11221110130157,-16.931102220604878,2686.244582153713,18.02448804313144,18.02448804313144,324.8821692169883,1.0933858225265567,116.1356532257294,21.069943698098726,21.069943698098726,443.94252744105023
space3_time3,2020-12-04 19:00:00,69.75,40.0,3,3,158.7664794921875,122.19178245841299,139.55471187705177,-17.36292941863879,2689.155224157726,36.57469703377451,36.57469703377451,1337.7084631123942,19.211767615135727,116.1356532257294,42.6308262664581,42.6308262664581,1817.387348160934
space3_time3,2020-12-04 19:00:00,65.5,38.0,3,3,156.1530303955078,128.2711351579067,144.99860941943473,-16.727474261528023,2688.7735486534057,27.8818952376011,27.8818952376011,777.4000820405629,11.154420976073084,116.1356532257294,40.01737716977841,40.01737716977841,1601.3904755483027
space3_time3,2020-12-04 19:00:00,61.5,36.75,3,3,168.56687927246094,131.45783965797864,148.51214757800437,-17.05430792002572,2688.1649986824345,37.1090396144823,37.1090396144823,1377.0808211092165,20.054731694456564,116.1356532257294,52.43122604673154,52.43122604673154,2749.0334647634595
space3_time3,2020-12-04 19:00:00,57.25,35.5,3,3,147.65936279296875,130.67585659752146,147.59714916050277,-16.92129256298131,2687.469854439294,16.98350619544729,16.98350619544729,288.4394826907965,0.06221363246598344,116.1356532257294,31.52370956723935,31.52370956723935,993.7442648796577
space3_time3,2020-12-04 19:00:00,53.25,34.5,3,3,152.23287963867188,134.39380020416812,149.57143577139487,-15.177635567226762,2686.2744549800773,17.83907943450376,17.83907943450376,318.23275507053495,2.6614438672770007,116.1356532257294,36.097226412942476,36.097226412942476,1303.0097547072319
space3_time3,2020-12-04 19:00:00,49.25,33.25,3,3,164.64671325683594,136.10977281229282,150.71441416950634,-14.60464135721351,2685.345716092169,28.53694044454312,28.53694044454312,814.3569699354009,13.932299087329596,116.1356532257294,48.51106003110654,48.51106003110654,2353.3229453416225
space3_time3,2020-12-04 19:00:00,45.0,32.5,3,3,204.50167846679688,132.11028192030034,148.3730527148008,-16.262770794500454,2686.76093396945,72.39139654649654,72.39139654649654,5240.514293952111,56.12862575199608,116.1356532257294,88.36602524106748,88.36602524106748,7808.5544169049745
space3_time3,2020-12-04 20:00:00,81.25,25.0,3,3,115.64471435546875,138.21073261406502,147.3761633707119,-9.165430756646874,2682.950183415654,-22.566018258596273,22.566018258596273,509.22518004730034,-31.731449015243157,116.1356532257294,-0.4909388702606492,0.4909388702606492,0.24102097433280253
space3_time3,2020-12-04 20:00:00,76.75,20.0,3,3,145.69927978515625,134.40720259395363,142.89222805080857,-8.485025456854935,2684.402606567668,11.292077191202623,11.292077191202623,127.5110072920785,2.807051734347681,116.1356532257294,29.56362655942685,29.56362655942685,874.0080153452487
space3_time3,2020-12-04 20:00:00,72.5,17.25,3,3,133.9387969970703,127.78640235365545,134.7016980297431,-6.915295676087661,2688.787928135953,6.1523946434148655,6.1523946434148655,37.85195984831993,-0.7629010326728007,116.1356532257294,17.803143771340913,17.803143771340913,316.95192814303476
space3_time3,2020-12-04 20:00:00,68.25,15.0,3,3,126.09848022460938,129.95012019360001,136.7252109793787,-6.775090785778673,2688.168500334855,-3.8516399689906393,3.8516399689906393,14.835130450726213,-10.626730754769312,116.1356532257294,9.962826998879976,9.962826998879976,99.25792180961179
space3_time3,2020-12-04 20:00:00,64.0,13.5,3,3,133.28543090820312,130.5960419402857,137.25916029534787,-6.663118355062174,2687.3524266515815,2.689388967917438,2.689388967917438,7.232813020756022,-3.9737293871447434,116.1356532257294,17.149777682473726,17.149777682473726,294.11487455827387
space3_time3,2020-12-04 20:00:00,59.75,12.0,3,3,175.10047912597656,137.37160595689042,141.88620869375993,-4.514602736869517,2686.0003762609394,37.72887316908614,37.72887316908614,1423.4678706089883,33.21427043221664,116.1356532257294,58.96482590024716,58.96482590024716,3476.8506934464585
space3_time3,2020-12-04 20:00:00,55.75,10.75,3,3,139.81903076171875,127.12366985850569,132.01971512683525,-4.896045268329562,2684.7801852101793,12.695360903213057,12.695360903213057,161.17218846283066,7.799315634883499,116.1356532257294,23.68337753598935,23.68337753598935,560.902371512205
space3_time3,2020-12-04 20:00:00,49.75,10.5,3,3,156.1530303955078,134.82702191704902,140.51250307555188,-5.68548115850286,2683.0731626540282,21.32600847845879,21.32600847845879,454.79863762329614,15.640527319955936,116.1356532257294,40.01737716977841,40.01737716977841,1601.3904755483027
space3_time3,2020-12-04 20:00:00,46.25,9.25,3,3,142.43247985839844,134.44841177855392,139.28767021704928,-4.839258438495376,2683.075519436781,7.984068079844519,7.984068079844519,63.74534310359215,3.1448096413491555,116.1356532257294,26.29682663266904,26.29682663266904,691.5230909486517
space3_time3,2020-12-04 22:00:00,79.5,-1.5,3,3,102.5775146484375,147.65474239134838,147.78190751774844,-0.1271651264000444,2688.414587915644,-45.07722774291088,45.07722774291088,2031.9564609862541,-45.20439286931094,116.1356532257294,-13.5581385772919,13.5581385772919,183.8231216810508
space3_time3,2020-12-04 22:00:00,75.25,-5.25,3,3,127.40519714355469,148.62419226171747,146.39480239638144,2.2293898653360387,2689.028256961995,-21.21899511816278,21.21899511816278,450.2457538246159,-18.98960525282675,116.1356532257294,11.269543917825288,11.269543917825288,127.00262011579295
space3_time3,2020-12-04 22:00:00,71.0,-8.0,3,3,134.5921630859375,145.79672312364295,144.7777992352455,1.0189238883974374,2689.563608395178,-11.204560037705448,11.204560037705448,125.54216563854592,-10.18563614930801,116.1356532257294,18.4565098602081,18.4565098602081,340.64275621995887
space3_time3,2020-12-04 22:00:00,66.5,-9.75,3,3,130.0186309814453,149.38545959176415,143.94594043260176,5.4395191591623755,2695.1161567268664,-19.366828610318834,19.366828610318834,375.0740504214641,-13.927309451156447,116.1356532257294,13.882977755715913,13.882977755715913,192.73707136570286
space3_time3,2020-12-04 22:00:00,62.5,-11.25,3,3,146.35263061523438,146.6029155878935,141.1415338826723,5.461381705221218,2694.152809155967,-0.25028497265913074,0.25028497265913074,0.06264256753898183,5.211096732562083,116.1356532257294,30.216977389504976,30.216977389504976,913.065722557855
space3_time3,2020-12-04 22:00:00,58.25,-12.5,3,3,130.0186309814453,142.5478897843124,140.9220579605322,1.6258318237801959,2692.787360678144,-12.529258802867076,12.529258802867076,156.98232614922213,-10.903426979086873,116.1356532257294,13.882977755715913,13.882977755715913,192.73707136570286
space3_time3,2020-12-04 22:00:00,54.25,-13.75,3,3,167.91351318359375,142.61572130645487,141.21764795217882,1.3980733542760473,2691.717722471145,25.297791877138877,25.297791877138877,639.9782738590337,26.695865231414928,116.1356532257294,51.77785995786435,51.77785995786435,2680.9467818162125
